Num_Acc,nearest_pompiers_min_osrm,nearest_sau_min_osrm
202200000077,1.98,23.59
202200000098,11.93,9.5
202200000105,8.32,28.54
202200000119,12.68,14.2
202200000126,10.26,2.89
202200000127,11.91,12.25
202200000128,9.43,6.29
202200000159,15.18,17.3
202200000160,3.88,4.7
202200000171,6.02,5.56
202200000172,6.92,16.94
202200000207,9.68,28.77
202200000307,4.15,5.13
202200000308,10.04,9.18
202200000310,5.92,10.8
202200000319,7.82,10.87
202200000320,3.48,6.98
202200000322,2.73,6.22
202200000339,10.92,13.73
202200000362,3.01,2.93
202200000363,2.19,1.84
202200000364,6.5,6.48
202200000376,6.26,4.53
202200000464,9.66,8.98
202200000491,1.36,43.11
202200000506,9.68,16.94
202200000531,6.1,9.59
202200000553,3.52,5.26
202200000568,4.31,22.28
202200000604,8.42,8.9
202200000606,9.19,6.06
202200000678,1.71,22.86
202200000712,10.09,9.15
202200000714,10.04,11.38
202200000716,9.37,7.52
202200000717,7.68,2.52
202200000762,7.32,13.94
202200000765,7.14,5.82
202200000833,8.1,7.0
202200000836,4.24,12.25
202200000881,6.04,5.48
202200000883,10.88,11.86
202200001007,10.23,29.2
202200001014,17.79,20.57
202200001035,10.66,27.78
202200001069,2.92,1.77
202200001070,1.94,5.7
202200001073,4.12,5.48
202200001078,5.14,5.18
202200001079,3.6,14.52
202200001146,3.72,3.03
202200001148,12.15,8.36
202200001161,7.77,7.96
202200001166,6.58,8.66
202200001167,3.48,4.26
202200001168,10.91,11.75
202200001169,5.31,7.04
202200001170,4.4,11.15
202200001246,10.25,8.1
202200001275,11.47,27.58
202200001301,8.09,40.63
202200001356,5.37,6.75
202200001357,8.48,11.06
202200001358,5.89,10.76
202200001359,6.38,16.77
202200001385,6.63,3.82
202200001400,4.49,11.83
202200001401,5.7,7.7
202200001402,4.14,4.92
202200001452,5.47,2.34
202200001453,10.36,23.17
202200001475,7.5,10.82
202200001476,5.45,33.2
202200001487,11.07,13.51
202200001518,7.02,5.18
202200001539,5.13,2.1
202200001547,7.17,6.44
202200001548,5.38,5.95
202200001597,5.75,45.95
202200001648,7.07,32.01
202200001677,5.1,5.69
202200001679,10.88,6.85
202200001681,1.8,13.55
202200001700,11.59,13.61
202200001782,5.67,8.05
202200001799,5.97,25.42
202200001810,16.15,42.04
202200001854,4.17,3.48
202200001876,11.72,11.18
202200001882,5.97,9.44
202200001888,5.05,4.94
202200001913,4.93,4.44
202200002052,11.34,9.43
202200002102,18.22,49.59
202200002105,8.73,4.98
202200002106,22.53,53.9
202200002109,3.32,20.07
202200002112,5.15,6.73
202200002152,4.87,18.35
202200002155,14.54,30.6
202200002158,6.15,8.59
202200002218,5.66,15.39
202200002245,4.32,5.75
202200002249,6.39,2.8
202200002253,15.55,19.39
202200002254,4.86,6.31
202200002255,8.25,17.98
202200002291,11.48,12.15
202200002295,8.36,19.12
202200002322,9.18,4.53
202200002326,9.86,5.38
202200002329,8.64,6.31
202200002417,4.36,3.04
202200002465,2.39,3.67
202200002466,2.42,3.69
202200002469,9.54,8.0
202200002482,9.29,20.36
202200002484,7.0,17.66
202200002503,3.85,4.24
202200002507,9.68,3.51
202200002512,9.35,12.16
202200002513,5.73,7.82
202200002514,7.89,10.69
202200002539,0.52,16.59
202200002544,14.55,46.23
202200002584,3.18,11.22
202200002596,16.02,7.6
202200002597,6.88,32.12
202200002602,8.0,8.93
202200002635,2.15,1.8
202200002636,8.53,9.02
202200002637,4.11,4.08
202200002662,7.06,16.73
202200002663,4.76,5.54
202200002664,7.37,6.3
202200002665,7.7,15.94
202200002715,2.02,35.62
202200002716,3.18,10.66
202200002763,3.45,27.3
202200002833,5.99,1.85
202200002834,8.4,9.1
202200002835,9.01,9.68
202200002851,5.92,4.6
202200002852,2.4,4.69
202200002910,7.58,29.23
202200002911,4.53,25.52
202200002932,9.47,10.56
202200002968,2.1,3.8
202200002982,3.54,14.45
202200003021,2.58,19.56
202200003034,5.64,8.75
202200003039,3.15,20.18
202200003051,7.97,54.17
202200003057,6.28,18.03
202200003104,1.32,13.35
202200003113,7.54,9.63
202200003115,6.8,7.43
202200003192,10.61,10.08
202200003215,4.78,25.97
202200003227,1.9,3.99
202200003258,6.5,4.35
202200003359,14.62,41.71
202200003362,9.76,11.7
202200003377,10.21,10.55
202200003418,3.92,24.54
202200003464,6.03,14.52
202200003489,3.16,2.75
202200003507,4.27,24.38
202200003517,2.02,23.92
202200003519,7.28,4.33
202200003520,13.96,10.46
202200003522,1.27,4.1
202200003526,5.76,5.68
202200003528,6.57,4.9
202200003531,11.03,10.8
202200003534,4.94,7.3
202200003538,9.28,5.48
202200003546,8.94,10.94
202200003549,6.21,11.56
202200003572,4.48,22.85
202200003580,13.42,15.04
202200003582,3.57,2.4
202200003588,5.26,12.77
202200003672,4.62,4.99
202200003771,10.12,13.02
202200003775,2.2,18.52
202200003827,5.08,5.75
202200003831,3.53,5.62
202200003832,5.92,4.6
202200003836,7.98,8.64
202200003840,9.8,11.69
202200003845,2.83,4.92
202200003848,2.36,12.22
202200003852,3.49,12.98
202200003942,1.3,24.7
202200003989,2.33,22.19
202200004049,5.17,17.34
202200004050,4.35,12.0
202200004057,4.01,2.7
202200004059,4.22,5.47
202200004062,11.02,11.48
202200004115,7.22,23.03
202200004119,2.52,29.88
202200004121,4.93,4.93
202200004139,2.0,14.64
202200004149,8.03,20.95
202200004153,14.38,25.65
202200004170,15.86,9.5
202200004182,7.68,5.09
202200004238,5.28,7.64
202200004283,9.01,9.36
202200004303,9.75,10.45
202200004304,2.38,4.38
202200004314,2.49,2.64
202200004316,8.56,8.02
202200004317,6.87,7.81
202200004319,6.91,5.59
202200004408,8.28,11.27
202200004411,5.88,10.69
202200004412,7.77,6.46
202200004415,4.92,5.81
202200004437,8.21,4.59
202200004468,9.47,34.68
202200004469,6.21,32.65
202200004490,13.55,17.17
202200004491,12.24,10.41
202200004507,7.23,7.93
202200004524,5.66,10.66
202200004529,12.84,11.32
202200004534,5.84,5.28
202200004569,3.8,13.99
202200004595,9.51,15.44
202200004612,16.21,42.09
202200004613,14.37,5.95
202200004631,8.4,16.62
202200004632,10.04,19.82
202200004654,4.79,4.42
202200004655,9.1,7.94
202200004656,6.83,10.3
202200004657,4.26,3.71
202200004667,4.18,5.53
202200004739,1.68,2.31
202200004742,5.62,6.73
202200004753,5.55,9.27
202200004756,6.47,5.85
202200004772,9.39,11.52
202200004800,2.13,7.97
202200004826,3.51,4.92
202200004847,6.78,12.92
202200004868,5.14,7.52
202200004976,7.04,7.96
202200005003,1.78,29.02
202200005038,2.75,4.05
202200005040,3.18,13.59
202200005080,4.94,7.03
202200005111,3.01,3.51
202200005115,9.19,7.34
202200005118,12.52,8.73
202200005150,1.29,11.78
202200005279,5.61,6.95
202200005287,5.24,6.57
202200005351,32.49,31.77
202200005381,2.28,3.06
202200005397,4.76,7.97
202200005473,5.85,23.59
202200005589,1.15,19.85
202200005593,10.03,2.33
202200005660,5.24,3.49
202200005671,7.75,7.2
202200005805,3.67,4.45
202200005848,3.59,17.29
202200005851,8.21,19.5
202200005873,14.22,13.0
202200005883,3.86,6.52
202200005885,3.21,34.36
202200005900,12.79,14.9
202200005911,10.26,13.07
202200005918,6.38,26.96
202200005920,6.43,26.94
202200005923,6.23,9.01
202200005971,20.01,18.79
202200005987,12.1,32.44
202200006012,1.76,26.4
202200006045,9.13,18.86
202200006047,6.12,16.8
202200006079,9.68,9.03
202200006155,5.12,26.11
202200006203,1.47,17.05
202200006208,12.2,51.21
202200006210,15.6,19.33
202200006222,10.5,21.07
202200006251,10.45,25.48
202200006287,6.86,10.99
202200006290,9.1,5.96
202200006296,5.62,7.7
202200006299,8.55,4.74
202200006317,6.6,7.53
202200006337,4.81,4.72
202200006359,1.12,2.44
202200006360,12.3,14.42
202200006361,4.72,11.59
202200006366,4.72,7.04
202200006367,7.21,8.99
202200006374,9.24,1.87
202200006375,4.02,3.95
202200006424,14.15,15.98
202200006434,1.47,41.66
202200006458,7.12,40.68
202200006459,3.31,23.85
202200006460,17.18,48.55
202200006463,1.65,22.94
202200006464,10.68,44.32
202200006465,8.02,10.8
202200006473,8.74,7.53
202200006512,8.96,15.18
202200006513,3.82,4.49
202200006632,2.32,8.05
202200006643,4.12,4.32
202200006654,9.09,9.55
202200006655,9.71,10.17
202200006727,10.33,6.54
202200006745,4.66,4.62
202200006747,8.85,8.31
202200006748,3.03,3.81
202200006749,10.15,5.97
202200006766,7.6,25.28
202200006805,6.09,16.91
202200006810,5.56,40.79
202200006845,8.38,7.16
202200006855,4.12,4.59
202200006857,7.84,3.43
202200006859,3.5,4.23
202200006860,3.7,7.47
202200006863,9.73,5.87
202200006865,9.48,8.62
202200006914,4.22,2.99
202200006918,8.66,5.97
202200006927,6.64,12.4
202200006929,3.92,3.09
202200006931,4.06,8.53
202200006933,5.5,7.48
202200006946,7.01,10.48
202200006981,5.13,7.42
202200007131,3.37,13.65
202200007150,8.31,7.73
202200007154,7.46,9.55
202200007158,10.38,7.85
202200007160,11.51,15.89
202200007164,5.54,25.81
202200007189,9.0,14.9
202200007194,5.23,9.32
202200007200,6.1,8.19
202200007220,2.53,4.77
202200007221,6.76,6.47
202200007224,9.83,6.47
202200007239,4.76,16.91
202200007319,18.98,21.3
202200007320,5.96,6.68
202200007326,7.04,4.42
202200007330,5.64,6.42
202200007350,8.56,11.14
202200007396,11.46,3.04
202200007515,6.68,23.82
202200007516,7.54,12.1
202200007539,7.25,5.34
202200007551,6.92,8.98
202200007555,19.74,21.11
202200007560,7.82,6.28
202200007589,3.01,5.96
202200007616,2.85,3.12
202200007617,4.88,11.1
202200007621,5.82,4.06
202200007627,5.5,4.66
202200007630,2.44,4.18
202200007638,12.16,37.68
202200007642,1.43,6.17
202200007659,8.37,17.49
202200007769,9.08,22.49
202200007813,9.3,8.08
202200007906,5.91,9.9
202200007907,6.32,10.68
202200007917,4.31,4.39
202200007919,3.11,4.05
202200007921,5.08,6.24
202200007922,4.01,7.42
202200008082,6.87,25.1
202200008095,9.75,17.49
202200008096,9.09,21.04
202200008140,6.96,9.74
202200008142,7.18,13.72
202200008143,6.04,12.81
202200008154,6.58,8.05
202200008181,1.02,10.59
202200008235,7.33,6.18
202200008236,9.32,5.54
202200008238,9.25,5.48
202200008240,11.88,9.86
202200008262,3.9,6.44
202200008265,1.57,3.67
202200008267,8.37,4.8
202200008268,5.91,9.38
202200008270,11.22,11.14
202200008273,12.8,9.0
202200008276,9.06,15.66
202200008277,7.43,5.86
202200008278,6.8,7.05
202200008279,7.74,6.42
202200008280,10.06,7.57
202200008281,8.82,9.51
202200008398,8.28,27.11
202200008514,6.32,21.71
202200008520,5.03,15.8
202200008557,4.75,5.18
202200008558,7.5,7.11
202200008578,8.78,9.4
202200008679,7.01,24.2
202200008680,6.57,20.85
202200008685,3.44,10.66
202200008740,3.28,3.49
202200008741,6.77,6.7
202200008742,4.17,4.3
202200008759,2.59,3.03
202200008761,8.63,4.46
202200008762,6.48,12.18
202200008790,9.4,14.0
202200008836,0.78,22.8
202200008886,8.88,7.73
202200008888,10.52,8.19
202200008890,1.96,5.72
202200008892,5.76,6.34
202200008921,5.04,7.48
202200008958,8.3,31.89
202200008961,3.22,6.71
202200008970,12.03,9.88
202200008993,5.68,3.07
202200008998,6.05,6.84
202200009003,4.39,6.39
202200009021,6.7,8.82
202200009038,4.37,13.46
202200009065,9.44,3.74
202200009183,6.74,7.88
202200009187,3.34,6.57
202200009189,10.22,12.34
202200009194,2.84,5.59
202200009276,4.72,16.89
202200009297,14.16,13.49
202200009299,9.41,11.41
202200009303,8.6,8.01
202200009304,3.98,3.29
202200009308,9.89,16.43
202200009347,3.69,24.81
202200009358,5.24,26.26
202200009363,4.48,7.98
202200009380,9.22,6.89
202200009414,4.99,2.38
202200009415,20.5,19.43
202200009432,2.59,12.22
202200009435,4.47,13.96
202200009474,12.24,23.66
202200009501,7.62,29.14
202200009511,11.63,3.21
202200009516,2.84,19.95
202200009519,7.26,17.26
202200009522,9.6,16.94
202200009667,9.07,7.1
202200009670,2.14,5.04
202200009677,9.84,8.9
202200009682,9.94,9.0
202200009716,1.51,42.08
202200009752,9.33,15.87
202200009754,5.24,9.09
202200009755,5.59,7.68
202200009836,6.46,25.94
202200009840,7.98,15.47
202200009841,9.76,30.08
202200009846,10.54,20.76
202200009861,1.58,14.73
202200009862,7.64,20.52
202200009869,8.47,9.4
202200009870,3.33,14.11
202200009913,6.82,8.13
202200009915,7.07,8.13
202200010009,2.14,7.98
202200010066,10.7,24.29
202200010084,2.51,17.11
202200010213,3.09,3.71
202200010217,7.05,3.58
202200010233,1.53,4.24
202200010237,4.69,14.15
202200010257,3.34,6.94
202200010297,7.63,13.9
202200010299,6.58,7.36
202200010401,2.41,4.13
202200010420,11.54,12.99
202200010458,5.74,16.73
202200010470,9.62,13.3
202200010517,11.69,13.3
202200010545,3.38,30.97
202200010574,7.81,12.61
202200010596,16.04,18.55
202200010597,5.12,20.1
202200010605,9.16,15.7
202200010640,2.44,3.71
202200010641,9.74,12.55
202200010642,7.52,5.58
202200010677,12.59,30.27
202200010709,0.9,13.74
202200010733,0.81,15.95
202200010758,7.22,6.85
202200010800,4.85,7.85
202200010869,5.48,7.61
202200010874,9.19,8.38
202200010878,12.66,9.03
202200010930,4.61,4.54
202200010933,7.59,4.79
202200010936,6.03,11.19
202200010942,12.11,9.69
202200010945,10.92,8.89
202200011047,8.53,16.18
202200011053,5.8,5.2
202200011055,3.37,2.58
202200011056,2.56,2.52
202200011060,8.09,3.64
202200011063,9.58,1.85
202200011066,6.11,2.78
202200011068,5.72,12.33
202200011069,5.0,6.11
202200011168,11.38,14.49
202200011226,6.54,13.15
202200011229,4.57,5.7
202200011233,4.49,10.46
202200011236,8.99,27.78
202200011237,4.04,11.37
202200011269,17.17,34.36
202200011273,8.42,18.7
202200011279,1.96,22.96
202200011301,7.92,11.83
202200011316,4.99,14.74
202200011330,11.53,5.37
202200011340,11.2,29.73
202200011372,8.84,11.9
202200011454,0.63,0.41
202200011500,4.34,16.01
202200011502,9.07,40.28
202200011547,3.87,22.09
202200011589,3.05,15.36
202200011606,7.54,6.4
202200011615,7.55,10.87
202200011617,2.65,4.74
202200011643,8.47,6.64
202200011665,6.72,5.5
202200011666,5.92,4.71
202200011668,8.7,7.62
202200011670,5.53,6.86
202200011672,9.36,9.6
202200011673,7.25,7.29
202200011682,7.94,7.42
202200011690,3.74,6.93
202200011692,11.4,10.28
202200011694,4.94,7.97
202200011711,5.0,11.0
202200011713,3.64,8.44
202200011811,0.39,26.04
202200011813,7.27,28.87
202200011837,2.76,16.06
202200011846,9.98,26.96
202200011852,5.24,16.8
202200011859,5.88,38.08
202200011876,9.95,30.85
202200011922,5.53,5.34
202200011953,8.73,13.98
202200011978,8.8,8.49
202200011990,4.5,4.81
202200011993,3.01,4.52
202200011995,4.77,3.45
202200012025,3.66,7.72
202200012086,0.87,25.24
202200012096,4.88,5.18
202200012099,7.53,3.12
202200012137,8.16,16.58
202200012145,10.54,19.72
202200012158,8.1,7.73
202200012168,6.02,1.44
202200012172,10.5,8.22
202200012175,11.49,9.96
202200012200,5.84,6.46
202200012201,4.7,6.44
202200012254,0.94,3.93
202200012386,0.5,18.91
202200012405,13.44,18.84
202200012439,3.67,30.69
202200012456,1.82,3.1
202200012457,8.19,14.62
202200012470,5.34,7.46
202200012471,6.11,1.49
202200012479,5.45,6.55
202200012557,3.07,33.1
202200012573,12.52,10.69
202200012607,5.09,7.18
202200012664,4.34,6.47
202200012666,6.18,6.88
202200012668,8.53,3.48
202200012693,9.6,10.47
202200012705,5.94,6.37
202200012707,3.44,4.0
202200012710,6.16,4.19
202200012711,12.45,4.03
202200012749,6.39,8.48
202200012753,6.58,7.31
202200012775,11.31,20.77
202200012870,1.81,5.57
202200012893,0.92,34.44
202200012900,3.42,8.05
202200012915,10.12,19.58
202200012943,9.15,18.76
202200013037,7.21,5.1
202200013054,2.54,10.87
202200013082,2.56,1.65
202200013086,1.23,3.67
202200013091,8.6,13.11
202200013094,12.03,8.52
202200013104,4.98,8.82
202200013151,8.82,3.35
202200013157,0.95,10.44
202200013181,7.47,20.44
202200013205,9.13,13.72
202200013210,6.74,20.88
202200013228,10.63,9.03
202200013239,9.34,52.29
202200013354,3.44,11.95
202200013386,10.15,12.28
202200013393,6.99,9.12
202200013396,8.1,10.22
202200013399,7.17,4.37
202200013434,8.3,10.28
202200013450,8.25,6.21
202200013453,4.08,5.82
202200013463,5.34,4.02
202200013465,10.83,21.6
202200013472,4.68,4.42
202200013547,9.9,13.77
202200013550,11.09,8.5
202200013689,8.07,9.18
202200013690,12.82,15.68
202200013692,6.07,15.1
202200013755,9.66,3.3
202200013815,5.31,5.12
202200013816,3.56,2.25
202200013818,12.36,11.14
202200013840,2.43,2.6
202200013841,8.76,6.99
202200013843,4.96,3.64
202200013844,6.57,6.47
202200013846,7.35,11.36
202200013910,4.65,21.34
202200013951,9.04,21.4
202200013976,9.62,11.24
202200014040,4.01,9.08
202200014060,10.56,13.16
202200014063,2.7,6.1
202200014070,4.48,4.54
202200014073,4.51,4.39
202200014107,6.23,4.46
202200014124,14.43,24.56
202200014143,4.98,4.06
202200014229,14.21,16.12
202200014248,6.98,24.85
202200014310,4.16,6.28
202200014312,4.76,4.58
202200014314,6.63,3.68
202200014316,4.92,8.38
202200014328,8.99,9.92
202200014349,3.24,5.66
202200014396,6.13,11.08
202200014406,8.45,21.14
202200014418,11.79,15.39
202200014428,3.41,12.9
202200014442,2.07,2.66
202200014451,9.36,27.12
202200014453,10.88,13.46
202200014455,11.5,7.96
202200014457,6.59,5.62
202200014475,9.14,15.25
202200014487,11.25,4.1
202200014523,7.43,8.54
202200014555,4.52,7.36
202200014571,9.12,22.53
202200014612,18.37,30.73
202200014627,3.68,5.64
202200014646,3.53,21.81
202200014670,3.38,14.88
202200014679,9.55,13.42
202200014682,11.15,4.0
202200014685,5.65,7.03
202200014728,0.48,3.27
202200014742,4.36,24.54
202200014794,7.36,23.53
202200014835,3.6,5.19
202200014837,8.14,9.76
202200014838,6.04,7.37
202200014839,8.15,7.52
202200014840,4.18,4.96
202200014841,7.01,5.86
202200014929,7.96,18.26
202200014975,6.33,24.51
202200014977,5.02,17.71
202200014989,0.5,25.99
202200015061,8.87,6.01
202200015064,2.51,3.18
202200015072,8.15,7.37
202200015112,10.98,16.5
202200015175,12.4,15.0
202200015199,11.66,7.86
202200015202,5.22,4.29
202200015205,2.41,5.54
202200015211,9.51,6.2
202200015334,3.51,5.6
202200015349,6.02,13.97
202200015356,3.91,2.39
202200015397,5.18,27.15
202200015402,2.04,8.4
202200015420,9.06,8.0
202200015427,3.24,4.02
202200015432,8.11,15.5
202200015441,13.35,33.69
202200015569,4.23,5.54
202200015570,13.37,14.83
202200015661,3.82,18.12
202200015703,4.72,15.5
202200015831,2.13,4.14
202200015848,6.27,7.49
202200015865,8.07,9.91
202200015868,3.55,5.99
202200015878,1.88,0.9
202200015879,2.42,5.82
202200015961,9.39,18.51
202200015994,5.41,52.54
202200016009,9.06,37.01
202200016046,7.14,22.16
202200016108,0.52,11.05
202200016120,3.82,22.87
202200016166,3.02,4.94
202200016167,5.59,5.62
202200016184,6.45,36.18
202200016206,5.49,5.1
202200016277,7.98,42.52
202200016280,13.6,36.57
202200016301,16.43,9.03
202200016307,12.83,15.48
202200016308,4.67,6.86
202200016320,6.24,2.65
202200016321,9.5,3.86
202200016322,8.04,3.75
202200016376,7.52,11.16
202200016397,2.68,37.22
202200016408,1.22,26.64
202200016409,3.58,48.46
202200016412,2.56,24.58
202200016440,11.4,31.76
202200016448,10.83,42.2
202200016452,0.97,25.4
202200016492,11.36,13.94
202200016505,11.24,8.65
202200016506,10.04,7.45
202200016546,16.73,16.06
202200016548,4.62,6.74
202200016550,7.9,6.15
202200016562,5.11,7.91
202200016571,7.68,6.14
202200016600,16.98,18.67
202200016601,2.73,4.0
202200016603,7.37,6.21
202200016605,1.53,3.85
202200016641,31.09,62.46
202200016655,11.05,8.46
202200016677,2.88,6.37
202200016685,5.28,18.93
202200016689,0.3,32.42
202200016737,10.88,13.05
202200016761,5.09,4.61
202200016767,4.08,8.03
202200016794,9.49,9.86
202200016796,3.75,3.01
202200016834,11.73,13.35
202200016837,10.76,17.09
202200016845,11.75,11.14
202200016949,9.37,19.24
202200016951,7.31,7.06
202200016956,10.02,27.02
202200016990,4.07,4.74
202200016994,4.21,3.42
202200016996,6.88,27.88
202200016997,3.06,13.55
202200017110,4.64,2.48
202200017157,15.04,31.52
202200017183,15.36,14.68
202200017187,4.69,11.62
202200017193,11.24,12.01
202200017198,11.89,8.09
202200017203,6.55,6.08
202200017208,1.9,5.66
202200017251,15.43,14.75
202200017253,5.98,1.57
202200017256,17.28,18.58
202200017259,7.46,5.51
202200017261,2.6,1.19
202200017263,7.31,5.74
202200017265,3.72,3.19
202200017266,3.61,1.0
202200017269,7.8,5.02
202200017270,4.19,5.3
202200017272,6.04,10.1
202200017357,4.54,3.38
202200017386,1.68,6.15
202200017387,4.54,0.95
202200017390,4.06,5.51
202200017433,5.27,8.2
202200017468,5.3,28.89
202200017472,9.29,25.29
202200017513,4.18,4.68
202200017516,2.62,4.46
202200017519,6.23,6.54
202200017521,5.77,3.16
202200017525,5.28,3.45
202200017528,1.62,1.99
202200017531,10.99,12.99
202200017532,5.04,7.32
202200017533,8.2,10.29
202200017535,3.47,4.04
202200017549,8.07,5.78
202200017611,7.77,4.96
202200017627,9.02,8.55
202200017634,4.06,11.4
202200017636,7.68,5.91
202200017638,0.83,1.61
202200017649,4.45,5.12
202200017653,2.4,12.89
202200017875,4.66,11.2
202200017925,6.08,8.17
202200017947,5.14,4.66
202200017949,6.94,8.04
202200017951,2.77,6.54
202200017970,3.82,8.48
202200018052,2.16,1.63
202200018053,2.62,2.55
202200018054,10.99,12.33
202200018066,7.58,16.23
202200018121,12.77,11.56
202200018123,7.71,26.67
202200018127,7.3,16.83
202200018135,10.34,25.36
202200018141,7.33,9.42
202200018173,1.61,1.96
202200018174,7.92,6.7
202200018186,6.16,6.21
202200018227,6.64,6.04
202200018228,4.1,4.88
202200018229,6.26,3.65
202200018230,6.9,14.95
202200018231,7.17,9.66
202200018310,5.16,3.94
202200018312,4.36,3.05
202200018343,3.57,7.06
202200018353,1.12,3.47
202200018355,4.42,5.17
202200018357,7.36,2.95
202200018359,2.72,3.5
202200018360,6.98,8.1
202200018363,7.16,7.19
202200018365,8.16,8.86
202200018369,10.37,8.36
202200018397,15.32,13.77
202200018401,10.1,12.22
202200018404,1.72,17.99
202200018440,5.37,9.46
202200018481,3.73,2.41
202200018485,5.69,6.42
202200018490,4.57,4.53
202200018496,5.67,15.14
202200018500,3.37,11.7
202200018506,5.01,8.98
202200018509,7.46,15.77
202200018514,4.18,2.86
202200018517,5.87,7.0
202200018520,5.72,11.13
202200018522,9.77,8.0
202200018525,5.47,9.31
202200018526,5.62,4.68
202200018550,5.78,31.43
202200018580,11.32,10.89
202200018615,8.8,8.28
202200018619,6.18,6.88
202200018623,5.18,7.24
202200018663,4.86,9.36
202200018670,8.63,15.74
202200018676,9.16,10.48
202200018679,6.26,8.32
202200018809,12.17,34.05
202200018880,1.25,25.37
202200018882,3.11,3.03
202200018892,4.91,34.65
202200018893,5.84,7.18
202200018897,2.0,4.24
202200018902,8.14,9.25
202200018904,10.72,8.13
202200018906,6.28,12.18
202200018907,9.67,4.12
202200018918,5.72,32.88
202200018931,1.34,19.49
202200018962,8.23,11.55
202200018986,1.95,5.45
202200018988,6.56,5.59
202200018993,8.14,15.48
202200019120,2.92,5.17
202200019122,6.96,5.19
202200019161,5.29,4.85
202200019164,5.18,7.55
202200019205,4.66,25.65
202200019239,3.26,43.44
202200019266,11.72,9.6
202200019327,7.73,8.85
202200019412,11.3,38.74
202200019459,9.02,14.92
202200019461,4.5,3.76
202200019504,4.47,4.53
202200019505,6.04,1.8
202200019520,5.67,6.64
202200019584,12.05,14.71
202200019614,5.32,30.67
202200019616,14.55,12.13
202200019674,4.5,20.97
202200019675,6.28,26.54
202200019726,9.68,12.49
202200019728,5.41,2.93
202200019758,4.28,4.45
202200019796,3.89,4.6
202200019833,17.63,16.1
202200019855,5.9,4.58
202200019858,2.62,11.48
202200019873,5.82,24.39
202200019882,3.67,24.55
202200020093,14.98,16.36
202200020094,1.54,3.47
202200020095,11.24,7.44
202200020117,11.98,9.29
202200020124,3.87,10.11
202200020125,5.5,2.89
202200020207,1.98,23.53
202200020233,9.59,16.13
202200020234,8.02,41.67
202200020244,6.11,8.2
202200020251,8.39,5.49
202200020271,5.6,3.85
202200020273,9.93,9.99
202200020275,1.69,7.14
202200020415,8.94,13.6
202200020418,7.03,11.8
202200020428,9.37,12.18
202200020434,0.92,21.02
202200020527,9.87,11.99
202200020547,14.69,16.81
202200020576,8.96,25.17
202200020578,1.72,27.7
202200020593,9.18,7.24
202200020594,10.05,6.36
202200020595,7.6,25.31
202200020719,10.18,29.83
202200020730,12.57,23.14
202200020750,7.77,12.98
202200020764,7.89,13.79
202200020818,17.08,18.26
202200020820,7.88,6.65
202200020822,6.4,7.51
202200020823,4.58,8.29
202200020848,5.06,3.3
202200020849,4.86,5.28
202200020850,5.01,3.54
202200020851,4.99,6.1
202200020852,7.16,7.2
202200020855,10.15,26.74
202200020857,12.1,10.88
202200020875,4.27,7.05
202200020876,4.88,32.62
202200020942,7.58,7.21
202200020943,4.27,5.59
202200020946,9.22,6.63
202200020949,6.52,10.65
202200020952,3.68,7.74
202200020977,1.8,12.99
202200021013,5.86,7.52
202200021015,8.07,8.27
202200021051,9.18,8.04
202200021053,5.05,15.82
202200021055,9.9,3.75
202200021056,4.11,6.2
202200021057,6.04,17.22
202200021093,7.26,5.14
202200021095,3.38,3.39
202200021098,2.55,6.31
202200021121,1.74,5.67
202200021137,6.46,3.84
202200021139,5.52,11.52
202200021142,7.52,14.14
202200021146,14.38,13.95
202200021188,12.43,20.73
202200021255,12.68,26.16
202200021270,9.18,11.96
202200021297,6.04,5.24
202200021303,8.91,21.98
202200021308,8.92,9.85
202200021310,5.83,16.22
202200021373,13.09,12.42
202200021446,4.74,4.35
202200021506,10.15,10.81
202200021538,6.22,11.91
202200021541,9.08,9.68
202200021570,8.18,15.58
202200021587,11.22,7.68
202200021612,10.48,7.89
202200021645,6.02,15.14
202200021662,3.23,16.78
202200021692,7.11,16.83
202200021704,5.54,23.81
202200021709,6.22,5.07
202200021747,6.91,3.88
202200021748,5.45,6.34
202200021772,1.6,1.23
202200021774,3.73,3.88
202200021823,2.1,20.31
202200021963,4.8,21.27
202200021964,9.7,6.75
202200022037,7.01,5.85
202200022038,5.24,4.09
202200022039,6.03,6.63
202200022063,5.49,5.05
202200022064,5.99,7.52
202200022066,5.92,12.53
202200022077,13.08,16.98
202200022085,7.69,7.32
202200022086,9.05,14.95
202200022123,4.46,3.38
202200022127,6.14,8.26
202200022139,5.86,3.57
202200022155,8.88,1.48
202200022158,4.97,3.64
202200022161,3.56,5.29
202200022213,11.79,17.57
202200022233,2.52,26.4
202200022261,2.72,23.46
202200022280,3.79,33.76
202200022287,1.99,4.24
202200022288,7.49,5.64
202200022290,4.72,3.6
202200022364,5.62,16.4
202200022367,9.05,14.44
202200022370,6.3,10.15
202200022481,3.65,2.5
202200022484,2.76,3.42
202200022488,3.69,2.53
202200022492,6.18,5.03
202200022604,8.75,24.23
202200022664,3.21,5.3
202200022666,10.31,5.72
202200022667,7.55,9.01
202200022669,10.2,4.5
202200022711,5.39,17.09
202200022718,2.31,3.24
202200022726,8.85,9.32
202200022728,6.95,11.5
202200022740,2.9,4.99
202200022742,4.16,4.1
202200022744,4.27,8.62
202200022781,4.24,24.51
202200022813,9.0,12.86
202200022816,10.66,18.9
202200022850,9.29,19.58
202200022868,1.84,23.3
202200022883,4.7,30.4
202200022895,9.9,8.96
202200022896,11.41,10.04
202200022897,9.47,5.36
202200022913,11.11,10.85
202200022918,2.69,2.86
202200022919,8.8,11.61
202200022920,7.34,5.95
202200022921,1.21,1.27
202200023012,10.17,33.08
202200023026,4.64,22.01
202200023027,19.53,27.9
202200023029,10.16,29.2
202200023050,9.25,11.34
202200023061,8.8,8.8
202200023062,8.45,11.44
202200023111,8.93,24.32
202200023142,2.36,6.91
202200023163,8.88,9.81
202200023165,6.92,9.0
202200023225,7.79,33.19
202200023252,6.42,7.75
202200023257,7.19,30.3
202200023297,5.15,2.54
202200023300,2.16,2.12
202200023354,4.57,4.91
202200023365,5.13,3.96
202200023366,4.63,12.24
202200023367,4.89,13.99
202200023450,2.47,2.82
202200023493,10.54,23.41
202200023516,11.48,17.41
202200023518,8.08,17.28
202200023534,9.6,20.1
202200023535,11.01,29.23
202200023542,4.12,32.43
202200023544,3.36,21.91
202200023545,2.48,26.14
202200023580,8.54,8.7
202200023621,5.89,11.78
202200023655,3.9,2.77
202200023657,10.34,13.46
202200023692,7.5,6.63
202200023694,7.16,7.2
202200023697,6.16,4.75
202200023709,6.77,6.44
202200023862,15.2,27.11
202200023895,9.74,2.49
202200023932,5.95,9.93
202200023946,12.16,13.98
202200023949,7.19,4.86
202200023976,7.9,12.03
202200023977,7.48,8.79
202200023979,3.2,5.38
202200023982,7.56,10.88
202200024002,5.15,1.56
202200024081,16.07,15.39
202200024083,7.01,2.09
202200024107,1.74,0.96
202200024126,4.45,5.26
202200024128,3.92,5.03
202200024131,6.0,7.1
202200024144,2.74,22.23
202200024175,5.71,5.85
202200024195,2.96,26.55
202200024203,8.44,9.4
202200024219,15.05,34.79
202200024258,7.22,27.46
202200024263,6.76,10.76
202200024362,7.31,14.61
202200024384,8.71,20.26
202200024385,9.54,26.73
202200024386,9.94,11.6
202200024421,10.73,16.74
202200024432,4.74,4.26
202200024446,8.47,14.16
202200024498,9.83,8.68
202200024499,3.92,54.4
202200024502,3.48,30.81
202200024503,9.07,10.03
202200024506,10.77,32.4
202200024538,3.87,10.12
202200024541,14.73,12.58
202200024689,8.19,46.36
202200024696,11.11,11.87
202200024698,2.67,4.8
202200024700,10.51,36.85
202200024701,5.66,1.93
202200024742,3.15,3.88
202200024746,3.32,4.26
202200024764,8.54,8.21
202200024771,3.36,3.66
202200024774,7.22,6.74
202200024778,8.82,6.74
202200024780,5.23,1.07
202200024783,11.35,10.1
202200024784,5.05,31.22
202200024814,8.22,6.6
202200024839,2.87,4.96
202200024842,2.47,7.41
202200024846,5.78,4.46
202200024901,3.12,21.0
202200024906,7.64,25.52
202200024936,8.74,26.96
202200025006,8.04,26.32
202200025016,12.44,17.62
202200025025,7.23,9.81
202200025026,10.99,13.57
202200025039,2.15,3.08
202200025076,8.99,11.11
202200025092,3.1,3.77
202200025093,5.92,4.84
202200025154,2.64,27.59
202200025165,11.3,13.95
202200025169,8.47,14.7
202200025175,8.81,14.27
202200025177,10.17,23.8
202200025198,8.31,11.63
202200025199,5.76,7.84
202200025200,9.54,13.4
202200025201,8.73,8.11
202200025202,7.56,8.04
202200025232,10.33,9.81
202200025233,3.36,4.47
202200025252,4.21,7.54
202200025329,5.74,35.47
202200025344,6.07,39.71
202200025347,3.11,40.14
202200025350,2.43,48.77
202200025362,12.8,27.42
202200025365,2.15,8.67
202200025373,9.61,11.72
202200025385,2.81,17.12
202200025398,5.6,39.24
202200025399,8.47,14.24
202200025415,12.16,9.01
202200025416,5.89,3.74
202200025455,8.68,11.71
202200025523,14.39,13.72
202200025525,6.62,5.44
202200025549,7.81,8.78
202200025552,5.35,6.02
202200025565,4.08,8.63
202200025568,7.4,6.07
202200025570,7.25,11.26
202200025571,7.59,5.56
202200025673,5.98,23.92
202200025718,7.97,7.47
202200025719,6.32,7.66
202200025720,8.44,7.91
202200025731,5.86,9.84
202200025732,8.22,12.04
202200025733,5.15,4.69
202200025823,14.52,7.58
202200025884,1.44,3.86
202200025891,2.62,5.35
202200025892,6.22,8.66
202200025907,3.78,3.75
202200025923,1.91,26.48
202200025953,3.26,8.52
202200025955,1.96,15.07
202200025959,4.88,25.86
202200025977,7.09,6.7
202200025988,10.58,3.42
202200025997,9.6,6.02
202200026000,17.9,18.6
202200026011,6.3,4.99
202200026034,9.52,11.97
202200026044,8.79,7.65
202200026094,3.48,4.15
202200026098,7.95,15.69
202200026101,3.46,5.19
202200026125,3.7,4.97
202200026184,8.88,3.59
202200026187,4.42,5.2
202200026241,5.14,19.91
202200026257,3.36,16.34
202200026287,17.55,24.32
202200026291,10.2,21.42
202200026303,8.66,15.2
202200026320,3.08,4.69
202200026321,4.89,19.26
202200026332,9.14,15.04
202200026334,9.07,11.65
202200026336,6.66,8.74
202200026365,7.92,7.4
202200026368,6.54,6.52
202200026390,10.47,3.78
202200026398,5.9,4.66
202200026456,1.11,25.75
202200026473,15.1,18.27
202200026476,5.14,6.02
202200026481,5.61,4.3
202200026485,5.36,4.83
202200026497,1.43,3.87
202200026499,5.49,5.52
202200026503,3.71,5.78
202200026512,1.79,2.57
202200026514,4.33,4.64
202200026537,8.3,35.71
202200026608,9.61,8.06
202200026656,8.47,7.85
202200026677,8.3,9.41
202200026689,10.51,11.25
202200026691,4.35,39.9
202200026708,5.37,7.46
202200026715,8.27,13.45
202200026766,10.9,13.02
202200026767,5.26,5.18
202200026796,6.94,4.72
202200026797,6.19,10.16
202200026832,4.38,5.71
202200026848,2.88,5.61
202200026855,2.81,15.79
202200026862,6.96,14.46
202200026906,5.13,11.18
202200026913,6.96,7.46
202200026943,0.06,32.86
202200026962,1.52,3.96
202200026973,22.44,22.05
202200027019,7.68,6.52
202200027020,7.11,5.73
202200027030,5.26,11.5
202200027031,5.55,7.55
202200027058,17.48,18.02
202200027064,15.9,19.74
202200027079,6.04,7.43
202200027132,4.62,4.46
202200027133,4.56,1.95
202200027190,8.9,33.34
202200027192,12.73,32.95
202200027193,8.91,23.98
202200027252,4.81,31.8
202200027263,4.32,17.74
202200027266,9.57,11.53
202200027309,7.09,5.41
202200027313,7.27,17.65
202200027372,8.95,10.68
202200027373,5.93,5.72
202200027374,7.46,13.36
202200027403,4.9,11.44
202200027405,10.98,11.32
202200027504,6.48,11.08
202200027516,7.6,14.46
202200027518,4.45,7.92
202200027559,4.72,9.0
202200027560,3.1,22.68
202200027573,15.58,44.97
202200027591,9.79,13.56
202200027613,9.52,7.69
202200027697,15.43,14.76
202200027698,4.03,2.81
202200027699,6.96,5.8
202200027700,8.03,3.11
202200027701,8.37,4.9
202200027702,3.61,5.65
202200027732,7.32,6.05
202200027733,9.73,5.37
202200027734,0.32,11.51
202200027772,14.85,14.18
202200027773,6.58,6.39
202200027795,7.54,6.89
202200027798,5.08,3.75
202200027799,4.15,3.12
202200027809,8.52,3.62
202200027855,10.31,28.6
202200027891,9.95,15.77
202200027908,5.18,3.97
202200027910,16.84,18.07
202200027912,2.0,1.79
202200027926,3.69,7.53
202200027929,10.36,3.21
202200027930,6.8,7.0
202200027948,2.94,5.36
202200027955,8.58,5.3
202200027960,8.06,3.73
202200027962,6.92,9.2
202200028054,11.64,13.46
202200028056,9.12,9.04
202200028058,6.57,8.03
202200028060,7.62,5.03
202200028062,4.3,6.39
202200028065,9.52,13.39
202200028085,6.06,9.23
202200028164,3.11,1.89
202200028166,7.6,9.72
202200028168,2.88,3.98
202200028170,8.83,8.54
202200028172,12.12,9.66
202200028174,9.88,7.25
202200028206,5.11,7.55
202200028208,6.5,4.32
202200028231,1.88,3.44
202200028234,5.18,4.74
202200028236,4.07,4.74
202200028253,4.78,23.23
202200028256,4.09,26.78
202200028285,3.57,38.12
202200028323,6.18,16.99
202200028326,6.18,21.02
202200028419,5.66,5.41
202200028429,5.34,4.48
202200028432,5.31,9.66
202200028495,9.7,13.33
202200028525,7.92,35.04
202200028530,6.86,10.74
202200028578,4.92,32.84
202200028606,5.42,36.73
202200028649,3.05,1.4
202200028655,6.47,6.33
202200028744,19.13,20.5
202200028745,9.93,8.08
202200028754,3.64,9.65
202200028804,2.34,24.0
202200028805,9.8,15.25
202200028816,8.01,8.01
202200028824,14.16,47.81
202200028846,4.09,6.28
202200028880,4.54,7.31
202200028899,9.06,7.0
202200028966,6.89,9.01
202200028998,6.57,6.78
202200029000,6.86,3.9
202200029070,9.15,7.07
202200029071,5.52,16.97
202200029150,4.21,9.28
202200029151,3.83,8.66
202200029152,5.07,2.62
202200029194,2.92,1.77
202200029195,6.44,4.11
202200029215,5.47,3.34
202200029218,5.34,4.48
202200029300,13.42,14.52
202200029303,5.98,16.36
202200029306,8.73,10.82
202200029318,2.56,25.47
202200029325,11.44,5.28
202200029378,8.29,20.48
202200029396,5.05,15.72
202200029407,8.21,25.4
202200029421,10.19,8.36
202200029428,6.32,13.77
202200029442,1.84,1.38
202200029469,1.13,13.51
202200029524,9.68,35.93
202200029532,8.05,13.23
202200029542,21.81,40.97
202200029601,4.17,26.53
202200029687,6.63,6.37
202200029689,7.79,18.36
202200029740,5.59,3.69
202200029751,6.69,7.33
202200029752,4.93,6.93
202200029755,5.59,7.68
202200029780,4.19,3.55
202200029781,11.3,7.5
202200029782,9.43,6.13
202200029801,3.03,8.91
202200029802,7.9,5.09
202200029803,6.01,6.32
202200029865,5.66,32.65
202200029892,3.41,4.34
202200029893,8.49,11.48
202200029894,8.18,10.18
202200029895,7.18,11.18
202200029993,11.92,39.14
202200029995,2.9,22.22
202200030001,14.16,20.92
202200030035,7.78,6.56
202200030039,4.44,4.39
202200030041,3.92,6.9
202200030043,3.02,5.71
202200030048,7.07,17.63
202200030061,4.98,4.59
202200030063,2.88,5.35
202200030065,2.61,6.12
202200030072,3.33,3.62
202200030110,7.18,27.02
202200030127,12.24,11.56
202200030139,14.53,12.7
202200030165,7.29,36.09
202200030214,8.42,9.36
202200030249,9.5,9.42
202200030252,7.8,8.06
202200030254,10.11,7.48
202200030276,10.44,13.99
202200030280,8.36,9.56
202200030286,5.13,2.1
202200030298,3.9,4.83
202200030300,6.48,9.25
202200030303,6.65,6.31
202200030314,2.11,2.07
202200030316,6.41,6.2
202200030318,5.94,8.02
202200030355,6.74,46.92
202200030364,1.52,20.71
202200030376,7.15,8.13
202200030452,8.71,19.93
202200030508,5.82,8.94
202200030516,7.53,8.65
202200030518,2.15,1.36
202200030520,6.29,7.6
202200030522,2.79,3.57
202200030538,3.65,3.1
202200030540,4.2,7.91
202200030588,3.67,5.79
202200030592,2.86,7.93
202200030594,2.63,4.96
202200030602,2.62,5.96
202200030610,5.52,6.19
202200030672,9.04,17.78
202200030673,5.86,17.03
202200030686,7.67,31.26
202200030692,8.41,14.96
202200030724,4.34,1.52
202200030728,4.34,18.73
202200030743,4.57,19.96
202200030751,6.54,5.57
202200030758,2.51,13.71
202200030784,5.56,5.48
202200030785,8.23,3.82
202200030786,8.21,4.22
202200030799,4.06,1.69
202200030805,6.35,7.48
202200030806,1.87,6.94
202200030904,7.04,26.14
202200030905,8.93,29.76
202200030908,11.6,9.73
202200030911,7.64,26.19
202200030918,16.92,20.19
202200030923,9.19,11.29
202200030981,4.69,3.54
202200030982,5.51,2.28
202200030989,5.16,15.32
202200031010,7.67,9.76
202200031117,9.27,3.11
202200031120,8.24,10.82
202200031152,7.48,40.11
202200031163,12.67,18.44
202200031185,3.22,20.89
202200031223,7.01,8.46
202200031267,2.22,7.94
202200031268,0.74,37.69
202200031269,4.64,3.31
202200031270,8.26,6.1
202200031273,8.55,9.37
202200031280,10.49,4.33
202200031383,5.75,2.62
202200031432,5.6,15.27
202200031436,6.42,7.2
202200031518,10.28,20.39
202200031520,12.38,13.13
202200031522,4.65,7.43
202200031593,5.9,11.08
202200031621,6.73,26.33
202200031637,16.45,8.66
202200031670,3.22,20.07
202200031671,11.51,20.51
202200031700,0.72,2.11
202200031701,11.94,14.06
202200031709,8.89,12.2
202200031710,9.2,3.5
202200031736,6.26,4.54
202200031742,15.33,19.5
202200031778,15.82,21.6
202200031785,12.62,29.93
202200031794,0.99,15.3
202200031795,8.22,6.17
202200031796,13.68,27.19
202200031810,4.24,5.1
202200031852,4.99,5.42
202200031853,4.66,6.0
202200031854,11.39,10.97
202200031861,6.57,7.94
202200031910,10.01,6.87
202200031944,4.79,3.94
202200031946,9.77,12.57
202200031948,9.35,10.09
202200031959,5.74,8.52
202200031960,5.69,4.52
202200031961,9.97,12.06
202200031981,2.06,14.66
202200031982,1.82,50.59
202200032041,9.26,11.22
202200032043,9.82,11.91
202200032045,10.19,14.78
202200032057,7.3,43.46
202200032108,6.38,5.36
202200032110,1.36,4.39
202200032112,2.18,4.42
202200032124,7.71,34.72
202200032158,7.34,5.21
202200032204,4.81,20.41
202200032213,2.99,4.46
202200032235,18.42,18.49
202200032236,5.11,5.54
202200032237,3.56,6.79
202200032239,2.8,4.8
202200032266,5.74,5.58
202200032268,2.27,3.51
202200032309,6.57,7.14
202200032310,3.49,4.37
202200032312,9.06,5.29
202200032332,2.01,20.27
202200032334,5.46,18.82
202200032338,3.13,11.46
202200032340,0.92,11.52
202200032344,7.6,10.71
202200032503,7.96,10.76
202200032504,8.8,3.48
202200032575,1.21,2.48
202200032628,5.5,2.01
202200032642,4.44,6.27
202200032643,16.38,7.96
202200032669,3.77,5.86
202200032672,7.11,12.8
202200032716,5.13,3.92
202200032740,6.21,6.85
202200032742,2.84,3.57
202200032744,4.84,5.97
202200032745,6.24,14.36
202200032792,8.31,9.24
202200032793,6.59,32.45
202200032816,3.48,29.12
202200032842,8.76,27.59
202200032846,8.71,29.22
202200032866,2.71,4.83
202200032867,9.48,10.18
202200032896,5.48,4.82
202200032924,10.59,13.9
202200032927,2.31,2.27
202200032948,2.05,3.24
202200032953,4.26,6.39
202200032973,2.68,4.68
202200033026,6.07,7.84
202200033028,3.36,2.2
202200033029,3.44,3.4
202200033031,9.27,7.43
202200033033,9.39,6.17
202200033051,3.17,4.6
202200033071,4.87,6.42
202200033093,5.68,13.76
202200033111,12.95,15.07
202200033114,4.96,5.39
202200033117,3.62,4.73
202200033118,5.21,16.17
202200033121,2.09,5.86
202200033126,3.9,2.39
202200033137,9.86,23.49
202200033249,3.36,2.21
202200033252,5.52,6.03
202200033254,10.76,13.48
202200033286,5.72,3.09
202200033309,8.87,5.74
202200033311,7.28,7.8
202200033401,11.41,7.62
202200033403,4.21,4.77
202200033476,10.86,24.84
202200033481,7.23,11.97
202200033529,9.22,23.1
202200033531,10.44,11.78
202200033596,3.01,8.07
202200033651,9.27,57.58
202200033678,3.54,23.04
202200033680,7.96,13.01
202200033703,10.89,13.46
202200033704,10.39,3.02
202200033733,3.58,3.8
202200033734,2.71,1.55
202200033735,7.19,6.79
202200033748,8.79,10.9
202200033861,8.9,20.74
202200033899,8.35,28.7
202200033919,15.01,14.91
202200033990,5.22,3.1
202200033992,3.29,4.16
202200033995,9.24,14.31
202200033998,3.56,3.87
202200033999,4.03,3.42
202200034002,7.42,6.92
202200034027,3.7,3.7
202200034030,5.49,2.67
202200034056,5.31,24.68
202200034074,3.74,14.03
202200034077,9.43,20.06
202200034102,4.56,27.82
202200034154,2.92,5.38
202200034178,6.62,5.54
202200034181,2.55,10.63
202200034261,4.32,14.6
202200034266,10.81,17.85
202200034292,1.71,24.91
202200034297,8.06,6.53
202200034316,6.24,7.43
202200034318,8.9,10.99
202200034321,2.67,3.34
202200034341,4.32,6.41
202200034343,6.19,8.28
202200034371,11.81,26.13
202200034417,7.45,3.38
202200034430,9.13,24.22
202200034439,7.82,12.56
202200034442,6.11,4.26
202200034458,6.19,9.36
202200034526,9.22,8.0
202200034528,3.62,6.6
202200034529,7.62,5.29
202200034531,4.07,4.9
202200034550,1.72,10.05
202200034610,3.12,24.86
202200034628,12.39,32.13
202200034647,1.94,23.67
202200034686,21.98,47.57
202200034716,21.45,19.49
202200034731,14.9,35.58
202200034744,2.78,4.87
202200034747,10.33,3.18
202200034760,6.47,33.49
202200034780,5.92,11.27
202200034799,8.01,13.7
202200034802,6.03,8.12
202200034882,1.64,3.76
202200034887,8.62,7.74
202200034890,9.53,9.46
202200034894,7.91,10.58
202200034900,8.27,14.9
202200034903,4.71,5.33
202200034904,8.4,11.71
202200034969,14.36,23.65
202200034976,4.13,5.48
202200034992,4.49,3.21
202200035020,5.15,2.54
202200035022,8.99,10.18
202200035027,6.06,7.35
202200035052,2.11,4.2
202200035152,2.25,4.5
202200035154,7.16,5.41
202200035158,4.5,4.39
202200035167,7.98,13.6
202200035170,2.03,20.35
202200035179,12.87,8.65
202200035184,2.89,12.38
202200035218,4.06,5.84
202200035244,9.86,5.57
202200035245,5.6,5.22
202200035250,2.02,1.84
202200035253,7.45,8.58
202200035263,4.86,5.53
202200035267,7.92,11.2
202200035271,15.52,21.33
202200035281,8.05,21.68
202200035368,7.18,14.05
202200035370,8.72,8.64
202200035407,9.34,1.98
202200035480,10.06,32.08
202200035482,5.48,5.63
202200035567,8.95,31.22
202200035571,7.92,7.3
202200035608,5.43,0.92
202200035630,3.38,3.55
202200035631,5.3,7.31
202200035672,2.33,3.11
202200035690,3.93,4.48
202200035692,10.01,8.8
202200035741,4.83,9.34
202200035841,9.19,6.6
202200035842,10.28,3.13
202200035865,4.79,14.29
202200035869,3.14,18.57
202200035904,10.03,12.9
202200035906,10.18,13.67
202200035917,5.12,30.48
202200035933,8.02,19.08
202200035966,9.67,9.14
202200035967,7.09,7.13
202200035968,10.12,7.46
202200035980,5.76,5.03
202200036060,7.07,12.14
202200036103,1.61,4.24
202200036157,6.19,16.26
202200036172,2.41,29.59
202200036173,2.36,15.97
202200036225,4.96,6.85
202200036258,8.48,40.43
202200036278,2.61,4.6
202200036281,6.3,7.0
202200036290,13.5,12.82
202200036322,5.94,6.25
202200036334,7.26,10.78
202200036337,9.0,5.59
202200036341,6.99,21.29
202200036348,5.55,18.25
202200036378,4.43,6.52
202200036386,3.57,14.77
202200036405,9.66,22.71
202200036477,14.12,12.29
202200036509,14.29,26.45
202200036510,11.78,10.0
202200036515,7.81,2.89
202200036518,6.17,2.23
202200036522,4.32,4.2
202200036552,7.71,10.58
202200036555,7.74,6.18
202200036568,8.06,4.25
202200036570,11.08,13.66
202200036574,5.74,6.67
202200036578,10.31,4.61
202200036605,4.78,5.45
202200036611,4.5,14.17
202200036639,6.41,7.0
202200036642,3.07,4.81
202200036646,5.72,17.81
202200036691,8.47,3.93
202200036709,5.53,3.98
202200036713,11.28,8.24
202200036715,4.11,4.89
202200036719,4.69,9.44
202200036722,4.74,5.68
202200036771,1.9,10.23
202200036828,7.88,16.72
202200036875,10.62,15.52
202200036897,7.98,33.33
202200036899,6.82,9.57
202200036962,7.06,17.35
202200037006,11.02,8.85
202200037008,5.44,7.53
202200037026,6.29,5.07
202200037029,4.07,6.84
202200037038,9.05,31.75
202200037040,3.49,24.46
202200037054,23.22,34.36
202200037066,5.45,5.82
202200037126,15.4,14.72
202200037129,6.93,8.26
202200037130,3.57,5.18
202200037133,6.26,4.15
202200037135,8.79,9.49
202200037137,10.17,7.54
202200037162,4.98,7.42
202200037169,8.82,5.48
202200037171,4.16,4.61
202200037173,6.31,6.37
202200037254,13.03,13.71
202200037312,9.7,9.18
202200037333,7.78,13.55
202200037334,7.21,6.33
202200037342,4.62,3.94
202200037408,3.19,22.56
202200037441,9.38,24.81
202200037451,0.86,21.38
202200037452,3.33,8.02
202200037467,6.06,24.05
202200037483,4.14,25.67
202200037493,14.8,35.77
202200037500,8.65,15.19
202200037550,5.69,6.62
202200037552,9.09,12.08
202200037566,12.21,25.08
202200037567,6.81,31.62
202200037568,2.99,19.15
202200037580,10.46,27.65
202200037592,12.5,26.09
202200037615,13.68,18.13
202200037616,4.8,8.42
202200037631,5.15,7.28
202200037632,3.31,13.0
202200037633,3.98,5.98
202200037642,11.65,7.87
202200037657,13.82,10.83
202200037703,0.44,10.49
202200037712,4.62,18.49
202200037720,16.94,27.42
202200037749,12.02,14.8
202200037752,7.78,13.46
202200037797,7.73,5.4
202200037807,2.09,3.33
202200037808,5.69,3.08
202200037924,4.84,6.17
202200037925,9.1,14.38
202200037926,5.53,4.99
202200037927,5.94,4.63
202200037928,7.53,10.28
202200037950,3.74,4.41
202200037951,7.57,11.37
202200037953,1.54,3.62
202200038088,4.91,5.0
202200038099,6.27,7.54
202200038136,2.38,3.66
202200038145,8.84,5.04
202200038165,6.24,5.09
202200038167,4.5,3.14
202200038180,7.29,3.44
202200038182,4.64,9.15
202200038264,12.52,13.49
202200038299,18.26,19.26
202200038327,3.62,9.39
202200038371,2.2,4.28
202200038406,3.62,3.54
202200038430,10.59,6.47
202200038454,7.91,5.58
202200038457,3.54,4.36
202200038458,8.48,9.86
202200038459,1.76,0.84
202200038461,5.92,17.12
202200038469,11.59,10.78
202200038471,9.12,11.24
202200038472,9.45,6.28
202200038475,7.31,7.38
202200038476,4.88,4.48
202200038487,9.1,1.7
202200038510,2.92,4.65
202200038596,7.68,8.04
202200038599,9.44,9.98
202200038633,4.45,6.9
202200038640,8.51,10.65
202200038682,9.46,16.0
202200038743,7.86,5.27
202200038745,0.46,36.79
202200038748,7.44,9.44
202200038821,9.91,9.39
202200038825,8.92,5.16
202200038846,17.51,22.13
202200038860,0.9,6.86
202200038897,4.26,2.23
202200038902,8.78,7.94
202200038917,8.93,19.32
202200039023,9.99,8.77
202200039026,6.62,6.07
202200039048,3.98,29.83
202200039053,4.26,4.57
202200039055,7.92,8.59
202200039058,7.22,9.31
202200039068,14.96,25.19
202200039149,4.55,6.55
202200039151,0.55,11.51
202200039192,6.53,8.31
202200039194,2.67,5.13
202200039196,7.99,12.84
202200039226,5.22,3.9
202200039227,5.74,8.51
202200039251,1.95,5.45
202200039256,5.92,4.75
202200039257,4.16,4.83
202200039314,6.63,24.19
202200039342,4.04,2.45
202200039347,7.35,20.62
202200039348,5.58,21.47
202200039391,10.65,3.5
202200039451,6.77,5.56
202200039453,7.95,9.7
202200039454,7.47,3.51
202200039468,5.11,3.96
202200039473,9.33,10.11
202200039476,7.37,2.96
202200039478,6.34,13.78
202200039482,2.49,5.89
202200039514,3.07,7.99
202200039552,2.26,12.37
202200039604,12.83,31.0
202200039610,7.03,36.47
202200039625,11.18,9.27
202200039626,9.54,10.63
202200039635,10.74,11.08
202200039656,5.39,26.97
202200039679,3.36,4.42
202200039680,8.38,7.22
202200039692,4.15,3.33
202200039693,8.0,5.87
202200039694,4.44,3.12
202200039755,7.09,31.95
202200039760,8.06,5.47
202200039761,10.6,3.46
202200039762,9.32,12.32
202200039831,4.54,21.45
202200039868,1.82,3.96
202200039902,9.01,6.85
202200039909,1.68,6.58
202200039919,6.61,40.26
202200039937,7.23,11.05
202200039942,13.41,30.14
202200040002,8.51,3.19
202200040003,9.64,10.34
202200040005,3.81,4.53
202200040024,7.2,2.79
202200040026,8.06,3.65
202200040040,3.52,5.15
202200040042,1.0,6.96
202200040043,9.23,3.07
202200040140,5.72,7.19
202200040142,7.43,2.75
202200040144,5.84,5.78
202200040171,5.01,5.19
202200040186,11.32,14.12
202200040252,3.74,7.24
202200040255,3.02,6.01
202200040256,4.26,4.89
202200040284,1.96,1.61
202200040287,3.52,2.37
202200040337,3.98,20.14
202200040338,6.53,7.66
202200040341,7.61,7.11
202200040343,2.35,12.22
202200040368,7.91,9.41
202200040390,2.94,2.2
202200040398,4.47,15.24
202200040400,4.92,11.46
202200040496,3.21,28.86
202200040499,7.34,31.93
202200040504,7.24,27.87
202200040516,4.15,30.62
202200040524,10.43,11.77
202200040558,7.57,29.94
202200040563,5.59,29.18
202200040605,6.4,4.29
202200040609,5.27,8.74
202200040612,12.41,8.61
202200040622,10.45,33.25
202200040625,10.34,25.36
202200040629,4.23,18.78
202200040640,4.97,4.78
202200040642,7.52,8.44
202200040644,4.92,5.35
202200040648,8.33,9.29
202200040669,4.91,32.87
202200040679,8.86,3.74
202200040691,5.56,4.24
202200040770,4.4,37.27
202200040774,13.05,24.8
202200040775,8.18,9.79
202200040795,3.09,28.99
202200040852,5.22,17.17
202200040879,3.09,17.23
202200040928,7.61,26.36
202200040952,8.56,6.03
202200041005,11.99,15.93
202200041031,3.84,4.06
202200041034,6.04,3.8
202200041036,6.68,7.78
202200041065,4.37,3.05
202200041066,14.94,17.53
202200041069,7.32,20.2
202200041109,16.2,15.52
202200041114,3.0,4.27
202200041117,9.66,12.46
202200041120,8.79,8.26
202200041150,9.09,9.09
202200041152,7.04,37.49
202200041198,7.23,17.3
202200041205,9.23,6.64
202200041213,1.78,3.05
202200041249,7.72,8.0
202200041251,7.04,6.19
202200041269,11.72,12.68
202200041297,4.36,3.52
202200041299,0.59,6.54
202200041350,11.89,23.17
202200041391,8.58,39.28
202200041402,11.22,39.99
202200041414,5.06,5.19
202200041454,7.45,9.54
202200041490,4.13,4.58
202200041491,7.05,7.58
202200041499,14.08,24.75
202200041522,12.81,27.11
202200041523,2.42,22.74
202200041526,5.05,31.49
202200041550,12.24,11.9
202200041551,13.3,4.88
202200041552,7.35,4.85
202200041553,6.92,8.7
202200041602,2.46,4.92
202200041603,7.05,7.12
202200041604,5.51,3.46
202200041605,1.43,4.14
202200041627,4.9,4.69
202200041628,6.04,5.48
202200041629,8.1,9.81
202200041630,3.94,4.72
202200041700,1.28,21.28
202200041736,5.77,1.78
202200041764,5.87,4.72
202200041765,4.93,5.91
202200041766,7.71,7.78
202200041767,7.62,3.22
202200041781,9.21,1.84
202200041782,6.76,12.66
202200041783,3.46,5.55
202200041784,5.31,7.34
202200041785,3.04,5.76
202200041786,7.64,9.72
202200041858,5.4,5.21
202200041860,5.32,5.15
202200041861,10.2,7.87
202200041862,8.71,17.76
202200041863,4.96,4.34
202200041915,2.65,2.89
202200041917,7.9,6.64
202200041918,7.28,10.8
202200041919,8.68,14.44
202200041920,4.03,4.69
202200042025,4.57,17.28
202200042047,11.51,26.83
202200042050,6.68,4.74
202200042080,14.96,16.79
202200042145,5.5,18.61
202200042160,9.8,3.64
202200042177,6.33,6.29
202200042189,8.32,8.47
202200042191,4.52,3.69
202200042193,7.18,7.21
202200042211,15.26,14.59
202200042212,6.98,7.02
202200042213,8.09,4.72
202200042242,3.62,4.09
202200042248,3.98,6.42
202200042264,2.48,2.64
202200042266,5.14,6.08
202200042398,5.41,27.92
202200042401,2.49,23.37
202200042427,14.15,35.57
202200042428,10.85,11.86
202200042437,16.8,16.8
202200042439,6.5,17.63
202200042511,6.05,4.55
202200042531,10.89,12.89
202200042547,3.75,12.72
202200042549,3.06,2.99
202200042554,10.73,32.38
202200042558,2.63,2.56
202200042559,8.38,34.3
202200042644,5.03,3.88
202200042649,6.54,7.24
202200042656,10.9,23.56
202200042657,2.04,1.53
202200042659,10.46,10.38
202200042662,5.3,11.01
202200042666,3.38,3.31
202200042670,13.28,6.39
202200042705,6.55,6.4
202200042709,8.32,9.25
202200042711,9.27,3.57
202200042717,1.77,5.27
202200042804,3.7,14.9
202200042867,10.38,26.86
202200042889,2.72,18.74
202200042912,2.01,20.37
202200042927,2.72,27.29
202200042946,6.49,6.32
202200042950,21.9,18.09
202200042955,3.03,4.99
202200042979,5.55,4.95
202200042984,3.56,15.07
202200043002,3.82,22.4
202200043019,4.53,36.27
202200043022,15.97,33.16
202200043049,1.47,1.43
202200043050,3.57,4.24
202200043053,4.54,0.95
202200043055,4.74,5.87
202200043119,15.4,9.3
202200043148,8.35,10.93
202200043191,6.52,7.63
202200043210,8.86,9.97
202200043230,8.4,10.49
202200043232,7.83,6.15
202200043235,2.58,11.87
202200043256,4.37,18.76
202200043295,10.78,26.51
202200043348,9.04,11.04
202200043378,7.0,5.78
202200043379,9.47,9.93
202200043381,8.95,9.65
202200043382,8.37,4.9
202200043383,8.15,8.19
202200043391,9.14,6.51
202200043396,5.76,5.15
202200043435,3.27,22.02
202200043440,5.67,30.62
202200043462,10.12,12.12
202200043463,12.39,14.38
202200043469,9.86,11.49
202200043470,7.66,5.07
202200043514,4.49,4.92
202200043515,6.52,4.68
202200043516,9.75,8.53
202200043517,4.26,5.37
202200043534,4.28,6.72
202200043549,10.12,2.72
202200043550,4.43,5.18
202200043663,1.53,3.66
202200043664,3.44,2.29
202200043665,4.64,1.65
202200043695,10.02,13.12
202200043696,8.07,12.57
202200043697,7.22,4.03
202200043767,16.24,18.37
202200043769,8.11,2.64
202200043794,7.32,3.7
202200043839,6.64,3.69
202200043855,4.4,8.03
202200043856,5.81,4.53
202200043907,7.45,9.57
202200043909,9.6,13.86
202200043927,7.09,13.27
202200043939,6.27,39.73
202200043968,5.85,10.58
202200043997,8.8,7.28
202200044010,3.71,3.28
202200044022,5.53,6.66
202200044024,10.88,21.55
202200044045,7.86,2.21
202200044085,3.67,5.78
202200044179,5.28,1.8
202200044182,7.98,3.05
202200044201,1.62,28.26
202200044209,2.41,2.59
202200044212,8.1,6.71
202200044215,4.74,5.87
202200044217,7.36,26.4
202200044218,3.91,15.11
202200044253,3.45,14.22
202200044284,5.84,7.22
202200044312,9.02,14.91
202200044315,9.24,12.24
202200044323,8.19,3.48
202200044407,3.91,2.9
202200044411,3.63,4.71
202200044428,7.55,9.68
202200044433,12.02,10.34
202200044440,11.5,14.24
202200044444,8.22,9.55
202200044454,5.01,11.01
202200044456,5.42,5.23
202200044461,4.72,15.64
202200044474,6.56,10.91
202200044488,4.03,4.08
202200044549,6.45,30.27
202200044680,5.74,3.78
202200044695,6.27,15.67
202200044753,9.25,7.7
202200044767,9.89,22.91
202200044778,4.13,4.91
202200044783,9.93,12.99
202200044788,6.04,4.56
202200044830,7.25,9.22
202200044907,4.06,31.93
202200044912,4.82,17.36
202200044994,10.45,15.9
202200044999,18.5,22.55
202200045022,3.16,5.25
202200045034,5.93,6.92
202200045046,7.1,29.43
202200045074,6.52,7.22
202200045087,4.14,4.84
202200045112,2.74,21.2
202200045139,9.43,28.11
202200045207,1.24,2.9
202200045216,9.44,12.44
202200045219,10.14,5.56
202200045242,8.37,4.19
202200045298,8.1,8.17
202200045301,7.17,7.2
202200045410,8.71,18.99
202200045468,5.73,7.32
202200045492,4.44,4.16
202200045493,5.66,4.27
202200045494,4.01,2.69
202200045495,3.58,2.25
202200045541,3.29,1.97
202200045542,5.13,8.69
202200045614,11.27,14.29
202200045707,3.2,29.06
202200045708,13.28,22.4
202200045721,6.85,6.78
202200045722,8.22,4.23
202200045723,7.28,5.33
202200045741,8.67,6.59
202200045745,3.07,8.0
202200045746,7.45,6.76
202200045747,4.81,5.48
202200045748,4.68,3.35
202200045749,6.59,11.15
202200045832,1.82,4.57
202200045848,14.62,15.96
202200045850,17.43,18.77
202200045880,9.07,10.0
202200045894,4.63,6.72
202200045895,9.24,15.78
202200045898,8.87,11.86
202200046007,9.62,11.74
202200046009,6.71,6.65
202200046012,3.06,2.99
202200046015,3.76,5.52
202200046018,7.94,9.05
202200046039,4.81,3.31
202200046041,17.3,21.3
202200046045,3.14,26.42
202200046064,8.72,12.04
202200046163,3.81,6.91
202200046188,9.34,1.93
202200046192,2.0,7.46
202200046201,6.26,10.2
202200046238,12.09,13.98
202200046283,10.53,3.38
202200046284,7.34,6.94
202200046287,5.9,16.28
202200046290,12.15,10.99
202200046292,3.75,7.6
202200046295,5.28,1.8
202200046300,2.8,36.0
202200046308,8.09,17.98
202200046341,8.96,31.34
202200046369,3.64,6.08
202200046413,7.03,7.76
202200046420,5.97,8.05
202200046436,6.69,14.07
202200046450,17.06,18.57
202200046456,10.01,10.06
202200046459,3.72,3.18
202200046465,6.61,2.21
202200046469,7.12,5.55
202200046475,6.1,11.68
202200046482,4.25,4.16
202200046490,5.96,9.43
202200046493,6.35,4.39
202200046501,12.15,8.35
202200046503,8.18,7.92
202200046509,5.82,12.76
202200046524,11.35,7.55
202200046534,5.71,12.16
202200046537,4.02,9.92
202200046620,2.33,7.27
202200046626,2.66,3.44
202200046632,7.23,8.67
202200046639,12.08,28.52
202200046651,8.84,14.26
202200046667,5.69,9.56
202200046675,2.06,12.94
202200046703,9.23,33.45
202200046731,3.93,7.01
202200046794,9.49,19.47
202200046799,11.7,20.32
202200046803,13.3,12.35
202200046804,30.53,31.42
202200046808,9.78,17.8
202200046818,5.64,16.92
202200046822,3.87,23.05
202200046827,4.34,29.87
202200046832,14.96,22.83
202200046885,4.15,23.16
202200046944,3.82,13.27
202200046957,11.72,21.31
202200046958,5.61,5.14
202200046991,8.29,34.15
202200047036,4.16,6.28
202200047038,9.45,14.84
202200047039,4.3,5.64
202200047074,5.52,4.01
202200047088,5.91,6.5
202200047089,5.1,9.45
202200047094,5.7,9.8
202200047219,4.26,5.36
202200047222,3.43,3.07
202200047225,9.85,10.55
202200047272,2.8,26.4
202200047274,8.78,3.99
202200047326,9.64,15.75
202200047328,11.99,30.71
202200047389,5.05,4.66
202200047390,8.05,9.15
202200047391,6.28,6.22
202200047420,3.22,5.31
202200047421,9.03,1.63
202200047422,2.9,7.17
202200047423,9.07,6.47
202200047424,2.03,11.8
202200047446,4.9,22.09
202200047462,2.08,9.49
202200047467,7.5,5.94
202200047525,11.75,25.21
202200047536,4.07,45.66
202200047594,5.44,5.51
202200047595,3.59,2.77
202200047635,3.65,5.71
202200047640,9.38,9.41
202200047641,2.78,2.74
202200047642,7.25,1.64
202200047643,3.03,4.55
202200047644,2.98,3.92
202200047645,4.39,4.7
202200047693,11.01,8.42
202200047738,12.15,12.72
202200047769,14.87,23.41
202200047803,22.23,62.03
202200047804,6.94,17.98
202200047815,5.33,56.48
202200047818,5.1,31.3
202200047892,5.73,6.81
202200047895,4.56,5.89
202200047897,3.6,4.81
202200047899,4.49,7.95
202200047900,11.18,20.3
202200047905,4.24,7.22
202200047906,9.84,21.62
202200047950,8.44,7.82
202200047955,6.9,6.76
202200047974,6.66,8.24
202200047981,8.33,8.49
202200047988,3.35,6.85
202200048012,13.4,12.93
202200048056,8.7,3.67
202200048058,8.55,6.03
202200048062,5.42,9.26
202200048071,3.01,4.53
202200048076,9.42,7.86
202200048082,5.18,5.96
202200048087,5.25,4.68
202200048093,1.1,5.68
202200048098,8.51,13.28
202200048108,8.01,12.47
202200048117,5.04,10.93
202200048128,5.75,15.05
202200048132,5.49,4.94
202200048184,2.75,2.32
202200048189,6.27,7.0
202200048197,3.86,8.57
202200048203,8.99,10.75
202200048208,3.72,9.91
202200048249,2.81,5.12
202200048257,3.05,2.98
202200048261,3.68,3.25
202200048265,7.12,5.15
202200048274,6.56,5.4
202200048281,8.96,12.98
202200048290,5.29,5.58
202200048329,8.48,8.75
202200048366,9.34,15.23
202200048417,6.93,3.47
202200048530,3.9,5.11
202200048538,7.3,6.93
202200048620,4.41,4.96
202200048623,7.83,10.8
202200048626,3.96,5.41
202200048629,6.84,8.18
202200048703,6.66,14.98
202200048713,2.26,5.75
202200048742,3.58,5.25
202200048746,12.44,32.08
202200048748,2.36,3.03
202200048752,7.0,21.08
202200048756,4.96,17.18
202200048790,12.24,12.24
202200048809,4.22,24.84
202200048818,6.0,12.61
202200048858,8.67,9.65
202200048885,2.34,2.08
202200048901,14.73,51.4
202200048925,3.93,7.77
202200049033,2.68,5.33
202200049066,6.35,12.24
202200049079,3.51,3.74
202200049080,9.01,5.48
202200049187,4.81,20.19
202200049197,8.77,23.19
202200049203,4.38,19.28
202200049217,8.75,22.94
202200049268,1.79,37.76
202200049270,6.98,25.0
202200049272,9.3,32.81
202200049288,9.98,5.39
202200049289,5.9,11.79
202200049332,1.96,3.23
202200049333,3.1,5.23
202200049334,2.59,4.83
202200049336,8.46,5.0
202200049376,3.74,7.15
202200049380,17.36,21.5
202200049390,2.81,1.16
202200049432,7.42,3.99
202200049433,8.18,4.1
202200049434,11.03,11.34
202200049444,5.65,7.38
202200049591,1.46,5.94
202200049593,7.87,15.77
202200049705,10.06,4.36
202200049710,7.22,8.69
202200049750,1.54,3.96
202200049760,6.84,5.62
202200049800,5.29,7.02
202200049833,5.61,25.97
202200049838,6.79,13.53
202200049844,9.83,42.02
202200049852,15.46,17.03
202200049934,0.68,25.32
202200049957,2.84,1.53
202200049962,9.39,5.61
202200050022,5.79,20.86
202200050028,3.58,18.36
202200050055,5.31,4.48
202200050060,2.1,13.43
202200050064,0.79,2.95
202200050190,12.67,10.72
202200050194,3.16,3.78
202200050201,1.68,39.12
202200050219,4.32,10.54
202200050228,9.97,2.25
202200050259,11.9,14.02
202200050266,12.08,10.02
202200050272,11.45,7.67
202200050279,6.48,6.65
202200050297,14.28,15.62
202200050346,3.05,2.78
202200050351,10.32,67.34
202200050357,6.64,10.65
202200050405,10.0,3.84
202200050429,5.76,5.01
202200050457,8.31,12.6
202200050462,5.03,34.27
202200050531,11.71,12.55
202200050540,4.5,21.36
202200050581,5.9,16.52
202200050607,8.15,6.61
202200050614,5.9,2.51
202200050621,4.16,10.4
202200050630,10.47,2.78
202200050664,7.62,12.88
202200050701,5.03,6.4
202200050702,1.3,2.27
202200050711,7.45,6.23
202200050719,9.81,8.48
202200050801,1.17,30.65
202200050824,6.56,7.34
202200050844,3.99,3.3
202200050845,2.85,5.31
202200050862,5.11,6.87
202200050867,8.27,8.97
202200050868,2.66,13.44
202200050875,8.19,11.0
202200050877,4.99,1.73
202200050898,12.9,11.07
202200050994,9.48,17.22
202200051007,9.51,34.57
202200051016,19.87,14.57
202200051051,11.53,13.66
202200051060,9.88,8.02
202200051094,11.39,13.48
202200051096,1.38,4.42
202200051130,7.62,13.51
202200051134,3.38,5.47
202200051175,9.37,16.18
202200051185,13.58,24.32
202200051186,2.14,2.32
202200051204,1.01,4.77
202200051223,2.64,1.32
202200051253,12.18,14.3
202200051293,9.26,13.86
202200051320,9.89,19.12
202200051481,3.5,20.62
202200051527,12.22,8.58
202200051531,6.65,5.84
202200051534,1.35,11.4
202200051552,1.37,5.84
202200051556,7.22,8.4
202200051558,4.22,5.41
202200051569,10.73,28.41
202200051612,5.79,6.36
202200051620,3.94,11.28
202200051623,6.45,3.84
202200051627,5.96,9.03
202200051635,5.84,9.02
202200051706,6.09,29.45
202200051731,3.91,29.7
202200051737,2.96,24.92
202200051788,7.51,33.19
202200051816,1.59,16.45
202200051833,5.64,16.42
202200051840,7.32,9.41
202200051847,6.08,38.24
202200051849,3.36,5.44
202200051862,5.68,22.93
202200051876,2.93,23.46
202200051944,5.08,56.82
202200051951,6.53,59.35
202200051980,11.72,10.66
202200052002,11.46,13.46
202200052009,5.13,3.98
202200052049,5.32,32.07
202200052062,3.42,28.82
202200052073,4.44,23.37
202200052080,7.98,6.03
202200052081,14.94,12.52
202200052151,11.16,9.93
202200052196,8.07,4.61
202200052207,9.32,11.43
202200052209,6.11,1.35
202200052224,9.01,9.5
202200052236,8.19,3.74
202200052238,9.82,10.52
202200052250,0.98,10.28
202200052280,8.47,10.16
202200052295,12.05,10.22
202200052345,5.54,3.64
202200052367,8.89,5.13
202200052377,9.08,5.48
202200052407,12.03,67.78
202200052451,5.34,11.88
202200052460,3.64,7.7
202200052461,9.64,9.21
202200052485,9.61,6.47
202200052512,2.93,4.89
202200052520,7.98,5.48
202200052537,1.99,21.85
202200052538,5.68,20.92
202200052543,6.59,51.03
202200052551,5.69,23.21
202200052554,7.92,25.12
202200052578,11.13,11.47
202200052586,10.95,8.36
202200052608,3.04,19.79
202200052665,4.86,30.53
202200052693,7.56,13.25
202200052706,8.5,11.5
202200052707,1.12,2.61
202200052716,9.01,14.91
202200052725,5.99,10.54
202200052759,2.55,15.19
202200052764,6.73,5.52
202200052778,4.14,3.96
202200052793,6.55,4.39
202200052822,4.34,17.77
202200052848,2.02,2.8
202200052868,4.4,7.53
202200052880,5.84,7.02
202200052895,1.47,5.94
202200052906,7.55,13.45
202200052911,3.96,8.62
202200052923,11.16,10.74
202200052958,2.14,29.17
202200052963,12.76,14.89
202200052977,7.03,5.87
202200052978,1.34,4.38
202200052985,2.71,6.2
202200052987,9.33,7.49
202200052995,7.68,7.72
202200053005,4.48,4.36
202200053014,3.12,5.61
202200053017,0.6,11.49
202200053030,2.72,1.45
202200053037,8.85,14.1
202200053046,3.97,4.75
202200053059,2.7,15.47
202200053066,11.79,9.37
202200053074,1.5,5.0
202200053095,5.37,4.04
202200053116,4.02,10.72
202200053118,8.72,10.05
202200053123,5.15,12.29
202200053125,7.42,10.48
202200053128,5.06,6.25
202200053139,4.22,1.61
202200053149,5.29,8.6
202200053156,5.37,7.07
202200053160,5.27,8.41
202200053213,1.34,19.02
202200053232,7.68,6.32
202200053255,10.36,14.32
202200053257,4.29,7.78
202200053272,6.52,2.93
202200053298,9.21,18.78
202200053347,2.38,3.5
202200053409,4.99,29.91
202200053410,9.97,20.19
202200053414,12.45,10.5
202200053430,1.22,16.79
202200053433,5.3,19.95
202200053438,4.18,48.81
202200053441,11.56,25.96
202200053467,15.54,14.29
202200053475,8.66,6.81
202200053488,5.6,16.25
202200053520,7.48,13.53
202200053528,8.33,3.12
202200053537,3.87,5.61
202200053544,4.03,14.64
202200053593,8.81,9.49
202200053599,4.04,19.19
202200053688,5.29,7.63
202200053721,4.55,3.39
202200053740,1.33,2.61
202200053770,6.88,15.61
202200053780,2.57,6.07
202200053818,5.14,6.08
202200053876,6.69,7.21
202200053936,6.76,8.85
202200053953,3.65,10.66
202200054006,11.41,30.64
202200054013,13.94,17.55
202200054020,12.02,12.46
202200054030,6.61,6.13
202200054034,12.47,36.17
202200054041,4.98,10.89
202200054045,2.16,1.94
202200054093,6.5,7.84
202200054099,7.04,12.73
202200054101,13.07,20.19
202200054117,2.66,1.32
202200054122,16.75,16.08
202200054126,7.24,7.83
202200054133,7.22,6.41
202200054135,6.0,4.84
202200054143,11.46,10.66
202200054146,12.1,8.3
202200054152,3.37,19.5
202200054154,4.21,3.66
202200054185,7.83,24.12
202200054202,1.65,27.27
202200054277,9.13,1.77
202200054286,6.48,30.07
202200054288,5.37,4.05
202200054300,5.3,7.59
202200054305,6.47,5.32
202200054314,4.67,8.17
202200054321,10.67,16.75
202200054322,4.18,4.79
202200054332,5.28,1.08
202200054342,5.7,3.8
202200054407,3.28,1.96
202200054414,8.34,12.47
202200054415,4.63,5.18
202200054434,5.55,3.43
202200054436,5.66,4.16
202200054440,13.46,16.24
202200054447,4.67,11.81
202200054458,8.89,12.58
202200054465,5.44,6.82
202200054475,7.94,4.14
202200054489,3.83,10.67
202200054493,1.79,4.04
202200054497,10.34,2.97
202200054501,8.2,8.68
202200054506,7.1,5.32
202200054515,5.4,7.49
202200054520,11.85,9.79
202200054521,7.63,13.32
202200054529,3.81,4.77
202200054542,6.95,10.83
202200054560,7.4,9.3
202200054601,10.01,19.97
202200054643,4.78,3.63
202200054671,4.13,2.81
202200054683,6.5,7.26
202200054695,7.27,8.77
202200054703,8.5,11.11
202200054713,4.68,5.22
202200054757,6.72,8.84
202200054764,5.61,5.13
202200054777,7.34,13.24
202200054781,3.76,12.17
202200054784,8.98,11.56
202200054791,11.29,26.03
202200054837,6.1,4.89
202200054848,8.34,3.02
202200054938,3.86,3.0
202200054944,5.46,4.3
202200054952,9.82,9.3
202200054961,12.99,5.69
202200054967,9.3,10.0
202200054969,3.38,4.1
202200054974,1.23,19.4
202200054981,2.28,18.22
202200054991,8.2,6.57
202200054998,7.13,5.34
202200055117,4.16,6.42
202200055123,10.17,10.63
202200055131,5.49,5.43
202200055145,7.48,9.89
202200055150,5.86,7.86
202200055153,4.25,4.23
202200055160,3.51,7.21
202200055161,6.0,3.39
202200055167,3.54,8.04
202200055168,5.48,6.26
202200055175,6.74,6.84
202200055178,3.41,6.32
202200055187,5.4,7.13
202200055188,0.84,23.0
202200055241,2.63,25.03
202200055291,4.28,20.8
202300000031,2.86,26.21
202300000039,6.13,35.86
202300000048,5.96,18.6
202300000063,14.55,26.96
202300000064,8.13,28.4
202300000127,5.46,2.74
202300000129,8.08,6.93
202300000132,9.89,8.68
202300000193,7.68,6.76
202300000195,7.64,9.73
202300000236,3.54,5.54
202300000268,7.05,5.31
202300000294,5.25,6.36
202300000314,2.04,5.81
202300000324,6.48,6.16
202300000325,5.0,3.22
202300000327,5.87,5.25
202300000329,5.67,4.9
202300000359,9.66,19.12
202300000362,3.77,6.43
202300000384,2.78,2.52
202300000386,8.25,9.07
202300000400,9.6,4.28
202300000440,17.72,17.82
202300000480,5.26,5.37
202300000481,12.69,9.01
202300000559,10.9,10.83
202300000562,5.46,3.95
202300000565,11.36,7.56
202300000566,8.81,15.09
202300000574,5.6,9.14
202300000577,9.93,9.53
202300000599,7.26,5.23
202300000691,11.23,7.53
202300000741,9.23,13.94
202300000772,8.6,17.77
202300000781,8.11,14.65
202300000827,3.71,3.48
202300000861,20.66,25.61
202300000863,14.75,23.48
202300000866,4.12,4.19
202300000892,1.35,1.3
202300000961,12.26,17.2
202300000962,9.2,12.01
202300001013,12.11,14.74
202300001030,11.0,12.56
202300001033,4.22,6.31
202300001036,9.47,9.93
202300001039,4.04,4.97
202300001076,5.64,6.6
202300001083,5.71,3.59
202300001096,6.51,7.29
202300001103,8.03,8.18
202300001106,4.71,5.45
202300001109,6.77,3.3
202300001163,2.68,4.57
202300001201,5.5,7.5
202300001206,4.43,5.16
202300001212,2.64,3.5
202300001215,7.46,10.24
202300001216,5.03,3.73
202300001239,15.02,12.87
202300001243,11.06,8.91
202300001247,3.44,26.71
202300001251,3.46,17.05
202300001266,10.89,12.89
202300001336,5.36,6.47
202300001446,10.44,11.52
202300001447,14.02,22.49
202300001490,7.11,5.78
202300001509,5.35,9.19
202300001511,9.2,6.61
202300001650,8.45,21.63
202300001666,15.58,17.12
202300001667,9.1,16.9
202300001685,2.62,39.04
202300001722,9.86,5.28
202300001754,2.46,5.08
202300001757,10.1,21.9
202300001775,3.28,3.24
202300001800,4.29,5.63
202300001801,3.09,1.93
202300001811,4.29,5.42
202300001823,3.1,3.5
202300001893,1.88,11.58
202300001948,9.61,28.56
202300001977,12.17,24.86
202300001991,10.74,10.71
202300001997,3.28,28.96
202300002001,5.42,7.38
202300002031,15.56,16.24
202300002117,11.84,9.52
202300002151,9.36,28.75
202300002192,1.74,15.33
202300002212,1.88,8.8
202300002255,4.45,34.18
202300002316,7.5,11.38
202300002344,7.37,5.83
202300002347,4.9,4.78
202300002380,4.85,5.93
202300002387,5.52,7.29
202300002406,7.26,9.39
202300002413,9.3,3.84
202300002415,10.35,9.4
202300002422,4.8,7.74
202300002425,5.97,7.83
202300002559,7.41,4.06
202300002561,11.31,7.51
202300002587,8.0,15.04
202300002610,4.01,5.34
202300002838,12.11,25.59
202300002887,7.96,10.4
202300002897,10.93,36.62
202300002952,12.6,15.32
202300002965,3.32,24.92
202300002994,3.09,37.62
202300002997,13.36,24.69
202300003076,3.81,31.7
202300003094,9.11,12.88
202300003099,3.29,8.47
202300003218,10.62,14.39
202300003226,3.19,12.49
202300003243,6.21,13.89
202300003286,4.3,5.64
202300003288,4.5,4.38
202300003328,3.3,3.41
202300003397,3.45,31.53
202300003398,7.02,21.79
202300003434,15.52,21.33
202300003442,2.13,1.66
202300003443,5.47,6.21
202300003444,8.55,7.74
202300003497,5.76,3.15
202300003499,3.48,5.57
202300003517,5.52,7.64
202300003534,0.93,1.3
202300003536,5.54,6.68
202300003537,6.58,7.36
202300003539,2.83,3.5
202300003594,9.38,21.37
202300003675,8.12,4.35
202300003687,6.2,14.56
202300003692,7.36,8.68
202300003703,7.95,40.36
202300003713,5.86,16.25
202300003748,7.45,11.44
202300003795,7.56,10.87
202300003801,5.7,9.54
202300003916,6.95,25.28
202300003931,4.42,7.52
202300003933,6.32,6.66
202300003960,11.02,27.61
202300004001,12.23,40.36
202300004054,17.46,17.04
202300004119,12.72,44.4
202300004124,2.25,3.76
202300004145,7.41,11.96
202300004146,2.79,4.06
202300004148,12.79,14.91
202300004149,9.5,4.91
202300004151,3.76,2.6
202300004154,4.88,8.35
202300004157,8.25,4.26
202300004193,9.91,2.54
202300004197,8.65,11.46
202300004239,2.77,3.84
202300004242,3.38,3.4
202300004249,4.35,7.33
202300004255,14.13,10.71
202300004262,6.57,7.27
202300004263,9.38,8.44
202300004271,2.88,5.86
202300004296,8.55,13.8
202300004301,3.75,4.59
202300004360,9.33,6.01
202300004382,6.93,15.17
202300004388,9.0,3.68
202300004393,6.66,7.36
202300004397,6.7,3.24
202300004401,7.2,3.13
202300004407,4.31,4.66
202300004451,8.45,13.46
202300004453,9.33,10.43
202300004456,2.28,10.61
202300004470,3.35,28.36
202300004474,2.38,15.21
202300004475,6.66,2.08
202300004529,4.55,2.5
202300004532,7.18,8.29
202300004543,3.21,12.69
202300004548,4.24,9.56
202300004585,0.48,13.04
202300004587,6.54,3.81
202300004592,8.17,17.89
202300004594,3.73,1.57
202300004621,1.27,8.61
202300004643,2.49,24.23
202300004666,2.8,4.89
202300004670,5.16,7.25
202300004723,5.6,5.27
202300004728,8.66,11.41
202300004737,3.79,11.84
202300004768,5.0,5.91
202300004881,12.15,14.07
202300004936,3.19,19.0
202300004941,7.09,10.77
202300004977,9.63,10.97
202300005163,2.74,15.4
202300005213,3.36,5.45
202300005218,7.71,29.72
202300005348,4.12,6.24
202300005349,6.23,5.07
202300005350,6.64,5.49
202300005351,7.83,10.66
202300005352,6.15,6.85
202300005353,10.01,5.89
202300005377,10.38,6.26
202300005379,3.16,6.93
202300005381,2.97,5.95
202300005383,8.2,2.88
202300005390,6.74,4.84
202300005419,3.51,5.59
202300005420,6.49,7.28
202300005423,4.17,4.95
202300005425,4.06,4.84
202300005427,3.9,5.64
202300005430,1.73,6.8
202300005575,9.24,6.65
202300005576,6.05,10.05
202300005587,2.31,5.52
202300005599,7.49,6.28
202300005601,7.37,7.7
202300005618,6.98,6.72
202300005624,5.27,3.91
202300005626,2.39,3.11
202300005642,4.08,2.93
202300005644,9.22,9.15
202300005645,9.82,8.97
202300005715,6.62,8.59
202300005719,15.51,19.35
202300005731,4.25,20.08
202300005772,8.72,10.05
202300005833,6.34,6.31
202300005841,3.39,2.79
202300005843,5.1,8.2
202300005844,4.07,9.11
202300005845,5.16,6.11
202300005879,4.38,7.04
202300005926,3.05,1.4
202300005927,6.35,24.01
202300005928,2.72,3.12
202300005939,8.4,14.94
202300005941,9.42,11.5
202300005982,10.68,10.61
202300005995,10.07,10.42
202300005997,7.21,13.75
202300006018,5.42,3.06
202300006039,3.72,5.28
202300006131,2.68,20.41
202300006137,10.32,21.38
202300006170,6.36,26.38
202300006182,10.52,17.06
202300006190,5.29,17.76
202300006202,9.39,13.27
202300006233,10.3,11.11
202300006237,5.81,4.64
202300006254,8.9,23.71
202300006355,3.11,1.89
202300006359,9.66,5.88
202300006363,6.62,5.47
202300006365,9.12,8.76
202300006411,12.07,13.3
202300006423,5.78,37.9
202300006449,3.92,4.86
202300006454,6.07,8.16
202300006460,5.04,1.45
202300006465,1.64,3.76
202300006473,12.41,8.62
202300006551,4.94,32.75
202300006564,7.0,12.89
202300006602,4.72,5.39
202300006621,3.43,6.1
202300006633,6.91,5.72
202300006695,6.88,4.46
202300006698,3.68,6.78
202300006700,8.17,4.84
202300006708,17.65,20.87
202300006711,6.26,7.58
202300006713,5.57,18.9
202300006715,1.62,11.37
202300006774,7.98,7.54
202300006778,2.42,3.87
202300006782,4.72,4.28
202300006789,7.36,7.89
202300006811,15.34,27.14
202300006833,1.1,25.59
202300006866,5.74,4.42
202300006903,2.95,24.88
202300006924,27.58,38.83
202300006949,2.03,6.82
202300007043,8.12,7.48
202300007049,6.31,4.89
202300007052,2.49,4.58
202300007058,9.58,10.28
202300007063,8.84,9.54
202300007158,6.19,7.61
202300007169,12.31,29.12
202300007211,13.24,14.23
202300007216,11.77,29.95
202300007219,13.3,41.34
202300007228,2.34,24.0
202300007234,6.36,20.61
202300007235,9.63,31.51
202300007236,11.61,33.5
202300007272,5.98,20.02
202300007323,5.45,18.33
202300007325,4.76,33.82
202300007449,5.89,5.4
202300007504,16.54,15.86
202300007505,5.44,4.13
202300007506,9.39,8.23
202300007507,9.48,8.32
202300007508,1.43,4.14
202300007594,6.17,6.01
202300007595,12.75,13.59
202300007643,7.95,6.8
202300007740,8.51,10.5
202300007741,10.54,7.94
202300007881,10.08,19.04
202300007904,5.26,16.03
202300007962,7.65,28.25
202300007992,2.56,29.91
202300008004,4.3,10.98
202300008005,3.73,24.0
202300008044,3.14,6.4
202300008048,3.37,5.44
202300008052,2.71,32.92
202300008054,8.57,7.76
202300008058,12.28,13.39
202300008061,5.32,4.01
202300008063,8.58,6.73
202300008065,7.36,8.06
202300008080,8.59,8.8
202300008084,3.71,9.87
202300008091,6.56,7.35
202300008094,3.68,3.65
202300008098,4.92,2.31
202300008298,10.63,10.56
202300008300,1.7,21.56
202300008376,7.7,6.6
202300008380,3.66,5.95
202300008401,9.55,6.96
202300008487,4.92,26.58
202300008497,3.02,0.9
202300008533,3.62,28.18
202300008541,6.26,8.35
202300008594,3.13,22.23
202300008623,15.51,39.89
202300008720,7.73,22.7
202300008725,3.68,28.62
202300008743,10.06,30.07
202300008745,10.77,14.87
202300008774,11.53,5.37
202300008780,8.73,10.67
202300008782,7.92,9.03
202300008787,3.07,5.35
202300008793,4.89,25.43
202300008797,3.66,26.64
202300008802,2.7,17.63
202300008805,5.23,7.3
202300008810,14.31,20.21
202300008897,6.4,14.21
202300008902,8.4,43.08
202300008960,1.12,4.09
202300009004,13.6,23.29
202300009045,1.56,9.8
202300009053,2.9,5.09
202300009057,4.68,2.4
202300009061,13.35,12.68
202300009095,7.13,16.7
202300009103,2.14,12.14
202300009107,1.77,12.69
202300009110,2.37,11.54
202300009121,9.45,14.52
202300009130,5.26,32.81
202300009139,11.15,4.0
202300009151,16.54,19.75
202300009158,10.31,8.48
202300009178,11.3,5.14
202300009182,11.2,9.04
202300009199,5.75,4.4
202300009202,14.34,5.91
202300009207,5.96,6.66
202300009225,8.51,5.9
202300009234,10.46,3.1
202300009256,8.04,9.35
202300009258,7.91,28.97
202300009261,8.94,25.06
202300009262,15.99,41.65
202300009280,2.8,5.05
202300009281,7.0,3.54
202300009334,10.45,11.9
202300009349,6.66,20.38
202300009369,5.75,4.25
202300009370,5.71,3.8
202300009411,14.69,14.01
202300009412,1.77,4.39
202300009413,5.78,1.84
202300009414,5.4,7.16
202300009421,6.54,3.51
202300009422,0.82,4.17
202300009426,3.11,3.07
202300009449,8.21,25.4
202300009476,10.65,10.06
202300009482,4.37,5.3
202300009522,5.81,4.65
202300009523,4.07,3.71
202300009548,4.52,8.02
202300009569,3.68,4.22
202300009572,5.72,5.56
202300009574,7.89,7.84
202300009602,1.44,2.71
202300009604,1.21,3.37
202300009605,2.9,4.88
202300009653,3.18,6.59
202300009736,11.24,9.3
202300009754,10.22,10.92
202300009755,5.98,6.68
202300009780,7.51,13.41
202300009857,7.52,6.37
202300009858,6.16,9.63
202300009869,6.0,14.05
202300009870,4.42,4.69
202300009871,4.23,7.02
202300009872,1.3,12.5
202300009914,6.75,6.48
202300009926,15.06,39.96
202300009940,5.51,16.31
202300009999,8.67,6.06
202300010025,4.27,4.11
202300010214,3.98,4.13
202300010219,4.18,10.08
202300010257,11.45,12.13
202300010266,14.25,12.42
202300010322,5.64,15.32
202300010325,0.68,28.69
202300010349,3.99,4.92
202300010356,5.85,10.04
202300010403,3.98,8.52
202300010409,9.21,5.4
202300010410,5.67,5.38
202300010484,6.2,15.54
202300010514,5.44,41.71
202300010520,5.23,25.71
202300010526,5.13,11.02
202300010528,5.89,14.58
202300010565,4.2,6.32
202300010572,1.86,5.63
202300010576,7.63,7.15
202300010647,2.95,2.27
202300010653,12.63,25.73
202300010685,9.61,13.15
202300010689,17.5,21.44
202300010692,9.5,5.98
202300010701,3.54,5.82
202300010715,9.51,9.93
202300010717,6.52,55.95
202300010721,6.14,7.35
202300010725,4.42,4.08
202300010729,3.22,11.54
202300010733,8.32,9.43
202300010755,10.51,11.85
202300010790,3.46,5.19
202300010808,12.7,13.69
202300010830,9.96,30.78
202300010919,7.35,17.74
202300010935,3.49,23.29
202300011040,5.34,6.56
202300011070,5.14,5.07
202300011076,2.27,3.3
202300011077,5.14,5.07
202300011078,8.97,5.34
202300011082,8.08,6.55
202300011089,8.03,10.46
202300011109,7.98,10.11
202300011181,2.16,22.46
202300011227,3.26,22.09
202300011243,10.73,12.36
202300011256,6.47,20.97
202300011262,8.88,12.19
202300011364,3.05,3.48
202300011369,10.31,3.43
202300011391,5.57,37.98
202300011395,15.47,20.65
202300011404,14.62,12.78
202300011411,4.51,23.86
202300011418,11.57,8.03
202300011419,8.98,8.13
202300011440,3.42,24.09
202300011481,6.81,17.2
202300011582,15.25,13.08
202300011621,4.23,7.22
202300011622,1.71,5.21
202300011650,4.9,5.57
202300011652,3.11,3.89
202300011704,4.16,2.49
202300011713,3.56,4.89
202300011715,1.93,1.14
202300011716,7.79,4.98
202300011718,2.44,10.78
202300011803,6.5,12.41
202300011822,7.28,41.64
202300011825,8.2,14.74
202300011826,4.47,6.56
202300011866,4.16,3.0
202300011867,8.54,11.34
202300011868,6.14,6.08
202300011869,9.21,5.44
202300011881,4.32,7.75
202300011887,6.32,11.96
202300011888,5.44,1.86
202300011940,12.27,30.72
202300011970,5.22,25.52
202300011974,5.07,8.56
202300011990,7.77,19.89
202300011994,11.48,19.24
202300011997,8.44,28.33
202300012018,9.38,8.84
202300012057,5.78,11.96
202300012068,11.89,10.06
202300012136,10.39,32.27
202300012139,7.23,10.66
202300012221,11.14,9.62
202300012224,1.93,29.12
202300012228,19.33,21.72
202300012233,1.2,34.67
202300012235,7.22,17.43
202300012263,6.25,7.56
202300012266,3.41,4.14
202300012270,2.7,12.0
202300012273,8.38,4.48
202300012395,3.23,3.44
202300012400,3.81,5.15
202300012405,7.18,8.29
202300012414,5.5,6.6
202300012418,6.93,3.46
202300012542,6.34,11.38
202300012563,9.62,2.26
202300012566,10.04,2.64
202300012581,6.16,6.86
202300012595,3.26,4.52
202300012600,6.69,6.51
202300012605,9.96,6.16
202300012609,2.33,34.43
202300012614,6.49,6.83
202300012684,4.28,7.61
202300012731,10.86,12.98
202300012737,6.1,10.72
202300012754,2.35,1.44
202300012760,7.52,6.53
202300012761,4.1,2.95
202300012766,5.46,6.65
202300012767,5.29,6.4
202300012785,10.25,11.34
202300012831,8.0,5.74
202300012832,6.42,7.24
202300012837,9.3,8.49
202300012841,11.73,10.63
202300012846,6.51,11.36
202300012906,6.55,11.42
202300012909,2.03,9.57
202300013007,5.17,22.64
202300013011,9.56,22.01
202300013021,3.57,2.35
202300013024,5.22,11.09
202300013026,14.49,16.45
202300013027,9.63,43.28
202300013029,2.29,6.06
202300013046,13.3,33.79
202300013057,9.02,6.43
202300013076,12.48,22.7
202300013104,2.4,6.0
202300013114,3.99,4.92
202300013144,7.98,4.23
202300013147,7.35,6.37
202300013149,5.66,12.12
202300013184,1.12,9.44
202300013185,2.7,3.48
202300013187,4.36,3.74
202300013189,5.43,7.52
202300013197,6.24,13.65
202300013269,4.01,17.85
202300013270,3.98,24.98
202300013276,8.25,26.54
202300013284,4.12,22.63
202300013287,9.56,11.69
202300013292,8.98,12.76
202300013336,11.34,8.97
202300013411,10.94,31.16
202300013415,9.39,7.44
202300013422,19.21,27.06
202300013424,2.13,11.97
202300013453,9.65,17.72
202300013532,4.34,6.46
202300013533,7.25,3.72
202300013537,5.67,34.08
202300013542,6.12,6.12
202300013555,6.38,10.51
202300013600,2.39,4.51
202300013601,6.6,7.3
202300013612,1.79,5.55
202300013619,3.48,2.95
202300013620,5.71,6.5
202300013693,10.05,28.28
202300013694,2.68,23.1
202300013695,8.14,42.62
202300013696,12.75,14.88
202300013717,0.65,20.73
202300013737,11.14,8.98
202300013742,8.36,7.22
202300013757,3.58,11.67
202300013782,4.64,19.56
202300013783,2.52,48.77
202300013803,5.92,3.76
202300013815,7.32,5.5
202300013842,7.49,2.57
202300013843,3.78,4.04
202300013853,4.76,5.54
202300013956,1.85,26.96
202300013965,18.71,35.3
202300013987,3.54,11.71
202300013990,8.59,7.08
202300013991,3.94,54.82
202300014000,1.18,9.65
202300014004,5.34,3.01
202300014006,4.03,8.38
202300014007,6.74,9.52
202300014049,4.55,8.19
202300014079,1.67,18.82
202300014086,5.92,32.36
202300014107,8.44,39.14
202300014125,5.68,41.44
202300014130,17.09,20.84
202300014152,8.92,7.09
202300014173,3.35,7.41
202300014178,1.45,20.49
202300014260,4.34,6.43
202300014263,9.5,6.9
202300014352,9.78,7.42
202300014408,7.16,4.9
202300014412,3.71,2.55
202300014413,12.17,8.38
202300014417,8.21,8.2
202300014418,7.22,42.02
202300014422,8.98,9.4
202300014426,8.75,6.42
202300014472,5.6,6.27
202300014473,2.08,3.82
202300014529,7.81,5.01
202300014544,5.16,5.21
202300014551,4.16,6.34
202300014593,3.94,8.0
202300014597,3.42,6.21
202300014599,10.89,7.35
202300014783,18.08,18.16
202300014791,3.91,3.74
202300014792,8.4,12.93
202300014872,11.51,18.84
202300014874,10.91,13.03
202300014882,6.64,3.69
202300014885,6.63,3.74
202300014896,5.99,2.08
202300014899,11.56,7.78
202300014903,9.74,8.88
202300014941,2.91,7.46
202300015008,7.86,6.27
202300015010,5.3,7.42
202300015012,2.84,3.07
202300015015,7.48,7.68
202300015019,8.86,3.54
202300015027,4.94,13.04
202300015035,4.34,4.39
202300015115,6.93,25.5
202300015124,3.92,22.37
202300015127,3.9,18.29
202300015160,1.64,48.22
202300015174,7.53,13.22
202300015177,3.0,11.38
202300015194,9.28,14.77
202300015212,13.56,9.76
202300015238,6.52,3.91
202300015239,3.4,2.08
202300015377,4.51,5.84
202300015378,7.08,4.97
202300015379,4.49,7.47
202300015380,11.16,9.14
202300015381,7.46,10.34
202300015400,8.28,9.44
202300015401,3.16,4.9
202300015402,5.96,6.95
202300015403,5.6,10.11
202300015405,2.37,10.7
202300015410,4.59,7.38
202300015412,11.37,49.47
202300015415,3.54,6.29
202300015424,11.61,18.52
202300015427,3.58,8.55
202300015455,7.67,12.54
202300015456,6.37,7.83
202300015517,0.93,3.85
202300015518,8.7,10.04
202300015519,4.88,4.4
202300015520,5.19,6.82
202300015521,8.12,5.49
202300015522,9.16,5.39
202300015523,4.69,3.72
202300015541,4.9,5.68
202300015542,7.17,11.18
202300015625,3.58,27.65
202300015654,13.96,12.84
202300015708,4.74,4.74
202300015742,2.87,4.14
202300015743,2.22,3.52
202300015744,9.75,12.55
202300015754,5.55,7.29
202300015860,5.84,4.34
202300015919,2.46,20.43
202300015947,2.94,19.93
202300015949,8.97,20.23
202300015954,3.95,34.4
202300015986,3.12,5.31
202300016009,8.7,9.4
202300016013,0.85,10.55
202300016039,7.36,7.58
202300016041,4.98,3.75
202300016044,6.3,11.47
202300016045,9.85,8.02
202300016049,7.34,8.65
202300016084,8.99,15.52
202300016107,4.3,2.98
202300016109,3.84,37.48
202300016193,6.35,10.9
202300016198,3.14,4.99
202300016202,8.53,9.64
202300016234,6.43,3.98
202300016240,6.7,6.54
202300016246,7.52,13.42
202300016251,7.14,3.55
202300016256,7.0,9.96
202300016262,5.88,9.25
202300016272,2.94,26.3
202300016304,10.86,36.38
202300016406,6.66,26.03
202300016434,6.79,4.18
202300016439,6.0,8.78
202300016443,8.26,6.21
202300016462,8.1,23.0
202300016508,13.51,32.13
202300016534,7.7,21.33
202300016578,12.31,11.84
202300016589,8.4,8.4
202300016651,5.79,6.73
202300016652,7.27,26.14
202300016655,3.98,7.7
202300016784,8.44,11.75
202300016799,2.6,5.94
202300016802,5.9,7.24
202300016805,7.72,6.5
202300016839,1.86,5.77
202300016848,1.48,23.58
202300016855,1.28,26.97
202300016860,5.34,3.14
202300016863,8.82,11.18
202300016895,6.39,16.77
202300016942,7.66,6.44
202300016964,4.53,8.02
202300016977,8.51,21.58
202300017052,3.09,27.47
202300017064,8.85,22.2
202300017084,10.83,14.5
202300017116,5.37,12.7
202300017156,3.57,4.5
202300017157,5.14,15.53
202300017158,9.34,8.48
202300017217,6.52,20.53
202300017218,2.28,33.04
202300017223,10.58,9.51
202300017231,13.48,15.11
202300017239,9.6,9.79
202300017275,7.72,5.92
202300017276,11.33,12.03
202300017294,8.16,13.1
202300017429,6.54,3.74
202300017430,5.11,2.33
202300017431,6.9,4.57
202300017445,6.18,3.81
202300017512,2.87,19.29
202300017517,7.29,23.35
202300017528,13.63,23.65
202300017530,4.51,11.05
202300017579,5.66,5.18
202300017580,4.78,4.57
202300017581,7.66,6.12
202300017660,3.08,4.11
202300017684,6.48,7.26
202300017750,8.3,5.49
202300017753,10.56,6.79
202300017756,6.06,6.84
202300017759,8.88,9.58
202300017762,7.07,6.69
202300017808,5.82,12.36
202300017854,14.62,28.58
202300017863,5.64,1.91
202300017877,6.01,7.08
202300017888,2.33,3.11
202300017897,14.5,14.17
202300017910,9.61,10.07
202300017911,2.88,13.65
202300017914,10.35,14.22
202300017976,6.11,6.54
202300017980,4.92,8.39
202300018008,3.93,19.78
202300018012,3.41,28.81
202300018014,4.06,28.86
202300018018,5.6,28.01
202300018038,6.14,4.89
202300018100,12.51,39.47
202300018101,2.02,4.12
202300018105,4.18,4.99
202300018108,5.51,5.44
202300018111,8.43,9.13
202300018146,9.49,21.74
202300018149,3.95,29.16
202300018154,3.28,4.86
202300018171,10.96,8.36
202300018177,8.37,5.78
202300018181,8.72,15.26
202300018183,3.19,6.12
202300018267,5.09,7.47
202300018288,8.49,8.29
202300018289,5.91,4.67
202300018292,12.43,8.63
202300018296,7.97,4.51
202300018360,6.14,4.99
202300018363,7.82,6.59
202300018394,8.71,6.25
202300018397,3.99,7.02
202300018399,1.07,29.48
202300018403,8.22,4.24
202300018404,7.97,7.14
202300018407,3.88,4.86
202300018411,7.82,7.39
202300018414,8.07,7.63
202300018417,7.5,8.61
202300018418,6.29,11.17
202300018420,7.51,7.03
202300018424,4.58,4.08
202300018427,7.04,8.16
202300018519,7.81,7.54
202300018521,3.19,3.08
202300018524,5.2,11.1
202300018525,4.42,6.63
202300018531,3.69,4.65
202300018547,8.36,2.9
202300018553,2.89,8.05
202300018560,7.89,2.43
202300018672,6.67,6.78
202300018677,8.65,6.91
202300018681,4.81,20.2
202300018701,6.72,6.76
202300018704,9.06,5.29
202300018710,5.31,9.15
202300018734,2.31,5.44
202300018752,3.13,5.96
202300018774,3.57,5.57
202300019009,1.22,19.4
202300019014,2.41,35.03
202300019070,6.81,11.69
202300019089,3.63,4.9
202300019091,3.7,2.55
202300019094,4.32,3.49
202300019095,6.7,6.02
202300019098,12.8,9.01
202300019131,2.82,7.58
202300019141,6.0,26.27
202300019166,11.13,3.98
202300019168,10.14,11.25
202300019216,6.62,25.52
202300019221,10.01,12.72
202300019231,2.58,27.83
202300019264,8.92,5.14
202300019273,2.96,5.0
202300019281,2.28,16.39
202300019285,6.0,8.08
202300019325,6.26,3.65
202300019326,7.31,5.41
202300019327,4.31,5.44
202300019386,3.7,32.27
202300019476,1.49,3.62
202300019477,2.28,1.51
202300019481,3.98,29.83
202300019484,6.02,25.03
202300019491,7.6,15.76
202300019510,0.78,9.97
202300019517,29.62,60.32
202300019543,2.72,12.9
202300019546,12.44,30.59
202300019594,3.72,29.58
202300019625,13.55,13.79
202300019627,4.6,5.94
202300019630,6.84,5.68
202300019645,2.65,19.13
202300019651,9.93,21.64
202300019652,3.54,5.28
202300019653,11.98,9.56
202300019654,1.07,10.53
202300019689,1.2,17.46
202300019691,6.33,28.22
202300019810,3.82,14.74
202300019820,5.07,7.19
202300020003,10.46,18.69
202300020053,13.45,15.41
202300020056,7.06,10.0
202300020072,4.53,11.07
202300020085,11.14,18.67
202300020133,12.15,16.56
202300020151,16.99,16.32
202300020153,3.49,2.28
202300020154,7.88,7.88
202300020157,11.5,13.42
202300020159,8.73,4.56
202300020160,2.36,19.9
202300020172,8.57,4.67
202300020178,3.72,33.58
202300020200,10.41,21.3
202300020233,10.58,14.6
202300020243,5.15,9.34
202300020246,8.42,11.73
202300020249,4.45,6.54
202300020254,9.24,6.65
202300020294,3.51,3.24
202300020311,6.89,8.2
202300020316,4.91,9.34
202300020351,11.42,14.67
202300020354,4.99,20.65
202300020393,1.86,23.14
202300020430,15.2,14.53
202300020433,4.77,3.92
202300020435,4.79,5.9
202300020467,15.06,6.64
202300020477,7.74,9.83
202300020480,5.36,7.45
202300020483,10.59,8.0
202300020492,8.72,7.5
202300020495,5.33,7.78
202300020528,5.9,11.34
202300020536,6.81,4.98
202300020546,3.86,8.81
202300020549,9.76,2.36
202300020552,1.24,2.02
202300020554,7.76,9.89
202300020559,10.62,11.41
202300020567,5.5,5.06
202300020569,6.35,4.08
202300020571,5.62,2.58
202300020657,2.46,5.96
202300020695,6.33,29.27
202300020719,10.71,11.06
202300020866,1.13,2.45
202300020868,4.56,7.81
202300020874,6.07,4.92
202300020879,10.04,13.61
202300020883,8.83,6.99
202300020885,5.24,15.98
202300020887,6.92,3.46
202300020889,2.65,63.17
202300020891,8.65,6.79
202300020897,2.21,4.3
202300020900,4.47,6.56
202300020904,8.91,5.11
202300020907,5.59,7.68
202300020977,7.05,28.05
202300020988,4.97,9.96
202300020991,0.79,11.99
202300021035,2.7,30.06
202300021038,11.4,24.07
202300021062,2.28,10.67
202300021095,6.5,18.06
202300021139,12.69,11.76
202300021157,7.55,10.66
202300021166,9.04,23.5
202300021168,4.86,38.68
202300021194,11.39,13.39
202300021195,5.23,7.32
202300021258,11.45,13.0
202300021267,10.93,16.69
202300021270,11.66,11.66
202300021272,7.83,33.45
202300021345,5.38,27.0
202300021368,4.06,6.18
202300021369,9.14,9.06
202300021372,5.46,3.1
202300021374,7.48,5.52
202300021375,9.42,10.12
202300021415,10.76,12.54
202300021417,8.44,7.6
202300021419,9.97,3.15
202300021422,2.99,8.09
202300021431,14.12,25.34
202300021446,8.3,11.58
202300021459,10.09,6.95
202300021464,6.64,4.14
202300021545,9.22,5.06
202300021547,6.48,5.46
202300021552,4.96,8.21
202300021563,8.78,1.42
202300021567,8.76,6.06
202300021575,6.76,8.15
202300021623,9.79,35.82
202300021719,3.92,21.1
202300021733,11.28,15.06
202300021756,7.45,18.02
202300021771,8.68,7.46
202300021821,6.49,13.03
202300021907,16.36,17.53
202300021908,2.69,4.81
202300021909,2.58,3.52
202300021910,5.46,5.89
202300021911,3.51,3.29
202300021912,9.92,8.7
202300021913,7.55,3.56
202300021914,11.44,10.92
202300021943,10.56,11.91
202300021947,0.92,15.22
202300021964,9.72,18.57
202300021989,3.19,6.68
202300021991,3.08,6.58
202300021995,2.69,4.58
202300022044,6.64,4.89
202300022049,2.7,4.7
202300022052,3.8,4.88
202300022054,1.96,1.19
202300022057,7.97,11.64
202300022062,5.06,4.5
202300022066,2.04,12.84
202300022069,2.49,12.47
202300022098,8.62,6.97
202300022134,3.42,4.08
202300022137,3.83,5.56
202300022205,6.27,3.66
202300022221,3.58,5.04
202300022226,8.87,7.72
202300022301,11.0,29.93
202300022318,0.68,26.33
202300022322,2.28,24.25
202300022343,16.81,18.44
202300022347,9.42,27.5
202300022366,12.32,36.4
202300022376,5.51,22.7
202300022452,7.53,19.08
202300022483,8.0,9.35
202300022487,4.72,3.4
202300022490,9.51,6.04
202300022537,1.88,2.25
202300022541,11.04,4.94
202300022545,4.49,5.52
202300022553,6.34,16.76
202300022608,1.33,33.94
202300022697,12.06,17.89
202300022705,6.84,9.07
202300022708,10.17,9.64
202300022711,0.86,3.3
202300022715,2.72,5.14
202300022750,4.24,5.43
202300022770,8.21,11.89
202300022771,5.12,11.2
202300022772,6.7,8.7
202300022779,7.53,4.73
202300022782,7.56,4.76
202300022785,5.6,4.12
202300022788,7.14,3.82
202300022791,2.27,4.27
202300022794,4.2,3.64
202300022839,1.23,2.46
202300022887,3.63,3.97
202300022888,3.47,5.56
202300022889,5.87,10.29
202300022890,4.18,6.18
202300022954,11.36,21.65
202300022978,7.46,11.75
202300022980,7.49,10.99
202300022998,19.71,26.56
202300023015,7.66,13.6
202300023071,6.0,9.84
202300023072,19.89,24.28
202300023073,9.82,8.97
202300023137,0.71,2.21
202300023138,10.33,14.08
202300023215,9.94,8.4
202300023216,6.68,6.79
202300023247,8.51,15.5
202300023305,10.0,25.19
202300023319,11.9,28.42
202300023332,42.7,63.45
202300023338,10.11,27.83
202300023402,2.93,13.22
202300023404,10.86,18.2
202300023414,10.23,2.86
202300023426,6.1,5.92
202300023478,15.31,14.63
202300023479,10.6,10.07
202300023480,6.15,7.48
202300023481,9.47,10.12
202300023483,7.34,4.13
202300023485,9.87,10.57
202300023487,7.34,4.12
202300023551,1.72,36.25
202300023565,13.56,11.72
202300023628,10.92,4.23
202300023634,8.82,5.26
202300023650,6.72,12.05
202300023778,7.53,25.52
202300023805,11.36,15.74
202300023818,10.85,9.89
202300023820,8.37,2.9
202300023890,12.29,38.38
202300023908,5.72,7.78
202300023924,11.21,17.75
202300023927,5.8,4.65
202300023931,9.15,7.92
202300023934,4.78,5.89
202300023937,7.2,5.83
202300023948,3.48,2.63
202300023951,3.88,6.32
202300023978,8.66,19.4
202300024009,5.76,10.5
202300024015,4.16,5.1
202300024018,6.73,5.41
202300024022,3.06,3.73
202300024093,5.18,3.88
202300024095,6.2,4.09
202300024097,9.9,10.36
202300024100,1.42,16.88
202300024121,4.91,6.04
202300024288,6.95,5.0
202300024296,3.24,32.42
202300024318,6.68,25.48
202300024337,14.1,13.42
202300024342,12.32,8.54
202300024372,8.68,42.15
202300024419,10.55,5.19
202300024420,11.06,23.22
202300024436,9.38,5.97
202300024452,6.52,10.52
202300024458,9.67,11.67
202300024461,10.16,11.26
202300024462,3.24,5.32
202300024503,6.47,7.8
202300024519,3.34,20.62
202300024555,8.25,14.79
202300024567,8.97,6.06
202300024647,3.06,4.34
202300024650,9.39,10.72
202300024653,8.03,4.04
202300024710,5.55,7.74
202300024713,6.49,4.38
202300024716,7.59,13.48
202300024731,7.51,26.26
202300024760,7.31,19.37
202300024762,2.76,22.61
202300024770,2.17,18.09
202300024798,13.59,16.46
202300024823,10.18,15.36
202300024843,9.51,6.98
202300024847,5.9,8.94
202300024851,7.96,8.74
202300024855,2.75,1.43
202300024858,1.89,10.22
202300024924,3.1,28.16
202300024945,2.59,16.9
202300024950,6.22,8.52
202300024952,4.32,9.31
202300024968,5.08,8.92
202300024969,8.59,10.68
202300025020,4.57,4.49
202300025021,6.31,5.04
202300025038,5.95,6.73
202300025039,5.92,6.58
202300025040,0.64,9.58
202300025049,5.97,5.81
202300025125,5.88,16.27
202300025135,9.89,7.36
202300025170,10.22,9.7
202300025171,8.73,7.51
202300025177,2.71,6.84
202300025189,6.48,8.62
202300025207,5.52,5.08
202300025210,9.96,10.01
202300025353,6.69,27.07
202300025354,3.48,28.94
202300025355,9.5,7.91
202300025366,3.63,11.29
202300025390,8.84,7.7
202300025391,7.9,9.36
202300025392,4.36,10.6
202300025393,11.16,13.16
202300025422,7.52,7.08
202300025423,6.15,3.82
202300025424,9.44,5.97
202300025448,3.5,37.15
202300025511,4.57,6.69
202300025513,1.93,1.64
202300025517,1.24,3.58
202300025519,7.23,7.26
202300025538,12.1,33.52
202300025558,5.7,30.3
202300025560,13.08,21.51
202300025563,14.75,25.99
202300025566,8.24,6.18
202300025568,0.57,11.95
202300025596,13.3,16.57
202300025631,4.89,17.53
202300025686,14.72,48.37
202300025730,12.89,11.67
202300025738,8.39,12.72
202300025803,13.64,11.99
202300025808,5.65,6.98
202300025813,3.18,5.42
202300025834,4.54,4.06
202300025866,4.11,3.72
202300025873,7.7,7.56
202300025876,13.78,19.07
202300025880,1.96,17.67
202300025901,6.55,5.23
202300025906,9.0,11.16
202300025908,3.58,5.7
202300025911,9.48,6.98
202300025913,4.34,3.26
202300025916,3.64,4.19
202300025917,8.56,3.24
202300025942,8.61,5.92
202300025956,1.63,2.0
202300025962,3.4,5.42
202300025998,6.78,9.76
202300026008,7.57,17.95
202300026126,2.97,13.88
202300026174,9.65,25.42
202300026176,6.75,24.82
202300026214,5.4,8.4
202300026223,21.8,26.84
202300026247,14.36,15.99
202300026262,15.02,27.43
202300026266,5.45,60.33
202300026276,3.4,37.95
202300026284,5.58,18.55
202300026289,3.37,20.68
202300026294,6.54,21.76
202300026296,1.64,50.78
202300026303,4.2,21.19
202300026379,6.14,6.66
202300026399,5.72,9.72
202300026448,4.62,4.04
202300026449,5.61,7.61
202300026454,8.7,1.29
202300026533,11.8,8.24
202300026541,5.2,1.72
202300026546,3.54,7.31
202300026564,4.85,4.77
202300026565,3.18,2.03
202300026569,8.59,8.04
202300026573,3.84,2.45
202300026575,4.02,7.78
202300026640,5.48,6.14
202300026642,3.64,2.86
202300026644,12.52,32.48
202300026682,2.76,20.95
202300026685,7.23,24.54
202300026691,5.89,25.58
202300026694,4.57,20.04
202300026712,1.2,22.74
202300026731,2.66,13.23
202300026762,3.58,12.13
202300026766,6.82,32.9
202300026783,11.6,16.08
202300026803,8.26,10.84
202300026805,4.34,6.43
202300026850,0.64,3.15
202300026851,2.73,5.8
202300026853,5.11,6.27
202300026867,6.32,7.86
202300026869,8.37,4.22
202300026886,2.12,7.19
202300026889,7.91,9.23
202300026891,5.0,5.6
202300026922,12.15,36.43
202300026946,6.69,20.8
202300026947,5.7,31.89
202300026970,4.84,5.77
202300026971,3.88,4.81
202300027015,4.39,3.91
202300027053,8.83,9.53
202300027064,5.16,6.48
202300027065,7.72,13.62
202300027066,8.92,5.38
202300027067,7.8,12.58
202300027068,5.69,3.4
202300027069,2.03,3.49
202300027132,5.2,23.44
202300027140,4.88,39.87
202300027141,1.98,38.25
202300027160,7.34,17.31
202300027209,1.16,35.5
202300027241,5.65,11.44
202300027260,7.42,4.83
202300027261,9.07,11.07
202300027332,12.9,12.22
202300027333,5.24,3.94
202300027334,5.39,4.85
202300027379,7.97,3.56
202300027380,7.57,3.36
202300027406,2.07,9.38
202300027416,1.51,2.32
202300027417,3.67,7.43
202300027418,8.43,4.97
202300027435,6.36,7.49
202300027438,5.57,2.96
202300027496,8.24,18.68
202300027513,2.81,21.13
202300027545,6.17,17.56
202300027553,4.45,23.28
202300027555,1.71,29.79
202300027615,1.54,37.81
202300027626,13.32,18.2
202300027630,4.37,7.86
202300027634,6.26,5.68
202300027646,3.76,20.52
202300027649,6.65,10.65
202300027673,8.37,11.24
202300027674,6.25,8.03
202300027678,3.66,3.31
202300027681,3.73,3.17
202300027686,6.03,5.48
202300027713,11.61,11.09
202300027716,7.13,5.97
202300027719,6.06,9.53
202300027746,5.11,3.8
202300027784,8.12,12.96
202300027787,5.05,3.9
202300027789,10.92,3.98
202300027806,4.3,1.69
202300027823,6.15,5.02
202300027829,4.24,5.08
202300027937,8.84,25.24
202300027947,1.9,16.14
202300027989,9.6,13.09
202300028001,3.13,24.85
202300028182,7.77,4.82
202300028196,7.14,11.14
202300028247,3.26,20.76
202300028249,7.36,9.45
202300028252,1.14,17.53
202300028253,5.18,4.79
202300028256,3.84,22.63
202300028259,5.8,6.48
202300028278,2.87,1.55
202300028282,6.72,12.61
202300028286,8.71,9.18
202300028393,5.24,15.29
202300028408,4.7,19.99
202300028422,4.61,5.95
202300028426,3.31,4.18
202300028432,11.9,13.71
202300028457,1.96,4.2
202300028478,5.11,6.43
202300028482,6.37,7.59
202300028508,0.6,48.33
202300028540,22.4,22.0
202300028605,4.99,55.12
202300028607,14.34,26.6
202300028608,8.51,10.46
202300028612,10.14,12.26
202300028642,5.58,5.1
202300028646,5.16,3.85
202300028651,4.45,6.6
202300028654,9.03,7.49
202300028694,5.4,6.98
202300028698,5.78,6.4
202300028700,4.55,4.52
202300028702,5.34,7.08
202300028771,6.1,10.22
202300028773,5.02,5.14
202300028775,16.17,10.06
202300028781,4.34,22.71
202300028787,9.09,7.19
202300028823,9.94,12.35
202300028825,5.89,5.71
202300028828,4.44,0.86
202300028855,4.35,8.36
202300028921,7.37,6.64
202300028922,6.27,13.78
202300028936,2.56,6.05
202300029006,8.46,12.4
202300029015,0.19,32.61
202300029020,4.34,25.22
202300029035,5.54,39.18
202300029062,8.7,17.93
202300029063,11.17,16.92
202300029064,13.08,17.57
202300029074,9.65,12.96
202300029079,5.1,2.49
202300029080,8.02,16.76
202300029081,6.65,7.78
202300029176,8.45,15.32
202300029178,15.02,23.62
202300029265,6.96,37.4
202300029289,9.88,30.62
202300029292,13.45,11.02
202300029302,12.07,22.51
202300029310,3.28,16.46
202300029343,3.05,6.55
202300029345,3.28,6.77
202300029347,9.7,9.84
202300029355,5.84,6.56
202300029357,4.1,7.94
202300029360,7.59,7.22
202300029362,6.64,12.56
202300029440,14.15,7.94
202300029453,3.87,22.09
202300029461,10.67,3.47
202300029483,2.1,24.06
202300029516,2.7,32.19
202300029518,14.66,11.67
202300029594,4.74,14.31
202300029599,3.01,66.91
202300029602,10.49,22.37
202300029604,3.62,12.1
202300029628,16.25,10.21
202300029686,5.11,4.72
202300029689,4.0,1.84
202300029692,8.1,5.94
202300029697,10.1,11.04
202300029751,8.92,5.13
202300029778,4.83,4.35
202300029800,2.69,11.02
202300029802,4.99,1.3
202300029830,7.23,6.42
202300029860,3.2,3.98
202300029864,7.57,7.52
202300029867,3.73,6.64
202300029878,15.56,16.24
202300029883,4.01,22.16
202300029915,6.67,10.8
202300029918,8.81,9.28
202300029926,9.66,19.71
202300029961,14.64,32.32
202300029993,5.98,24.53
202300030050,15.14,6.72
202300030115,4.72,5.85
202300030221,4.25,5.52
202300030224,6.81,7.38
202300030234,1.42,3.94
202300030237,4.24,5.57
202300030240,5.53,10.78
202300030243,3.03,13.28
202300030246,7.74,5.95
202300030248,12.86,10.8
202300030251,2.94,4.94
202300030283,5.97,6.71
202300030285,7.07,6.86
202300030296,7.02,8.7
202300030302,6.24,7.24
202300030345,13.81,13.41
202300030348,12.07,26.63
202300030351,9.91,29.44
202300030378,3.12,2.87
202300030390,6.72,11.56
202300030415,2.6,7.67
202300030421,3.06,6.56
202300030433,6.82,10.02
202300030467,3.62,5.7
202300030469,6.06,7.53
202300030579,3.86,26.24
202300030621,9.77,7.1
202300030625,9.09,29.73
202300030628,9.59,15.46
202300030688,4.67,14.35
202300030690,9.65,3.49
202300030691,5.84,6.07
202300030694,7.04,9.12
202300030697,4.0,2.68
202300030698,5.1,6.41
202300030714,11.95,8.1
202300030721,12.81,19.3
202300030726,9.94,21.74
202300030740,7.57,17.95
202300030742,9.65,10.11
202300030744,8.32,12.92
202300030749,8.01,11.33
202300030757,10.68,8.09
202300030761,6.74,7.37
202300030873,15.29,31.76
202300030876,8.71,27.8
202300030897,6.51,11.36
202300030907,4.21,3.08
202300030908,5.07,2.12
202300030940,6.17,55.45
202300030962,2.61,6.11
202300030986,4.7,4.04
202300030987,4.88,3.66
202300030988,5.95,6.92
202300030989,1.49,4.07
202300030990,4.94,5.8
202300030992,8.88,4.08
202300031010,3.93,32.01
202300031018,3.54,22.89
202300031037,3.31,1.76
202300031042,10.9,8.31
202300031043,9.54,3.38
202300031083,6.7,4.81
202300031091,3.51,5.02
202300031138,13.51,35.75
202300031142,7.44,31.92
202300031161,12.74,25.3
202300031236,6.9,5.74
202300031237,11.25,11.12
202300031308,6.04,7.42
202300031309,12.1,4.94
202300031310,8.95,12.26
202300031338,5.01,8.48
202300031409,10.39,59.82
202300031410,3.95,6.98
202300031413,1.6,5.1
202300031426,9.24,7.47
202300031427,0.37,26.02
202300031429,9.81,18.58
202300031459,9.8,18.64
202300031460,0.65,15.34
202300031461,8.01,43.75
202300031480,6.86,8.96
202300031511,10.88,12.88
202300031512,7.6,13.44
202300031531,5.5,7.28
202300031557,5.61,6.72
202300031560,4.11,6.24
202300031562,7.9,4.96
202300031576,3.74,6.57
202300031578,8.92,9.7
202300031582,6.9,14.94
202300031590,7.8,6.87
202300031734,6.75,6.68
202300031736,7.9,26.78
202300031738,2.67,1.33
202300031743,8.0,4.0
202300031748,5.84,1.71
202300031749,18.17,19.17
202300031751,9.78,6.0
202300031806,2.59,5.66
202300031829,7.12,6.48
202300031834,2.08,1.29
202300031838,10.43,15.53
202300031844,11.99,14.8
202300031846,7.36,10.14
202300031850,11.11,4.95
202300031855,10.13,15.32
202300031862,7.43,20.07
202300031867,7.32,12.58
202300031929,5.32,9.16
202300031937,7.74,18.12
202300031944,8.75,10.74
202300031949,5.15,7.24
202300031986,8.57,8.14
202300032121,5.4,2.45
202300032125,4.99,1.51
202300032128,4.91,8.3
202300032132,12.18,10.18
202300032135,5.6,7.62
202300032157,6.65,28.46
202300032194,2.95,6.44
202300032218,3.69,4.78
202300032226,2.96,5.07
202300032249,9.18,11.3
202300032253,7.43,6.22
202300032264,6.39,8.47
202300032268,9.79,9.04
202300032272,1.67,5.16
202300032273,7.07,6.28
202300032276,4.3,7.79
202300032304,6.39,6.06
202300032357,3.19,3.36
202300032364,8.02,11.71
202300032404,3.99,5.04
202300032415,8.92,11.7
202300032420,7.09,28.29
202300032437,11.72,17.51
202300032470,2.63,19.36
202300032482,8.28,15.97
202300032629,9.1,17.0
202300032642,7.18,5.53
202300032644,4.11,21.88
202300032669,8.42,12.55
202300032690,14.57,19.8
202300032698,2.36,23.99
202300032765,2.53,4.65
202300032766,3.38,13.09
202300032769,8.32,7.1
202300032771,8.99,6.22
202300032776,2.88,3.42
202300032785,3.49,4.42
202300032791,11.23,12.84
202300032793,12.07,13.17
202300032801,8.89,5.09
202300032872,16.63,15.96
202300032874,2.76,4.63
202300032875,5.87,6.74
202300032894,3.84,1.23
202300032895,6.82,3.24
202300032918,5.69,7.47
202300032921,4.56,3.27
202300032923,6.3,7.0
202300032933,11.84,10.34
202300032983,1.2,7.89
202300032993,3.58,5.67
202300033032,3.97,6.09
202300033045,8.94,1.54
202300033048,4.32,10.87
202300033109,8.45,11.03
202300033190,7.64,7.5
202300033201,4.1,4.61
202300033221,6.96,6.08
202300033273,7.91,4.11
202300033274,7.14,8.6
202300033275,4.27,6.36
202300033281,3.42,3.35
202300033369,6.3,5.04
202300033370,3.94,5.2
202300033371,6.56,4.6
202300033385,5.82,8.94
202300033386,0.76,4.26
202300033387,4.91,4.46
202300033398,9.94,10.6
202300033399,5.71,15.18
202300033400,6.79,11.14
202300033466,3.71,20.96
202300033479,5.25,23.62
202300033485,1.11,0.85
202300033523,10.27,14.17
202300033584,0.91,11.9
202300033601,8.78,10.24
202300033629,7.14,7.92
202300033632,2.57,3.51
202300033636,9.95,11.54
202300033639,4.3,9.15
202300033662,14.95,19.49
202300033664,4.72,20.19
202300033694,2.34,18.01
202300033716,6.06,6.84
202300033720,4.18,6.69
202300033722,3.15,5.24
202300033725,7.63,5.02
202300033784,11.93,13.56
202300033810,7.83,17.74
202300033833,4.46,3.14
202300033835,1.98,14.34
202300033837,5.37,10.44
202300033852,3.78,25.58
202300033868,8.74,14.64
202300033902,10.82,23.66
202300033947,12.15,13.13
202300034036,9.09,11.41
202300034041,8.94,17.18
202300034070,9.28,8.4
202300034078,9.85,8.99
202300034082,11.52,7.98
202300034087,10.38,3.23
202300034147,7.65,3.52
202300034153,1.72,3.59
202300034175,3.13,19.33
202300034193,11.54,12.18
202300034271,5.05,7.5
202300034275,6.36,3.38
202300034311,6.89,5.67
202300034314,5.6,10.82
202300034316,4.75,1.8
202300034319,2.81,1.5
202300034323,9.3,7.76
202300034334,3.71,37.36
202300034382,9.16,19.38
202300034384,16.56,39.9
202300034385,15.27,25.24
202300034388,2.0,13.61
202300034417,5.34,4.86
202300034431,24.63,25.62
202300034452,13.06,13.13
202300034490,3.87,7.04
202300034515,4.06,5.8
202300034585,2.95,5.73
202300034586,7.2,21.36
202300034627,6.17,11.52
202300034628,11.99,22.77
202300034694,4.89,7.07
202300034725,7.33,6.12
202300034726,10.37,9.22
202300034727,9.04,9.5
202300034728,9.01,3.69
202300034729,2.2,4.2
202300034755,2.83,5.13
202300034775,7.78,9.78
202300034818,7.07,4.18
202300034819,3.86,4.58
202300034820,4.16,5.4
202300034821,6.44,7.14
202300034822,10.48,9.83
202300034838,4.14,5.49
202300034846,8.19,4.85
202300034847,2.51,1.73
202300034848,9.44,10.5
202300034849,5.26,7.62
202300034883,4.92,19.38
202300034920,2.31,1.92
202300034975,2.19,2.73
202300034976,2.16,3.1
202300034977,8.38,7.16
202300034978,5.29,7.43
202300034979,2.66,5.64
202300034980,6.96,6.94
202300034981,7.13,5.34
202300034982,7.96,2.64
202300035000,5.41,4.1
202300035003,6.36,11.11
202300035025,4.65,5.74
202300035039,4.3,4.85
202300035041,6.06,6.73
202300035090,6.17,7.51
202300035120,6.92,4.02
202300035123,10.13,5.98
202300035126,7.83,7.33
202300035189,8.67,13.26
202300035190,8.31,7.68
202300035251,12.52,10.56
202300035333,3.53,5.65
202300035334,10.16,6.7
202300035370,1.94,7.77
202300035371,9.49,5.28
202300035435,2.34,4.08
202300035444,4.39,6.48
202300035485,2.0,4.12
202300035486,9.56,9.87
202300035491,7.68,7.6
202300035494,11.89,8.09
202300035495,4.18,7.95
202300035499,5.96,5.48
202300035525,7.51,6.36
202300035528,4.44,4.32
202300035540,6.38,4.19
202300035618,3.07,7.99
202300035623,6.9,12.79
202300035627,8.5,16.61
202300035630,2.42,2.57
202300035635,6.61,10.64
202300035655,8.51,4.71
202300035723,14.76,15.72
202300035875,3.46,28.02
202300035911,9.1,16.9
202300035912,5.37,2.76
202300035929,14.68,14.28
202300036010,7.61,5.23
202300036053,6.52,38.09
202300036061,6.39,4.23
202300036100,9.92,11.55
202300036134,11.14,7.11
202300036140,9.57,8.71
202300036154,9.78,12.78
202300036160,5.31,20.15
202300036190,8.74,23.18
202300036195,8.43,11.01
202300036213,5.23,17.32
202300036227,5.86,6.79
202300036295,1.68,23.69
202300036303,4.95,26.56
202300036315,9.7,23.82
202300036346,10.54,18.96
202300036358,0.89,35.23
202300036396,1.93,23.94
202300036397,3.69,4.62
202300036409,7.29,5.72
202300036460,7.61,18.47
202300036478,16.9,15.69
202300036479,2.79,31.2
202300036480,2.51,20.28
202300036544,2.59,5.58
202300036647,6.68,36.41
202300036655,10.53,24.39
202300036681,7.94,4.14
202300036697,0.82,3.1
202300036735,7.4,9.52
202300036736,4.47,5.5
202300036813,3.93,7.77
202300036814,5.21,8.65
202300036815,6.62,8.09
202300036903,13.55,12.88
202300036905,3.74,5.05
202300036908,2.32,4.32
202300036911,9.51,4.19
202300036913,9.27,5.5
202300036915,7.68,5.05
202300036974,4.01,4.56
202300036975,9.05,6.54
202300036976,6.26,6.6
202300036979,3.55,11.85
202300036980,1.54,10.06
202300036997,5.28,4.89
202300037036,14.2,13.94
202300037051,4.02,27.17
202300037135,7.89,7.06
202300037143,9.85,23.26
202300037175,6.3,21.2
202300037187,7.82,8.93
202300037190,3.07,22.29
202300037220,6.46,7.92
202300037221,8.25,10.83
202300037222,3.41,5.5
202300037239,10.85,10.42
202300037260,15.48,14.81
202300037261,4.09,6.21
202300037271,4.4,7.9
202300037314,5.6,20.17
202300037325,5.03,25.18
202300037336,6.38,38.06
202300037394,5.83,5.29
202300037395,12.02,9.75
202300037396,2.7,5.77
202300037397,8.6,9.3
202300037398,2.03,5.79
202300037427,5.25,3.93
202300037428,2.06,12.8
202300037429,3.05,3.83
202300037495,9.3,8.95
202300037572,5.0,5.11
202300037625,7.77,16.86
202300037627,5.69,3.53
202300037630,4.14,5.08
202300037633,5.15,3.9
202300037637,9.94,3.35
202300037638,4.21,1.08
202300037646,6.55,6.55
202300037796,1.64,3.76
202300037800,10.04,14.8
202300037834,9.54,1.81
202300037838,8.31,10.03
202300037852,8.15,25.98
202300037868,13.62,23.02
202300037894,13.29,11.46
202300037920,13.4,9.59
202300037974,15.93,33.82
202300037985,5.52,14.91
202300038029,4.56,8.4
202300038031,8.49,4.69
202300038035,6.59,5.62
202300038042,4.66,11.2
202300038046,8.34,5.74
202300038061,4.99,15.97
202300038078,2.88,5.01
202300038109,4.22,24.76
202300038149,7.76,10.02
202300038152,7.33,30.74
202300038189,8.34,48.6
202300038209,7.07,11.2
202300038258,8.25,6.72
202300038260,3.84,38.31
202300038261,9.39,7.06
202300038290,3.86,1.6
202300038341,11.92,9.59
202300038363,14.18,7.69
202300038375,8.7,13.91
202300038391,4.25,37.82
202300038395,3.44,24.43
202300038428,11.73,14.74
202300038439,0.55,22.65
202300038443,1.27,33.39
202300038475,5.74,6.84
202300038478,2.26,2.16
202300038534,5.97,7.21
202300038536,7.34,8.65
202300038602,8.01,5.42
202300038603,4.32,6.41
202300038608,7.02,23.89
202300038644,6.82,19.46
202300038668,2.65,13.85
202300038723,4.69,6.88
202300038745,2.08,20.4
202300038747,6.52,17.42
202300038785,7.88,11.65
202300038810,11.22,10.15
202300038813,8.65,39.32
202300038816,15.14,22.41
202300038826,15.95,28.36
202300038859,11.34,14.15
202300038865,1.68,3.77
202300038901,7.44,6.28
202300038903,8.85,7.69
202300038953,3.29,5.37
202300038956,3.44,4.02
202300038962,7.62,7.18
202300038963,6.47,3.81
202300039098,11.4,11.75
202300039099,7.42,17.8
202300039100,10.57,7.98
202300039132,6.43,8.56
202300039133,8.71,8.32
202300039143,1.31,2.55
202300039144,8.16,16.32
202300039145,9.35,6.01
202300039146,4.15,11.38
202300039192,4.28,37.51
202300039209,4.48,32.22
202300039210,17.41,20.38
202300039233,6.89,21.01
202300039240,7.62,12.5
202300039271,8.35,7.19
202300039272,9.74,15.39
202300039294,6.76,24.8
202300039315,7.82,7.45
202300039351,1.48,4.06
202300039352,1.91,3.84
202300039374,8.78,11.58
202300039375,3.49,4.28
202300039483,4.8,24.56
202300039485,4.36,15.81
202300039494,0.72,41.92
202300039518,8.34,15.28
202300039547,4.37,3.05
202300039603,13.93,11.56
202300039605,3.88,22.34
202300039652,11.44,13.44
202300039695,16.17,15.5
202300039700,4.1,6.22
202300039702,14.18,25.97
202300039704,1.45,4.16
202300039707,7.92,6.12
202300039757,3.58,10.7
202300039762,6.41,5.26
202300039764,9.19,6.03
202300039767,10.82,3.96
202300039771,5.79,6.13
202300039775,11.0,11.96
202300039791,2.16,4.25
202300039793,4.94,6.68
202300039796,1.94,9.68
202300039873,12.78,14.91
202300039876,1.48,3.61
202300039879,2.19,3.9
202300039923,9.06,8.3
202300039925,5.03,8.31
202300039928,4.96,7.72
202300039931,4.76,4.6
202300039972,11.07,16.13
202300039973,4.56,13.47
202300040029,7.44,7.65
202300040031,8.41,4.25
202300040032,10.88,7.08
202300040087,2.17,4.45
202300040088,6.09,8.18
202300040092,7.06,3.6
202300040101,8.0,2.35
202300040129,4.94,5.11
202300040162,2.46,5.86
202300040164,6.26,3.65
202300040257,14.54,13.86
202300040260,1.61,1.96
202300040262,9.4,8.82
202300040264,12.37,8.57
202300040292,6.31,7.42
202300040307,3.11,6.6
202300040308,5.58,10.0
202300040312,3.8,6.94
202300040334,3.78,4.12
202300040338,7.47,12.03
202300040354,10.78,5.48
202300040358,4.64,25.96
202300040383,7.76,13.65
202300040421,8.89,30.86
202300040496,9.19,10.53
202300040498,5.89,1.66
202300040502,1.84,5.6
202300040506,6.86,6.05
202300040532,6.18,22.66
202300040538,8.78,6.73
202300040540,1.3,33.92
202300040559,6.89,8.98
202300040561,5.99,5.43
202300040589,2.25,15.42
202300040614,3.8,0.67
202300040636,2.61,6.38
202300040652,3.66,20.94
202300040654,6.6,13.94
202300040663,4.53,8.38
202300040668,6.48,10.4
202300040672,4.98,6.98
202300040733,5.06,6.4
202300040735,6.19,4.07
202300040736,11.97,10.12
202300040740,11.04,18.53
202300040791,7.75,7.96
202300040872,2.19,4.31
202300040874,2.9,1.75
202300040876,4.8,4.14
202300040900,4.66,2.44
202300040901,9.27,33.2
202300040904,13.24,21.09
202300040908,5.94,28.32
202300040920,4.44,2.8
202300041001,2.32,27.44
202300041015,11.7,13.1
202300041016,8.61,7.96
202300041028,12.87,20.46
202300041030,4.92,30.27
202300041122,8.26,9.36
202300041123,9.53,8.69
202300041166,7.01,8.9
202300041184,4.62,4.69
202300041290,5.6,5.63
202300041291,7.26,7.89
202300041320,5.41,6.2
202300041364,1.63,31.17
202300041384,8.27,15.67
202300041441,11.85,15.06
202300041459,8.22,6.66
202300041544,15.08,15.16
202300041549,2.1,18.73
202300041551,10.56,27.95
202300041585,10.6,5.66
202300041589,6.4,21.79
202300041708,14.13,23.14
202300041713,5.84,15.21
202300041715,13.96,13.96
202300041736,6.99,7.03
202300041738,5.82,7.21
202300041740,8.91,9.62
202300041742,8.2,3.24
202300041794,3.64,3.22
202300041809,2.73,4.82
202300041814,4.49,26.09
202300041825,3.06,11.63
202300041848,2.68,23.74
202300041849,6.44,6.05
202300041871,9.16,6.57
202300041874,5.51,16.29
202300041876,5.36,11.13
202300041877,6.6,8.68
202300041878,9.62,20.89
202300041904,9.44,11.16
202300041945,11.34,36.7
202300041965,0.76,2.72
202300041969,1.82,1.75
202300041971,7.51,14.14
202300041973,9.87,6.07
202300041976,10.1,4.4
202300042007,4.08,4.01
202300042011,4.2,6.64
202300042064,5.51,11.62
202300042069,3.66,4.21
202300042074,6.8,11.58
202300042079,9.23,7.28
202300042114,3.84,19.02
202300042249,10.2,10.08
202300042270,13.52,15.1
202300042278,17.88,20.62
202300042321,6.5,17.67
202300042324,8.78,6.19
202300042325,4.0,4.94
202300042361,1.97,52.12
202300042384,8.42,7.28
202300042389,11.49,4.34
202300042449,7.1,9.22
202300042451,6.22,4.47
202300042452,7.4,6.85
202300042474,3.72,5.85
202300042476,8.12,4.13
202300042478,7.92,4.46
202300042481,4.28,6.27
202300042501,4.6,4.77
202300042503,5.34,4.95
202300042515,9.06,8.0
202300042537,5.57,10.12
202300042539,5.78,5.18
202300042540,4.26,5.4
202300042542,4.33,4.63
202300042543,9.73,14.86
202300042571,10.44,4.98
202300042572,16.36,15.97
202300042600,16.27,19.01
202300042627,4.16,24.6
202300042637,8.24,5.64
202300042638,6.27,11.15
202300042668,1.2,14.67
202300042707,3.02,14.64
202300042710,5.24,38.48
202300042713,6.08,49.94
202300042714,12.11,16.23
202300042739,9.12,8.59
202300042742,8.84,9.33
202300042744,7.6,5.79
202300042746,7.02,6.21
202300042767,2.01,5.78
202300042772,15.27,13.83
202300042777,3.06,4.79
202300042789,11.16,10.2
202300042805,10.89,8.3
202300042841,6.18,6.12
202300042867,5.87,12.36
202300042943,10.36,20.64
202300042970,6.53,35.26
202300043014,5.3,17.66
202300043015,7.14,7.66
202300043016,5.82,20.09
202300043018,2.79,3.11
202300043032,6.32,26.06
202300043076,8.57,10.66
202300043079,7.42,7.06
202300043080,9.12,5.32
202300043098,9.06,4.66
202300043101,8.7,3.67
202300043118,2.63,5.81
202300043153,13.23,19.05
202300043162,10.97,26.53
202300043181,4.83,60.96
202300043187,7.1,10.98
202300043188,1.62,3.71
202300043206,4.69,5.74
202300043253,6.68,6.79
202300043273,5.92,5.71
202300043274,8.6,5.77
202300043369,14.95,14.27
202300043371,3.86,2.7
202300043422,7.78,4.94
202300043424,3.08,8.15
202300043550,16.39,54.41
202300043552,6.44,24.65
202300043575,7.48,9.18
202300043604,9.3,9.76
202300043606,9.93,4.23
202300043608,8.38,4.58
202300043609,7.94,4.14
202300043677,9.56,8.02
202300043679,4.62,7.81
202300043698,7.15,11.48
202300043701,2.56,1.65
202300043718,5.94,6.46
202300043720,8.85,5.04
202300043763,12.0,13.82
202300043764,4.85,7.47
202300043783,8.18,9.15
202300043790,7.49,6.72
202300043868,4.37,46.22
202300043871,11.85,13.31
202300043891,3.44,22.0
202300043984,3.05,2.56
202300043987,13.52,15.15
202300043992,6.48,16.2
202300043994,11.37,12.53
202300044002,3.84,10.14
202300044016,7.72,9.18
202300044023,15.07,16.41
202300044121,9.32,15.86
202300044148,3.44,24.43
202300044159,7.55,5.44
202300044160,7.24,7.83
202300044163,6.38,3.4
202300044203,9.75,8.09
202300044215,0.68,3.42
202300044229,5.81,5.31
202300044239,7.34,6.95
202300044244,7.96,3.96
202300044430,13.72,12.38
202300044463,3.38,5.44
202300044473,3.09,3.04
202300044475,4.58,3.43
202300044478,6.13,4.97
202300044480,5.41,5.22
202300044483,11.07,7.27
202300044487,3.71,4.38
202300044490,7.23,5.2
202300044529,7.98,5.82
202300044570,5.92,8.0
202300044574,5.8,11.15
202300044597,7.54,8.27
202300044599,4.69,6.42
202300044630,5.87,4.65
202300044688,4.23,0.64
202300044691,4.9,7.78
202300044693,2.69,13.18
202300044709,7.32,7.36
202300044750,4.29,6.38
202300044753,6.86,8.18
202300044914,9.51,11.51
202300044950,3.81,16.98
202300044963,6.77,11.96
202300044971,6.11,11.46
202300044973,6.11,7.57
202300044995,1.4,3.5
202300044996,2.7,3.2
202300045001,6.02,6.2
202300045002,3.38,4.08
202300045007,6.0,6.78
202300045008,4.5,4.44
202300045009,5.85,6.63
202300045088,10.36,9.53
202300045112,7.18,5.62
202300045114,7.57,13.47
202300045115,8.64,11.64
202300045116,6.56,16.95
202300045212,1.78,28.34
202300045239,5.5,6.84
202300045240,3.03,1.88
202300045241,4.39,8.11
202300045256,3.32,3.12
202300045257,9.96,12.76
202300045259,1.12,5.59
202300045313,8.23,15.92
202300045368,6.18,27.17
202300045369,6.34,18.31
202300045403,8.9,14.74
202300045477,7.51,9.6
202300045480,3.92,3.71
202300045482,6.23,2.64
202300045484,1.49,12.27
202300045489,6.48,7.18
202300045490,5.12,6.28
202300045492,7.5,5.56
202300045524,3.02,5.11
202300045526,0.76,10.99
202300045563,9.57,8.96
202300045642,11.23,24.86
202300045855,5.6,7.38
202300045859,7.79,5.02
202300045887,4.38,3.82
202300045891,5.67,5.61
202300045916,13.17,15.29
202300045945,5.66,3.76
202300045949,3.04,6.07
202300045966,2.61,8.47
202300045975,25.74,30.14
202300045980,5.96,9.27
202300045999,8.96,22.6
202300046009,18.57,19.0
202300046089,11.29,23.45
202300046177,4.78,30.18
202300046215,3.75,40.72
202300046220,7.99,24.29
202300046232,6.16,5.68
202300046236,6.95,6.93
202300046238,2.66,5.64
202300046277,4.15,6.27
202300046279,8.66,1.3
202300046284,5.8,10.52
202300046289,1.96,4.07
202300046292,6.26,4.15
202300046295,8.06,7.54
202300046343,3.24,6.73
202300046360,6.03,8.8
202300046363,6.5,6.46
202300046365,5.55,6.34
202300046366,6.32,28.73
202300046367,6.81,5.84
202300046368,3.31,23.58
202300046378,9.03,3.56
202300046392,4.05,7.89
202300046487,4.9,29.69
202300046524,8.74,9.2
202300046527,8.78,11.36
202300046550,8.09,11.52
202300046554,5.42,6.2
202300046558,7.23,7.18
202300046566,7.02,5.87
202300046568,9.34,7.49
202300046588,6.75,3.16
202300046640,3.22,15.41
202300046699,4.12,2.68
202300046701,3.1,26.59
202300046704,11.64,12.74
202300046710,7.36,13.25
202300046729,0.89,15.88
202300046803,9.91,5.79
202300046823,4.24,7.01
202300046826,8.98,6.54
202300046849,15.35,41.41
202300046863,3.18,4.64
202300046867,3.84,4.01
202300046870,1.67,14.79
202300046873,2.0,4.28
202300046875,12.24,16.89
202300046943,8.23,31.41
202300046946,9.53,13.1
202300046959,8.69,20.14
202300046964,3.26,16.03
202300046976,10.42,12.04
202300046997,9.1,13.12
202300047003,7.34,22.64
202300047031,1.16,32.72
202300047043,8.58,12.18
202300047066,10.29,28.02
202300047067,9.16,25.29
202300047083,2.72,23.6
202300047084,5.71,29.06
202300047099,6.96,27.56
202300047100,1.97,19.86
202300047105,2.03,42.08
202300047106,7.67,10.41
202300047163,5.6,7.69
202300047215,1.59,1.98
202300047238,3.94,1.25
202300047241,3.2,5.66
202300047244,1.46,4.95
202300047246,5.65,2.63
202300047249,6.48,16.4
202300047259,9.0,12.44
202300047267,6.27,3.66
202300047269,5.37,9.88
202300047272,2.76,8.32
202300047275,5.54,9.35
202300047314,2.69,48.75
202300047338,8.95,24.53
202300047409,8.85,10.97
202300047413,10.86,11.04
202300047419,9.61,11.74
202300047424,7.99,7.59
202300047458,8.91,49.37
202300047490,3.36,3.53
202300047493,8.54,9.91
202300047514,5.16,9.91
202300047519,6.3,3.69
202300047593,6.64,4.68
202300047650,5.04,4.88
202300047684,11.33,9.18
202300047689,11.59,12.64
202300047714,9.52,13.52
202300047749,11.01,8.42
202300047766,8.23,22.03
202300047790,6.97,18.02
202300047804,5.36,7.45
202300047811,9.28,36.32
202300047813,10.3,12.42
202300047835,9.4,26.59
202300047840,5.13,2.1
202300047898,7.51,7.35
202300047915,17.12,20.96
202300047973,5.79,6.32
202300047990,9.55,3.85
202300048000,7.24,42.04
202300048051,5.26,3.36
202300048065,7.49,9.79
202300048067,5.16,11.21
202300048083,7.24,21.48
202300048084,5.59,6.64
202300048124,6.62,13.02
202300048163,6.32,11.67
202300048206,9.8,15.48
202300048240,5.99,4.84
202300048243,5.52,8.99
202300048287,3.33,5.41
202300048289,4.51,6.6
202300048303,5.58,6.36
202300048307,2.84,4.49
202300048309,4.62,10.93
202300048322,4.91,4.65
202300048326,7.61,6.08
202300048435,3.71,5.78
202300048473,6.62,6.27
202300048479,8.08,7.64
202300048484,6.96,6.87
202300048488,7.8,6.95
202300048499,6.76,5.94
202300048500,5.84,7.97
202300048503,6.26,3.64
202300048504,4.12,2.96
202300048507,9.46,2.09
202300048509,7.33,2.92
202300048514,8.85,6.14
202300048537,2.36,5.09
202300048572,3.95,5.34
202300048576,4.68,6.77
202300048590,10.26,35.95
202300048594,13.32,12.99
202300048603,9.81,10.82
202300048606,5.58,5.37
202300048612,2.45,9.78
202300048617,3.46,9.7
202300048618,7.32,15.33
202300048623,2.02,10.35
202300048888,5.39,3.88
202300048900,3.51,20.7
202300048902,14.92,27.62
202300048911,11.18,8.19
202300048918,8.27,33.62
202300048955,11.04,18.28
202300048973,9.01,12.32
202300048979,4.54,67.1
202300048982,18.55,37.1
202300048997,16.3,21.36
202300049013,9.59,32.52
202300049032,5.76,11.94
202300049075,9.94,12.52
202300049105,11.18,12.28
202300049106,5.84,1.07
202300049116,8.56,9.5
202300049147,1.72,35.98
202300049159,6.24,31.3
202300049188,2.45,3.51
202300049191,13.41,17.79
202300049203,8.7,13.3
202300049206,8.32,11.63
202300049244,6.92,6.14
202300049249,6.79,33.11
202300049273,8.69,33.45
202300049281,9.67,31.88
202300049287,13.14,18.48
202300049292,10.11,17.86
202300049293,20.82,25.8
202300049356,10.29,11.16
202300049379,15.08,14.41
202300049383,5.1,3.31
202300049394,8.84,14.51
202300049401,13.4,11.02
202300049411,5.34,2.97
202300049415,2.91,3.14
202300049417,2.4,5.9
202300049418,0.57,31.79
202300049430,13.67,5.25
202300049435,10.58,10.59
202300049441,4.62,3.3
202300049444,3.78,6.59
202300049448,5.92,11.61
202300049451,7.48,10.8
202300049502,11.9,17.41
202300049520,7.34,7.55
202300049592,10.29,12.42
202300049643,12.06,11.39
202300049649,2.28,4.58
202300049652,12.99,9.19
202300049656,7.37,6.56
202300049663,8.53,3.48
202300049669,7.53,7.62
202300049781,1.55,38.24
202300049835,4.67,25.91
202300049844,5.47,9.31
202300049845,5.99,8.54
202300049855,3.51,4.24
202300049857,7.54,17.92
202300049860,7.25,5.93
202300049866,4.56,4.08
202300049867,5.05,5.99
202300049873,4.18,4.96
202300049874,5.14,15.53
202300049880,3.96,5.27
202300049952,8.14,8.63
202300049953,4.95,5.73
202300049961,8.59,5.98
202300049967,2.02,3.95
202300049971,5.75,5.44
202300049975,7.34,7.37
202300049979,5.45,6.79
202300049981,7.82,2.86
202300049985,9.26,5.47
202300049987,10.78,6.98
202300049988,4.62,3.47
202300049992,9.47,7.94
202300049995,8.02,6.35
202300050001,6.3,5.82
202300050002,6.62,21.6
202300050004,11.77,7.98
202300050011,10.56,8.17
202300050040,2.63,1.56
202300050047,5.67,16.06
202300050052,9.23,11.46
202300050107,6.44,16.83
202300050120,2.89,5.36
202300050211,3.92,7.16
202300050246,10.86,13.67
202300050291,9.41,29.38
202300050316,6.39,3.95
202300050367,1.68,18.8
202300050374,16.27,16.24
202300050385,8.37,7.22
202300050393,9.58,10.91
202300050400,7.18,5.4
202300050427,10.52,3.37
202300050441,2.17,3.88
202300050444,5.43,3.32
202300050514,9.21,3.05
202300050551,9.83,8.9
202300050554,7.92,2.6
202300050560,9.78,6.0
202300050583,6.7,14.26
202300050607,6.38,7.16
202300050614,4.84,6.16
202300050626,10.2,10.74
202300050636,4.88,7.55
202300050651,4.77,24.23
202300050653,8.65,9.31
202300050656,7.46,6.84
202300050700,3.54,5.63
202300050734,8.46,30.85
202300050765,8.97,5.16
202300050797,6.13,4.09
202300050980,11.11,18.44
202300051046,3.47,13.76
202300051048,10.44,21.0
202300051144,5.87,5.83
202300051149,3.86,7.58
202300051152,8.44,15.89
202300051156,4.1,27.5
202300051160,7.08,7.86
202300051166,3.68,3.64
202300051169,2.56,9.9
202300051173,2.47,7.54
202300051262,2.47,5.96
202300051265,7.89,24.39
202300051275,6.86,5.96
202300051292,8.18,7.34
202300051298,7.12,7.88
202300051301,10.69,10.16
202300051305,3.42,8.04
202300051309,4.34,5.22
202300051329,7.46,4.01
202300051335,1.34,26.56
202300051340,16.4,36.64
202300051373,4.27,5.72
202300051380,2.96,5.95
202300051382,8.34,9.22
202300051389,10.15,12.96
202300051398,12.45,23.76
202300051419,11.69,29.31
202300051449,5.99,19.26
202300051477,8.38,21.74
202300051482,8.52,11.18
202300051486,6.23,26.39
202300051488,11.79,9.37
202300051535,7.48,32.73
202300051546,2.66,3.75
202300051565,5.74,15.48
202300051579,13.58,41.09
202300051588,8.1,37.26
202300051603,5.11,7.48
202300051611,7.3,11.84
202300051645,6.95,27.5
202300051755,2.59,5.58
202300051768,12.11,23.86
202300051772,8.65,8.86
202300051779,3.9,25.02
202300051782,12.65,13.75
202300051791,7.58,24.39
202300051820,6.7,9.91
202300051825,11.77,11.74
202300051872,14.3,5.87
202300051880,5.44,10.62
202300051888,19.04,17.45
202300051889,5.7,11.94
202300051907,4.97,8.81
202300052060,12.28,12.35
202300052067,6.36,11.23
202300052073,3.58,5.7
202300052077,4.61,6.69
202300052079,7.27,6.0
202300052081,9.13,7.28
202300052089,7.04,5.19
202300052090,3.97,4.9
202300052092,3.42,2.28
202300052100,9.84,8.0
202300052105,11.6,7.93
202300052118,3.3,28.3
202300052144,12.18,13.91
202300052160,2.8,19.01
202300052191,10.14,15.31
202300052203,4.65,4.76
202300052226,5.64,15.35
202300052228,5.09,6.31
202300052236,5.44,28.56
202300052264,3.2,2.68
202300052342,7.02,7.0
202300052347,8.38,4.91
202300052416,8.69,9.51
202300052430,3.61,2.29
202300052439,7.8,14.41
202300052452,7.8,8.64
202300052479,2.28,11.19
202300052518,6.87,38.55
202300052521,4.46,5.13
202300052529,1.72,14.74
202300052585,2.68,6.38
202300052596,8.94,11.06
202300052599,10.74,14.6
202300052606,6.19,1.27
202300052610,9.03,9.73
202300052721,5.94,4.7
202300052770,4.72,6.46
202300052791,1.78,2.0
202300052811,6.01,11.77
202300052832,7.51,6.93
202300052912,4.51,21.88
202300052948,11.65,16.29
202300052950,7.7,5.03
202300052972,5.28,11.18
202300052989,4.6,1.99
202300052991,9.63,8.78
202300052996,3.39,8.31
202300053067,11.56,30.99
202300053093,3.29,12.46
202300053156,15.09,22.37
202300053161,9.43,31.84
202300053251,5.18,5.46
202300053268,5.52,10.8
202300053278,3.27,6.02
202300053281,11.69,10.12
202300053290,7.52,24.05
202300053291,3.56,2.42
202300053292,5.13,7.18
202300053298,5.94,16.47
202300053300,9.57,8.72
202300053339,11.95,15.16
202300053341,5.63,6.6
202300053375,8.35,10.93
202300053382,9.36,6.77
202300053387,8.07,7.62
202300053399,15.03,10.15
202300053462,4.28,6.37
202300053478,4.72,5.65
202300053484,7.37,9.95
202300053505,9.2,3.5
202300053524,5.73,28.01
202300053571,10.47,5.0
202300053624,11.54,4.39
202300053631,10.74,12.74
202300053678,6.38,5.9
202300053693,2.98,2.4
202300053696,6.63,5.48
202300053697,11.26,9.41
202300053706,5.56,7.98
202300053779,2.65,4.74
202300053781,5.3,5.02
202300053790,7.1,7.23
202300053793,7.17,7.15
202300053808,7.24,13.86
202300053828,9.63,9.8
202300053833,9.96,10.2
202300053846,7.37,6.39
202300053889,3.44,10.78
202300053900,2.68,7.74
202300053961,7.97,7.3
202300053982,9.54,6.94
202300054022,6.4,7.51
202300054031,5.48,2.0
202300054055,10.55,2.82
202300054060,5.25,3.93
202300054069,7.6,16.52
202300054070,5.25,6.19
202300054179,14.59,15.52
202300054184,13.71,13.71
202300054190,5.64,3.85
202300054199,11.0,3.53
202300054202,1.9,1.86
202300054206,17.11,50.76
202300054215,4.46,12.55
202300054275,9.58,12.16
202300054285,10.53,10.88
202300054313,10.77,21.06
202300054361,6.69,5.46
202300054373,6.77,7.88
202300054394,4.67,21.86
202300054402,3.67,25.18
202300054413,11.76,28.75
202300054502,4.54,6.54
202300054508,2.98,4.43
202300054513,10.58,31.53
202300054516,4.96,11.1
202300054523,13.98,25.0
202300054531,10.35,4.65
202300054540,2.81,2.12
202300054543,7.95,10.53
202300054561,14.42,40.53
202300054578,8.3,14.04
202300054582,7.14,32.22
202300054590,6.68,5.18
202300054601,2.64,24.14
202300054615,4.36,5.1
202300054651,2.13,21.98
202300054786,10.1,27.28
202300054798,7.49,10.8
202300054800,8.18,10.18
202300054801,6.44,3.49
202400000024,2.54,6.04
202400000034,3.53,5.05
202400000035,5.6,7.6
202400000036,3.82,4.31
202400000048,8.04,5.44
202400000067,10.89,9.37
202400000077,10.89,25.3
202400000120,3.29,2.07
202400000121,8.05,6.9
202400000134,6.12,6.08
202400000194,6.89,19.75
202400000196,2.16,18.67
202400000198,15.62,17.17
202400000206,10.34,20.76
202400000225,7.05,11.6
202400000262,10.62,11.56
202400000263,5.67,6.78
202400000264,8.53,9.23
202400000265,6.13,7.02
202400000298,7.75,9.22
202400000300,9.87,9.01
202400000368,5.96,25.25
202400000412,9.39,13.99
202400000417,5.81,9.99
202400000420,8.57,11.15
202400000493,4.6,3.23
202400000494,8.62,3.74
202400000496,2.96,4.96
202400000502,4.93,4.89
202400000504,4.06,5.8
202400000519,3.46,6.96
202400000524,5.77,6.55
202400000525,5.89,10.1
202400000549,1.84,22.29
202400000609,10.87,15.95
202400000616,4.12,4.59
202400000618,2.48,1.3
202400000647,2.44,2.87
202400000649,2.4,6.91
202400000671,2.84,13.32
202400000741,4.42,2.64
202400000753,7.09,10.26
202400000755,5.79,3.18
202400000757,1.76,10.09
202400000787,5.53,26.65
202400000789,2.25,25.44
202400000802,1.85,36.39
202400000808,2.84,5.59
202400000845,10.18,74.95
202400000846,9.02,15.52
202400000848,13.95,16.0
202400000849,2.12,24.18
202400000856,7.84,7.47
202400000857,11.62,8.08
202400000892,2.38,3.14
202400000893,9.22,9.91
202400000894,9.43,8.58
202400000905,3.47,5.34
202400000906,3.5,11.83
202400000951,6.64,2.7
202400000952,8.3,9.0
202400000962,5.68,11.92
202400000963,8.31,6.22
202400001007,2.12,14.76
202400001067,6.46,4.35
202400001069,1.43,4.14
202400001082,7.09,5.87
202400001112,9.53,3.18
202400001135,2.24,9.58
202400001137,9.08,8.31
202400001139,4.89,3.85
202400001171,13.09,19.63
202400001172,6.0,18.27
202400001180,8.11,22.83
202400001205,5.4,9.46
202400001230,11.99,12.04
202400001231,12.29,23.6
202400001246,4.46,6.55
202400001280,1.63,11.42
202400001319,9.33,22.35
202400001359,10.62,17.28
202400001391,8.19,14.91
202400001422,5.29,31.71
202400001437,3.54,5.63
202400001444,3.04,4.38
202400001446,6.24,10.15
202400001447,8.74,10.05
202400001448,6.28,3.66
202400001501,5.83,3.33
202400001502,8.32,6.42
202400001516,2.97,24.94
202400001533,1.27,3.93
202400001535,7.61,39.18
202400001539,10.9,4.8
202400001574,1.46,24.82
202400001594,8.25,25.5
202400001631,3.2,20.15
202400001664,4.11,17.37
202400001676,7.91,28.67
202400001744,10.38,11.48
202400001745,6.56,6.6
202400001747,7.18,7.88
202400001749,5.24,5.13
202400001781,6.75,3.72
202400001794,5.61,6.72
202400001802,5.34,7.34
202400001805,9.18,1.81
202400001807,1.57,5.77
202400001808,3.8,3.76
202400001845,5.02,11.13
202400001848,4.6,1.99
202400001959,7.16,25.15
202400001985,5.52,23.41
202400001987,9.67,11.69
202400002009,4.52,16.6
202400002018,9.85,12.76
202400002023,10.55,8.38
202400002038,1.71,19.02
202400002051,11.52,5.36
202400002053,4.86,9.73
202400002151,2.41,2.06
202400002155,8.97,9.67
202400002158,6.06,7.16
202400002178,5.62,30.68
202400002188,12.27,13.38
202400002190,7.22,8.56
202400002192,3.48,3.69
202400002195,6.69,7.39
202400002198,10.99,14.06
202400002203,5.9,2.92
202400002205,13.15,18.33
202400002230,3.0,5.09
202400002232,6.68,8.27
202400002259,1.6,3.69
202400002262,8.85,5.05
202400002268,6.61,6.0
202400002270,8.36,12.04
202400002272,4.96,5.58
202400002417,3.29,8.75
202400002434,6.62,8.04
202400002438,5.3,11.54
202400002442,4.56,8.06
202400002516,10.33,14.7
202400002518,6.5,23.24
202400002521,13.43,15.75
202400002523,14.96,18.51
202400002531,5.37,19.12
202400002570,7.15,28.35
202400002573,2.46,22.9
202400002578,1.3,29.71
202400002638,9.04,6.71
202400002648,2.23,13.15
202400002701,8.37,40.06
202400002702,5.85,34.62
202400002716,8.73,10.07
202400002834,6.23,16.61
202400002842,5.99,6.77
202400002844,4.04,7.54
202400002971,0.62,23.6
202400002975,4.63,10.87
202400002982,7.51,12.05
202400002984,4.54,6.62
202400003034,6.39,5.07
202400003076,9.75,5.97
202400003140,8.22,8.29
202400003142,8.38,8.98
202400003144,8.77,9.26
202400003145,5.65,19.16
202400003146,2.97,5.68
202400003148,2.26,4.26
202400003150,2.14,5.03
202400003152,4.41,5.19
202400003153,7.71,11.17
202400003156,7.58,5.9
202400003158,12.55,9.12
202400003160,5.13,6.76
202400003163,9.54,6.02
202400003200,4.21,5.4
202400003209,7.92,6.03
202400003289,5.5,6.83
202400003312,8.17,11.35
202400003336,4.46,23.47
202400003385,12.17,14.14
202400003398,3.15,13.6
202400003445,1.2,13.7
202400003447,3.56,10.1
202400003448,9.16,11.16
202400003450,12.82,35.71
202400003451,9.69,13.56
202400003459,12.72,24.66
202400003467,5.66,7.12
202400003472,4.76,15.53
202400003532,1.26,11.3
202400003600,8.75,14.66
202400003602,7.25,11.26
202400003604,6.46,14.54
202400003606,4.63,7.41
202400003624,8.85,10.22
202400003643,15.67,28.89
202400003678,2.76,4.39
202400003679,6.42,1.3
202400003682,6.6,10.07
202400003684,7.6,8.3
202400003710,5.11,8.14
202400003729,4.57,5.35
202400003731,10.9,21.53
202400003828,1.1,19.58
202400003850,7.96,28.13
202400003857,9.71,15.87
202400003883,4.74,13.67
202400003888,11.62,4.47
202400003973,4.84,5.77
202400003975,4.13,6.22
202400003977,10.44,3.28
202400004042,10.0,9.92
202400004045,4.46,4.36
202400004096,6.11,4.79
202400004099,5.91,7.06
202400004110,9.87,8.02
202400004114,10.61,11.08
202400004158,7.76,13.17
202400004167,3.44,7.82
202400004188,6.54,7.85
202400004235,0.59,22.17
202400004281,10.16,28.15
202400004288,11.37,12.36
202400004311,4.83,3.23
202400004319,9.14,11.71
202400004326,3.07,37.88
202400004328,12.23,11.76
202400004329,2.55,36.03
202400004357,8.68,23.56
202400004364,2.35,32.78
202400004368,10.52,19.74
202400004378,9.36,19.97
202400004469,8.96,5.19
202400004470,9.8,6.02
202400004502,3.33,5.98
202400004504,5.94,3.78
202400004506,4.18,4.5
202400004549,2.16,1.41
202400004577,8.49,7.72
202400004621,14.57,8.53
202400004624,8.31,23.38
202400004662,5.7,4.37
202400004672,4.16,24.78
202400004692,12.66,14.12
202400004710,14.65,32.54
202400004711,0.71,36.39
202400004737,1.69,19.8
202400004789,9.86,9.62
202400004792,5.32,25.88
202400004859,11.02,10.69
202400004988,6.68,4.72
202400005020,5.24,3.01
202400005047,14.15,5.72
202400005098,5.06,3.9
202400005099,8.51,6.97
202400005120,4.27,4.23
202400005122,5.56,5.27
202400005123,9.86,19.16
202400005125,1.78,12.74
202400005161,2.68,4.68
202400005163,14.12,7.91
202400005207,3.88,0.3
202400005209,9.01,7.24
202400005210,5.38,6.16
202400005226,5.08,30.52
202400005253,5.14,3.52
202400005254,1.07,11.75
202400005264,14.15,32.22
202400005310,14.23,28.12
202400005314,11.97,12.8
202400005316,14.85,13.41
202400005336,6.52,13.06
202400005337,10.97,31.99
202400005340,2.77,21.15
202400005365,1.58,5.07
202400005399,9.12,8.36
202400005400,9.4,5.99
202400005433,12.33,23.14
202400005482,12.66,14.28
202400005489,6.83,21.7
202400005490,1.36,40.52
202400005491,6.92,25.46
202400005497,7.12,8.05
202400005498,7.53,13.37
202400005563,6.9,3.96
202400005565,5.55,6.66
202400005584,4.47,8.21
202400005586,7.25,11.25
202400005589,4.61,2.0
202400005598,3.91,7.24
202400005697,0.8,22.36
202400005761,5.17,11.42
202400005837,1.15,2.42
202400005839,4.38,5.72
202400005841,9.01,3.69
202400005843,11.79,8.23
202400005882,4.59,16.68
202400005890,8.22,6.68
202400005899,7.64,11.52
202400005900,4.71,6.9
202400005907,4.23,0.64
202400005910,4.05,4.78
202400005944,5.39,13.31
202400006005,8.01,33.76
202400006008,4.06,26.35
202400006022,8.99,11.1
202400006045,2.32,4.56
202400006048,5.84,4.61
202400006077,8.97,11.55
202400006082,4.83,3.24
202400006085,8.17,24.11
202400006087,5.99,4.43
202400006104,8.53,34.05
202400006105,6.54,11.29
202400006107,8.53,3.51
202400006110,10.88,8.39
202400006113,9.23,12.08
202400006119,6.72,11.57
202400006122,7.88,2.56
202400006143,10.94,12.57
202400006213,15.14,14.46
202400006216,7.23,3.76
202400006256,7.53,15.61
202400006313,9.49,6.9
202400006315,6.04,11.94
202400006438,3.35,40.49
202400006449,16.72,18.84
202400006450,10.36,12.35
202400006451,1.96,2.31
202400006452,8.68,4.28
202400006453,9.52,6.21
202400006454,8.29,9.51
202400006455,12.01,10.35
202400006456,2.26,4.26
202400006469,7.55,9.3
202400006471,5.89,10.93
202400006475,11.99,24.35
202400006476,11.04,35.29
202400006478,13.17,27.58
202400006493,5.14,5.17
202400006495,3.66,1.46
202400006501,4.05,15.25
202400006508,6.44,6.29
202400006607,2.29,2.49
202400006657,5.69,3.56
202400006659,6.76,7.54
202400006663,6.89,10.01
202400006685,3.85,5.02
202400006720,7.32,29.97
202400006734,15.56,29.66
202400006797,2.86,2.86
202400006818,5.59,25.36
202400006823,7.6,17.99
202400006845,17.09,43.61
202400006852,6.53,19.62
202400006878,15.91,15.48
202400006915,11.38,22.69
202400006924,2.32,3.6
202400006927,8.65,11.96
202400006996,5.89,1.66
202400007020,4.39,7.89
202400007024,3.01,4.74
202400007107,6.11,28.61
202400007124,3.79,46.8
202400007127,2.42,22.94
202400007147,4.51,29.86
202400007157,6.15,9.36
202400007186,3.32,20.67
202400007188,6.8,18.86
202400007190,8.85,11.59
202400007235,9.54,6.68
202400007291,3.89,3.05
202400007292,8.57,5.77
202400007308,9.42,15.32
202400007368,12.97,23.54
202400007372,7.68,17.36
202400007374,2.62,34.69
202400007385,7.78,14.32
202400007397,14.74,33.74
202400007398,9.31,15.24
202400007441,4.54,4.96
202400007442,8.56,7.03
202400007479,8.94,4.54
202400007480,4.86,8.07
202400007482,3.16,4.86
202400007488,6.23,6.07
202400007492,2.77,3.44
202400007494,7.4,4.51
202400007517,13.81,22.46
202400007522,5.9,24.92
202400007578,4.19,1.06
202400007598,12.21,16.22
202400007611,19.73,23.02
202400007634,13.28,12.96
202400007640,5.87,20.55
202400007659,1.99,6.39
202400007673,4.73,11.27
202400007703,5.66,5.96
202400007704,7.75,7.95
202400007705,5.46,5.39
202400007706,7.57,7.64
202400007707,9.27,4.35
202400007708,4.3,4.18
202400007731,7.4,8.18
202400007777,3.13,1.98
202400007778,5.85,7.19
202400007779,6.97,8.08
202400007780,7.1,2.18
202400007781,11.68,9.77
202400007784,8.51,4.11
202400007866,6.32,11.19
202400007868,9.27,3.57
202400007899,2.73,5.72
202400007903,7.12,5.33
202400007906,10.42,6.64
202400007967,4.44,5.87
202400007971,2.63,5.35
202400007972,2.11,4.23
202400007974,9.75,5.97
202400007987,9.16,6.67
202400007990,1.16,12.11
202400008035,4.48,3.16
202400008037,5.92,4.6
202400008113,5.19,18.44
202400008197,3.66,20.13
202400008234,2.83,15.81
202400008284,9.44,13.12
202400008295,6.0,1.98
202400008297,9.18,25.15
202400008300,8.42,7.2
202400008301,2.96,22.0
202400008334,7.78,6.57
202400008336,1.91,14.13
202400008337,4.31,5.13
202400008342,3.32,5.56
202400008345,7.48,9.23
202400008366,6.22,16.79
202400008369,5.54,7.41
202400008384,10.17,16.07
202400008401,8.39,10.01
202400008402,2.86,13.78
202400008446,2.99,1.27
202400008447,12.07,10.02
202400008474,6.02,4.13
202400008493,4.64,2.03
202400008496,3.88,7.58
202400008499,7.62,8.94
202400008502,1.91,12.4
202400008572,4.24,25.71
202400008612,15.94,14.71
202400008667,9.89,15.65
202400008669,7.59,26.14
202400008704,14.05,17.26
202400008707,2.26,32.87
202400008716,8.28,25.1
202400008718,1.79,21.81
202400008719,8.22,25.04
202400008807,11.34,7.54
202400008809,9.3,5.54
202400008908,10.45,21.31
202400008926,4.35,3.2
202400008927,4.27,2.96
202400008928,4.48,3.4
202400008929,4.19,5.3
202400008930,6.12,1.2
202400008948,5.9,11.81
202400008949,7.7,7.24
202400008950,3.98,11.42
202400009005,1.66,10.04
202400009029,12.03,13.99
202400009030,5.38,20.14
202400009033,1.12,26.33
202400009035,1.51,25.61
202400009047,12.18,15.39
202400009049,7.1,17.49
202400009050,11.42,9.59
202400009061,6.7,13.24
202400009112,6.72,5.56
202400009118,8.05,6.52
202400009121,11.11,2.68
202400009126,3.16,11.49
202400009167,7.42,9.5
202400009169,5.33,4.01
202400009246,14.09,19.48
202400009256,2.41,16.35
202400009264,5.58,9.59
202400009331,4.94,5.81
202400009332,8.4,11.61
202400009339,4.6,7.63
202400009349,7.36,9.11
202400009430,7.7,22.77
202400009433,6.58,25.59
202400009446,7.58,11.08
202400009464,4.85,5.84
202400009475,5.75,24.2
202400009488,4.54,27.02
202400009524,5.67,48.62
202400009528,7.28,7.21
202400009596,4.87,6.96
202400009657,7.98,10.1
202400009658,5.72,5.65
202400009659,4.38,4.81
202400009674,5.22,2.19
202400009675,4.26,4.28
202400009742,7.63,6.21
202400009744,4.23,0.64
202400009749,6.58,8.11
202400009751,5.64,6.42
202400009754,2.9,10.24
202400009757,6.22,2.49
202400009760,4.84,7.94
202400009818,9.19,14.28
202400009819,4.7,4.71
202400009820,4.87,4.75
202400009861,5.6,7.2
202400009938,6.68,26.05
202400010009,5.97,27.26
202400010010,3.1,38.87
202400010026,5.79,28.22
202400010047,2.29,9.64
202400010079,9.12,3.42
202400010083,6.05,11.94
202400010086,4.26,6.35
202400010088,11.47,13.47
202400010090,7.52,6.56
202400010109,3.54,5.63
202400010211,2.96,5.08
202400010213,3.69,3.33
202400010216,10.77,10.7
202400010252,10.84,16.11
202400010255,9.99,18.82
202400010261,1.9,2.64
202400010265,8.06,21.9
202400010291,6.88,6.53
202400010298,7.35,15.35
202400010306,4.61,28.72
202400010355,8.86,23.5
202400010357,11.94,15.15
202400010359,2.77,6.26
202400010361,2.4,3.22
202400010364,6.15,6.62
202400010473,4.79,3.58
202400010481,13.14,22.83
202400010483,4.43,25.97
202400010485,6.48,8.16
202400010487,9.81,16.35
202400010505,1.57,30.91
202400010557,7.39,44.61
202400010675,11.37,26.59
202400010677,20.64,19.41
202400010695,5.97,7.1
202400010738,8.58,11.8
202400010742,9.15,12.76
202400010745,10.19,14.01
202400010747,6.72,7.86
202400010749,5.09,5.4
202400010761,7.35,6.54
202400010858,3.06,39.48
202400010859,12.05,37.27
202400010929,16.86,16.18
202400010931,12.1,8.3
202400010953,7.52,6.48
202400010955,4.25,7.98
202400010967,4.47,4.72
202400010989,6.79,16.85
202400011049,4.21,2.88
202400011058,6.84,17.88
202400011126,1.4,13.88
202400011136,1.86,29.22
202400011225,1.18,19.42
202400011287,2.64,2.6
202400011289,6.19,12.13
202400011290,8.93,15.78
202400011302,8.1,6.95
202400011304,5.35,5.17
202400011324,4.36,3.04
202400011412,3.22,20.78
202400011425,1.94,13.94
202400011476,10.34,12.92
202400011492,5.97,9.8
202400011495,5.48,24.03
202400011509,9.4,18.95
202400011552,6.08,26.35
202400011562,6.99,17.37
202400011563,4.84,5.76
202400011564,8.43,11.42
202400011594,0.72,3.01
202400011595,8.83,8.3
202400011605,8.19,10.25
202400011606,5.38,5.46
202400011607,6.81,11.59
202400011639,9.67,9.15
202400011643,7.09,21.86
202400011661,3.63,38.18
202400011707,10.78,32.92
202400011816,7.38,6.22
202400011820,6.79,71.56
202400011835,3.03,6.52
202400011846,5.18,3.93
202400011849,1.74,4.73
202400011852,3.24,3.41
202400011886,3.4,19.73
202400011889,7.26,16.86
202400011954,7.37,5.8
202400011971,1.46,27.89
202400011975,11.96,26.62
202400011990,9.53,11.13
202400011992,7.25,11.25
202400012016,8.57,17.5
202400012042,10.09,15.99
202400012050,12.46,23.8
202400012069,9.86,7.49
202400012086,6.86,20.5
202400012107,3.39,3.54
202400012127,3.79,4.89
202400012142,7.32,13.01
202400012243,9.52,9.92
202400012247,4.58,4.19
202400012251,7.93,11.39
202400012265,1.99,16.13
202400012268,4.85,34.03
202400012275,8.02,2.32
202400012277,8.04,7.29
202400012282,3.06,10.89
202400012284,8.71,16.65
202400012285,4.84,6.59
202400012289,4.86,5.29
202400012292,2.86,4.86
202400012297,3.24,5.71
202400012300,9.46,4.82
202400012346,10.96,38.96
202400012350,8.43,23.93
202400012370,3.08,2.62
202400012396,12.6,12.28
202400012397,3.93,5.32
202400012400,5.19,3.87
202400012417,11.72,14.59
202400012508,5.15,3.94
202400012514,5.24,6.34
202400012515,4.98,3.6
202400012519,2.05,5.81
202400012592,4.56,11.82
202400012595,7.8,18.88
202400012596,1.13,1.19
202400012607,6.76,27.92
202400012610,8.15,28.47
202400012642,6.34,19.57
202400012645,12.38,14.96
202400012652,9.55,40.9
202400012655,9.61,12.18
202400012656,7.32,39.26
202400012683,8.45,22.69
202400012733,5.03,6.41
202400012735,10.9,7.1
202400012746,6.81,12.51
202400012796,3.8,5.25
202400012817,6.69,9.86
202400012870,9.77,10.2
202400012891,8.13,17.75
202400012935,3.47,5.56
202400012937,5.35,6.73
202400012953,2.69,3.88
202400012956,9.48,4.55
202400012983,1.96,4.2
202400012985,3.79,4.67
202400012986,6.29,3.08
202400012987,6.86,5.62
202400012998,5.35,6.48
202400012999,8.65,13.42
202400013060,5.39,16.99
202400013065,3.49,33.88
202400013074,6.84,58.91
202400013080,7.34,11.89
202400013146,8.16,8.09
202400013148,9.51,4.59
202400013177,5.46,10.04
202400013240,4.89,5.65
202400013242,5.76,6.69
202400013302,4.47,13.96
202400013316,4.26,3.45
202400013331,5.02,9.9
202400013335,10.4,7.81
202400013338,4.51,6.6
202400013355,2.82,5.31
202400013424,6.95,5.18
202400013427,5.43,6.31
202400013429,6.46,11.33
202400013469,4.09,4.87
202400013471,5.46,3.7
202400013472,7.26,10.78
202400013500,4.95,4.76
202400013501,9.31,7.46
202400013502,6.71,6.64
202400013520,3.43,4.86
202400013531,7.57,2.45
202400013532,5.84,7.93
202400013533,10.34,12.43
202400013579,1.74,3.86
202400013580,6.19,4.89
202400013581,6.26,5.11
202400013582,3.96,3.89
202400013583,1.81,3.53
202400013584,5.75,6.86
202400013585,10.07,10.77
202400013613,2.74,8.18
202400013615,5.1,4.94
202400013617,5.58,6.36
202400013619,4.04,4.82
202400013621,2.11,9.44
202400013636,3.4,2.61
202400013637,4.19,4.32
202400013639,3.48,3.65
202400013640,11.45,2.25
202400013758,2.29,18.69
202400013760,5.16,32.31
202400013765,10.48,31.44
202400013768,20.8,24.8
202400013792,8.61,10.71
202400013803,2.22,23.46
202400013828,8.28,8.78
202400013835,5.78,33.0
202400013838,5.92,11.13
202400013900,4.66,11.2
202400013977,7.24,5.52
202400014041,8.1,5.29
202400014045,3.95,7.7
202400014056,3.94,31.49
202400014088,5.27,4.05
202400014091,8.14,6.6
202400014138,9.57,11.57
202400014148,3.56,4.49
202400014171,14.79,13.03
202400014174,4.77,6.22
202400014178,7.25,8.66
202400014220,4.3,4.12
202400014221,6.75,8.84
202400014223,3.23,5.32
202400014224,3.24,5.49
202400014226,3.89,4.07
202400014227,5.19,4.72
202400014277,4.01,5.22
202400014290,5.23,2.0
202400014294,5.83,10.04
202400014298,6.49,10.08
202400014300,0.86,2.14
202400014351,3.93,4.84
202400014354,4.05,3.7
202400014358,1.96,2.57
202400014362,7.86,8.97
202400014403,4.22,7.62
202400014435,9.94,29.02
202400014446,3.0,5.09
202400014491,13.75,13.75
202400014539,3.57,4.17
202400014567,0.97,3.71
202400014569,10.57,12.57
202400014636,3.9,6.34
202400014645,3.45,7.76
202400014646,5.03,7.34
202400014647,7.66,9.72
202400014648,7.1,11.1
202400014727,5.06,3.74
202400014728,8.68,15.96
202400014729,5.63,6.41
202400014730,4.29,4.87
202400014731,6.49,5.92
202400014732,4.38,6.13
202400014733,1.29,11.78
202400014827,5.74,25.76
202400014840,5.3,10.18
202400014841,8.58,4.78
202400014842,5.18,6.11
202400014892,5.09,1.38
202400014894,2.99,4.79
202400014895,9.9,5.78
202400014896,9.7,7.45
202400014897,5.42,5.26
202400014898,6.22,9.68
202400014899,1.14,11.62
202400014900,2.96,3.34
202400014902,8.23,8.93
202400014975,4.22,12.73
202400015038,6.43,7.3
202400015043,5.31,6.62
202400015093,9.67,17.0
202400015237,9.18,25.38
202400015243,1.01,52.16
202400015258,9.22,18.77
202400015289,7.48,55.52
202400015292,6.54,8.5
202400015309,7.58,6.61
202400015387,1.72,2.92
202400015389,5.45,4.14
202400015391,6.53,5.37
202400015410,0.98,3.42
202400015413,5.15,3.57
202400015415,6.26,3.65
202400015433,7.74,4.83
202400015443,6.7,7.04
202400015445,4.83,5.5
202400015447,9.1,8.32
202400015510,8.12,8.1
202400015511,2.75,3.55
202400015522,4.75,7.68
202400015594,2.67,20.41
202400015626,5.04,21.53
202400015667,13.02,9.9
202400015777,8.01,3.61
202400015818,5.52,4.04
202400015829,13.19,12.56
202400015841,7.4,11.26
202400015843,8.71,4.81
202400015845,9.01,7.24
202400015847,5.74,3.12
202400015858,3.42,1.44
202400015863,0.67,17.57
202400015959,8.54,26.21
202400015962,6.72,30.25
202400016000,12.84,25.43
202400016015,11.83,15.19
202400016027,2.96,5.74
202400016062,5.48,11.67
202400016086,2.04,29.7
202400016142,4.44,6.53
202400016145,5.07,5.0
202400016148,3.74,3.56
202400016152,3.05,2.98
202400016154,6.49,7.37
202400016157,9.52,5.73
202400016199,10.91,30.1
202400016203,6.86,41.91
202400016215,5.06,8.82
202400016219,2.92,1.76
202400016222,7.38,6.57
202400016274,5.79,4.56
202400016371,5.14,27.54
202400016382,11.3,42.98
202400016402,2.2,17.12
202400016441,4.25,3.51
202400016456,4.69,21.88
202400016459,8.45,17.71
202400016482,15.18,25.22
202400016486,5.69,7.03
202400016506,10.82,22.09
202400016521,4.27,4.23
202400016523,5.38,3.81
202400016544,5.28,15.66
202400016594,7.36,20.76
202400016704,1.52,35.56
202400016710,5.22,20.78
202400016727,2.81,23.38
202400016729,8.04,20.82
202400016740,0.81,23.32
202400016784,7.7,9.52
202400016810,6.38,40.93
202400016813,6.52,3.76
202400016846,9.34,10.71
202400016848,2.56,3.22
202400016850,1.79,7.67
202400016852,1.0,5.59
202400016854,5.16,7.44
202400016867,8.0,14.54
202400016870,8.33,10.42
202400016872,7.86,18.24
202400016874,7.69,9.78
202400016876,8.32,5.73
202400016898,2.87,21.76
202400016916,4.02,4.69
202400016917,3.64,3.45
202400016957,9.51,23.86
202400016958,5.4,25.92
202400017002,10.15,12.27
202400017082,5.62,22.98
202400017092,9.24,3.54
202400017189,14.45,12.13
202400017190,2.0,4.71
202400017191,5.72,9.72
202400017192,6.97,5.2
202400017207,5.68,2.66
202400017325,7.09,7.17
202400017328,4.94,5.22
202400017377,9.49,2.13
202400017380,10.88,8.39
202400017392,16.77,32.33
202400017399,4.35,19.82
202400017429,3.34,11.42
202400017481,5.54,26.84
202400017484,2.61,37.01
202400017486,8.68,19.23
202400017542,9.52,3.82
202400017547,17.45,20.9
202400017583,9.85,12.66
202400017584,5.1,6.86
202400017641,15.34,17.46
202400017725,2.86,3.8
202400017756,8.33,13.38
202400017759,6.61,10.48
202400017766,4.63,6.72
202400017771,7.59,8.52
202400017859,4.01,4.5
202400017867,6.66,4.25
202400017871,4.97,5.94
202400017932,14.18,36.3
202400017951,6.09,8.86
202400018004,7.69,29.11
202400018011,4.66,4.73
202400018049,3.88,47.18
202400018110,5.99,6.19
202400018160,6.4,6.21
202400018162,9.8,9.76
202400018205,3.37,4.8
202400018219,3.32,14.52
202400018235,7.96,17.09
202400018263,7.51,41.02
202400018284,3.71,3.53
202400018289,7.1,5.45
202400018333,4.41,22.33
202400018385,8.44,21.32
202400018389,15.1,14.42
202400018419,4.72,7.08
202400018426,5.57,12.11
202400018434,10.42,30.67
202400018479,6.83,5.67
202400018481,5.74,7.08
202400018483,10.18,10.88
202400018486,6.63,4.67
202400018510,1.4,28.28
202400018522,6.7,27.56
202400018546,5.39,25.9
202400018554,1.01,23.11
202400018576,9.76,7.92
202400018617,7.26,17.64
202400018625,3.75,12.72
202400018631,1.55,27.99
202400018651,9.41,12.22
202400018675,9.49,12.29
202400018676,9.34,5.17
202400018677,5.48,6.59
202400018686,2.46,5.44
202400018782,10.43,24.73
202400018786,12.86,9.06
202400018788,9.63,15.2
202400018789,21.16,39.99
202400018809,7.91,9.97
202400018811,6.99,6.26
202400018814,4.32,4.29
202400018959,8.13,6.98
202400018960,6.5,6.42
202400018971,6.88,13.64
202400019007,7.86,16.81
202400019015,6.66,10.8
202400019016,5.97,11.87
202400019067,5.65,7.74
202400019070,5.74,5.9
202400019073,8.59,10.22
202400019124,2.03,4.16
202400019125,7.08,6.26
202400019128,4.88,5.66
202400019131,1.12,12.31
202400019159,6.98,6.72
202400019193,7.69,3.92
202400019263,3.96,29.39
202400019351,5.75,16.17
202400019368,6.1,8.41
202400019382,5.14,5.06
202400019385,4.08,3.74
202400019388,3.77,4.96
202400019391,4.7,3.69
202400019407,12.91,11.08
202400019408,8.86,34.74
202400019409,9.88,18.9
202400019415,7.81,14.35
202400019426,6.18,7.46
202400019427,11.84,28.83
202400019430,4.73,24.66
202400019435,8.6,9.68
202400019438,6.27,12.07
202400019440,2.28,4.39
202400019441,8.52,10.15
202400019445,7.25,11.25
202400019456,7.55,17.94
202400019457,5.13,9.36
202400019480,4.07,19.98
202400019564,9.65,10.99
202400019565,9.66,8.78
202400019582,10.7,13.71
202400019583,4.76,9.26
202400019607,11.18,22.17
202400019608,15.73,24.32
202400019628,8.65,18.11
202400019630,2.22,9.29
202400019670,10.27,34.38
202400019690,10.1,20.75
202400019712,1.89,17.13
202400019723,16.22,16.06
202400019785,9.14,8.28
202400019786,8.51,14.36
202400019804,6.21,12.35
202400019809,4.76,2.15
202400019861,9.51,8.29
202400019864,2.56,5.44
202400019908,2.76,4.89
202400019911,6.12,6.85
202400019916,4.49,6.85
202400019921,6.37,6.71
202400019925,12.0,10.36
202400019952,13.85,15.85
202400019954,5.63,25.13
202400019985,4.95,6.28
202400019988,1.81,33.38
202400020149,18.13,49.7
202400020171,9.48,17.68
202400020178,3.14,1.92
202400020268,3.69,4.8
202400020282,6.0,31.78
202400020304,1.81,6.28
202400020307,5.89,11.78
202400020327,9.06,11.01
202400020328,3.84,4.51
202400020373,4.05,38.42
202400020437,4.06,12.25
202400020452,1.52,5.65
202400020471,4.15,9.22
202400020491,7.32,9.44
202400020493,3.65,3.3
202400020495,8.9,6.84
202400020540,7.94,13.29
202400020543,6.38,7.05
202400020545,9.17,11.26
202400020630,7.84,8.53
202400020633,8.01,8.09
202400020637,2.63,5.82
202400020641,8.79,5.02
202400020644,12.26,11.45
202400020677,5.4,6.73
202400020678,5.33,4.18
202400020693,5.67,3.71
202400020700,5.84,5.27
202400020702,8.3,10.38
202400020703,6.75,7.1
202400020705,3.91,4.73
202400020727,5.32,6.46
202400020801,7.21,8.2
202400020832,2.93,5.02
202400020879,10.51,11.06
202400020927,2.0,2.6
202400020928,7.66,4.12
202400020929,9.79,8.26
202400020965,5.72,5.68
202400020968,7.81,7.1
202400021048,12.2,21.98
202400021112,13.27,51.09
202400021113,4.6,20.64
202400021124,5.54,26.83
202400021186,13.0,32.93
202400021187,4.2,17.69
202400021201,7.98,5.08
202400021203,7.71,27.01
202400021241,10.21,24.2
202400021244,6.85,25.79
202400021291,5.66,5.18
202400021323,2.79,1.47
202400021329,8.8,9.5
202400021359,7.95,10.98
202400021371,3.25,6.19
202400021402,5.11,7.23
202400021403,5.17,4.7
202400021405,4.45,4.09
202400021407,4.34,4.17
202400021409,4.36,4.25
202400021426,5.15,13.3
202400021451,10.17,5.58
202400021453,5.11,3.79
202400021489,4.18,4.15
202400021589,2.8,20.2
202400021591,10.43,29.89
202400021637,11.15,12.78
202400021644,8.23,10.18
202400021661,6.48,8.56
202400021662,6.73,5.76
202400021664,9.13,15.03
202400021769,7.12,5.6
202400021792,7.13,31.46
202400021835,3.64,7.14
202400021856,10.39,2.98
202400021860,12.09,9.5
202400021885,2.58,3.02
202400021901,2.16,5.82
202400021904,2.66,4.94
202400021965,4.12,19.52
202400022009,13.61,11.59
202400022015,6.47,29.83
202400022019,11.4,27.12
202400022050,6.96,9.54
202400022074,2.88,21.15
202400022079,12.36,14.46
202400022110,7.6,12.65
202400022148,7.37,6.9
202400022149,13.26,17.64
202400022151,7.89,6.35
202400022189,8.14,10.26
202400022191,4.93,4.25
202400022194,3.47,3.08
202400022195,4.3,3.14
202400022216,2.28,7.18
202400022218,7.46,6.69
202400022269,4.16,8.26
202400022374,16.44,15.76
202400022378,7.92,2.99
202400022421,6.72,9.24
202400022511,2.1,23.1
202400022542,3.64,3.11
202400022543,1.72,3.22
202400022544,4.97,3.81
202400022545,6.03,4.88
202400022546,5.08,3.77
202400022566,2.44,3.1
202400022628,4.99,19.49
202400022646,16.56,22.08
202400022652,5.95,6.27
202400022657,4.39,3.52
202400022739,2.95,3.02
202400022740,9.51,24.54
202400022741,4.97,20.2
202400022745,10.34,2.98
202400022804,1.98,2.58
202400022805,6.62,6.27
202400022835,12.22,8.42
202400022853,7.27,6.61
202400022854,5.55,10.77
202400022952,6.67,34.03
202400022982,6.86,23.56
202400023008,10.66,22.99
202400023016,8.56,23.07
202400023046,7.16,6.76
202400023049,5.42,5.24
202400023053,8.45,18.0
202400023054,8.06,6.91
202400023071,4.64,6.33
202400023088,7.26,12.02
202400023098,9.12,6.52
202400023163,3.65,8.57
202400023176,11.18,11.88
202400023208,4.47,5.15
202400023359,6.24,10.12
202400023360,11.25,5.09
202400023362,5.12,4.64
202400023364,4.26,8.27
202400023442,2.54,21.79
202400023461,2.23,17.24
202400023473,13.92,18.95
202400023538,3.59,10.13
202400023596,9.95,13.56
202400023598,7.06,7.1
202400023608,5.96,16.18
202400023616,4.27,16.94
202400023637,4.51,5.73
202400023688,3.33,47.14
202400023692,12.8,9.08
202400023724,11.73,49.24
202400023746,11.54,10.86
202400023783,4.25,6.34
202400023794,10.19,12.77
202400023796,9.95,5.36
202400023827,12.24,34.12
202400023875,6.5,30.33
202400023877,4.93,21.54
202400023929,3.97,5.3
202400023932,5.18,4.03
202400023933,1.43,34.52
202400023937,2.63,2.69
202400023941,7.0,8.11
202400023946,2.4,6.17
202400023968,7.01,7.71
202400023970,6.64,5.83
202400023975,9.65,5.86
202400024013,2.5,20.37
202400024016,13.59,28.39
202400024017,4.2,3.36
202400024020,6.77,4.06
202400024023,3.66,5.72
202400024047,4.32,7.23
202400024092,5.77,9.51
202400024151,5.0,10.9
202400024192,5.36,15.65
202400024193,1.92,3.99
202400024195,9.62,18.73
202400024219,9.0,11.11
202400024232,5.34,2.31
202400024248,6.9,11.88
202400024264,1.67,19.63
202400024282,8.3,22.33
202400024291,7.85,29.4
202400024324,4.65,20.16
202400024379,5.46,17.73
202400024429,5.81,4.59
202400024431,3.82,0.29
202400024464,4.2,2.88
202400024532,8.63,22.04
202400024557,3.78,4.33
202400024637,16.87,17.67
202400024646,6.86,15.28
202400024647,8.66,9.17
202400024648,12.64,21.42
202400024655,9.95,5.36
202400024772,10.84,10.32
202400024773,1.88,5.65
202400024774,12.54,6.15
202400024775,7.98,12.03
202400024798,6.05,7.34
202400024799,4.44,5.92
202400024829,5.67,7.79
202400024854,9.56,6.96
202400024856,11.31,13.31
202400024940,5.18,4.71
202400024941,8.5,5.91
202400024943,9.89,9.82
202400024945,10.1,8.88
202400024985,6.81,3.78
202400024988,3.34,5.91
202400024994,3.86,3.68
202400024996,3.92,4.82
202400024999,9.65,8.43
202400025005,2.13,2.1
202400025007,7.68,18.4
202400025008,9.6,10.62
202400025012,5.96,6.17
202400025015,9.58,10.59
202400025018,6.39,8.67
202400025056,15.4,6.98
202400025057,18.45,16.95
202400025060,5.12,3.8
202400025064,10.04,12.84
202400025066,0.97,12.17
202400025081,2.38,8.41
202400025120,8.48,26.62
202400025159,12.11,51.25
202400025161,8.69,10.3
202400025170,5.33,15.86
202400025196,5.89,10.44
202400025260,2.3,32.47
202400025277,7.98,9.72
202400025279,7.18,6.3
202400025281,7.0,8.32
202400025283,4.91,5.63
202400025285,4.89,5.68
202400025287,3.92,3.63
202400025289,9.64,8.89
202400025322,8.94,11.93
202400025422,5.76,27.38
202400025486,3.38,2.23
202400025487,6.22,7.33
202400025490,2.28,4.28
202400025513,3.66,3.4
202400025514,0.57,39.06
202400025516,16.68,19.31
202400025519,10.02,12.14
202400025549,10.71,3.34
202400025552,9.38,12.19
202400025553,5.76,6.69
202400025655,6.85,17.24
202400025702,7.46,31.73
202400025740,5.03,26.52
202400025763,14.86,14.19
202400025766,2.81,3.91
202400025767,10.32,11.65
202400025769,4.51,3.15
202400025771,8.28,4.81
202400025799,11.03,11.1
202400025808,1.66,4.32
202400025811,3.74,6.52
202400025812,14.15,16.93
202400025820,6.49,10.29
202400025824,4.33,5.14
202400025826,8.81,4.2
202400025827,10.04,11.37
202400025900,5.0,9.0
202400025902,3.76,1.86
202400025912,10.55,7.86
202400025952,21.84,50.89
202400025982,18.49,21.76
202400025994,1.66,20.27
202400026006,8.1,6.88
202400026009,1.82,3.94
202400026030,3.16,12.75
202400026045,7.77,7.19
202400026052,8.53,5.94
202400026054,4.15,2.83
202400026056,5.24,3.92
202400026057,10.61,17.15
202400026060,5.06,6.19
202400026117,2.68,23.67
202400026125,6.23,7.7
202400026187,10.05,3.87
202400026190,6.88,5.91
202400026222,4.96,3.18
202400026225,12.67,20.15
202400026254,8.94,23.54
202400026269,8.2,4.4
202400026273,8.61,4.81
202400026280,9.69,16.31
202400026313,12.55,13.8
202400026314,7.35,31.77
202400026315,24.24,33.01
202400026334,5.91,15.9
202400026337,12.95,25.43
202400026355,4.54,30.98
202400026362,7.17,9.18
202400026363,0.87,41.01
202400026374,6.41,12.3
202400026375,7.89,7.31
202400026466,1.84,5.61
202400026474,3.74,3.56
202400026476,9.33,4.41
202400026478,8.01,2.93
202400026480,1.74,5.5
202400026482,5.42,6.31
202400026526,2.22,19.02
202400026530,5.43,19.19
202400026545,0.32,15.64
202400026557,3.28,27.31
202400026558,17.5,43.22
202400026559,3.61,16.14
202400026642,8.11,6.96
202400026709,5.14,3.98
202400026710,9.85,8.63
202400026711,6.51,5.32
202400026712,12.31,10.25
202400026722,4.63,8.12
202400026736,4.89,4.85
202400026738,5.07,4.03
202400026740,4.36,4.48
202400026743,5.88,8.78
202400026865,2.88,20.06
202400026902,3.51,22.2
202400026910,9.32,32.84
202400026962,8.15,5.56
202400027023,12.23,32.47
202400027057,9.75,11.88
202400027059,3.66,5.1
202400027061,7.13,7.05
202400027085,6.12,3.51
202400027086,3.64,5.1
202400027087,4.51,3.19
202400027186,4.46,13.47
202400027189,8.85,29.73
202400027197,6.05,36.75
202400027219,9.03,10.86
202400027221,11.6,11.43
202400027223,4.37,3.38
202400027232,6.93,9.02
202400027256,11.72,11.64
202400027258,7.65,8.98
202400027260,4.06,2.33
202400027262,1.18,3.97
202400027263,4.63,4.27
202400027265,6.14,0.99
202400027267,6.54,7.24
202400027300,7.15,4.12
202400027329,8.88,12.71
202400027332,8.52,6.58
202400027335,7.88,10.69
202400027361,5.96,7.19
202400027383,1.56,4.28
202400027387,11.41,7.61
202400027398,5.66,3.76
202400027402,6.75,4.61
202400027405,3.9,6.35
202400027416,2.98,8.65
202400027447,2.66,5.64
202400027451,7.92,3.94
202400027458,5.85,7.94
202400027462,2.51,9.91
202400027465,8.18,8.42
202400027522,5.44,4.49
202400027526,4.98,4.78
202400027532,5.4,3.67
202400027535,6.09,7.83
202400027539,2.94,11.02
202400027611,1.28,17.35
202400027621,2.83,19.98
202400027643,7.31,24.97
202400027664,13.74,48.53
202400027704,7.26,11.29
202400027709,6.35,8.78
202400027819,3.26,5.68
202400027827,10.1,2.74
202400027835,4.0,5.2
202400027838,2.12,11.98
202400027885,4.22,3.06
202400027890,4.17,7.64
202400027956,5.49,12.1
202400027970,5.68,9.52
202400027975,9.26,6.66
202400028029,16.69,16.36
202400028106,2.84,21.42
202400028108,13.43,44.95
202400028121,9.67,28.57
202400028149,0.49,26.14
202400028162,4.98,12.8
202400028170,2.85,16.51
202400028181,2.86,10.44
202400028192,2.49,26.08
202400028203,10.79,12.26
202400028225,7.49,19.63
202400028258,2.9,31.98
202400028261,8.84,15.97
202400028283,7.26,6.9
202400028358,5.24,3.78
202400028364,9.64,11.75
202400028388,5.39,5.2
202400028389,5.74,1.8
202400028390,6.8,7.91
202400028391,9.31,9.06
202400028422,7.86,5.5
202400028425,5.25,11.14
202400028428,3.93,8.59
202400028445,1.56,22.4
202400028456,10.41,14.79
202400028460,8.28,12.41
202400028500,7.98,12.83
202400028501,7.08,5.51
202400028515,9.15,14.91
202400028516,4.41,6.14
202400028589,14.9,13.68
202400028641,16.04,15.37
202400028703,7.74,4.35
202400028705,3.77,3.47
202400028760,2.89,20.48
202400028768,1.21,19.44
202400028769,18.21,16.32
202400028814,2.03,17.26
202400028820,9.46,12.45
202400028899,8.93,5.13
202400028951,7.12,4.09
202400028954,7.32,6.17
202400028983,8.96,13.99
202400028985,5.15,24.86
202400028989,1.12,22.71
202400029008,1.6,21.1
202400029018,6.05,12.24
202400029043,6.23,9.0
202400029058,8.95,11.08
202400029111,2.57,26.73
202400029127,13.71,15.33
202400029154,2.07,4.18
202400029155,6.77,13.91
202400029157,8.11,7.58
202400029159,2.26,4.5
202400029161,3.77,4.64
202400029198,5.48,7.56
202400029202,6.01,3.4
202400029205,5.04,3.71
202400029280,7.18,3.17
202400029307,5.58,4.37
202400029309,3.72,5.17
202400029316,6.5,24.17
202400029408,4.67,4.66
202400029410,8.16,8.2
202400029411,11.22,30.22
202400029446,4.91,6.12
202400029448,4.82,7.26
202400029477,2.59,4.05
202400029485,8.31,14.25
202400029519,5.95,25.25
202400029557,5.22,9.06
202400029608,4.81,26.46
202400029640,4.36,8.07
202400029644,2.84,3.01
202400029648,8.8,10.14
202400029649,7.64,13.53
202400029655,4.62,14.09
202400029738,4.34,17.77
202400029741,5.46,3.94
202400029745,9.38,26.2
202400029801,6.0,27.29
202400029839,11.34,25.74
202400029870,7.46,18.65
202400029910,6.52,21.12
202400030017,6.44,32.01
202400030024,15.46,26.69
202400030047,2.88,20.06
202400030076,7.08,32.72
202400030106,6.7,7.9
202400030110,8.46,28.72
202400030127,10.45,9.51
202400030130,9.8,9.4
202400030156,7.71,7.08
202400030157,3.35,7.41
202400030163,4.7,4.86
202400030231,12.7,5.99
202400030238,6.08,3.05
202400030252,8.59,7.98
202400030261,4.2,2.87
202400030263,10.04,4.84
202400030265,7.91,13.26
202400030346,2.93,13.15
202400030365,12.7,23.35
202400030438,3.71,4.82
202400030452,8.95,8.2
202400030453,7.03,9.12
202400030454,6.17,3.59
202400030523,5.67,25.83
202400030528,11.35,7.78
202400030543,10.58,8.75
202400030567,3.17,3.62
202400030572,8.9,22.3
202400030573,6.7,23.68
202400030739,9.26,8.36
202400030741,4.36,4.18
202400030752,7.09,5.19
202400030869,7.7,6.05
202400030882,2.68,4.77
202400030960,3.78,4.65
202400030962,3.7,5.24
202400030972,6.6,7.56
202400030981,5.6,3.32
202400030983,2.6,5.59
202400030985,5.25,2.64
202400030987,4.18,0.6
202400030989,5.74,4.5
202400031021,7.66,24.17
202400031023,10.58,15.76
202400031040,7.17,5.61
202400031050,4.77,3.1
202400031078,2.34,2.0
202400031079,7.15,5.36
202400031087,6.17,4.27
202400031090,7.19,7.95
202400031130,1.8,16.35
202400031137,6.34,3.84
202400031138,9.68,22.16
202400031154,6.1,7.32
202400031171,3.46,2.33
202400031224,5.18,17.54
202400031243,2.62,3.21
202400031293,6.83,16.51
202400031307,7.6,6.44
202400031342,9.63,6.79
202400031466,4.22,20.67
202400031481,7.55,21.02
202400031494,7.3,5.43
202400031502,2.84,15.2
202400031505,10.76,29.72
202400031508,21.52,29.28
202400031532,12.03,29.71
202400031575,11.56,12.34
202400031608,6.83,13.37
202400031611,4.59,11.13
202400031651,11.37,14.17
202400031680,8.5,11.08
202400031760,6.81,4.84
202400031767,8.38,6.96
202400031832,7.83,27.24
202400031835,9.83,8.46
202400031837,6.54,17.47
202400031865,2.15,8.46
202400031877,5.38,20.85
202400031908,7.12,9.21
202400031910,5.66,5.04
202400031913,9.66,13.5
202400031919,3.06,5.78
202400031946,9.3,19.02
202400031953,10.74,8.63
202400032026,5.32,11.86
202400032029,8.38,10.96
202400032051,8.43,5.62
202400032052,6.46,5.3
202400032055,4.83,5.94
202400032056,6.05,3.72
202400032087,6.22,4.11
202400032089,8.78,7.56
202400032093,4.9,6.9
202400032127,7.6,9.69
202400032208,5.92,26.92
202400032230,12.68,21.54
202400032273,8.25,21.88
202400032282,7.04,8.74
202400032301,8.3,20.47
202400032302,7.86,10.91
202400032357,2.04,2.39
202400032358,4.1,3.02
202400032359,8.75,8.68
202400032360,6.69,6.54
202400032361,6.03,6.73
202400032381,13.84,12.72
202400032397,4.48,6.48
202400032398,5.52,6.65
202400032455,3.37,7.0
202400032461,11.89,16.01
202400032468,6.11,16.68
202400032508,8.49,13.7
202400032509,7.97,10.75
202400032539,9.0,5.19
202400032604,8.72,8.2
202400032606,2.17,4.18
202400032608,3.8,7.56
202400032647,6.56,5.97
202400032648,9.24,7.51
202400032649,9.98,12.79
202400032688,12.56,19.48
202400032748,4.78,32.43
202400032779,12.34,11.66
202400032854,3.88,7.72
202400032855,8.01,7.48
202400032857,8.09,6.93
202400032858,5.11,8.95
202400032859,4.27,3.58
202400032861,4.8,3.64
202400032863,2.68,3.89
202400032864,6.95,5.97
202400032866,6.17,9.63
202400032904,2.62,6.12
202400032912,8.43,7.2
202400032914,3.0,2.92
202400032917,9.57,5.14
202400032933,8.21,3.09
202400032940,2.2,3.43
202400032943,2.39,7.31
202400032946,8.92,1.55
202400032947,5.85,6.59
202400032950,4.18,2.86
202400033029,6.41,24.06
202400033045,3.83,29.06
202400033066,13.6,14.28
202400033069,7.04,9.82
202400033070,7.14,12.01
202400033071,4.47,8.31
202400033095,4.36,36.44
202400033174,5.35,15.74
202400033179,10.67,3.3
202400033184,8.27,12.87
202400033270,6.99,4.84
202400033278,0.82,19.92
202400033283,5.12,20.21
202400033304,6.92,8.99
202400033347,6.87,5.45
202400033394,3.53,3.68
202400033399,4.28,6.57
202400033485,5.07,10.96
202400033493,5.32,13.38
202400033496,7.77,14.51
202400033623,4.88,1.93
202400033628,10.94,10.95
202400033650,11.54,11.01
202400033674,7.05,18.82
202400033720,7.26,1.65
202400033726,9.95,19.63
202400033730,3.17,4.49
202400033736,7.47,9.89
202400033741,5.66,15.34
202400033778,12.06,21.64
202400033783,6.37,5.21
202400033784,3.9,4.58
202400033786,8.82,9.41
202400033788,6.29,7.61
202400033792,3.76,5.32
202400033793,7.36,11.91
202400033846,6.17,6.95
202400033850,6.48,11.04
202400033855,3.6,20.95
202400033877,9.63,10.62
202400033917,8.51,12.64
202400033920,12.72,15.3
202400033935,7.86,6.01
202400033937,5.06,3.59
202400033952,9.48,3.29
202400033956,6.12,4.95
202400033957,6.63,3.04
202400034007,16.49,17.62
202400034009,2.73,1.5
202400034011,3.22,4.55
202400034013,4.11,5.22
202400034016,11.21,11.16
202400034025,3.34,28.99
202400034033,5.3,22.49
202400034057,7.46,37.99
202400034061,1.27,2.06
202400034068,12.08,36.72
202400034099,7.87,25.54
202400034101,10.96,31.23
202400034129,1.47,3.59
202400034177,3.94,21.61
202400034182,9.89,10.09
202400034198,1.22,2.21
202400034199,1.97,30.36
202400034210,6.08,3.96
202400034212,5.5,6.61
202400034248,6.46,3.88
202400034250,2.36,5.43
202400034258,10.31,4.67
202400034277,4.72,3.4
202400034339,6.39,11.64
202400034412,10.14,33.56
202400034417,9.45,23.26
202400034429,10.36,4.66
202400034431,5.46,6.39
202400034511,10.79,15.28
202400034512,7.48,7.04
202400034528,10.99,8.62
202400034529,10.47,3.34
202400034530,10.04,11.68
202400034532,12.2,8.41
202400034534,10.08,29.77
202400034535,3.44,5.09
202400034566,5.31,11.3
202400034570,3.04,8.49
202400034572,1.58,2.37
202400034573,6.3,8.36
202400034598,11.55,12.35
202400034633,6.78,8.24
202400034666,4.62,22.99
202400034678,5.9,30.25
202400034680,9.9,16.39
202400034695,3.5,18.34
202400034753,4.32,2.66
202400034757,11.23,14.04
202400034760,7.72,3.31
202400034762,9.62,5.5
202400034800,6.31,2.72
202400034802,6.23,4.46
202400034823,1.57,4.02
202400034826,9.51,5.74
202400034827,6.42,9.89
202400034852,5.82,2.85
202400034859,7.7,9.85
202400034898,3.83,22.89
202400034984,5.49,10.36
202400035022,7.21,23.72
202400035026,9.11,5.31
202400035027,2.29,4.38
202400035028,4.63,11.17
202400035094,15.92,25.13
202400035133,1.83,26.4
202400035141,14.58,16.71
202400035156,12.61,14.57
202400035172,7.05,5.55
202400035175,0.42,41.34
202400035201,6.97,7.17
202400035204,10.5,12.5
202400035220,3.06,29.46
202400035225,12.82,13.5
202400035233,10.53,14.38
202400035246,9.69,6.56
202400035271,3.04,2.79
202400035277,7.66,6.09
202400035322,5.52,3.19
202400035383,8.13,8.09
202400035387,5.48,5.32
202400035393,5.66,5.09
202400035427,8.52,13.87
202400035431,2.45,7.0
202400035444,8.11,8.28
202400035449,3.12,1.97
202400035450,4.16,5.1
202400035452,7.48,7.56
202400035512,2.81,7.59
202400035552,1.56,12.05
202400035576,2.04,7.23
202400035603,13.03,10.87
202400035607,5.82,20.6
202400035638,6.57,9.6
202400035704,5.92,24.67
202400035705,1.43,8.08
202400035759,4.99,3.37
202400035781,1.64,10.95
202400035849,5.05,18.46
202400035881,3.22,4.55
202400035883,5.0,3.53
202400035885,1.73,5.5
202400035946,7.14,6.17
202400036040,5.49,24.74
202400036052,2.73,1.5
202400036054,8.99,9.38
202400036055,8.59,3.54
202400036056,5.68,2.53
202400036074,6.91,6.02
202400036076,9.07,14.83
202400036085,14.03,31.24
202400036126,6.84,4.23
202400036128,5.66,2.08
202400036130,6.24,6.97
202400036174,3.68,7.44
202400036176,9.91,6.12
202400036206,0.81,14.44
202400036209,6.36,21.38
202400036217,9.28,10.6
202400036220,9.4,3.24
202400036225,4.92,9.67
202400036228,11.78,6.44
202400036231,8.03,0.8
202400036245,6.23,16.61
202400036248,5.69,7.78
202400036286,7.06,15.65
202400036299,3.05,19.55
202400036301,13.64,27.09
202400036320,5.48,7.61
202400036322,2.31,2.55
202400036324,4.7,7.68
202400036344,9.41,12.41
202400036354,5.0,4.39
202400036471,1.98,2.99
202400036473,12.16,12.98
202400036475,13.97,18.27
202400036478,10.68,12.81
202400036482,16.48,15.81
202400036485,3.8,6.04
202400036487,2.56,5.44
202400036490,6.22,8.31
202400036491,11.58,7.78
202400036492,7.4,9.49
202400036529,6.01,14.95
202400036552,7.88,15.27
202400036553,4.24,6.66
202400036555,6.7,14.06
202400036568,6.63,7.76
202400036572,4.95,11.19
202400036574,3.69,4.24
202400036578,8.62,10.25
202400036612,7.17,6.36
202400036615,2.98,4.98
202400036619,10.18,4.62
202400036633,8.7,14.38
202400036636,8.65,4.85
202400036654,5.48,7.25
202400036657,8.48,10.61
202400036660,7.49,4.54
202400036664,4.31,5.65
202400036668,7.18,5.36
202400036681,2.34,3.08
202400036708,5.1,2.49
202400036712,4.55,5.58
202400036714,6.7,7.04
202400036717,4.04,1.43
202400036720,9.02,14.71
202400036808,6.07,28.53
202400036836,6.26,27.1
202400036838,10.02,13.01
202400036844,4.82,11.36
202400036846,4.62,10.86
202400036849,12.15,19.01
202400036853,11.41,11.28
202400036880,1.25,17.17
202400036881,2.76,23.03
202400036892,4.16,10.7
202400036893,5.4,10.28
202400036894,3.53,1.76
202400036948,8.18,8.33
202400036949,7.58,6.43
202400036950,3.34,4.28
202400037002,10.05,12.18
202400037050,7.93,12.06
202400037063,10.1,5.85
202400037092,2.51,1.6
202400037096,2.21,9.55
202400037168,2.2,4.32
202400037172,6.12,6.06
202400037213,9.02,5.23
202400037265,1.42,5.18
202400037314,9.28,7.69
202400037326,6.84,19.32
202400037354,8.57,20.02
202400037374,10.87,20.33
202400037404,4.39,8.88
202400037426,4.34,8.34
202400037479,15.4,14.72
202400037502,1.26,3.43
202400037507,4.3,5.63
202400037511,7.91,7.38
202400037515,4.15,3.51
202400037519,8.0,3.82
202400037523,6.88,3.41
202400037525,7.64,3.66
202400037529,9.55,5.75
202400037590,7.21,5.36
202400037592,9.26,7.41
202400037596,7.14,7.18
202400037599,4.05,4.07
202400037708,3.74,14.42
202400037740,4.53,21.55
202400037790,12.36,10.53
202400037817,6.09,7.02
202400037832,3.09,23.08
202400037878,1.94,26.12
202400037917,1.92,2.27
202400037919,7.81,14.44
202400037921,7.17,4.3
202400037922,9.56,6.97
202400037923,5.32,6.13
202400037954,3.64,7.08
202400037968,5.48,10.71
202400038009,4.49,4.45
202400038010,8.62,8.1
202400038011,7.65,5.85
202400038057,7.5,5.8
202400038060,2.26,11.3
202400038142,1.12,2.44
202400038146,3.99,3.33
202400038155,11.95,38.72
202400038162,1.64,14.07
202400038196,10.17,3.81
202400038206,6.62,28.74
202400038208,13.14,25.8
202400038217,4.76,6.22
202400038221,3.68,4.66
202400038224,2.01,5.72
202400038225,3.91,6.42
202400038334,2.36,10.22
202400038358,1.97,4.14
202400038359,14.16,28.12
202400038360,7.08,5.92
202400038364,5.0,6.1
202400038400,1.76,5.26
202400038407,10.3,8.64
202400038419,3.31,32.2
202400038424,6.0,9.18
202400038433,3.0,1.01
202400038438,5.3,3.02
202400038451,8.46,4.66
202400038526,3.96,19.15
202400038545,3.22,20.4
202400038561,5.16,4.42
202400038571,7.56,6.6
202400038607,13.27,23.2
202400038610,11.32,15.35
202400038665,7.1,7.1
202400038699,8.2,9.4
202400038703,4.64,6.82
202400038713,5.28,16.06
202400038715,9.98,11.98
202400038717,7.52,13.41
202400038746,1.3,3.26
202400038810,16.26,15.59
202400038811,7.82,7.9
202400038813,5.24,6.86
202400038814,7.58,7.66
202400038815,2.94,3.36
202400038816,3.9,3.2
202400038817,8.6,3.97
202400038918,11.13,15.87
202400038938,11.69,9.76
202400038943,7.19,11.72
202400038976,7.09,7.16
202400038987,14.6,12.7
202400038989,6.84,7.81
202400038991,8.76,9.72
202400039005,5.95,7.09
202400039078,2.3,4.55
202400039082,9.97,8.82
202400039157,10.85,26.44
202400039171,7.0,14.56
202400039175,3.95,4.72
202400039176,5.36,9.08
202400039178,9.67,3.08
202400039181,3.81,1.2
202400039182,2.98,3.71
202400039184,3.93,9.84
202400039191,8.52,5.78
202400039195,5.58,6.72
202400039197,20.31,31.19
202400039201,7.63,8.39
202400039208,5.29,2.68
202400039212,7.2,5.88
202400039216,6.27,3.82
202400039221,3.46,9.7
202400039223,9.8,10.51
202400039225,0.64,11.12
202400039252,3.26,4.46
202400039263,10.54,13.12
202400039273,5.45,14.58
202400039300,7.14,12.01
202400039307,4.97,7.06
202400039314,4.34,8.18
202400039379,15.06,40.93
202400039425,0.74,17.62
202400039430,6.1,39.74
202400039434,5.09,6.41
202400039437,4.08,6.34
202400039439,3.06,1.74
202400039487,14.08,11.93
202400039545,1.83,19.32
202400039552,10.85,8.26
202400039557,7.51,13.4
202400039616,3.5,4.37
202400039625,8.46,21.04
202400039626,2.6,23.67
202400039632,1.66,33.34
202400039655,4.72,14.89
202400039684,4.66,4.73
202400039708,2.35,15.19
202400039724,6.31,16.93
202400039783,15.74,40.98
202400039785,3.03,21.78
202400039786,12.79,22.5
202400039787,5.1,20.33
202400039799,9.26,9.72
202400039801,7.93,5.34
202400039847,6.34,7.48
202400039851,6.74,7.31
202400039854,5.48,5.31
202400039863,4.42,5.38
202400039912,6.24,3.63
202400039918,6.32,3.71
202400039922,8.94,6.82
202400039925,5.85,17.05
202400039946,2.78,20.33
202400039983,7.77,26.53
202400039985,6.76,20.17
202400040005,3.82,33.75
202400040061,13.03,9.9
202400040116,1.62,33.28
202400040167,6.87,5.9
202400040228,4.83,4.99
202400040238,10.14,9.28
202400040339,4.69,17.64
202400040350,7.22,25.51
202400040366,9.29,33.02
202400040379,43.74,65.29
202400040395,14.24,13.98
202400040409,0.92,8.59
202400040430,10.34,25.36
202400040438,5.74,4.43
202400040441,2.57,1.25
202400040444,8.71,10.93
202400040460,7.3,11.44
202400040558,5.03,17.36
202400040560,12.53,14.66
202400040583,2.78,4.9
202400040584,2.22,2.47
202400040586,5.02,4.17
202400040587,5.94,7.28
202400040595,0.9,3.53
202400040599,6.85,6.11
202400040601,13.82,18.37
202400040607,6.56,7.94
202400040611,3.02,1.91
202400040632,7.92,6.15
202400040635,9.3,9.3
202400040637,2.81,0.24
202400040638,11.87,6.41
202400040650,8.85,9.55
202400040663,2.46,3.13
202400040665,4.12,6.21
202400040718,3.38,22.8
202400040766,13.34,29.99
202400040771,7.63,12.99
202400040833,4.62,4.54
202400040834,9.85,8.92
202400040835,8.03,4.11
202400040848,5.54,7.54
202400040849,4.9,9.32
202400040850,3.1,12.78
202400040911,11.43,8.8
202400040913,8.15,4.16
202400040915,5.1,4.98
202400040921,14.47,23.02
202400040937,8.44,5.31
202400040967,13.4,10.54
202400040974,5.27,5.6
202400040977,7.0,4.84
202400040979,3.72,4.39
202400040986,3.09,10.01
202400040988,5.26,5.1
202400040992,3.42,6.33
202400040994,3.12,3.22
202400040996,8.4,14.09
202400041004,11.45,4.3
202400041031,3.5,5.6
202400041130,9.6,9.53
202400041159,6.22,7.0
202400041163,5.98,11.87
202400041168,7.31,3.84
202400041238,3.98,8.85
202400041246,6.34,7.12
202400041248,10.66,21.41
202400041254,7.46,8.24
202400041301,2.97,17.86
202400041304,11.13,18.0
202400041309,6.72,12.62
202400041325,3.71,31.06
202400041392,9.86,20.68
202400041480,13.47,51.8
202400041483,10.71,12.17
202400041498,6.05,6.05
202400041526,6.45,5.44
202400041532,9.86,15.04
202400041560,5.59,7.32
202400041564,6.39,15.22
202400041595,6.74,7.67
202400041610,2.23,11.72
202400041639,12.94,14.29
202400041644,9.89,9.15
202400041671,9.38,5.97
202400041771,16.57,17.37
202400041772,10.06,9.99
202400041774,3.5,7.27
202400041795,6.51,7.47
202400041814,3.41,24.48
202400041815,9.6,11.71
202400041817,0.91,29.61
202400041921,9.21,5.41
202400041931,7.57,14.18
202400041938,1.02,19.84
202400041942,4.68,19.33
202400041967,17.74,19.25
202400041970,11.54,14.34
202400041974,9.66,10.36
202400042000,4.17,3.62
202400042002,3.93,6.46
202400042026,3.33,4.11
202400042028,6.9,14.95
202400042031,8.12,7.22
202400042098,1.52,1.48
202400042100,2.29,1.51
202400042103,6.66,8.2
202400042177,9.94,5.35
202400042261,8.04,17.5
202400042300,7.12,24.85
202400042367,11.2,9.37
202400042368,1.6,1.97
202400042380,5.04,5.0
202400042381,2.06,4.15
202400042383,4.35,4.96
202400042394,3.75,6.92
202400042404,3.7,2.37
202400042461,6.41,9.91
202400042535,8.89,5.21
202400042542,5.23,29.39
202400042588,1.78,25.83
202400042692,8.91,6.64
202400042743,5.89,10.96
202400042795,4.31,19.38
202400042801,9.09,9.74
202400042803,2.86,24.57
202400042819,8.06,19.74
202400042856,8.92,9.51
202400042880,5.05,2.44
202400042920,3.54,4.65
202400042935,4.69,25.22
202400042968,3.26,34.97
202400042990,9.22,41.65
202400043019,8.12,42.91
202400043030,9.65,30.35
202400043041,14.5,19.83
202400043066,15.55,44.0
202400043076,8.33,38.45
202400043106,7.9,4.09
202400043109,7.31,17.69
202400043112,5.6,7.69
202400043124,10.03,14.14
202400043155,0.76,38.79
202400043181,10.0,10.34
202400043185,9.07,15.61
202400043195,4.27,7.48
202400043200,14.81,11.27
202400043230,8.52,14.21
202400043235,15.62,14.76
202400043257,8.16,7.99
202400043260,12.86,42.78
202400043268,3.46,2.24
202400043270,17.24,19.97
202400043297,2.57,4.53
202400043298,4.62,5.34
202400043301,6.12,24.34
202400043323,2.98,6.39
202400043326,5.46,7.75
202400043355,2.63,6.12
202400043370,10.4,7.87
202400043379,6.26,8.38
202400043401,5.44,5.04
202400043405,3.7,2.88
202400043539,7.03,24.35
202400043568,6.9,6.71
202400043570,3.78,5.86
202400043574,4.7,3.55
202400043576,7.37,4.78
202400043579,10.75,10.77
202400043581,2.82,17.65
202400043584,4.69,33.18
202400043585,4.5,4.59
202400043589,9.15,10.03
202400043595,5.9,2.16
202400043694,7.32,13.22
202400043697,6.43,7.9
202400043799,6.4,4.29
202400043800,5.93,1.91
202400043804,11.12,7.34
202400043808,2.07,5.84
202400043843,3.51,25.21
202400043853,7.99,9.33
202400043856,5.82,1.64
202400043860,6.74,5.93
202400043899,10.12,3.11
202400043902,6.28,8.82
202400044081,3.58,6.36
202400044112,13.88,13.2
202400044144,11.71,9.84
202400044165,6.82,28.76
202400044168,6.27,31.52
202400044171,5.11,22.0
202400044196,3.68,7.4
202400044225,8.38,11.69
202400044238,3.55,28.46
202400044241,6.25,30.85
202400044246,6.43,16.15
202400044366,5.44,24.2
202400044381,10.14,10.79
202400044382,3.58,4.86
202400044383,3.73,3.94
202400044386,3.52,5.14
202400044389,5.6,6.71
202400044392,5.23,1.07
202400044438,8.36,7.52
202400044456,1.41,66.22
202400044457,4.85,2.24
202400044459,2.26,15.6
202400044460,6.86,3.41
202400044463,3.82,6.33
202400044465,3.73,5.82
202400044480,10.41,7.82
202400044483,5.55,9.74
202400044570,10.2,8.26
202400044574,9.17,22.58
202400044609,9.09,26.22
202400044610,2.42,5.53
202400044613,6.92,6.9
202400044659,6.45,36.18
202400044673,7.48,9.05
202400044690,12.02,16.4
202400044695,3.29,5.38
202400044709,8.12,7.59
202400044710,4.53,6.6
202400044724,5.27,6.56
202400044725,3.54,10.43
202400044726,5.33,8.55
202400044844,6.86,10.74
202400044845,3.98,19.56
202400044848,3.8,5.89
202400044912,10.31,31.8
202400044940,7.48,8.94
202400044945,5.22,3.9
202400045023,1.02,31.06
202400045026,7.25,10.23
202400045028,7.79,6.63
202400045030,12.17,12.85
202400045031,1.35,4.39
202400045034,6.52,6.14
202400045067,4.29,4.26
202400045090,4.06,39.16
202400045092,4.74,19.04
202400045099,7.27,34.87
202400045104,2.59,36.07
202400045165,2.4,3.51
202400045168,10.38,13.18
202400045175,8.03,4.85
202400045202,8.63,4.82
202400045213,6.65,10.65
202400045248,6.98,24.74
202400045254,3.05,19.09
202400045318,15.38,20.9
202400045346,6.15,12.05
202400045449,3.92,5.26
202400045464,16.57,17.66
202400045470,3.79,3.37
202400045533,3.4,3.98
202400045539,7.53,5.76
202400045547,6.69,7.9
202400045550,3.13,9.1
202400045553,2.96,6.45
202400045558,4.17,5.94
202400045564,7.75,6.59
202400045570,7.41,3.21
202400045585,10.89,12.21
202400045590,4.61,4.89
202400045626,11.85,14.24
202400045648,8.79,3.47
202400045680,5.8,4.62
202400045685,7.23,12.14
202400045743,12.29,27.52
202400045751,3.14,26.73
202400045762,6.71,15.26
202400045763,8.49,7.35
202400045869,11.59,13.61
202400045883,7.4,19.48
202400045899,2.34,24.32
202400045900,8.71,19.67
202400045903,9.36,26.79
202400045908,4.38,27.69
202400045911,4.28,10.82
202400045927,2.52,26.31
202400045973,1.21,12.66
202400045974,9.0,28.59
202400045979,5.14,5.11
202400045983,3.4,5.49
202400045988,6.06,25.02
202400045994,12.23,19.32
202400045999,13.95,25.22
202400046019,5.75,28.08
202400046057,5.74,16.65
202400046088,11.4,14.34
202400046111,7.38,4.79
202400046136,7.45,7.94
202400046147,4.61,5.95
202400046150,6.96,6.66
202400046183,12.69,8.89
202400046228,4.57,7.5
202400046247,9.2,8.32
202400046251,7.3,3.68
202400046291,2.3,6.06
202400046295,3.24,5.42
202400046302,3.71,3.46
202400046314,5.82,10.57
202400046329,7.34,27.11
202400046381,6.25,16.64
202400046384,6.39,16.78
202400046429,2.23,19.91
202400046467,2.01,25.86
202400046475,5.15,17.23
202400046479,6.87,41.39
202400046509,9.39,11.51
202400046511,7.75,7.97
202400046514,7.05,8.53
202400046516,7.84,6.05
202400046527,4.16,19.98
202400046542,7.96,8.44
202400046544,5.09,8.93
202400046583,3.8,4.58
202400046618,5.45,4.24
202400046620,8.71,15.17
202400046643,15.16,47.94
202400046645,7.02,10.22
202400046670,1.36,17.29
202400046689,6.51,7.21
202400046725,2.09,6.22
202400046736,6.69,13.23
202400046741,4.0,11.4
202400046763,21.65,53.02
202400046809,13.64,13.25
202400046900,9.83,15.04
202400046927,3.61,19.72
202400046928,7.16,5.94
202400046932,6.12,7.45
202400046935,4.12,29.23
202400046937,10.33,31.29
202400046948,6.4,26.74
202400046956,3.85,20.8
202400046975,10.12,16.66
202400046983,2.31,1.4
202400046988,7.45,45.71
202400046989,4.59,8.94
202400046992,5.34,29.98
202400047005,9.0,27.78
202400047016,8.97,12.29
202400047021,9.89,3.74
202400047147,9.96,13.27
202400047283,3.3,37.85
202400047305,3.99,3.3
202400047313,6.1,1.89
202400047371,5.84,6.27
202400047378,2.96,4.8
202400047415,11.56,21.94
202400047436,9.13,11.05
202400047457,1.09,3.53
202400047486,3.25,2.1
202400047504,5.48,11.93
202400047585,12.33,13.01
202400047611,3.53,5.66
202400047615,9.52,10.63
202400047620,5.84,6.95
202400047625,7.14,7.84
202400047629,7.92,8.65
202400047634,7.02,7.51
202400047641,3.6,3.31
202400047646,5.78,2.2
202400047655,8.58,37.46
202400047658,3.38,6.36
202400047660,7.94,5.35
202400047666,6.34,9.54
202400047668,5.23,9.98
202400047674,7.38,17.76
202400047740,6.39,32.54
202400047790,6.86,8.23
202400047821,5.94,10.63
202400047829,5.0,3.68
202400047870,1.34,26.46
202400047878,5.98,16.03
202400047879,3.41,7.18
202400047935,6.58,7.5
202400047940,10.56,3.41
202400047944,8.49,7.92
202400047958,8.57,7.03
202400047960,10.53,39.96
202400047963,14.8,16.7
202400047965,15.33,19.33
202400047967,4.09,8.51
202400047974,3.52,5.26
202400048028,13.33,10.96
202400048110,9.35,8.68
202400048118,6.33,41.13
202400048121,11.16,12.78
202400048138,6.94,13.91
202400048184,6.98,4.26
202400048189,9.84,28.33
202400048201,7.31,10.28
202400048229,5.08,8.3
202400048239,3.63,15.33
202400048247,2.04,24.89
202400048276,8.41,10.99
202400048293,4.82,8.66
202400048354,5.8,2.94
202400048374,3.74,5.29
202400048430,12.13,9.71
202400048431,2.62,4.74
202400048433,7.78,4.31
202400048434,7.75,7.26
202400048437,12.19,8.39
202400048479,3.23,1.91
202400048485,6.6,9.3
202400048491,6.94,4.53
202400048493,4.47,6.85
202400048509,4.04,1.43
202400048512,5.73,4.49
202400048557,5.8,8.24
202400048572,10.86,15.94
202400048583,4.61,4.34
202400048591,7.21,21.39
202400048595,2.59,1.03
202400048600,9.45,3.75
202400048660,5.16,18.97
202400048661,2.35,1.21
202400048663,8.93,11.06
202400048677,5.93,38.83
202400048705,15.39,14.17
202400048713,2.19,30.4
202400048721,10.2,6.02
202400048726,8.24,15.55
202400048729,10.26,2.85
202400048731,3.04,4.36
202400048738,2.77,24.14
202400048784,6.73,11.61
202400048811,3.38,3.31
202400048814,2.35,2.28
202400048817,2.82,5.28
202400048866,9.74,9.67
202400048871,6.99,8.1
202400048880,11.54,19.15
202400048884,12.98,38.22
202400048905,6.26,6.11
202400048914,10.1,7.5
202400048941,5.76,2.73
202400048950,4.43,3.39
202400048954,4.18,7.41
202400048992,4.34,10.58
202400049000,6.46,8.55
202400049049,10.62,21.07
202400049075,5.08,26.73
202400049089,7.05,11.96
202400049111,11.17,18.18
202400049146,6.42,4.49
202400049158,5.64,1.91
202400049187,13.44,11.02
202400049193,9.35,17.02
202400049200,20.87,23.61
202400049232,10.3,9.65
202400049279,8.69,6.49
202400049280,5.56,9.2
202400049320,3.68,40.96
202400049321,4.9,19.4
202400049326,12.58,13.96
202400049343,4.12,22.58
202400049354,6.68,7.81
202400049360,3.17,13.15
202400049365,4.76,5.31
202400049370,9.81,23.23
202400049372,6.13,8.22
202400049373,6.64,14.67
202400049449,18.27,20.43
202400049460,5.53,26.7
202400049502,4.83,5.76
202400049505,4.54,6.62
202400049512,18.12,35.8
202400049556,17.1,37.86
202400049577,6.66,33.89
202400049592,10.84,8.24
202400049603,1.81,17.88
202400049605,9.02,20.3
202400049615,2.04,23.98
202400049623,9.18,27.74
202400049659,2.86,4.95
202400049672,12.7,24.48
202400049679,9.06,14.55
202400049684,9.98,14.9
202400049736,10.01,15.08
202400049742,7.12,25.88
202400049748,0.98,20.26
202400049750,11.32,7.78
202400049755,4.73,12.57
202400049770,6.62,24.26
202400049771,3.59,3.42
202400049800,2.32,8.05
202400049809,2.02,3.88
202400049840,6.83,5.18
202400049851,1.42,18.57
202400049927,3.32,6.81
202400049981,2.94,15.3
202400049984,11.09,30.35
202400050014,6.13,4.91
202400050021,5.42,2.92
202400050028,11.45,10.92
202400050034,1.73,5.5
202400050040,10.92,7.12
202400050074,4.41,6.54
202400050080,10.34,9.81
202400050090,5.07,7.19
202400050099,2.96,3.2
202400050119,3.17,3.93
202400050124,10.7,10.13
202400050126,8.16,5.14
202400050132,5.48,2.53
202400050140,2.52,4.52
202400050147,12.27,8.48
202400050173,4.21,5.66
202400050176,9.08,9.59
202400050182,1.58,7.03
202400050190,6.18,7.49
202400050197,2.37,1.05
202400050198,5.05,6.26
202400050213,8.68,2.32
202400050253,2.94,4.14
202400050352,5.77,1.78
202400050394,3.36,22.48
202400050397,0.78,18.32
202400050403,9.39,9.47
202400050495,8.77,5.02
202400050519,6.21,8.21
202400050520,3.2,4.93
202400050561,6.78,2.84
202400050563,3.89,3.68
202400050564,6.0,2.06
202400050567,5.3,7.04
202400050568,6.86,7.56
202400050687,4.53,28.12
202400050691,4.18,5.0
202400050699,7.74,7.94
202400050706,5.48,2.53
202400050815,16.29,19.56
202400050866,8.99,13.6
202400051038,9.55,3.39
202400051077,12.55,13.71
202400051084,11.13,7.01
202400051091,9.33,10.03
202400051140,5.63,1.9
202400051148,7.85,30.81
202400051151,1.74,5.5
202400051210,6.01,29.09
202400051247,7.43,21.93
202400051300,1.97,4.21
202400051311,5.06,3.91
202400051315,3.76,4.24
202400051316,6.85,6.83
202400051332,5.87,2.28
202400051344,5.3,9.75
202400051423,10.93,11.17
202400051431,3.54,4.21
202400051440,6.09,7.2
202400051441,5.62,11.0
202400051478,6.44,35.71
202400051486,8.19,17.8
202400051494,7.96,28.78
202400051506,2.53,13.34
202400051507,3.67,54.31
202400051508,1.19,7.15
202400051512,3.66,6.77
202400051520,5.77,6.34
202400051523,8.42,9.38
202400051525,7.3,6.0
202400051538,7.82,14.66
202400051544,8.67,7.79
202400051553,4.3,3.15
202400051565,3.16,3.09
202400051622,6.69,5.31
202400051631,5.78,6.86
202400051666,6.32,11.37
202400051675,8.45,10.45
202400051746,10.64,18.47
202400051783,2.93,5.02
202400051787,9.62,3.92
202400051794,8.74,4.93
202400051801,8.35,10.44
202400051812,5.86,3.36
202400051828,10.37,8.2
202400051836,10.85,8.26
202400051846,5.91,15.37
202400051899,6.84,33.96
202400051913,10.8,12.14
202400051921,9.59,8.05
202400051938,2.16,33.14
202400051991,6.81,4.31
202400052019,8.02,6.25
202400052078,3.57,5.59
202400052100,5.98,3.37
202400052108,6.52,6.74
202400052120,3.16,4.5
202400052127,4.35,4.49
202400052128,11.25,9.99
202400052134,4.1,3.4
202400052140,4.48,3.93
202400052148,2.36,4.07
202400052155,16.2,14.74
202400052207,15.07,14.4
202400052210,2.67,4.76
202400052212,7.94,7.42
202400052219,2.74,1.51
202400052227,3.01,2.94
202400052231,10.15,8.94
202400052238,7.91,6.7
202400052256,19.83,19.41
202400052301,7.55,9.67
202400052311,7.98,63.84
202400052315,2.35,5.84
202400052321,15.99,18.5
202400052327,2.16,28.37
202400052328,0.88,9.35
202400052334,5.3,3.98
202400052335,4.26,27.07
202400052336,8.46,6.72
202400052340,10.29,7.8
202400052341,4.24,9.04
202400052386,6.42,7.21
202400052388,5.78,7.51
202400052423,5.81,4.87
202400052477,8.39,39.96
202400052485,9.09,3.77
202400052623,5.09,3.77
202400052628,10.0,2.5
202400052634,7.36,3.07
202400052645,3.29,3.09
202400052655,6.43,10.15
202400052666,7.2,5.88
202400052685,6.69,5.92
202400052749,14.07,8.03
202400052785,2.44,3.64
202400052863,7.5,10.08
202400052894,10.11,20.4
202400052901,8.81,24.72
202400052989,5.57,5.12
202400053031,8.0,6.4
202400053033,16.79,18.42
202400053037,11.7,4.54
202400053041,6.18,6.85
202400053044,11.05,8.46
202400053052,9.62,4.73
202400053103,4.07,6.31
202400053114,6.49,5.46
202400053120,10.3,3.4
202400053162,0.93,29.58
202400053174,2.51,18.52
202400053217,9.72,11.72
202400053247,8.78,9.2
202400053268,5.17,3.62
202400053269,8.5,8.63
202400053276,3.52,5.76
202400053336,11.35,12.68
202400053367,3.06,39.29
202400053373,2.1,4.22
202400053382,7.06,5.91
202400053390,8.13,3.5
202400053402,8.69,3.68
202400053409,3.08,3.24
202400053414,8.7,3.67
202400053429,5.58,7.58
202400053441,2.81,5.1
202400053483,7.63,2.92
202400053549,4.68,4.78
202400053566,7.93,9.93
202400053652,7.23,32.44
202400053658,11.05,12.68
202400053660,12.99,12.89
202400053688,3.78,3.7
202400053698,7.76,7.4
202400053791,7.41,6.08
202400053798,6.79,9.07
202400053834,3.2,20.45
202400053877,5.31,4.54
202400053882,6.09,25.46
202400053890,6.94,13.08
202400053899,1.54,7.97
202400053900,6.79,3.2
202400053972,2.51,2.17
202400053984,2.84,3.08
202400053992,4.8,4.61
202400054001,5.2,3.42
202400054010,6.2,7.43
202400054014,7.57,6.0
202400054020,7.4,3.19
202400054026,3.67,19.69
202400054086,2.87,20.54
202400054114,4.41,2.04
202400054125,11.69,12.5
202400054126,4.2,7.23
202400054150,8.26,6.48
202400054202,7.9,8.08
202400054207,11.16,23.95
202400054222,7.0,4.88
202400054225,4.1,11.35
202400054231,5.61,1.89
202400054233,5.25,6.39
202400054292,1.85,5.34
202400054295,7.98,6.23
202400054305,3.55,4.66
202400054312,4.23,2.07
202400054314,3.65,1.74
202400054315,3.54,30.56
202400054320,6.03,3.34
202400054350,8.7,12.2
