Num_Acc,nearest_pompiers_min_osrm,nearest_sau_min_osrm
202200000003,5.04,2.75
202200000069,9.66,17.57
202200000086,10.24,31.63
202200000087,6.6,8.75
202200000120,10.98,5.95
202200000206,13.23,21.48
202200000210,3.21,25.0
202200000212,7.4,20.55
202200000213,8.57,30.53
202200000224,2.28,18.98
202200000253,13.96,14.76
202200000312,6.73,5.56
202200000330,5.51,7.43
202200000332,4.28,3.76
202200000341,11.03,9.12
202200000344,4.62,4.34
202200000346,7.38,8.78
202200000367,5.7,7.91
202200000373,4.7,8.85
202200000377,7.09,4.25
202200000454,3.7,26.46
202200000477,6.6,21.5
202200000500,2.48,21.43
202200000527,8.4,29.96
202200000534,11.22,24.44
202200000538,9.32,7.9
202200000541,7.74,27.25
202200000592,3.94,4.44
202200000602,7.5,9.49
202200000603,7.14,7.76
202200000615,8.88,9.5
202200000729,6.27,6.27
202200000754,5.6,8.11
202200000757,3.33,5.44
202200000859,7.34,6.11
202200000863,5.06,8.03
202200000879,5.39,4.83
202200000887,10.0,6.72
202200000889,3.06,2.68
202200000901,1.78,3.65
202200000903,4.37,6.24
202200001076,8.64,2.08
202200001077,8.06,5.08
202200001081,5.59,5.97
202200001165,6.01,4.76
202200001174,4.91,5.42
202200001176,6.12,8.81
202200001253,8.56,11.75
202200001263,16.66,11.03
202200001265,6.1,15.0
202200001312,5.61,15.62
202200001399,8.02,4.34
202200001403,8.66,8.99
202200001446,4.9,14.13
202200001469,3.56,32.23
202200001480,6.06,12.15
202200001604,6.54,18.85
202200001610,10.3,11.37
202200001618,3.17,15.95
202200001620,4.04,13.03
202200001622,5.03,13.98
202200001639,14.55,17.92
202200001654,8.76,10.2
202200001686,7.39,10.35
202200001715,8.8,17.85
202200001781,13.38,28.23
202200001844,2.7,9.22
202200001894,9.67,6.44
202200001898,8.12,5.7
202200001899,6.78,9.74
202200001903,8.92,2.55
202200001910,4.41,4.78
202200001914,0.49,2.32
202200001919,4.76,4.14
202200001977,7.33,21.03
202200002016,1.22,23.09
202200002111,5.62,4.9
202200002159,7.29,14.53
202200002174,6.0,4.2
202200002177,7.47,5.0
202200002192,5.78,34.03
202200002241,5.82,9.25
202200002250,10.56,19.2
202200002264,8.14,7.43
202200002266,7.0,11.96
202200002270,7.69,8.02
202200002303,1.1,5.75
202200002304,0.91,1.72
202200002333,5.49,6.9
202200002419,2.3,9.57
202200002474,6.23,9.92
202200002489,12.43,30.56
202200002490,9.71,5.92
202200002492,14.0,15.43
202200002494,6.64,21.78
202200002496,13.28,18.76
202200002515,5.91,6.19
202200002516,10.66,10.46
202200002517,3.46,3.76
202200002519,5.89,6.93
202200002552,7.25,19.79
202200002559,5.66,22.08
202200002560,3.93,25.78
202200002561,12.04,21.34
202200002562,5.66,14.61
202200002598,11.51,17.8
202200002599,10.57,42.46
202200002609,5.37,5.17
202200002645,5.19,8.0
202200002765,2.85,35.75
202200002841,3.07,13.02
202200002842,5.82,12.85
202200002848,5.63,7.92
202200002849,2.99,5.11
202200002934,4.24,14.94
202200002949,1.48,2.84
202200002981,3.23,5.9
202200002984,14.8,15.13
202200002985,1.84,3.2
202200002986,3.49,3.66
202200003019,3.12,18.07
202200003031,3.1,28.0
202200003040,6.88,21.23
202200003044,4.45,15.31
202200003091,2.07,25.17
202200003156,8.4,8.68
202200003250,7.72,6.53
202200003255,6.4,3.41
202200003384,9.41,30.59
202200003403,0.97,19.55
202200003420,6.93,21.09
202200003465,5.64,30.24
202200003559,4.23,6.9
202200003565,7.05,7.5
202200003578,7.01,9.16
202200003584,4.51,7.77
202200003585,2.3,5.49
202200003591,5.6,8.56
202200003600,9.14,18.22
202200003637,6.44,8.84
202200003762,5.24,9.37
202200003782,9.4,6.76
202200003788,7.04,5.91
202200003795,5.46,7.97
202200003798,7.87,6.09
202200003803,5.8,5.45
202200003808,4.45,6.75
202200003812,7.33,8.44
202200003814,7.66,11.19
202200003818,7.58,6.4
202200003821,7.77,6.33
202200003824,7.61,6.4
202200003838,10.3,7.43
202200003859,9.23,16.49
202200003915,11.0,15.08
202200003959,4.34,3.85
202200003962,1.85,19.78
202200003979,2.34,2.9
202200004026,8.28,8.9
202200004067,7.84,4.44
202200004107,11.54,22.88
202200004113,2.13,14.77
202200004127,4.38,21.11
202200004129,11.14,10.81
202200004132,12.26,11.93
202200004133,2.04,23.91
202200004293,6.49,8.28
202200004313,6.46,17.93
202200004315,5.35,9.05
202200004318,7.89,18.35
202200004343,7.3,7.74
202200004345,6.71,9.3
202200004347,0.9,3.21
202200004422,6.6,25.42
202200004431,2.99,14.24
202200004433,4.19,22.73
202200004448,10.76,34.84
202200004457,6.48,18.56
202200004493,11.17,12.09
202200004494,9.85,26.52
202200004535,5.66,7.06
202200004538,9.66,9.49
202200004587,17.35,31.4
202200004589,9.97,16.21
202200004661,9.62,5.87
202200004673,7.14,8.08
202200004674,7.94,6.76
202200004675,7.93,6.68
202200004723,5.22,21.3
202200004741,7.64,18.87
202200004743,1.25,8.94
202200004769,3.12,4.05
202200004785,8.09,2.18
202200004786,1.91,7.7
202200004788,5.58,3.46
202200004819,6.51,3.52
202200004822,6.42,8.68
202200004825,8.37,2.17
202200004833,4.18,3.32
202200004836,2.99,2.74
202200004850,5.43,8.02
202200004978,6.19,5.9
202200004983,3.02,1.14
202200005039,10.39,8.67
202200005041,6.02,3.12
202200005044,12.54,10.45
202200005047,6.38,6.12
202200005052,7.42,7.93
202200005110,1.92,10.16
202200005122,5.15,5.77
202200005186,5.32,5.26
202200005286,11.33,25.58
202200005290,7.2,21.96
202200005295,7.87,22.27
202200005330,6.53,6.47
202200005369,7.77,8.22
202200005373,2.07,6.78
202200005374,5.32,5.77
202200005377,8.86,13.29
202200005378,2.38,6.59
202200005390,1.84,1.62
202200005399,5.58,2.95
202200005573,7.52,23.49
202200005582,7.35,6.16
202200005586,6.93,7.73
202200005628,3.0,15.77
202200005654,5.58,7.88
202200005683,6.4,3.24
202200005685,5.04,10.9
202200005688,6.01,6.58
202200005691,5.98,4.5
202200005693,5.41,7.95
202200005813,3.63,5.16
202200005844,9.3,13.84
202200005853,5.38,15.82
202200005854,1.73,21.2
202200005855,3.99,7.83
202200005872,10.35,20.59
202200005879,4.26,19.08
202200005884,4.52,27.85
202200005906,5.68,5.52
202200005928,15.74,45.93
202200006044,7.45,8.07
202200006086,3.59,6.32
202200006116,5.86,5.26
202200006117,8.59,5.7
202200006122,5.9,5.71
202200006124,4.18,2.9
202200006126,5.16,4.83
202200006167,10.8,32.75
202200006168,7.41,28.22
202200006178,5.74,13.79
202200006183,9.84,16.93
202200006262,8.62,8.12
202200006264,11.02,16.78
202200006373,5.12,7.79
202200006436,6.61,12.6
202200006448,0.71,25.66
202200006490,6.2,3.05
202200006491,3.98,9.18
202200006606,1.02,33.09
202200006610,11.84,27.74
202200006647,11.7,20.55
202200006649,8.12,10.86
202200006659,9.76,10.0
202200006672,7.7,4.83
202200006744,6.18,3.86
202200006752,5.08,4.89
202200006755,7.3,12.93
202200006760,12.21,17.41
202200006773,3.84,15.81
202200006794,0.97,32.84
202200006815,3.58,15.3
202200006846,9.95,13.35
202200006875,2.57,3.94
202200006882,6.58,8.14
202200006884,4.56,16.03
202200006886,7.71,4.64
202200006923,4.31,7.39
202200006924,8.68,9.02
202200006939,8.85,8.66
202200006941,3.73,4.7
202200006943,6.42,6.61
202200006958,7.99,6.78
202200006963,10.19,10.96
202200006965,8.16,3.63
202200006978,8.75,1.98
202200006980,5.37,7.81
202200007081,13.82,15.97
202200007118,7.56,13.78
202200007226,6.98,7.36
202200007243,7.44,5.75
202200007250,5.36,9.38
202200007251,6.14,12.82
202200007276,5.06,31.56
202200007289,6.04,16.88
202200007292,2.88,33.16
202200007293,11.07,25.13
202200007306,3.11,5.81
202200007311,6.7,5.68
202200007322,2.38,48.81
202200007341,6.89,5.19
202200007452,3.57,19.26
202200007510,1.45,1.68
202200007514,8.6,6.09
202200007524,12.06,24.09
202200007525,5.1,5.46
202200007598,5.78,15.38
202200007640,9.04,20.61
202200007643,5.03,5.36
202200007646,10.5,7.63
202200007777,12.29,9.28
202200007792,10.2,16.77
202200007793,2.16,1.65
202200007794,13.46,30.64
202200007796,8.42,12.26
202200007904,7.24,4.16
202200007914,3.97,6.02
202200007952,4.84,3.4
202200007954,8.24,9.13
202200008040,7.74,29.31
202200008067,9.27,11.02
202200008071,10.67,5.2
202200008079,7.44,20.6
202200008102,6.75,12.28
202200008178,3.21,2.25
202200008242,8.73,4.48
202200008244,5.27,7.52
202200008274,6.64,5.93
202200008275,6.49,6.1
202200008296,3.74,16.53
202200008475,7.14,11.05
202200008481,3.24,8.75
202200008487,7.33,17.9
202200008494,4.24,6.99
202200008577,3.53,4.69
202200008581,10.3,10.11
202200008582,5.1,4.82
202200008583,4.7,3.66
202200008654,1.77,17.08
202200008663,2.64,22.9
202200008675,5.48,4.99
202200008749,3.47,7.46
202200008750,2.58,14.05
202200008760,6.32,8.39
202200008915,4.08,5.85
202200008942,6.75,15.16
202200008947,6.71,3.72
202200008977,5.33,4.87
202200008985,8.34,7.15
202200008987,6.61,5.77
202200009023,3.97,3.85
202200009027,2.79,2.44
202200009029,7.72,16.06
202200009034,4.0,9.21
202200009126,10.41,14.14
202200009130,9.11,13.96
202200009134,8.66,15.92
202200009140,5.31,3.51
202200009169,6.13,8.43
202200009241,4.45,7.44
202200009245,7.22,9.62
202200009248,8.96,4.28
202200009251,8.05,9.05
202200009325,0.91,15.55
202200009327,6.94,10.63
202200009333,6.76,10.66
202200009337,12.18,15.1
202200009352,5.6,16.69
202200009353,8.66,7.43
202200009385,9.3,13.86
202200009402,7.04,14.84
202200009447,16.6,27.26
202200009461,4.68,15.25
202200009464,16.0,21.02
202200009494,5.72,18.17
202200009513,2.27,3.8
202200009514,6.86,32.35
202200009552,5.66,5.73
202200009632,5.81,4.01
202200009653,4.42,4.72
202200009654,6.39,3.76
202200009684,6.47,3.54
202200009690,6.78,12.34
202200009712,4.39,10.52
202200009715,8.24,5.26
202200009718,4.25,3.07
202200009745,2.41,6.68
202200009808,8.1,33.55
202200009819,1.2,17.46
202200009865,4.89,15.05
202200009907,5.32,6.34
202200009908,8.4,7.08
202200009910,7.88,6.5
202200009912,6.16,4.46
202200009920,8.54,5.14
202200009922,3.11,4.22
202200009926,8.34,8.96
202200009990,9.49,34.33
202200010012,1.68,21.74
202200010016,14.63,28.06
202200010018,9.32,22.44
202200010063,11.9,20.65
202200010126,14.28,17.43
202200010129,6.08,25.19
202200010132,5.76,22.42
202200010135,6.22,12.56
202200010142,6.24,2.32
202200010231,6.62,9.19
202200010262,7.04,7.97
202200010263,7.49,2.29
202200010265,6.52,5.05
202200010276,6.97,5.95
202200010280,6.3,6.67
202200010283,6.48,6.22
202200010288,4.09,12.04
202200010291,6.59,2.69
202200010302,3.64,3.94
202200010306,4.65,5.58
202200010447,7.4,24.27
202200010472,5.13,1.47
202200010473,7.03,10.08
202200010475,6.64,10.59
202200010500,11.24,26.45
202200010502,13.42,14.66
202200010504,12.59,30.54
202200010506,2.52,15.16
202200010551,11.3,15.78
202200010552,0.56,28.34
202200010564,7.55,10.24
202200010565,8.4,7.9
202200010581,7.09,12.62
202200010651,3.38,3.68
202200010687,11.99,13.59
202200010689,12.58,34.26
202200010691,5.33,15.84
202200010693,1.01,12.0
202200010694,6.43,16.81
202200010715,6.95,4.47
202200010718,2.67,1.3
202200010738,3.54,17.85
202200010752,1.17,20.47
202200010765,11.85,14.95
202200010785,5.93,2.71
202200010787,4.31,5.68
202200010789,5.17,4.65
202200010840,2.66,10.89
202200010898,5.08,17.87
202200010902,2.73,7.15
202200010905,7.86,4.78
202200010909,7.12,16.47
202200010915,5.96,9.24
202200010938,5.62,26.8
202200010970,7.48,4.85
202200010972,8.61,7.79
202200010976,1.92,36.14
202200010988,3.63,5.17
202200010992,11.69,9.41
202200010995,7.84,3.48
202200011010,12.15,11.97
202200011045,3.22,5.73
202200011076,3.32,4.86
202200011080,5.06,5.48
202200011082,4.74,6.02
202200011085,3.26,4.08
202200011102,6.4,8.79
202200011204,7.7,26.83
202200011218,7.21,5.82
202200011263,2.31,9.59
202200011268,7.57,5.36
202200011272,6.17,6.47
202200011277,2.85,10.13
202200011283,8.29,5.55
202200011317,6.46,21.4
202200011318,3.33,4.1
202200011337,2.34,25.39
202200011411,6.5,5.17
202200011420,5.67,20.05
202200011421,7.61,5.92
202200011424,3.33,13.8
202200011425,5.32,7.87
202200011457,11.63,17.88
202200011503,7.41,16.23
202200011534,9.19,9.16
202200011602,2.99,3.63
202200011705,5.97,8.25
202200011707,8.41,4.51
202200011708,3.44,5.95
202200011709,8.02,5.04
202200011714,2.04,9.32
202200011788,9.52,33.4
202200011865,6.2,22.95
202200011928,8.88,17.25
202200011930,5.76,14.5
202200011931,8.64,14.43
202200011947,6.91,7.25
202200011949,4.23,6.89
202200011950,8.31,6.61
202200011955,2.82,3.96
202200011957,3.09,4.39
202200011983,9.37,7.78
202200011984,7.37,8.62
202200011986,6.99,7.84
202200012002,7.25,7.06
202200012004,8.19,7.23
202200012065,5.39,17.28
202200012066,3.18,18.49
202200012097,3.65,19.53
202200012100,3.02,19.86
202200012105,6.08,15.21
202200012151,8.48,30.32
202200012187,12.59,15.06
202200012191,5.82,7.11
202200012199,5.96,5.94
202200012219,8.8,4.9
202200012246,4.87,6.54
202200012251,9.21,9.8
202200012390,3.64,24.53
202200012392,12.91,19.27
202200012475,8.16,6.87
202200012480,6.0,3.0
202200012483,11.15,10.97
202200012509,9.15,14.19
202200012523,7.3,29.7
202200012525,5.57,23.87
202200012585,8.27,13.8
202200012586,10.32,9.8
202200012588,7.66,13.43
202200012672,5.54,16.0
202200012685,5.91,2.81
202200012686,4.12,7.13
202200012698,3.7,3.87
202200012700,3.73,4.66
202200012742,4.77,6.63
202200012744,4.81,4.9
202200012763,2.98,16.74
202200012781,2.55,4.42
202200012861,5.94,7.67
202200012892,8.54,8.24
202200012903,2.91,4.93
202200012919,4.75,5.05
202200012924,8.84,13.15
202200012931,11.36,15.54
202200012968,7.87,13.69
202200012997,8.88,18.02
202200013056,12.1,12.12
202200013189,7.81,9.21
202200013191,6.25,14.41
202200013195,4.35,21.83
202200013223,5.62,5.64
202200013229,6.36,3.38
202200013249,5.02,2.39
202200013264,2.18,18.27
202200013268,7.84,28.46
202200013270,4.11,2.37
202200013411,8.75,15.16
202200013414,5.88,8.81
202200013417,5.62,2.89
202200013451,8.76,2.39
202200013452,4.08,12.41
202200013454,9.57,3.44
202200013455,10.34,3.97
202200013456,5.22,3.48
202200013461,5.12,4.93
202200013464,3.65,4.02
202200013467,8.53,8.49
202200013473,11.2,8.93
202200013474,6.56,8.26
202200013475,14.55,13.08
202200013478,2.23,2.4
202200013479,8.75,11.36
202200013488,3.28,10.12
202200013605,8.68,29.86
202200013617,8.71,11.9
202200013647,10.98,14.93
202200013700,9.54,14.56
202200013702,1.96,3.65
202200013721,6.5,6.14
202200013725,7.8,4.85
202200013729,5.93,10.84
202200013750,8.12,5.22
202200013758,3.42,3.72
202200013825,4.72,9.09
202200013826,2.64,14.12
202200013827,6.66,7.87
202200013851,11.15,11.1
202200013874,6.69,22.26
202200013899,7.08,10.77
202200013901,5.25,26.36
202200013905,11.1,5.84
202200013911,0.94,23.86
202200013924,6.03,31.97
202200013925,6.5,28.12
202200013927,2.8,17.89
202200013929,7.09,11.26
202200013991,3.79,7.01
202200014034,6.01,8.31
202200014046,12.13,9.26
202200014119,9.52,6.95
202200014120,6.23,5.02
202200014122,7.6,9.9
202200014132,3.81,8.54
202200014145,4.57,7.59
202200014197,3.22,20.74
202200014199,3.12,11.36
202200014242,8.02,24.09
202200014320,4.89,35.85
202200014331,4.65,8.6
202200014333,8.25,3.83
202200014357,4.57,7.7
202200014368,3.18,4.94
202200014369,8.47,9.1
202200014370,8.52,7.06
202200014384,6.98,6.47
202200014407,10.55,30.12
202200014408,3.98,5.54
202200014424,8.34,10.64
202200014443,5.17,19.37
202200014548,5.41,6.76
202200014565,5.94,5.74
202200014567,3.62,7.71
202200014581,1.25,23.67
202200014595,9.62,15.85
202200014745,9.48,32.97
202200014747,9.37,13.28
202200014780,1.71,14.07
202200014782,2.84,23.69
202200014815,5.17,23.31
202200014818,4.23,24.67
202200014826,5.38,2.8
202200014829,3.58,5.06
202200014831,6.75,5.62
202200014846,1.51,7.38
202200014918,5.22,7.73
202200014922,4.67,7.38
202200014946,5.48,20.43
202200014948,8.06,29.76
202200014950,2.99,6.63
202200014952,12.55,19.12
202200015005,5.43,14.35
202200015029,2.36,21.04
202200015066,8.24,7.72
202200015077,5.21,2.42
202200015125,6.4,19.44
202200015129,9.66,8.37
202200015134,2.64,19.58
202200015235,4.05,15.68
202200015257,11.65,13.47
202200015262,1.51,7.11
202200015268,5.68,19.3
202200015273,9.11,13.82
202200015307,7.93,4.85
202200015313,6.02,6.47
202200015314,2.66,19.58
202200015319,2.7,6.93
202200015322,5.3,2.72
202200015337,5.29,11.16
202200015342,7.69,10.63
202200015373,8.45,10.22
202200015375,4.92,21.0
202200015381,8.64,16.02
202200015385,5.44,6.56
202200015405,8.67,14.23
202200015419,1.77,6.03
202200015423,4.35,8.5
202200015435,5.55,7.08
202200015436,5.68,5.49
202200015440,8.82,10.42
202200015549,6.92,21.36
202200015560,5.32,17.56
202200015562,10.7,14.68
202200015594,8.67,9.49
202200015597,8.96,34.77
202200015607,2.57,8.85
202200015611,10.64,22.65
202200015614,10.78,5.98
202200015630,2.95,13.76
202200015633,2.62,11.38
202200015698,9.5,14.61
202200015755,6.78,36.63
202200015762,7.77,23.39
202200015767,13.24,32.2
202200015769,8.58,13.86
202200015770,7.98,18.51
202200015775,7.16,7.48
202200015844,6.17,5.29
202200015858,5.42,5.12
202200015860,3.77,7.48
202200015861,8.86,8.93
202200015870,4.5,3.64
202200015968,3.71,36.39
202200015971,8.53,19.24
202200015975,4.42,26.78
202200015976,2.41,31.14
202200015978,11.63,14.58
202200015979,3.99,32.2
202200015980,5.1,4.59
202200015985,3.55,24.78
202200016050,4.81,29.43
202200016105,7.67,6.46
202200016116,8.01,19.91
202200016155,6.66,27.78
202200016161,6.36,7.94
202200016173,8.75,19.29
202200016177,8.07,5.09
202200016210,7.94,16.85
202200016257,5.42,22.23
202200016272,2.95,25.38
202200016273,4.72,21.6
202200016274,3.08,12.02
202200016303,4.77,12.84
202200016317,9.07,5.33
202200016324,5.16,4.01
202200016325,3.83,4.61
202200016383,2.27,21.06
202200016385,1.76,12.43
202200016471,7.26,8.73
202200016527,10.31,4.68
202200016566,5.31,2.72
202200016575,0.78,6.28
202200016621,4.9,7.5
202200016770,5.83,20.46
202200016772,8.48,24.69
202200016776,5.03,17.82
202200016787,11.64,42.8
202200016792,1.47,25.55
202200016795,0.67,22.47
202200016805,8.51,5.65
202200016807,7.15,5.45
202200016809,4.99,6.39
202200016812,3.64,3.94
202200016825,6.6,7.22
202200016860,8.09,22.82
202200016864,1.62,3.31
202200016968,2.95,8.25
202200016974,8.9,27.42
202200016987,9.17,7.59
202200017013,3.15,7.46
202200017015,6.5,6.24
202200017038,15.16,24.24
202200017040,2.74,20.1
202200017118,7.52,5.28
202200017279,4.17,3.6
202200017303,7.04,6.5
202200017306,7.38,12.0
202200017362,3.06,8.5
202200017365,6.0,9.11
202200017368,3.91,7.12
202200017370,8.66,5.36
202200017373,8.69,3.46
202200017395,10.14,12.7
202200017397,4.48,5.78
202200017445,12.78,26.56
202200017449,7.38,32.93
202200017452,4.47,18.68
202200017483,7.19,3.2
202200017486,7.26,5.45
202200017489,5.26,7.92
202200017492,4.72,7.23
202200017495,4.54,4.88
202200017498,4.37,7.03
202200017501,9.29,1.76
202200017505,2.62,7.33
202200017529,6.6,10.52
202200017544,11.59,8.72
202200017546,2.5,7.58
202200017548,5.95,4.85
202200017550,2.83,4.13
202200017552,5.14,5.31
202200017555,5.65,6.44
202200017557,3.75,4.04
202200017570,9.39,10.01
202200017573,3.1,8.61
202200017624,2.8,5.31
202200017629,8.72,7.46
202200017631,1.76,4.07
202200017635,4.07,3.87
202200017642,3.09,9.98
202200017650,2.76,4.16
202200017652,5.57,1.63
202200017656,6.24,3.25
202200017657,7.04,6.0
202200017658,4.69,4.9
202200017660,6.39,11.39
202200017663,7.84,7.64
202200017665,6.55,13.16
202200017668,4.63,9.28
202200017766,6.45,17.51
202200017774,2.3,22.41
202200017779,7.05,24.96
202200017790,2.66,22.39
202200017793,4.64,4.42
202200017795,6.45,16.99
202200017814,5.77,6.58
202200017857,1.63,19.95
202200017902,6.27,11.98
202200017905,6.1,9.3
202200017929,8.26,8.59
202200017931,3.8,9.68
202200017936,6.47,7.09
202200017967,8.28,14.38
202200018063,5.52,7.19
202200018071,3.64,4.79
202200018098,5.9,22.7
202200018116,9.57,9.96
202200018117,3.0,19.52
202200018118,0.75,12.88
202200018184,7.28,8.77
202200018224,8.67,9.01
202200018225,2.74,2.46
202200018226,3.89,6.55
202200018233,3.09,7.64
202200018236,3.75,4.44
202200018253,4.6,5.53
202200018329,6.59,9.26
202200018367,8.07,7.88
202200018370,8.6,6.88
202200018406,5.42,7.68
202200018408,4.63,6.3
202200018410,7.52,3.1
202200018472,6.25,5.66
202200018478,6.6,4.95
202200018495,3.13,5.43
202200018499,9.16,7.34
202200018502,4.68,5.2
202200018515,2.81,7.9
202200018527,4.39,15.72
202200018536,3.57,20.2
202200018542,6.42,17.99
202200018545,4.09,2.76
202200018549,10.09,7.81
202200018552,6.73,4.1
202200018554,8.37,8.7
202200018558,10.31,10.11
202200018561,2.09,2.26
202200018565,4.01,4.3
202200018567,3.66,3.97
202200018577,2.63,21.36
202200018583,6.84,2.19
202200018662,7.22,9.86
202200018665,7.38,7.82
202200018691,6.82,7.0
202200018827,9.23,11.53
202200018847,9.05,10.62
202200018891,8.94,8.42
202200018921,2.14,14.41
202200018995,7.46,3.73
202200019003,3.72,23.74
202200019009,8.56,24.31
202200019075,1.33,25.67
202200019105,5.79,24.63
202200019132,4.07,7.74
202200019172,3.16,4.69
202200019174,6.74,1.88
202200019225,10.19,14.16
202200019252,4.23,22.28
202200019332,2.58,16.5
202200019335,6.66,37.82
202200019340,5.64,36.86
202200019353,4.3,2.72
202200019354,5.25,4.28
202200019357,2.09,2.52
202200019366,3.42,14.47
202200019369,2.18,32.81
202200019384,3.42,14.88
202200019397,3.52,16.92
202200019404,6.85,20.76
202200019406,10.25,9.15
202200019411,10.07,13.75
202200019414,3.9,3.4
202200019530,10.12,11.96
202200019531,6.2,2.49
202200019532,2.29,3.65
202200019589,8.82,17.66
202200019603,8.08,21.98
202200019620,4.98,39.94
202200019622,5.6,16.8
202200019624,11.9,17.09
202200019667,6.49,9.58
202200019683,4.66,17.01
202200019737,6.07,8.59
202200019754,9.58,6.6
202200019805,5.63,8.6
202200019808,4.68,8.32
202200019837,7.48,4.49
202200019840,6.19,8.65
202200019843,3.28,11.49
202200019847,4.37,7.04
202200019866,5.35,11.22
202200019868,9.34,9.85
202200019880,7.65,9.75
202200019891,6.97,23.2
202200019894,3.0,26.05
202200019895,14.53,15.0
202200019938,6.88,15.04
202200019974,6.09,3.6
202200020001,3.64,4.26
202200020004,10.02,15.56
202200020033,4.82,7.61
202200020106,5.91,8.95
202200020119,5.8,4.42
202200020120,5.54,5.82
202200020121,6.42,4.72
202200020128,5.32,7.21
202200020129,2.37,8.44
202200020130,3.41,3.71
202200020205,2.38,15.79
202200020215,1.56,20.58
202200020217,6.39,19.55
202200020218,13.52,13.0
202200020219,2.56,8.09
202200020240,7.83,27.27
202200020255,4.93,7.44
202200020257,5.58,4.61
202200020259,4.31,4.74
202200020260,4.62,4.91
202200020262,7.13,7.62
202200020264,5.48,5.93
202200020265,1.58,3.88
202200020282,6.71,9.12
202200020283,9.04,10.1
202200020284,4.16,3.91
202200020285,8.55,8.29
202200020288,0.34,2.47
202200020289,5.75,6.29
202200020291,7.24,8.12
202200020295,10.34,4.46
202200020375,13.71,18.95
202200020386,5.08,19.36
202200020388,12.44,27.7
202200020403,12.88,12.36
202200020408,15.26,16.69
202200020409,6.58,10.88
202200020430,9.22,11.56
202200020521,3.04,21.06
202200020530,7.44,9.32
202200020554,6.82,5.66
202200020577,3.79,6.45
202200020579,5.34,6.01
202200020582,7.6,8.54
202200020583,8.46,8.54
202200020602,6.39,6.8
202200020603,13.12,25.9
202200020605,10.31,10.96
202200020673,9.27,24.26
202200020691,7.13,10.19
202200020706,3.32,17.55
202200020708,0.77,8.99
202200020712,11.01,13.49
202200020752,2.42,8.26
202200020754,5.0,16.17
202200020832,4.27,6.28
202200020833,7.16,7.18
202200020877,4.03,7.25
202200020903,6.26,15.12
202200020929,6.75,9.05
202200020931,9.07,6.68
202200020934,6.92,8.99
202200020951,7.63,7.96
202200020957,5.96,5.81
202200021026,4.05,53.86
202200021027,2.25,20.56
202200021104,7.67,3.24
202200021171,3.56,28.33
202200021180,3.14,28.13
202200021233,5.86,32.78
202200021235,6.93,17.91
202200021254,7.1,12.2
202200021256,7.37,12.92
202200021264,2.67,21.41
202200021277,5.44,15.91
202200021302,1.81,13.1
202200021337,8.92,9.52
202200021339,7.45,12.98
202200021369,3.97,5.26
202200021383,2.99,5.65
202200021387,11.25,11.87
202200021410,1.38,16.54
202200021411,1.18,16.66
202200021484,4.39,7.03
202200021515,7.25,5.18
202200021516,7.2,12.94
202200021532,5.81,3.48
202200021534,6.38,4.17
202200021546,9.22,12.7
202200021554,3.98,23.38
202200021556,8.6,14.74
202200021603,4.63,8.16
202200021672,9.62,13.72
202200021725,4.07,15.69
202200021727,1.81,14.28
202200021730,5.06,15.13
202200021759,9.11,4.05
202200021762,5.72,8.52
202200021765,6.2,8.6
202200021777,11.55,7.96
202200021779,2.26,8.12
202200021809,2.6,10.65
202200021810,5.68,7.83
202200021946,8.28,10.53
202200021956,4.91,13.48
202200021957,2.31,29.73
202200021988,9.83,15.49
202200021989,10.42,16.41
202200022043,8.46,2.96
202200022060,6.71,5.68
202200022073,3.29,3.47
202200022080,6.02,3.55
202200022100,8.63,8.46
202200022135,7.69,13.8
202200022137,5.25,5.59
202200022142,5.62,5.91
202200022153,4.12,4.56
202200022168,9.39,9.21
202200022192,7.95,22.76
202200022196,0.89,32.34
202200022205,11.73,13.78
202200022218,6.36,11.43
202200022264,5.55,14.59
202200022265,9.69,30.39
202200022267,10.9,34.11
202200022339,7.81,9.69
202200022340,9.16,13.95
202200022343,6.82,12.8
202200022362,7.32,5.07
202200022382,6.64,7.93
202200022421,6.32,7.36
202200022475,7.3,15.98
202200022587,3.44,26.2
202200022589,3.6,5.17
202200022624,7.06,12.6
202200022632,5.98,6.53
202200022659,5.69,22.86
202200022660,0.96,2.38
202200022712,11.1,15.74
202200022723,8.94,4.94
202200022733,4.68,7.35
202200022736,4.14,4.43
202200022750,5.91,11.87
202200022775,4.82,23.59
202200022803,6.35,18.43
202200022832,8.98,18.98
202200022870,12.83,34.4
202200022917,3.92,2.74
202200022923,1.44,2.8
202200022924,3.15,4.45
202200022925,3.02,1.21
202200023015,3.72,34.36
202200023059,4.53,4.82
202200023112,13.54,29.14
202200023114,6.81,18.21
202200023115,2.95,3.07
202200023116,2.22,12.54
202200023127,2.22,19.72
202200023139,4.64,7.15
202200023140,9.89,8.7
202200023145,5.68,8.28
202200023146,3.24,4.58
202200023196,7.33,22.08
202200023235,6.05,17.12
202200023236,3.19,23.83
202200023291,6.52,8.96
202200023350,7.39,7.38
202200023351,7.96,14.92
202200023362,8.8,6.15
202200023363,6.98,7.43
202200023452,3.62,8.65
202200023506,7.75,11.24
202200023515,4.19,19.15
202200023554,3.33,23.36
202200023559,2.59,18.21
202200023660,6.51,7.68
202200023663,6.51,9.73
202200023664,5.98,6.56
202200023684,5.76,5.47
202200023685,7.87,4.88
202200023687,4.18,3.98
202200023689,10.65,7.78
202200023691,8.52,8.85
202200023693,7.47,6.95
202200023704,7.15,6.92
202200023711,9.79,8.65
202200023864,5.26,12.85
202200023865,8.23,26.74
202200023872,1.43,28.13
202200023940,2.44,15.6
202200023948,5.35,5.39
202200023960,6.28,6.54
202200023988,13.4,12.34
202200023993,7.66,7.46
202200023995,5.73,4.58
202200023999,8.46,4.9
202200024010,3.58,9.02
202200024104,2.47,4.78
202200024112,3.61,6.02
202200024119,2.54,4.97
202200024190,9.5,15.1
202200024229,8.67,10.54
202200024276,15.28,14.77
202200024283,7.12,7.78
202200024285,7.62,21.78
202200024341,10.18,15.28
202200024349,3.65,15.06
202200024352,0.73,17.85
202200024353,9.89,31.76
202200024413,5.61,28.17
202200024414,11.15,23.73
202200024417,17.31,27.31
202200024420,8.99,11.46
202200024518,14.81,26.52
202200024525,5.44,6.37
202200024601,4.32,26.33
202200024636,8.88,19.55
202200024639,8.18,9.75
202200024714,10.59,8.35
202200024731,8.14,6.46
202200024753,3.61,3.9
202200024755,4.97,5.02
202200024799,2.65,20.97
202200024800,5.71,7.74
202200024803,7.43,18.85
202200024829,3.51,6.02
202200024831,8.05,6.45
202200024833,8.74,14.84
202200024834,7.2,4.69
202200024879,8.15,27.63
202200024935,3.99,13.63
202200024999,9.66,20.33
202200025000,8.19,28.82
202200025001,5.03,12.88
202200025018,9.26,10.15
202200025090,4.95,3.74
202200025091,6.52,6.1
202200025125,10.01,33.51
202200025138,3.44,30.86
202200025156,18.13,23.32
202200025193,11.92,92.69
202200025194,3.32,20.47
202200025211,6.2,9.3
202200025241,1.92,13.4
202200025258,8.99,8.05
202200025259,8.63,5.07
202200025260,4.58,5.5
202200025298,10.45,13.88
202200025301,8.12,15.04
202200025354,3.03,24.1
202200025372,7.06,12.67
202200025375,6.32,10.54
202200025418,2.07,5.26
202200025419,3.31,21.56
202200025550,2.89,3.23
202200025558,3.88,4.16
202200025560,4.02,3.77
202200025561,5.89,4.76
202200025562,5.17,2.81
202200025563,5.62,8.12
202200025693,5.22,35.11
202200025703,3.74,27.66
202200025704,6.6,30.32
202200025705,15.84,26.33
202200025706,7.46,12.28
202200025734,4.08,5.61
202200025735,2.4,4.6
202200025766,3.87,17.17
202200025780,10.22,12.94
202200025824,10.94,7.78
202200025826,7.36,8.79
202200025905,6.2,6.28
202200025908,9.0,22.54
202200025914,3.08,8.96
202200025969,4.46,26.46
202200026012,6.05,36.28
202200026040,2.07,15.41
202200026088,3.1,11.31
202200026091,4.71,5.23
202200026105,4.71,5.97
202200026109,4.75,7.47
202200026200,6.11,4.42
202200026203,4.53,4.82
202200026227,0.55,8.4
202200026247,6.87,14.28
202200026250,6.09,6.96
202200026308,2.57,4.44
202200026364,3.69,4.06
202200026518,4.01,3.78
202200026568,2.56,25.66
202200026593,1.18,11.75
202200026600,11.03,32.96
202200026603,10.12,22.1
202200026609,8.74,14.52
202200026612,4.07,23.13
202200026628,7.74,11.57
202200026644,6.96,29.18
202200026649,7.36,6.77
202200026652,9.45,11.01
202200026653,8.28,10.79
202200026664,9.13,6.88
202200026667,10.07,10.78
202200026669,6.55,5.6
202200026694,12.68,48.9
202200026697,4.05,3.98
202200026789,4.83,6.8
202200026790,8.15,8.02
202200026841,7.78,10.99
202200026851,5.14,27.62
202200026854,7.4,18.84
202200026872,2.84,11.2
202200026912,2.53,4.62
202200026969,6.24,11.2
202200027033,3.86,5.92
202200027034,8.38,8.19
202200027129,8.54,8.88
202200027130,9.3,9.31
202200027131,6.57,8.87
202200027197,6.87,8.06
202200027222,1.88,25.82
202200027228,6.81,13.66
202200027230,16.16,16.63
202200027270,4.21,8.16
202200027277,4.26,5.56
202200027298,9.32,5.5
202200027351,6.34,6.23
202200027353,6.56,6.45
202200027367,3.29,5.27
202200027376,8.64,5.78
202200027378,5.64,7.52
202200027380,4.38,34.3
202200027500,6.12,26.87
202200027535,8.09,35.47
202200027538,7.53,4.61
202200027540,4.94,26.61
202200027589,6.6,4.02
202200027618,15.89,46.08
202200027649,4.07,16.54
202200027651,9.6,8.32
202200027711,2.67,8.59
202200027712,5.93,6.58
202200027713,5.13,7.66
202200027714,5.09,6.36
202200027728,5.81,13.97
202200027729,7.75,14.49
202200027730,5.04,6.25
202200027739,4.81,6.46
202200027794,5.13,6.85
202200027803,6.92,7.04
202200027856,3.27,26.75
202200027879,5.74,26.2
202200027881,1.31,18.68
202200027882,7.82,23.26
202200027974,5.42,6.21
202200027977,5.46,6.39
202200028001,3.51,9.08
202200028004,6.15,2.37
202200028082,9.94,9.34
202200028094,4.14,5.67
202200028126,5.01,1.35
202200028129,5.65,1.92
202200028131,3.2,7.87
202200028134,6.68,10.74
202200028136,8.27,13.3
202200028139,12.35,36.17
202200028142,5.28,14.21
202200028145,6.81,9.54
202200028148,10.81,42.41
202200028185,8.32,3.09
202200028227,6.27,5.31
202200028230,9.07,30.63
202200028239,4.32,5.25
202200028244,2.34,7.84
202200028263,5.76,25.79
202200028264,9.07,17.71
202200028329,10.49,16.77
202200028331,11.34,11.32
202200028342,2.62,2.4
202200028422,10.63,9.42
202200028425,8.47,9.71
202200028434,8.41,22.17
202200028436,2.76,4.16
202200028438,4.33,5.38
202200028447,11.88,29.8
202200028538,6.08,7.83
202200028550,10.38,19.94
202200028552,7.1,8.49
202200028583,20.83,19.98
202200028618,4.56,14.32
202200028646,6.3,5.08
202200028648,7.2,4.9
202200028650,4.42,7.18
202200028668,15.46,16.08
202200028670,4.4,7.96
202200028688,3.94,6.44
202200028753,2.66,5.48
202200028757,5.22,11.08
202200028799,2.62,19.56
202200028902,5.12,7.87
202200028910,6.72,12.27
202200028993,2.94,5.21
202200028996,5.1,5.24
202200029002,7.3,3.51
202200029003,0.25,6.86
202200029086,5.25,2.45
202200029093,4.53,4.37
202200029149,7.18,4.11
202200029211,9.11,7.53
202200029213,5.26,7.33
202200029360,16.02,22.28
202200029362,3.36,20.69
202200029383,7.04,20.32
202200029390,8.12,13.09
202200029424,4.69,15.23
202200029426,6.22,17.0
202200029427,4.58,10.6
202200029447,1.22,5.79
202200029514,12.16,13.92
202200029538,5.33,31.14
202200029592,5.09,7.4
202200029614,6.58,9.8
202200029616,7.84,4.99
202200029701,3.34,7.4
202200029713,6.17,11.22
202200029716,13.0,7.37
202200029718,5.08,17.98
202200029720,7.38,9.25
202200029723,8.78,18.33
202200029725,3.46,5.34
202200029726,4.96,6.84
202200029729,4.34,4.64
202200029731,8.37,4.63
202200029788,7.69,4.14
202200029789,4.31,14.84
202200029790,6.76,5.17
202200029798,8.91,10.37
202200029799,9.2,7.99
202200029858,3.28,11.92
202200029859,6.16,24.83
202200029860,3.55,24.8
202200029950,6.62,21.6
202200029971,10.71,8.13
202200029973,12.82,31.71
202200029983,3.97,19.17
202200030050,11.08,24.92
202200030052,4.56,11.6
202200030053,3.93,2.88
202200030054,2.76,20.25
202200030055,4.14,15.61
202200030070,10.52,14.49
202200030082,14.8,26.24
202200030084,13.7,15.45
202200030085,7.52,5.18
202200030097,3.7,12.55
202200030174,4.07,22.75
202200030190,12.26,26.68
202200030192,5.18,35.07
202200030204,4.01,25.8
202200030205,1.91,15.86
202200030241,3.54,9.07
202200030277,8.39,2.72
202200030309,6.11,6.56
202200030312,5.89,8.69
202200030322,7.5,7.99
202200030356,8.3,24.28
202200030357,12.68,12.08
202200030358,7.47,21.64
202200030359,10.21,15.12
202200030417,1.1,31.04
202200030421,6.07,16.84
202200030523,10.96,8.49
202200030587,3.13,5.43
202200030596,9.16,5.92
202200030608,5.53,1.78
202200030612,3.49,3.23
202200030677,14.64,23.8
202200030679,9.18,30.04
202200030703,5.29,36.42
202200030736,13.28,10.8
202200030795,4.8,7.05
202200030803,7.44,5.96
202200030804,5.58,5.61
202200030807,4.08,5.18
202200030810,5.86,8.82
202200030863,3.54,14.79
202200030866,1.06,25.06
202200030868,5.62,27.78
202200030870,1.4,23.58
202200030873,10.92,13.76
202200030893,11.18,10.66
202200030929,7.42,7.45
202200030992,2.78,4.92
202200030994,3.31,4.41
202200031035,1.53,32.16
202200031040,9.3,9.33
202200031049,8.85,18.68
202200031050,9.68,12.87
202200031077,9.75,7.9
202200031104,6.95,9.92
202200031105,6.25,12.09
202200031172,0.77,2.66
202200031203,10.8,11.69
202200031210,2.95,13.76
202200031276,6.31,12.52
202200031279,5.96,10.81
202200031282,0.85,2.22
202200031284,4.25,4.62
202200031417,7.26,19.17
202200031433,4.17,2.91
202200031434,13.61,13.1
202200031470,3.12,13.39
202200031471,11.89,11.27
202200031474,7.27,30.6
202200031511,4.62,6.39
202200031536,14.96,38.84
202200031542,4.45,18.87
202200031566,1.79,20.16
202200031595,2.49,8.08
202200031600,13.02,12.84
202200031628,6.92,6.4
202200031640,12.62,31.2
202200031662,6.38,6.01
202200031666,2.4,9.9
202200031702,10.06,15.36
202200031744,4.79,7.3
202200031828,3.51,10.19
202200031926,5.39,26.32
202200031932,3.6,12.18
202200031945,6.1,22.24
202200031964,5.45,11.33
202200031966,4.91,7.49
202200031968,5.7,6.42
202200032050,5.88,2.72
202200032151,3.78,11.99
202200032154,5.69,7.98
202200032215,8.78,7.01
202200032217,4.41,33.21
202200032263,7.31,4.89
202200032270,3.18,7.91
202200032282,7.56,8.24
202200032318,0.82,13.44
202200032321,6.04,9.18
202200032341,5.26,8.21
202200032353,12.71,28.06
202200032411,8.6,28.5
202200032412,3.28,23.28
202200032425,9.5,30.12
202200032509,11.01,21.34
202200032510,4.57,5.98
202200032519,5.6,5.01
202200032524,5.58,7.11
202200032525,3.25,3.42
202200032526,3.38,3.68
202200032529,7.69,9.93
202200032593,3.93,7.7
202200032645,7.54,8.03
202200032649,15.33,10.52
202200032653,3.0,24.72
202200032715,6.07,4.97
202200032727,6.6,17.24
202200032729,4.25,25.64
202200032734,3.42,0.93
202200032736,9.16,11.67
202200032737,6.96,12.71
202200032738,7.26,8.79
202200032774,8.71,9.51
202200032776,16.22,46.42
202200032778,4.06,20.91
202200032807,2.47,13.88
202200032822,8.33,30.02
202200032882,2.46,8.4
202200032904,7.87,13.57
202200032908,9.25,16.25
202200032910,8.44,34.58
202200032919,7.42,4.92
202200032933,4.82,2.94
202200032938,7.31,7.64
202200033032,3.62,6.12
202200033039,8.56,8.9
202200033043,5.7,5.17
202200033046,7.6,3.68
202200033048,5.08,3.72
202200033061,3.48,4.78
202200033081,7.75,2.78
202200033085,6.48,5.16
202200033094,7.73,6.04
202200033097,1.46,7.33
202200033099,0.68,36.46
202200033102,2.43,29.88
202200033103,4.83,3.68
202200033170,7.59,3.14
202200033174,5.41,9.09
202200033176,11.07,22.71
202200033177,6.89,6.44
202200033180,6.16,9.38
202200033184,5.81,16.14
202200033215,8.67,10.03
202200033218,3.72,3.76
202200033221,10.03,8.16
202200033224,4.79,8.94
202200033228,5.38,2.8
202200033230,5.4,8.06
202200033234,8.59,9.98
202200033235,6.26,8.68
202200033256,6.86,13.71
202200033259,7.9,18.03
202200033262,5.19,19.65
202200033264,6.69,10.51
202200033273,4.69,4.67
202200033281,1.75,6.01
202200033298,6.52,6.46
202200033419,6.98,7.46
202200033420,6.24,11.15
202200033448,3.64,6.14
202200033457,5.46,23.31
202200033461,5.03,23.33
202200033463,4.09,2.02
202200033499,4.14,19.78
202200033594,6.56,3.57
202200033602,5.6,6.05
202200033643,8.97,19.88
202200033664,6.77,24.62
202200033669,2.88,1.65
202200033696,5.53,5.01
202200033747,5.15,5.6
202200033751,9.81,6.32
202200033752,5.37,3.17
202200033754,6.28,6.26
202200033869,7.05,8.8
202200033917,4.71,15.87
202200033920,5.1,16.87
202200033984,7.51,3.1
202200033993,8.46,8.23
202200033994,5.42,5.12
202200034003,5.44,5.24
202200034006,6.17,5.64
202200034013,7.84,4.8
202200034131,7.0,4.02
202200034171,6.5,5.9
202200034192,4.71,5.62
202200034198,10.88,15.05
202200034201,9.4,13.43
202200034204,7.97,6.44
202200034205,4.24,4.69
202200034271,4.67,29.45
202200034294,7.7,30.49
202200034307,8.58,17.12
202200034322,9.08,16.32
202200034325,6.6,3.6
202200034327,11.27,11.78
202200034330,2.16,4.71
202200034369,3.25,3.43
202200034387,1.98,9.5
202200034408,3.93,20.42
202200034429,2.44,7.88
202200034459,5.34,11.4
202200034489,4.35,17.22
202200034506,9.53,9.33
202200034507,6.9,5.75
202200034509,4.66,5.58
202200034605,5.75,25.71
202200034632,5.65,24.65
202200034671,5.93,23.01
202200034672,8.12,15.66
202200034674,6.9,8.65
202200034676,3.13,22.65
202200034678,10.68,12.24
202200034715,11.9,17.74
202200034761,6.28,4.99
202200034764,4.11,7.48
202200034785,8.51,58.68
202200034908,4.98,25.83
202200034912,5.97,16.94
202200034918,7.55,5.48
202200034930,5.01,13.01
202200034936,3.58,6.33
202200034945,3.82,3.6
202200034988,6.12,4.08
202200035010,3.81,4.97
202200035030,3.45,17.03
202200035035,3.15,8.69
202200035086,4.2,21.55
202200035092,6.2,11.85
202200035097,5.74,17.03
202200035101,6.52,25.04
202200035124,7.06,14.18
202200035129,4.79,15.32
202200035209,10.07,26.83
202200035212,10.91,12.48
202200035216,8.06,27.39
202200035239,7.69,6.22
202200035243,5.96,8.63
202200035254,12.69,26.54
202200035284,3.1,7.66
202200035382,5.51,8.65
202200035401,2.46,11.99
202200035403,4.19,4.41
202200035456,6.91,6.5
202200035463,9.97,41.5
202200035471,2.62,25.56
202200035472,5.88,18.73
202200035514,10.73,14.7
202200035546,2.26,15.4
202200035547,5.38,35.71
202200035548,7.09,11.26
202200035629,6.3,4.82
202200035634,5.45,10.18
202200035635,4.9,4.64
202200035666,7.1,6.65
202200035668,4.39,6.9
202200035679,3.52,7.14
202200035722,8.51,15.7
202200035735,7.84,6.63
202200035737,7.07,8.91
202200035753,7.01,5.95
202200035755,8.5,9.12
202200035757,8.35,8.98
202200035809,1.79,25.4
202200035867,1.93,5.68
202200035909,6.24,27.94
202200035910,11.14,21.01
202200035978,8.11,7.56
202200035979,6.29,5.44
202200036052,10.0,10.0
202200036067,10.87,13.55
202200036069,2.22,20.06
202200036132,4.81,27.35
202200036133,4.27,21.15
202200036149,4.26,20.48
202200036150,1.55,18.28
202200036174,6.89,14.42
202200036176,8.22,10.52
202200036232,2.49,8.13
202200036329,7.77,6.95
202200036339,4.1,4.43
202200036343,3.76,4.86
202200036347,3.01,2.42
202200036352,16.77,35.93
202200036354,9.22,41.35
202200036357,3.66,3.3
202200036359,3.81,21.98
202200036408,5.53,4.04
202200036411,0.83,14.17
202200036478,8.81,14.72
202200036521,5.68,7.1
202200036558,6.39,2.66
202200036593,4.27,7.94
202200036617,4.42,6.49
202200036623,7.86,9.1
202200036626,2.01,3.54
202200036631,5.11,5.39
202200036634,3.65,7.8
202200036650,8.4,4.81
202200036653,2.93,4.46
202200036655,6.71,11.44
202200036705,6.38,8.65
202200036712,5.04,7.98
202200036733,6.24,6.12
202200036736,2.74,3.8
202200036742,5.57,6.5
202200036768,9.07,5.33
202200036776,10.7,26.04
202200036778,1.87,11.31
202200036789,2.73,4.3
202200036833,7.36,14.45
202200036837,6.64,6.24
202200036857,4.04,4.01
202200036865,3.52,26.94
202200036872,9.94,37.59
202200036969,18.5,32.81
202200036972,11.78,22.1
202200036983,4.22,21.5
202200036987,9.93,12.86
202200037058,7.73,6.26
202200037118,4.34,3.68
202200037122,10.14,4.91
202200037153,7.25,3.66
202200037168,7.07,9.14
202200037183,6.03,7.79
202200037205,5.67,12.6
202200037207,3.02,21.7
202200037275,3.79,4.09
202200037318,5.46,7.72
202200037327,4.64,5.09
202200037328,5.16,5.97
202200037329,7.54,8.48
202200037330,10.0,8.79
202200037331,7.92,9.49
202200037407,7.4,13.16
202200037412,4.99,20.74
202200037421,5.05,34.48
202200037423,9.53,8.24
202200037424,9.85,21.22
202200037440,3.63,37.87
202200037484,6.54,22.04
202200037532,3.88,14.0
202200037534,1.26,21.76
202200037582,9.44,15.74
202200037584,11.28,11.94
202200037653,11.03,13.48
202200037654,3.05,5.46
202200037655,3.46,4.51
202200037750,9.29,20.18
202200037767,3.86,6.37
202200037802,8.46,18.76
202200037871,6.32,6.4
202200037872,3.5,8.37
202200037883,0.74,6.6
202200037933,2.36,8.38
202200037934,6.99,9.96
202200037947,5.1,5.44
202200037948,5.63,5.92
202200037949,9.55,12.76
202200037957,3.11,4.64
202200037958,8.67,9.29
202200038059,0.13,7.98
202200038085,5.46,16.83
202200038104,1.4,2.76
202200038107,8.17,2.4
202200038110,3.81,4.11
202200038111,9.84,11.72
202200038112,9.94,15.47
202200038249,5.78,16.55
202200038251,3.18,19.34
202200038258,6.2,21.02
202200038261,11.74,12.8
202200038263,1.37,13.35
202200038265,7.12,17.66
202200038275,4.38,25.64
202200038277,9.3,25.67
202200038307,5.5,11.37
202200038309,1.98,18.17
202200038312,5.73,18.85
202200038368,4.12,26.99
202200038402,3.05,26.28
202200038456,7.75,8.09
202200038470,11.12,9.04
202200038488,5.98,7.52
202200038536,14.51,22.35
202200038538,5.28,27.85
202200038576,5.5,19.87
202200038578,7.53,26.95
202200038580,5.76,24.82
202200038583,4.12,9.98
202200038609,9.26,20.86
202200038615,5.98,20.35
202200038765,4.38,4.18
202200038803,3.75,8.47
202200038855,7.26,12.39
202200038858,3.86,2.69
202200038870,12.26,12.22
202200038879,7.92,4.88
202200039032,6.23,5.28
202200039052,6.44,20.4
202200039079,4.28,18.89
202200039081,9.18,7.76
202200039086,4.38,12.39
202200039137,9.22,6.57
202200039138,7.17,7.21
202200039140,9.16,6.18
202200039142,3.0,2.42
202200039206,2.43,8.67
202200039224,9.55,8.34
202200039225,4.74,4.36
202200039228,2.81,3.97
202200039278,3.8,9.32
202200039304,3.42,19.83
202200039324,7.57,10.62
202200039325,8.22,34.29
202200039326,3.08,8.82
202200039340,1.76,17.41
202200039341,3.29,31.38
202200039343,2.17,19.25
202200039345,6.63,17.2
202200039381,9.05,22.89
202200039412,3.28,3.03
202200039486,9.94,12.42
202200039489,5.5,4.65
202200039507,4.45,3.63
202200039519,1.27,2.64
202200039545,7.2,20.95
202200039547,8.02,16.84
202200039551,5.09,15.56
202200039654,12.12,14.27
202200039660,12.82,14.38
202200039689,7.26,4.84
202200039690,7.9,8.28
202200039691,3.08,2.37
202200039697,8.78,5.19
202200039845,4.07,20.43
202200039852,9.8,22.82
202200039854,2.19,1.78
202200039878,9.8,20.04
202200039888,10.46,7.46
202200039891,13.86,22.81
202200039903,9.44,29.56
202200039946,8.89,21.77
202200040016,3.14,8.89
202200040017,4.48,15.96
202200040045,9.54,9.35
202200040056,8.18,8.8
202200040148,10.7,19.38
202200040154,8.1,22.91
202200040159,7.23,15.87
202200040161,8.84,3.47
202200040181,9.51,6.52
202200040182,4.46,6.31
202200040184,7.46,6.25
202200040194,7.69,8.18
202200040195,5.88,6.21
202200040335,7.73,8.67
202200040351,2.39,4.6
202200040459,2.28,32.95
202200040468,13.73,19.16
202200040484,1.88,17.91
202200040487,6.99,14.25
202200040491,2.03,52.21
202200040495,10.95,21.58
202200040522,10.23,24.48
202200040561,13.5,22.31
202200040664,8.63,8.4
202200040671,9.27,6.28
202200040673,7.29,8.77
202200040675,5.31,7.82
202200040677,5.09,7.59
202200040681,7.76,6.06
202200040685,6.08,5.47
202200040688,3.54,4.64
202200040692,3.16,4.08
202200040694,6.97,12.89
202200040697,5.82,6.12
202200040799,6.23,11.3
202200040832,7.6,10.66
202200040833,6.72,15.86
202200040840,8.28,10.56
202200040843,1.34,11.43
202200040862,6.82,10.77
202200040882,4.32,32.38
202200040885,0.78,19.91
202200041061,6.52,19.82
202200041070,5.91,6.42
202200041089,7.11,11.61
202200041104,8.19,32.78
202200041105,7.36,32.9
202200041108,8.66,12.83
202200041161,10.48,16.96
202200041171,10.58,19.39
202200041173,3.58,14.12
202200041283,10.49,4.76
202200041284,9.78,9.59
202200041285,7.99,19.46
202200041286,7.94,6.25
202200041287,4.41,13.13
202200041288,9.55,13.72
202200041306,7.34,5.56
202200041307,4.04,9.99
202200041418,4.68,13.63
202200041511,19.79,36.56
202200041554,6.52,13.36
202200041624,7.84,3.94
202200041625,3.08,5.75
202200041626,5.13,6.12
202200041636,8.56,5.69
202200041639,6.27,5.52
202200041640,4.76,7.46
202200041772,7.11,5.42
202200041779,7.19,7.64
202200041780,6.1,2.4
202200041827,2.65,24.57
202200041842,9.99,23.11
202200041843,4.66,6.22
202200041844,1.04,24.03
202200041880,3.73,7.46
202200041913,6.4,9.58
202200041914,7.31,4.32
202200041922,5.85,3.93
202200041923,5.16,7.34
202200041929,7.46,5.53
202200042000,4.6,25.88
202200042058,9.5,23.65
202200042068,2.63,32.89
202200042071,10.98,16.22
202200042081,1.0,23.92
202200042102,11.96,10.07
202200042103,3.77,25.62
202200042104,2.66,2.25
202200042159,6.32,21.33
202200042178,6.62,6.42
202200042217,7.26,2.61
202200042218,4.94,7.47
202200042220,5.57,7.52
202200042234,10.17,3.47
202200042247,0.86,3.01
202200042256,1.08,3.39
202200042258,7.02,8.05
202200042260,5.31,7.61
202200042411,4.5,20.35
202200042463,8.04,31.84
202200042467,4.34,16.52
202200042468,8.12,16.78
202200042470,1.58,18.52
202200042520,2.48,8.12
202200042619,4.28,15.91
202200042623,3.02,16.36
202200042626,3.58,22.03
202200042669,7.04,1.4
202200042673,1.71,59.84
202200042675,5.33,36.5
202200042732,6.15,6.54
202200042739,6.47,15.76
202200042742,6.79,6.24
202200042748,4.54,7.21
202200042758,7.12,4.13
202200042776,3.25,6.42
202200042876,1.25,18.77
202200042898,8.99,24.33
202200042915,1.73,12.4
202200042957,4.69,24.74
202200043006,12.32,20.66
202200043023,4.8,21.58
202200043029,2.9,31.22
202200043039,8.51,7.41
202200043040,5.28,4.14
202200043042,3.19,2.23
202200043046,4.24,4.57
202200043054,10.07,32.07
202200043065,5.91,5.39
202200043066,12.3,10.98
202200043123,8.44,7.27
202200043222,8.18,9.66
202200043223,9.4,7.82
202200043226,7.81,7.69
202200043234,12.71,24.76
202200043236,3.66,3.44
202200043279,3.82,4.37
202200043282,7.14,11.04
202200043284,6.58,12.05
202200043388,5.08,8.21
202200043394,7.07,4.78
202200043395,7.03,9.47
202200043397,5.86,5.67
202200043432,5.2,28.62
202200043443,10.56,10.94
202200043464,7.08,7.28
202200043525,6.11,9.33
202200043526,4.28,7.15
202200043547,7.69,9.0
202200043551,8.39,6.88
202200043552,5.74,8.59
202200043554,4.49,3.64
202200043555,8.12,4.48
202200043623,7.84,3.95
202200043625,4.39,5.17
202200043671,7.39,5.07
202200043672,7.96,16.41
202200043673,9.31,2.75
202200043674,4.8,7.43
202200043691,7.18,6.47
202200043692,1.38,1.91
202200043693,6.21,4.96
202200043694,5.42,10.67
202200043703,10.13,9.94
202200043845,5.11,8.25
202200043901,6.88,23.73
202200043955,2.9,8.34
202200043957,7.11,5.41
202200043960,5.35,9.05
202200043962,7.69,4.62
202200044002,3.93,4.31
202200044005,5.12,5.29
202200044013,6.17,4.49
202200044014,9.46,6.22
202200044031,5.68,3.05
202200044034,4.66,4.18
202200044036,3.89,9.75
202200044039,6.34,4.92
202200044041,2.74,3.12
202200044187,9.91,14.7
202200044189,7.82,13.35
202200044192,8.68,17.02
202200044194,3.69,6.91
202200044203,15.79,17.1
202200044206,6.76,13.68
202200044207,6.02,8.32
202200044226,4.96,6.36
202200044272,6.28,12.13
202200044388,7.92,15.14
202200044419,7.93,3.67
202200044422,8.81,16.16
202200044424,2.41,20.81
202200044426,8.96,2.69
202200044447,8.52,15.27
202200044449,10.25,9.04
202200044457,5.12,12.59
202200044471,3.78,2.6
202200044477,10.75,10.28
202200044484,2.92,8.84
202200044698,4.11,12.42
202200044708,1.3,17.67
202200044710,2.77,12.41
202200044713,1.17,24.09
202200044716,15.26,14.21
202200044732,3.02,34.22
202200044738,9.24,28.58
202200044742,11.32,14.14
202200044744,9.2,18.0
202200044748,5.54,16.52
202200044750,4.37,25.44
202200044758,3.14,25.7
202200044764,5.24,18.85
202200044766,9.04,10.96
202200044772,5.64,5.29
202200044791,6.63,20.59
202200044800,8.84,8.65
202200044805,4.24,6.45
202200044809,3.58,4.37
202200044812,3.07,9.0
202200044815,1.92,3.28
202200044816,1.84,20.3
202200044822,8.07,21.23
202200044832,4.68,7.54
202200044896,5.0,15.31
202200044901,13.08,22.43
202200044906,1.66,3.53
202200045039,6.22,5.19
202200045042,2.71,8.58
202200045062,7.88,5.74
202200045073,9.98,18.33
202200045103,8.87,32.95
202200045105,4.74,5.0
202200045109,5.4,7.94
202200045176,6.73,5.66
202200045249,4.27,4.6
202200045251,4.15,2.7
202200045253,5.64,8.09
202200045379,14.42,23.05
202200045491,5.18,5.52
202200045497,4.51,4.8
202200045498,5.62,6.46
202200045499,2.39,2.56
202200045501,7.4,8.02
202200045539,5.86,5.52
202200045598,5.19,4.7
202200045668,9.21,5.46
202200045669,7.25,4.52
202200045670,6.94,10.64
202200045678,8.49,7.71
202200045726,8.68,17.2
202200045727,6.8,10.02
202200045743,8.29,8.74
202200045744,6.4,8.47
202200045752,6.23,8.12
202200045809,6.25,26.9
202200045814,8.96,21.6
202200045818,6.55,12.15
202200045887,12.04,17.49
202200046038,6.76,9.8
202200046042,6.69,9.77
202200046050,8.4,12.31
202200046053,6.5,23.73
202200046137,4.76,7.98
202200046143,5.48,8.45
202200046149,8.74,12.41
202200046181,7.18,6.73
202200046184,1.28,3.96
202200046215,6.68,13.42
202200046261,8.18,32.18
202200046267,11.73,20.87
202200046349,8.91,14.8
202200046371,10.38,28.13
202200046381,13.76,24.76
202200046403,9.34,10.12
202200046407,4.96,10.06
202200046425,9.87,7.0
202200046430,5.16,4.0
202200046434,3.39,4.49
202200046447,2.7,8.06
202200046453,3.82,7.64
202200046500,4.18,7.58
202200046532,6.04,7.57
202200046606,3.86,6.68
202200046610,6.1,8.49
202200046614,9.61,8.4
202200046646,5.18,5.95
202200046652,7.41,21.16
202200046655,1.54,19.91
202200046709,3.98,8.67
202200046732,5.99,17.96
202200046735,1.82,29.72
202200046760,1.62,22.29
202200046776,2.84,19.11
202200046815,13.49,33.15
202200046905,13.35,12.79
202200046915,3.0,15.6
202200046939,7.55,19.76
202200046942,3.84,18.88
202200046961,4.66,4.94
202200047077,8.61,20.55
202200047082,5.88,5.52
202200047086,4.38,6.21
202200047095,7.48,7.82
202200047098,4.35,4.72
202200047191,5.87,6.34
202200047218,2.96,21.76
202200047229,1.61,14.18
202200047234,7.88,5.39
202200047237,13.16,12.99
202200047238,5.21,4.72
202200047243,13.09,22.04
202200047249,2.92,14.44
202200047264,2.75,27.13
202200047266,8.48,6.04
202200047268,5.55,8.22
202200047269,4.37,26.61
202200047284,5.28,9.63
202200047287,7.0,24.88
202200047399,3.72,6.74
202200047416,7.3,9.8
202200047417,5.76,8.43
202200047418,4.43,5.59
202200047427,13.07,12.88
202200047428,4.36,4.4
202200047437,4.55,4.03
202200047438,8.85,8.33
202200047439,1.97,24.4
202200047463,18.15,32.23
202200047492,7.08,8.6
202200047493,6.38,9.8
202200047522,9.51,18.43
202200047528,6.25,25.12
202200047592,1.95,3.59
202200047593,0.89,2.41
202200047780,9.6,1.34
202200047781,6.64,24.03
202200047783,4.49,14.82
202200047786,6.97,10.39
202200047787,11.42,9.37
202200047800,2.77,16.07
202200047816,5.83,6.73
202200047819,10.52,14.9
202200047827,3.72,3.47
202200047855,5.82,31.34
202200047909,14.88,12.31
202200047937,2.32,6.03
202200047942,7.98,13.05
202200047944,4.12,11.5
202200047963,7.7,6.96
202200048006,3.63,5.16
202200048008,4.86,7.61
202200048017,5.6,6.05
202200048026,6.1,6.01
202200048029,3.69,13.24
202200048035,2.45,7.6
202200048037,8.52,10.79
202200048038,12.89,34.46
202200048042,9.86,8.65
202200048049,6.27,7.8
202200048057,12.08,18.12
202200048104,6.52,11.14
202200048218,6.54,6.34
202200048222,4.75,4.14
202200048228,7.32,7.65
202200048232,10.98,11.01
202200048238,10.73,10.54
202200048240,1.26,5.99
202200048246,2.74,3.39
202200048247,7.78,8.4
202200048251,2.34,2.32
202200048266,5.33,2.7
202200048275,6.39,22.36
202200048277,5.85,4.81
202200048294,5.8,5.99
202200048301,5.73,16.14
202200048465,4.8,7.6
202200048472,5.0,5.5
202200048473,6.73,8.1
202200048494,5.15,4.69
202200048499,6.0,5.78
202200048526,6.67,6.64
202200048570,5.42,7.93
202200048576,3.7,11.91
202200048580,7.79,5.28
202200048587,6.38,4.06
202200048593,8.1,7.56
202200048601,3.16,5.86
202200048653,1.58,6.31
202200048657,2.72,4.02
202200048666,6.34,4.51
202200048677,7.16,5.94
202200048759,2.54,14.09
202200048768,9.41,9.22
202200048774,11.23,8.95
202200048777,5.07,13.58
202200048805,10.11,5.42
202200048810,5.14,6.22
202200048821,11.14,24.21
202200048823,15.24,16.26
202200048827,8.71,26.55
202200048829,10.48,10.28
202200048834,5.19,11.05
202200048888,4.75,12.59
202200048905,5.92,23.65
202200049006,5.62,7.82
202200049010,0.74,26.85
202200049012,5.41,10.08
202200049037,9.04,5.97
202200049039,3.73,15.2
202200049041,3.06,7.68
202200049043,6.57,8.96
202200049046,7.04,6.77
202200049058,3.32,29.64
202200049085,7.58,7.39
202200049180,8.75,25.66
202200049204,9.08,15.57
202200049206,3.82,27.42
202200049250,3.84,23.64
202200049277,6.88,7.1
202200049343,6.79,8.52
202200049368,10.16,3.14
202200049370,9.5,10.3
202200049372,2.46,5.62
202200049374,4.46,3.11
202200049379,0.88,2.24
202200049446,7.12,5.76
202200049447,9.23,10.34
202200049449,4.52,4.82
202200049450,3.75,4.85
202200049453,8.37,8.99
202200049505,2.06,17.24
202200049506,4.03,13.67
202200049589,7.48,6.89
202200049595,7.51,8.22
202200049597,6.2,5.68
202200049605,6.19,3.9
202200049648,4.93,23.05
202200049658,13.1,19.6
202200049738,1.68,24.78
202200049773,4.31,18.52
202200049791,6.3,5.88
202200049806,10.46,10.26
202200049870,5.0,7.73
202200049998,11.51,28.41
202200050020,5.79,8.3
202200050030,6.35,5.1
202200050035,5.26,2.87
202200050041,4.54,7.21
202200050068,6.32,3.32
202200050087,6.5,2.72
202200050089,8.55,30.51
202200050091,7.58,8.65
202200050107,4.46,4.18
202200050116,2.53,8.48
202200050124,6.26,24.77
202200050134,10.58,4.23
202200050213,1.53,3.84
202200050253,4.04,3.42
202200050262,3.76,4.06
202200050335,8.03,9.36
202200050347,6.91,7.42
202200050383,5.1,12.12
202200050416,21.42,33.73
202200050447,8.37,8.78
202200050451,11.49,10.89
202200050471,4.26,2.59
202200050496,7.24,5.83
202200050503,7.48,9.24
202200050526,3.92,12.56
202200050532,0.68,24.85
202200050537,7.22,14.45
202200050556,9.31,6.33
202200050565,1.33,23.12
202200050569,7.64,8.09
202200050574,2.45,2.78
202200050582,6.95,5.82
202200050587,2.44,5.86
202200050622,5.66,13.54
202200050629,6.1,23.89
202200050650,4.07,3.88
202200050651,1.24,8.52
202200050655,1.19,5.92
202200050663,7.1,5.83
202200050682,5.27,7.51
202200050738,4.35,15.88
202200050838,6.15,2.44
202200050856,3.42,6.97
202200050883,5.61,3.48
202200050910,5.83,8.25
202200050917,7.53,6.72
202200051062,9.67,9.44
202200051085,7.05,7.6
202200051090,5.69,4.53
202200051122,7.28,9.7
202200051127,11.22,13.52
202200051131,4.86,8.53
202200051135,6.43,4.62
202200051139,8.26,2.5
202200051143,4.44,14.77
202200051167,8.14,4.69
202200051172,7.94,4.96
202200051177,7.53,14.31
202200051178,5.26,5.06
202200051181,9.17,5.57
202200051267,10.38,40.58
202200051345,7.21,27.76
202200051362,3.09,18.03
202200051375,12.54,33.28
202200051377,4.45,18.26
202200051402,6.84,4.25
202200051441,11.33,11.84
202200051483,3.6,28.37
202200051542,2.65,5.26
202200051544,4.12,7.59
202200051595,2.13,3.31
202200051600,5.77,8.28
202200051602,0.81,18.96
202200051613,12.62,17.09
202200051618,10.44,17.6
202200051621,7.61,22.08
202200051622,4.18,21.0
202200051630,6.02,13.63
202200051633,7.08,22.27
202200051636,12.22,12.79
202200051648,9.86,7.84
202200051654,3.23,3.67
202200051655,1.27,22.5
202200051659,10.05,26.67
202200051662,11.7,23.73
202200051770,7.39,5.8
202200051803,2.42,17.38
202200051882,7.66,27.89
202200051897,6.33,8.75
202200051917,4.82,14.82
202200051935,0.71,18.18
202200051939,1.81,30.33
202200051941,5.86,8.91
202200051958,20.54,38.23
202200052027,9.21,18.94
202200052031,6.51,9.64
202200052039,5.52,11.58
202200052043,9.64,14.67
202200052050,10.51,15.54
202200052055,7.53,20.65
202200052064,7.6,9.17
202200052089,4.7,11.03
202200052118,2.16,16.97
202200052124,2.91,23.94
202200052204,8.4,4.77
202200052243,7.43,8.37
202200052247,8.3,6.97
202200052332,4.27,3.43
202200052392,1.13,3.92
202200052393,4.86,6.55
202200052400,8.6,1.53
202200052435,4.51,4.84
202200052455,2.31,20.29
202200052540,11.91,14.62
202200052564,6.59,19.26
202200052616,4.67,24.88
202200052624,9.12,11.84
202200052698,9.82,31.5
202200052705,11.9,13.74
202200052715,1.26,13.39
202200052784,6.0,9.22
202200052792,9.19,2.6
202200052823,7.5,7.95
202200052842,7.16,20.24
202200052870,6.93,5.8
202200052872,10.97,13.46
202200052877,4.34,6.78
202200052885,5.55,1.8
202200052932,1.35,5.87
202200052976,5.32,8.32
202200053006,7.48,2.87
202200053009,8.36,3.03
202200053077,3.18,26.34
202200053096,10.0,8.8
202200053101,4.88,4.54
202200053109,9.51,2.49
202200053127,4.68,8.83
202200053147,1.91,7.96
202200053191,5.05,34.05
202200053217,4.99,25.82
202200053230,16.17,20.53
202200053237,1.77,36.21
202200053274,5.26,7.57
202200053276,8.49,9.0
202200053289,6.2,2.28
202200053416,11.04,10.71
202200053462,1.8,7.34
202200053495,7.89,5.02
202200053501,5.56,1.64
202200053508,8.6,5.73
202200053556,10.51,10.54
202200053566,0.77,6.29
202200053598,5.81,6.5
202200053600,3.08,24.8
202200053662,10.66,10.54
202200053734,12.0,35.74
202200053736,4.13,2.36
202200053745,4.25,20.86
202200053755,10.29,16.33
202200053759,4.1,7.31
202200053842,6.92,10.79
202200053934,6.44,4.12
202200053942,5.0,6.63
202200053966,1.72,3.83
202200053974,3.01,11.24
202200054007,3.2,7.17
202200054044,2.83,20.24
202200054081,10.49,19.07
202200054112,7.9,29.57
202200054132,8.36,19.5
202200054145,6.78,21.08
202200054155,5.44,20.99
202200054166,9.33,31.79
202200054171,14.72,14.11
202200054187,1.74,14.52
202200054191,6.14,8.73
202200054216,1.71,16.93
202200054264,5.27,2.88
202200054318,2.83,7.56
202200054329,1.2,5.82
202200054340,8.02,5.04
202200054349,3.9,6.25
202200054353,9.24,15.63
202200054359,4.63,4.97
202200054367,7.33,8.27
202200054456,8.79,30.49
202200054461,6.43,27.17
202200054463,8.17,12.82
202200054472,1.99,14.82
202200054498,5.71,6.08
202200054500,2.84,3.65
202200054510,4.81,9.32
202200054562,5.83,4.97
202200054570,3.45,3.42
202200054579,2.12,14.89
202200054580,6.84,9.09
202200054591,10.32,20.79
202200054605,11.11,29.02
202200054615,8.32,20.86
202200054624,5.34,13.84
202200054629,9.24,8.07
202200054653,7.01,5.23
202200054662,7.01,6.56
202200054740,3.35,19.91
202200054751,8.49,41.62
202200054759,2.73,7.54
202200054792,8.29,12.57
202200054916,8.64,15.66
202200054925,9.22,2.95
202200054957,2.52,7.25
202200054994,9.29,9.91
202200055014,6.88,3.9
202200055019,6.36,10.5
202200055035,8.46,30.89
202200055039,7.88,8.78
202200055063,8.28,29.98
202200055088,2.15,6.4
202200055098,4.98,4.78
202200055107,6.84,6.39
202200055108,3.14,23.44
202200055114,6.38,8.64
202200055122,5.71,6.69
202200055128,5.86,8.36
202200055129,5.82,10.73
202200055138,7.62,8.53
202200055179,9.09,9.42
202200055189,3.41,5.82
202200055191,3.7,5.01
202200055196,4.35,5.14
202200055204,2.24,18.02
202200055207,8.58,8.39
202200055208,1.36,19.39
202200055210,8.22,12.06
202200055214,3.13,4.23
202200055220,4.07,5.36
202200055225,4.27,15.35
202200055286,7.36,26.19
202200055290,3.1,23.53
202300000021,2.3,17.26
202300000026,6.32,25.13
202300000033,3.02,20.35
202300000034,7.76,6.96
202300000035,7.81,9.38
202300000065,14.79,22.11
202300000066,7.26,11.54
202300000125,4.22,13.58
202300000142,3.74,16.53
202300000160,8.13,5.77
202300000163,9.6,7.12
202300000165,6.16,5.97
202300000168,7.93,8.56
202300000249,7.75,5.08
202300000303,4.63,9.25
202300000332,5.4,2.8
202300000366,5.24,2.75
202300000387,4.77,12.29
202300000389,7.32,18.43
202300000485,7.11,2.21
202300000486,9.98,4.24
202300000541,7.18,10.39
202300000543,5.69,8.83
202300000572,4.62,6.47
202300000585,1.17,8.45
202300000603,10.35,10.16
202300000698,7.82,4.43
202300000699,1.41,15.97
202300000700,5.66,7.91
202300000704,6.07,2.62
202300000705,4.25,4.62
202300000707,4.64,4.67
202300000751,5.69,12.47
202300000754,12.12,14.3
202300000755,4.64,38.27
202300000878,12.67,19.73
202300000894,2.72,11.92
202300000896,1.97,25.12
202300000932,3.38,34.69
202300001065,7.69,5.1
202300001072,3.63,6.13
202300001074,6.04,4.57
202300001088,4.16,5.45
202300001110,3.36,9.38
202300001114,6.48,0.99
202300001122,3.22,7.95
202300001126,3.65,3.94
202300001142,6.33,12.39
202300001153,9.57,11.0
202300001160,3.75,8.83
202300001179,6.71,6.31
202300001192,0.6,2.66
202300001232,2.14,2.16
202300001249,6.23,10.6
202300001253,8.36,6.85
202300001318,9.2,8.9
202300001362,0.52,6.82
202300001369,3.52,9.38
202300001383,3.2,33.08
202300001392,8.29,8.43
202300001412,8.72,24.81
202300001418,0.71,21.84
202300001474,6.18,12.46
202300001502,7.61,16.46
202300001547,6.07,8.48
202300001651,7.82,20.62
202300001656,6.04,23.73
202300001658,9.58,13.76
202300001677,6.88,27.99
202300001692,14.45,16.35
202300001809,8.46,6.76
202300001841,5.73,5.13
202300001859,11.57,11.38
202300001860,10.09,10.8
202300001862,4.69,5.61
202300001865,5.63,6.26
202300001886,3.49,5.26
202300001912,9.06,23.5
202300001915,7.64,10.68
202300001918,5.94,19.49
202300001920,10.12,12.7
202300001923,3.9,20.85
202300001944,12.8,24.47
202300001946,11.16,18.1
202300001951,10.68,24.35
202300001954,8.63,17.67
202300001957,21.09,22.88
202300001958,7.51,30.54
202300001960,5.69,16.76
202300001961,5.54,19.1
202300001962,6.1,8.25
202300002018,10.58,16.6
202300002033,10.31,17.58
202300002104,2.69,35.9
202300002121,13.67,24.65
202300002190,11.24,11.76
202300002219,9.22,16.59
202300002307,2.84,10.62
202300002373,4.31,6.17
202300002374,3.55,16.79
202300002391,11.16,15.78
202300002392,8.73,4.98
202300002405,5.74,5.53
202300002410,7.35,13.18
202300002411,5.38,4.25
202300002414,5.75,4.62
202300002416,3.74,5.06
202300002419,5.24,7.54
202300002421,7.07,7.69
202300002423,3.07,23.38
202300002424,3.69,4.28
202300002426,4.66,16.12
202300002428,10.17,19.12
202300002432,3.18,3.16
202300002442,3.99,4.13
202300002457,8.97,3.08
202300002497,2.66,5.78
202300002511,5.81,6.18
202300002513,4.79,5.16
202300002565,9.14,5.12
202300002653,5.64,7.94
202300002657,2.6,4.64
202300002664,10.87,10.68
202300002666,11.7,9.47
202300002669,6.84,8.86
202300002685,4.4,7.97
202300002688,3.39,4.54
202300002690,6.4,6.38
202300002827,3.89,25.08
202300002832,5.73,26.3
202300002835,4.56,26.56
202300002884,5.16,4.96
202300002888,16.95,14.72
202300002935,7.88,10.18
202300002947,11.4,13.02
202300002977,1.21,9.94
202300003090,6.1,30.41
202300003101,8.62,5.72
202300003104,9.37,39.57
202300003107,6.45,35.07
202300003111,5.3,11.06
202300003244,6.3,5.15
202300003298,7.91,4.78
202300003333,2.0,9.28
202300003336,8.17,4.64
202300003339,7.83,14.62
202300003341,8.34,9.35
202300003369,7.43,17.9
202300003394,8.61,20.19
202300003399,8.66,16.52
202300003407,3.88,25.58
202300003410,4.22,16.05
202300003412,9.13,9.12
202300003414,1.58,24.68
202300003469,5.16,7.41
202300003489,8.07,6.89
202300003492,6.31,2.17
202300003495,7.9,9.43
202300003506,3.6,6.01
202300003518,3.49,5.25
202300003520,5.21,7.35
202300003523,7.66,6.13
202300003533,6.59,4.96
202300003542,10.36,8.7
202300003613,12.74,28.6
202300003632,4.75,15.76
202300003644,5.56,7.55
202300003653,3.23,14.36
202300003670,6.18,4.54
202300003674,7.58,8.88
202300003683,9.99,9.46
202300003695,8.26,8.07
202300003698,4.95,4.75
202300003699,10.11,9.92
202300003708,1.12,12.76
202300003712,5.57,6.84
202300003753,4.88,14.6
202300003756,8.88,12.79
202300003761,1.43,27.84
202300003910,1.92,16.81
202300003921,12.34,9.33
202300003923,3.8,21.29
202300003924,8.68,20.65
202300003926,10.82,19.52
202300003945,12.12,32.87
202300003977,7.39,5.8
202300003988,7.16,8.92
202300003989,5.78,20.66
202300004004,7.99,29.0
202300004050,8.99,35.6
202300004082,7.79,21.76
202300004086,9.92,28.19
202300004174,4.21,7.88
202300004177,7.0,4.15
202300004191,3.38,7.52
202300004215,2.43,7.3
202300004258,11.31,34.55
202300004283,3.84,4.41
202300004288,7.02,6.92
202300004299,5.32,5.62
202300004306,5.33,8.46
202300004309,10.11,9.92
202300004368,9.01,7.85
202300004370,7.16,7.61
202300004372,4.62,4.96
202300004384,10.27,10.89
202300004391,7.76,8.83
202300004395,11.77,12.87
202300004418,12.39,22.39
202300004445,5.5,5.0
202300004447,6.96,6.37
202300004476,9.2,11.45
202300004490,7.58,22.4
202300004497,8.92,17.24
202300004687,8.06,4.32
202300004750,8.16,7.99
202300004758,3.99,7.77
202300004903,6.16,9.38
202300004905,12.49,9.5
202300004934,6.62,8.42
202300004972,9.82,25.77
202300005169,7.46,3.73
202300005172,4.08,17.17
202300005175,14.35,10.19
202300005178,8.35,18.71
202300005365,5.54,4.11
202300005367,3.02,17.23
202300005369,8.13,15.48
202300005391,7.5,6.5
202300005407,0.74,6.53
202300005408,8.37,5.38
202300005410,6.7,4.2
202300005412,6.65,6.98
202300005421,6.32,5.19
202300005422,3.62,6.13
202300005424,3.81,6.48
202300005436,8.33,3.92
202300005445,3.62,4.31
202300005446,5.69,6.32
202300005448,8.73,9.35
202300005512,1.01,14.42
202300005515,11.51,21.68
202300005525,9.59,23.75
202300005608,6.54,9.19
202300005707,3.12,14.2
202300005733,12.25,15.0
202300005781,7.75,6.05
202300005782,7.23,8.71
202300005786,8.54,8.36
202300005838,8.72,2.73
202300005839,3.09,0.83
202300005840,8.19,6.75
202300005851,15.14,13.66
202300005861,0.38,28.41
202300005934,5.72,28.62
202300005938,3.79,15.79
202300005952,14.57,34.6
202300005989,7.6,18.95
202300006024,5.91,16.24
202300006057,9.09,8.94
202300006060,8.37,5.48
202300006064,4.28,5.48
202300006067,8.15,24.03
202300006129,3.13,24.83
202300006177,5.35,4.86
202300006223,9.03,10.94
202300006225,2.96,1.48
202300006251,7.83,3.18
202300006364,5.56,9.86
202300006415,5.25,8.92
202300006439,6.28,12.37
202300006443,9.43,4.74
202300006483,4.24,6.65
202300006498,4.78,4.45
202300006499,6.96,20.36
202300006507,6.54,21.67
202300006530,7.65,4.98
202300006532,7.4,10.26
202300006536,5.85,9.07
202300006541,9.04,2.75
202300006542,5.42,7.36
202300006574,5.29,15.65
202300006578,7.83,4.79
202300006648,6.4,3.89
202300006653,5.53,5.52
202300006658,3.22,6.97
202300006662,7.65,8.28
202300006689,13.58,27.15
202300006728,7.49,18.9
202300006729,8.24,8.29
202300006733,5.84,3.92
202300006784,8.93,10.8
202300006788,8.94,8.75
202300006797,8.27,7.39
202300006856,8.13,8.57
202300006860,6.72,4.95
202300006880,9.28,9.1
202300006899,11.87,16.65
202300007132,6.06,5.38
202300007197,6.29,8.57
202300007262,10.83,10.32
202300007274,9.12,11.52
202300007283,6.69,18.67
202300007284,12.97,12.77
202300007285,10.36,20.84
202300007286,10.88,7.34
202300007287,4.87,30.01
202300007288,17.16,16.64
202300007337,9.91,8.7
202300007339,6.4,8.33
202300007412,12.13,26.75
202300007424,11.25,12.3
202300007425,3.79,3.76
202300007557,13.26,29.93
202300007564,6.36,22.46
202300007565,8.92,21.87
202300007566,3.95,12.53
202300007582,7.68,14.92
202300007587,7.08,5.49
202300007657,5.42,5.87
202300007658,5.52,5.97
202300007660,8.13,7.51
202300007761,6.45,6.82
202300007795,9.24,10.81
202300007859,5.42,20.65
202300007860,2.02,20.32
202300007861,16.54,17.34
202300007870,2.47,13.9
202300007871,2.0,13.28
202300007901,6.52,8.89
202300007936,10.57,10.38
202300007984,10.37,12.83
202300007985,9.77,9.44
202300007986,2.6,10.87
202300008009,10.68,24.46
202300008024,11.22,18.61
202300008027,6.54,14.44
202300008074,5.14,5.38
202300008077,8.06,4.16
202300008088,3.34,6.01
202300008093,6.85,3.73
202300008096,4.45,4.74
202300008100,7.05,6.79
202300008103,6.64,6.31
202300008120,6.74,7.78
202300008135,7.31,31.99
202300008323,5.7,2.77
202300008328,4.47,10.22
202300008355,7.61,8.0
202300008356,1.78,16.64
202300008359,7.78,4.8
202300008363,5.98,5.64
202300008389,9.18,41.92
202300008391,3.01,24.12
202300008503,4.32,10.24
202300008508,11.93,11.47
202300008511,7.97,10.5
202300008512,9.44,32.33
202300008539,4.28,24.71
202300008543,4.44,12.57
202300008545,14.18,18.19
202300008547,5.23,4.44
202300008548,1.4,18.83
202300008552,3.12,19.35
202300008558,1.24,10.89
202300008587,2.9,20.74
202300008690,8.01,9.52
202300008696,5.21,8.42
202300008703,4.77,9.05
202300008737,4.82,15.13
202300008769,6.7,4.29
202300008773,7.16,8.54
202300008836,5.34,23.87
202300008840,7.27,16.89
202300008893,2.6,3.01
202300008917,4.92,5.7
202300008944,3.27,8.86
202300008951,4.63,16.47
202300008953,16.38,38.54
202300008957,4.84,5.62
202300009027,6.3,11.38
202300009050,8.6,6.47
202300009066,4.17,4.51
202300009070,9.16,2.89
202300009083,10.16,11.05
202300009184,4.25,5.78
202300009230,4.57,4.96
202300009240,3.21,6.38
202300009265,3.32,5.36
202300009268,6.1,7.76
202300009336,11.86,23.96
202300009344,10.11,14.06
202300009424,7.11,9.72
202300009428,4.08,4.41
202300009429,2.34,8.28
202300009435,5.54,6.17
202300009478,6.26,19.82
202300009533,1.96,7.4
202300009534,3.3,15.01
202300009535,2.72,9.5
202300009564,4.58,6.26
202300009579,2.56,3.92
202300009625,6.38,8.65
202300009629,6.47,12.84
202300009650,5.8,8.7
202300009669,4.49,4.16
202300009671,3.05,9.38
202300009712,9.87,18.62
202300009745,11.54,34.53
202300009778,9.01,1.56
202300009831,11.41,24.4
202300009873,5.99,5.8
202300009874,7.9,7.64
202300009978,6.75,9.55
202300009980,6.54,5.41
202300009984,5.19,4.44
202300009986,5.12,5.22
202300010002,6.04,16.5
202300010028,3.38,4.68
202300010078,7.56,20.86
202300010133,2.54,14.95
202300010169,1.04,30.93
202300010204,8.6,8.53
202300010218,11.46,22.9
202300010220,1.22,17.59
202300010225,5.57,17.01
202300010230,6.14,5.95
202300010295,10.53,16.73
202300010299,15.68,34.84
202300010302,5.9,17.67
202300010307,7.07,9.62
202300010310,9.92,26.04
202300010315,2.64,15.38
202300010326,2.78,6.88
202300010331,14.93,23.78
202300010350,4.44,3.21
202300010412,7.26,19.47
202300010440,9.03,11.74
202300010510,8.16,9.68
202300010516,6.58,4.33
202300010532,6.74,3.87
202300010568,3.53,19.23
202300010676,9.39,6.16
202300010713,4.91,5.08
202300010724,3.86,15.1
202300010730,6.48,8.35
202300010736,4.07,30.43
202300010743,7.34,12.32
202300010753,8.44,12.95
202300010819,8.58,14.34
202300010856,8.01,13.88
202300010911,9.81,14.88
202300010970,7.29,22.03
202300010999,5.15,8.78
202300011051,6.62,5.18
202300011074,3.76,4.56
202300011081,8.72,8.52
202300011084,10.49,12.98
202300011087,6.47,6.3
202300011155,2.35,24.04
202300011170,9.65,36.66
202300011171,8.39,22.43
202300011174,4.7,24.36
202300011175,7.64,12.08
202300011180,8.04,29.32
202300011195,5.28,31.42
202300011199,6.58,20.3
202300011205,12.46,11.73
202300011212,9.08,18.72
202300011359,6.37,4.68
202300011367,5.82,8.12
202300011368,3.19,5.49
202300011443,1.58,19.8
202300011444,8.21,27.5
202300011446,14.29,34.06
202300011482,8.1,10.91
202300011484,5.46,22.64
202300011569,6.14,13.2
202300011570,4.46,18.19
202300011571,11.29,19.75
202300011573,10.25,26.07
202300011574,11.83,20.91
202300011598,5.56,7.59
202300011600,7.04,5.36
202300011603,7.28,10.5
202300011636,7.58,3.67
202300011639,8.13,3.07
202300011642,1.47,6.18
202300011644,5.65,3.17
202300011654,4.06,10.6
202300011657,6.56,6.03
202300011659,3.97,9.36
202300011666,6.78,12.97
202300011722,4.18,6.27
202300011723,5.92,6.29
202300011726,8.17,10.09
202300011790,3.72,18.17
202300011823,8.31,9.12
202300011876,5.38,9.06
202300011877,8.66,16.64
202300011878,5.43,10.66
202300011885,6.09,4.62
202300011886,6.22,8.62
202300011894,8.0,4.93
202300011953,15.26,20.12
202300011956,2.19,14.98
202300011959,8.98,24.37
202300012001,0.65,6.44
202300012004,5.61,33.61
202300012005,10.33,5.3
202300012007,1.82,14.83
202300012008,14.57,16.05
202300012009,6.43,22.22
202300012010,3.94,6.45
202300012011,4.55,7.97
202300012013,5.48,16.89
202300012015,2.95,11.36
202300012021,6.24,6.3
202300012022,4.64,7.76
202300012134,9.21,7.31
202300012146,0.89,14.58
202300012153,7.8,14.64
202300012189,8.46,24.5
202300012249,3.39,7.54
202300012277,4.79,7.5
202300012283,4.47,26.16
202300012289,12.69,15.02
202300012314,1.36,20.32
202300012340,2.38,24.31
202300012406,3.45,4.94
202300012412,3.27,12.41
202300012466,9.97,35.04
202300012529,7.32,2.98
202300012533,8.85,10.38
202300012572,10.54,8.26
202300012603,6.64,5.77
202300012625,8.74,10.07
202300012726,3.93,10.78
202300012745,3.84,4.62
202300012777,2.99,16.44
202300012787,0.86,15.75
202300012788,6.52,9.6
202300012792,6.19,9.0
202300012820,6.21,8.5
202300012838,7.83,7.7
202300012860,2.53,3.82
202300012896,3.63,7.11
202300012898,8.6,5.51
202300012899,8.32,7.14
202300012972,14.81,25.24
202300012975,10.91,24.72
202300012990,6.64,16.7
202300012992,6.11,12.81
202300013004,4.68,16.62
202300013022,11.46,17.78
202300013025,7.81,9.58
202300013033,4.5,13.04
202300013039,5.64,8.6
202300013049,6.39,2.22
202300013108,7.37,18.0
202300013181,8.76,10.07
202300013193,5.81,8.31
202300013195,6.35,6.8
202300013201,9.85,11.43
202300013266,9.85,20.95
202300013330,3.01,24.12
202300013339,4.04,16.17
202300013340,9.91,9.4
202300013353,4.78,2.29
202300013407,10.38,15.0
202300013409,15.52,13.33
202300013417,7.75,21.57
202300013426,6.08,16.25
202300013429,5.15,13.8
202300013434,3.22,25.62
202300013457,7.0,19.22
202300013606,5.09,7.34
202300013616,9.14,6.15
202300013617,6.67,8.2
202300013618,4.82,4.89
202300013653,7.81,22.79
202300013655,6.12,24.64
202300013674,6.54,25.65
202300013699,10.32,31.88
202300013715,1.42,18.76
202300013729,3.84,19.97
202300013739,8.71,18.61
202300013763,7.81,21.12
202300013771,6.8,28.19
202300013814,4.13,5.42
202300013849,4.29,4.58
202300013850,8.17,6.86
202300013920,6.46,19.51
202300013937,9.36,11.05
202300013939,2.94,6.6
202300014018,2.71,4.24
202300014019,8.24,12.29
202300014021,0.4,6.71
202300014024,10.12,10.08
202300014028,5.7,6.21
202300014061,9.59,29.62
202300014092,1.25,21.86
202300014132,6.82,6.11
202300014136,12.5,20.33
202300014142,10.6,11.4
202300014158,6.43,3.38
202300014184,3.13,5.0
202300014240,11.72,33.43
202300014265,6.84,23.81
202300014325,3.8,14.04
202300014330,3.51,33.25
202300014364,6.86,18.51
202300014434,6.1,8.34
202300014496,7.48,16.0
202300014532,1.29,1.58
202300014542,5.07,7.37
202300014547,7.39,7.73
202300014563,3.43,84.2
202300014567,5.51,11.04
202300014569,5.05,6.4
202300014571,11.55,6.46
202300014573,5.64,9.79
202300014603,10.69,11.41
202300014608,6.03,9.2
202300014615,3.73,4.7
202300014771,1.61,17.15
202300014821,7.69,3.1
202300014847,8.81,7.62
202300014852,3.53,1.58
202300014868,0.34,2.48
202300014884,4.71,4.57
202300014886,4.99,55.16
202300014910,9.84,4.11
202300014938,7.38,8.41
202300014940,3.53,7.75
202300014945,7.03,8.03
202300014948,7.29,8.1
202300015042,8.29,6.51
202300015045,8.46,7.25
202300015068,9.29,16.92
202300015092,1.37,15.82
202300015110,7.36,22.55
202300015112,11.74,16.57
202300015130,2.02,18.24
202300015137,8.98,30.16
202300015159,1.34,61.92
202300015197,6.97,19.65
202300015198,9.45,18.76
202300015218,7.52,1.74
202300015231,5.2,5.0
202300015236,4.97,5.26
202300015285,2.58,23.96
202300015303,4.84,26.69
202300015332,2.57,22.02
202300015396,7.02,3.37
202300015397,8.23,2.51
202300015409,7.06,4.08
202300015414,6.61,7.24
202300015530,2.54,14.01
202300015537,7.86,2.66
202300015538,6.93,9.0
202300015539,5.43,7.73
202300015545,10.72,15.65
202300015549,9.5,9.32
202300015657,2.29,18.81
202300015658,11.34,24.29
202300015709,5.15,56.33
202300015710,8.15,13.91
202300015749,1.9,13.38
202300015756,4.79,3.49
202300015757,3.51,3.8
202300015866,3.28,7.55
202300015869,8.12,30.58
202300015885,10.06,35.06
202300015899,6.68,22.86
202300015950,3.48,25.73
202300015987,6.88,13.4
202300015990,6.47,5.03
202300015995,13.15,25.26
202300016023,5.16,5.67
202300016027,5.5,5.88
202300016031,5.13,5.67
202300016037,5.16,10.96
202300016050,7.3,12.83
202300016055,9.52,9.0
202300016059,9.24,9.05
202300016060,6.67,4.66
202300016074,8.86,8.68
202300016174,6.82,6.01
202300016213,2.17,32.8
202300016225,3.5,7.07
202300016229,7.8,8.25
202300016235,10.87,10.28
202300016243,7.5,8.39
202300016284,3.52,14.26
202300016386,9.07,5.32
202300016391,12.94,15.51
202300016412,5.52,15.67
202300016422,1.13,21.49
202300016424,4.05,5.54
202300016426,5.06,7.73
202300016470,4.88,8.2
202300016471,1.18,20.31
202300016472,8.04,10.12
202300016568,3.98,3.47
202300016584,8.72,11.82
202300016598,5.82,9.51
202300016603,9.55,9.35
202300016647,8.04,4.56
202300016664,6.76,7.13
202300016676,5.9,6.84
202300016729,2.41,1.9
202300016821,7.97,6.03
202300016823,2.04,16.24
202300016824,2.35,23.01
202300016827,6.05,29.99
202300016832,15.01,25.64
202300016852,3.56,3.9
202300016854,6.36,5.54
202300016881,4.64,10.18
202300016885,4.84,4.32
202300016887,9.58,11.72
202300016889,10.74,13.74
202300016973,6.85,7.3
202300016981,5.62,5.92
202300016987,9.31,10.38
202300017018,8.99,10.86
202300017040,7.33,7.81
202300017060,6.83,21.09
202300017061,8.07,15.33
202300017063,5.0,12.29
202300017071,12.81,19.46
202300017077,3.93,26.78
202300017096,6.52,15.08
202300017206,7.59,8.26
202300017209,2.95,14.27
202300017241,10.16,20.97
202300017281,7.91,4.54
202300017292,7.98,8.54
202300017293,7.64,4.66
202300017297,3.35,3.65
202300017369,6.94,24.2
202300017370,8.37,25.34
202300017395,2.51,16.32
202300017451,8.42,6.94
202300017455,7.01,4.38
202300017499,3.56,34.98
202300017503,10.21,14.12
202300017510,9.33,20.54
202300017587,6.88,3.92
202300017595,3.72,3.34
202300017596,8.24,10.48
202300017631,7.54,11.45
202300017635,10.22,23.3
202300017641,9.48,9.18
202300017661,8.84,14.38
202300017686,7.23,5.54
202300017687,8.04,3.82
202300017698,3.91,5.9
202300017700,4.64,6.17
202300017702,4.33,10.2
202300017775,4.46,15.94
202300017799,5.83,6.2
202300017801,10.02,13.62
202300017813,4.15,25.84
202300017821,10.25,31.3
202300017838,4.92,41.33
202300017839,5.81,12.09
202300017866,6.96,5.22
202300017868,6.0,6.95
202300017873,4.36,6.61
202300017886,6.3,11.33
202300017975,7.3,26.58
202300017987,8.9,30.86
202300017989,13.08,25.34
202300017995,14.46,16.08
202300018039,2.58,13.66
202300018042,8.27,14.71
202300018043,8.74,7.89
202300018046,5.66,27.52
202300018048,6.22,6.84
202300018050,2.95,16.5
202300018098,7.66,22.63
202300018161,5.53,12.68
202300018163,3.18,28.38
202300018173,7.71,8.65
202300018176,2.84,5.35
202300018179,9.53,8.12
202300018193,5.08,9.81
202300018257,5.82,9.37
202300018307,4.63,11.6
202300018329,6.97,22.18
202300018413,6.39,7.92
202300018416,3.94,7.7
202300018419,5.75,4.47
202300018422,5.97,9.39
202300018436,5.56,11.76
202300018437,6.16,2.38
202300018498,9.21,7.31
202300018503,5.29,7.58
202300018507,3.33,3.68
202300018513,7.01,7.92
202300018517,6.95,3.52
202300018546,5.76,13.26
202300018549,7.94,6.06
202300018564,7.14,7.76
202300018583,9.3,8.65
202300018587,3.83,4.61
202300018589,6.1,5.37
202300018593,2.62,7.32
202300018620,3.38,3.49
202300018721,4.75,7.65
202300018770,5.72,4.59
202300018773,5.72,2.12
202300018780,4.1,4.47
202300018782,6.35,7.61
202300018784,7.43,9.41
202300018793,5.13,7.43
202300018794,3.29,5.8
202300018795,6.39,8.62
202300018803,4.26,6.02
202300018923,5.83,10.96
202300018945,6.22,7.72
202300018946,19.42,17.01
202300018957,4.9,14.63
202300018958,7.84,22.0
202300018973,2.8,34.11
202300018976,6.27,31.77
202300018990,8.99,28.07
202300019135,8.44,7.76
202300019137,6.12,2.52
202300019146,4.55,6.94
202300019207,10.12,24.82
202300019232,5.55,7.11
202300019414,5.73,15.9
202300019424,7.31,7.64
202300019507,10.01,19.43
202300019511,7.5,35.56
202300019608,7.94,22.75
202300019609,8.6,12.7
202300019618,7.62,20.98
202300019635,5.08,8.22
202300019637,10.24,3.87
202300019639,5.72,6.58
202300019650,8.41,8.86
202300019656,3.18,7.91
202300019658,5.66,5.94
202300019665,8.49,9.11
202300019697,2.05,8.0
202300019731,9.16,34.69
202300019785,7.01,7.95
202300019803,9.12,6.69
202300019805,5.28,2.2
202300019808,8.04,6.83
202300019829,7.52,4.26
202300019831,8.56,4.64
202300019853,5.1,7.54
202300019855,5.94,4.73
202300019863,4.87,5.16
202300019874,5.28,4.25
202300019925,9.56,11.32
202300019936,8.83,22.62
202300019976,5.11,19.54
202300019980,5.11,27.5
202300020040,7.4,9.21
202300020059,6.79,3.63
202300020062,1.27,23.87
202300020076,15.21,14.7
202300020084,9.81,10.6
202300020097,7.33,14.96
202300020139,6.06,21.07
202300020228,9.14,15.2
202300020235,2.33,3.76
202300020238,2.46,5.6
202300020241,7.41,19.5
202300020267,3.23,21.22
202300020268,5.08,25.83
202300020278,12.32,27.87
202300020285,7.5,15.22
202300020302,8.72,10.19
202300020306,3.76,5.56
202300020321,5.72,29.06
202300020363,1.23,21.33
202300020365,3.46,8.64
202300020407,6.88,22.2
202300020420,2.72,14.07
202300020431,7.58,20.11
202300020448,6.59,4.46
202300020504,4.75,3.49
202300020507,3.35,3.09
202300020509,3.75,15.22
202300020511,7.01,5.13
202300020515,4.89,7.39
202300020517,7.04,9.29
202300020556,2.12,3.44
202300020563,6.93,7.27
202300020573,11.1,8.24
202300020576,4.0,3.33
202300020577,11.6,14.76
202300020582,10.64,9.12
202300020676,6.3,8.23
202300020677,6.0,24.64
202300020680,5.54,4.28
202300020686,5.37,4.85
202300020740,3.55,12.69
202300020801,7.93,15.3
202300020802,6.3,11.37
202300020909,5.26,12.28
202300020945,5.45,4.41
202300020965,6.68,9.0
202300020969,6.71,5.5
202300020971,8.19,5.61
202300020975,5.89,6.49
202300020980,4.68,7.02
202300020996,2.53,14.49
202300021002,3.49,4.58
202300021005,3.12,3.41
202300021009,4.43,6.49
202300021013,10.25,12.74
202300021019,6.87,5.55
202300021047,8.79,10.27
202300021151,4.54,14.78
202300021154,5.72,18.77
202300021161,8.39,19.06
202300021185,2.33,18.57
202300021186,3.97,32.65
202300021204,2.2,3.56
202300021209,7.04,9.77
202300021210,5.36,4.32
202300021259,8.34,30.87
202300021260,7.84,7.32
202300021274,4.96,9.54
202300021381,14.66,39.73
202300021385,11.12,11.51
202300021388,4.9,19.29
202300021409,7.06,4.25
202300021412,7.99,9.56
202300021430,11.32,7.82
202300021433,5.95,6.33
202300021448,11.95,13.15
202300021557,5.42,6.09
202300021559,4.24,3.06
202300021560,3.91,6.58
202300021580,8.82,5.96
202300021583,7.3,5.61
202300021584,8.24,4.81
202300021586,2.67,3.76
202300021593,10.02,3.32
202300021634,9.1,30.66
202300021641,4.15,23.21
202300021662,10.14,30.82
202300021698,6.1,9.15
202300021711,7.32,15.4
202300021713,11.85,36.13
202300021714,12.44,11.93
202300021759,3.89,21.68
202300021815,9.76,40.72
202300021941,7.51,1.75
202300021942,9.29,1.04
202300021944,5.1,8.24
202300021988,6.12,2.33
202300022019,9.07,7.43
202300022024,3.54,5.17
202300022088,3.87,5.4
202300022091,3.85,3.23
202300022099,5.55,1.65
202300022104,5.0,10.87
202300022109,3.91,6.04
202300022116,1.36,5.65
202300022121,6.07,7.64
202300022122,3.68,4.75
202300022155,3.22,8.72
202300022254,6.74,5.69
202300022276,8.96,30.91
202300022277,10.46,4.82
202300022285,10.93,12.83
202300022289,5.73,25.74
202300022291,10.22,9.7
202300022297,4.11,22.64
202300022303,5.87,18.18
202300022334,9.21,9.04
202300022356,2.85,9.23
202300022371,3.12,7.56
202300022453,5.91,5.97
202300022482,1.75,24.3
202300022510,4.97,16.44
202300022529,5.12,7.32
202300022533,7.56,12.7
202300022571,5.69,28.12
202300022575,12.7,27.96
202300022792,7.48,4.35
202300022824,2.87,3.21
202300022835,2.6,14.08
202300022837,3.05,13.04
202300022838,5.3,8.99
202300022840,8.28,18.61
202300022880,6.48,6.68
202300022881,3.63,5.43
202300022883,7.34,5.69
202300022896,4.89,4.28
202300022898,4.56,5.49
202300022903,8.36,8.99
202300022904,3.28,10.12
202300022963,3.8,15.05
202300022968,12.18,23.31
202300022991,1.88,1.92
202300023024,6.18,11.72
202300023037,5.4,6.89
202300023038,10.3,18.7
202300023040,9.65,12.7
202300023041,1.16,18.1
202300023051,7.23,19.72
202300023056,2.95,14.03
202300023058,0.43,18.27
202300023100,9.28,6.3
202300023233,6.85,9.15
202300023235,12.02,11.82
202300023238,6.29,8.76
202300023242,5.01,2.38
202300023297,6.62,16.44
202300023301,5.76,9.73
202300023306,9.47,25.15
202300023307,5.61,16.78
202300023308,3.42,10.38
202300023309,6.14,25.2
202300023323,5.17,4.48
202300023436,5.06,7.69
202300023437,7.0,4.44
202300023506,12.43,18.37
202300023515,7.99,6.01
202300023517,5.1,6.51
202300023537,4.31,3.08
202300023539,3.2,8.93
202300023627,3.27,3.57
202300023635,5.43,11.63
202300023636,7.08,7.22
202300023638,10.57,7.58
202300023641,4.68,4.97
202300023643,7.95,9.53
202300023646,6.24,6.36
202300023655,5.97,5.78
202300023657,9.7,12.5
202300023766,5.63,13.94
202300023774,8.91,13.78
202300023863,4.07,24.71
202300023875,9.86,15.65
202300023882,10.78,18.38
202300023928,6.4,4.82
202300023933,5.47,8.61
202300023973,10.55,29.89
202300023975,9.54,24.15
202300023979,11.36,27.9
202300023980,4.37,22.14
202300023982,1.39,20.71
202300023996,5.13,3.46
202300024031,5.72,6.15
202300024044,11.71,11.53
202300024119,7.24,8.6
202300024120,3.26,3.72
202300024126,3.66,3.96
202300024137,8.41,24.88
202300024193,8.78,9.17
202300024195,1.63,18.6
202300024199,10.48,28.07
202300024228,3.12,13.89
202300024239,11.96,27.51
202300024266,9.9,27.3
202300024277,8.44,25.05
202300024281,0.91,36.0
202300024285,1.63,13.13
202300024289,5.27,19.55
202300024293,9.91,10.3
202300024298,10.28,23.4
202300024325,3.22,14.74
202300024328,7.44,6.72
202300024333,6.71,8.29
202300024377,5.43,7.42
202300024402,6.3,2.57
202300024426,4.43,45.86
202300024438,3.81,4.74
202300024467,9.7,26.43
202300024557,7.24,9.75
202300024561,9.25,8.56
202300024669,8.96,15.99
202300024704,3.17,4.04
202300024719,1.13,7.0
202300024744,6.74,17.29
202300024766,6.28,16.73
202300024768,8.26,3.83
202300024789,6.29,12.38
202300024804,3.45,5.02
202300024826,9.37,7.79
202300024829,8.45,7.24
202300024833,4.86,7.68
202300024836,9.32,8.48
202300024839,3.07,3.8
202300024862,1.06,2.43
202300024865,4.84,6.91
202300024933,4.76,8.12
202300024944,6.72,4.07
202300024948,7.66,6.21
202300024956,6.6,8.48
202300024961,7.6,12.67
202300025034,5.98,6.65
202300025048,5.66,8.32
202300025052,4.56,3.39
202300025053,3.46,2.86
202300025054,5.92,6.43
202300025186,6.45,2.52
202300025191,8.05,5.19
202300025192,9.03,7.34
202300025193,2.39,8.25
202300025194,4.43,7.47
202300025196,4.72,7.51
202300025225,5.76,6.8
202300025342,3.06,26.56
202300025343,3.54,37.72
202300025373,2.27,1.7
202300025386,5.32,9.23
202300025387,11.66,17.2
202300025405,8.4,10.38
202300025435,5.8,7.58
202300025455,3.59,6.99
202300025564,4.53,4.0
202300025578,2.08,5.99
202300025585,6.41,2.63
202300025676,12.28,9.32
202300025704,10.21,12.82
202300025705,8.17,24.9
202300025708,7.61,13.98
202300025733,7.2,5.83
202300025743,4.45,4.74
202300025745,5.0,9.64
202300025759,5.56,1.64
202300025764,5.14,3.98
202300025767,3.58,2.64
202300025882,5.33,8.0
202300025918,1.7,9.07
202300025922,2.08,99.72
202300025925,7.56,6.06
202300025926,8.44,10.45
202300025927,7.1,8.66
202300025929,7.57,8.91
202300025930,8.55,6.86
202300025932,4.1,21.37
202300025933,5.1,12.12
202300025935,9.68,7.18
202300025959,6.97,2.32
202300025976,3.76,3.14
202300025982,8.89,8.85
202300025996,10.63,14.8
202300026086,2.03,24.54
202300026134,11.81,14.12
202300026138,5.46,21.32
202300026144,7.42,11.26
202300026164,1.96,18.66
202300026201,8.1,29.66
202300026206,2.07,32.85
202300026213,4.36,10.49
202300026218,8.71,4.71
202300026245,2.62,24.32
202300026249,0.73,11.4
202300026367,8.63,11.05
202300026370,4.85,4.91
202300026419,4.4,6.54
202300026422,3.68,15.15
202300026456,4.2,4.99
202300026571,4.13,5.82
202300026585,8.06,24.71
202300026587,7.29,26.13
202300026597,6.08,8.72
202300026600,3.9,15.38
202300026603,2.57,26.13
202300026605,3.49,21.64
202300026638,5.4,8.06
202300026646,4.38,26.78
202300026650,5.76,37.17
202300026654,5.54,15.58
202300026656,9.58,20.7
202300026658,6.36,24.66
202300026664,4.85,6.66
202300026739,4.83,18.14
202300026789,4.94,10.33
202300026791,1.01,24.03
202300026865,6.43,5.15
202300026873,7.9,7.72
202300026875,4.84,9.49
202300026881,6.52,7.35
202300026883,6.96,8.65
202300026898,6.54,7.01
202300026923,2.85,19.0
202300026926,8.36,24.33
202300026932,11.94,17.73
202300026933,11.71,18.13
202300026954,6.45,6.35
202300026973,1.97,20.7
202300026974,6.05,32.31
202300026981,4.24,17.43
202300026984,2.95,29.26
202300026985,5.47,25.96
202300027118,3.38,19.26
202300027134,6.0,14.65
202300027162,3.73,36.47
202300027212,8.34,12.25
202300027226,6.81,25.52
202300027227,9.7,25.08
202300027228,12.14,13.97
202300027254,7.22,16.77
202300027255,15.56,26.63
202300027256,4.73,19.73
202300027341,4.54,7.42
202300027342,5.79,7.82
202300027384,4.81,4.61
202300027391,8.91,7.34
202300027394,7.57,6.37
202300027396,4.03,5.51
202300027408,4.68,2.44
202300027430,9.49,12.45
202300027433,7.84,7.53
202300027448,3.63,8.62
202300027449,5.64,8.32
202300027499,8.6,14.14
202300027565,3.76,15.05
202300027568,3.84,28.01
202300027570,7.97,9.72
202300027628,5.71,6.75
202300027638,12.45,28.03
202300027639,7.28,14.65
202300027642,3.94,5.33
202300027701,8.35,5.3
202300027724,6.0,11.86
202300027774,7.0,9.44
202300027779,5.14,8.97
202300027801,11.07,11.84
202300027802,6.58,7.49
202300027807,5.92,8.82
202300027815,7.37,7.18
202300027845,7.26,8.38
202300027850,4.74,7.08
202300027855,2.92,0.65
202300027874,4.67,7.12
202300027879,3.39,8.22
202300027880,6.65,16.82
202300027890,6.52,19.32
202300027917,7.19,4.21
202300027946,4.18,6.85
202300027950,5.5,4.33
202300027954,3.32,26.42
202300027958,7.08,18.79
202300027961,5.8,8.54
202300027970,12.94,26.89
202300027977,10.06,15.59
202300028026,5.02,2.22
202300028051,3.81,51.85
202300028121,5.39,21.89
202300028124,5.25,9.97
202300028157,5.74,21.77
202300028160,8.44,22.87
202300028254,1.95,11.36
202300028410,3.0,25.58
202300028412,13.4,32.58
202300028420,9.0,30.56
202300028439,4.44,25.56
202300028444,5.32,10.22
202300028468,6.88,3.3
202300028473,5.25,2.17
202300028486,16.6,16.29
202300028491,7.36,9.54
202300028592,8.09,23.76
202300028618,8.9,5.12
202300028628,7.26,28.82
202300028648,3.14,28.35
202300028671,12.32,24.86
202300028678,6.7,4.58
202300028680,5.81,16.14
202300028713,3.94,5.98
202300028763,6.65,13.36
202300028776,7.54,21.04
202300028784,7.05,4.2
202300028790,1.4,27.02
202300028792,19.24,21.4
202300028837,3.47,3.64
202300028840,4.39,4.18
202300029012,3.34,23.01
202300029088,8.38,5.51
202300029089,4.42,6.49
202300029091,7.99,7.81
202300029168,1.97,20.37
202300029169,11.58,32.47
202300029203,10.34,8.06
202300029331,5.21,12.5
202300029333,2.55,16.76
202300029350,7.29,12.5
202300029351,8.39,3.85
202300029352,5.78,5.83
202300029353,5.86,4.42
202300029356,9.65,15.74
202300029358,3.18,3.48
202300029359,4.52,4.82
202300029361,3.79,5.07
202300029364,4.89,2.89
202300029404,8.04,17.03
202300029448,3.2,20.32
202300029449,10.45,8.86
202300029451,4.08,12.01
202300029459,8.17,9.69
202300029466,6.11,4.42
202300029468,7.45,7.26
202300029471,4.26,5.56
202300029481,3.18,6.76
202300029482,7.92,3.76
202300029490,3.96,23.21
202300029499,3.9,8.17
202300029559,10.51,13.13
202300029564,3.58,26.64
202300029568,4.77,33.2
202300029598,9.19,10.71
202300029603,7.42,21.03
202300029605,8.44,15.97
202300029608,3.86,18.01
202300029610,10.49,23.91
202300029611,4.93,3.54
202300029612,6.48,17.71
202300029613,8.21,8.54
202300029698,1.14,13.58
202300029726,11.11,10.92
202300029840,4.31,6.18
202300029874,5.64,3.95
202300029876,3.03,4.32
202300029887,5.13,10.66
202300029914,3.37,3.75
202300029953,6.75,14.5
202300029965,5.07,22.76
202300029972,10.18,24.14
202300030045,5.18,7.99
202300030106,5.06,5.38
202300030236,5.85,11.39
202300030249,9.05,26.58
202300030252,4.19,20.12
202300030276,14.04,22.5
202300030291,10.69,11.06
202300030301,3.24,16.36
202300030305,7.99,14.4
202300030307,6.28,9.5
202300030355,10.55,13.3
202300030406,7.43,5.95
202300030410,7.18,7.52
202300030426,7.82,8.15
202300030429,8.2,11.14
202300030430,3.72,6.22
202300030431,3.47,7.19
202300030432,5.85,6.13
202300030435,5.58,6.25
202300030438,8.41,8.1
202300030446,8.07,8.69
202300030451,3.68,7.4
202300030454,2.67,3.75
202300030574,1.12,17.82
202300030599,2.99,12.19
202300030640,5.79,8.76
202300030643,6.54,6.42
202300030645,6.26,4.44
202300030649,7.32,9.47
202300030652,5.92,12.96
202300030682,9.7,8.18
202300030728,7.61,22.83
202300030851,2.91,20.98
202300030852,6.45,17.45
202300030855,11.48,11.48
202300030979,8.26,7.07
202300030980,8.73,8.91
202300031014,5.81,7.95
202300031090,7.14,6.69
202300031092,3.44,4.12
202300031093,3.83,3.22
202300031132,13.12,29.93
202300031146,5.05,34.44
202300031153,9.19,8.96
202300031154,7.16,13.26
202300031157,2.12,18.68
202300031158,2.88,19.93
202300031173,15.36,32.2
202300031179,2.28,24.85
202300031181,8.16,30.06
202300031182,7.96,11.79
202300031183,7.03,11.61
202300031243,9.54,7.26
202300031244,9.79,1.51
202300031254,9.95,8.74
202300031255,8.6,7.39
202300031256,7.66,12.91
202300031260,8.02,8.35
202300031314,2.02,7.59
202300031343,5.11,5.98
202300031385,8.64,17.9
202300031387,3.89,8.56
202300031389,6.4,6.27
202300031391,4.87,6.28
202300031404,6.06,28.54
202300031411,8.54,19.01
202300031419,6.81,6.1
202300031421,3.24,6.68
202300031424,3.0,5.11
202300031428,3.33,4.42
202300031431,5.59,25.9
202300031432,5.27,3.21
202300031438,7.49,24.33
202300031440,5.26,3.44
202300031503,11.25,9.1
202300031504,10.81,20.87
202300031505,12.32,19.36
202300031506,6.2,27.93
202300031543,8.42,3.56
202300031568,7.28,7.33
202300031569,8.56,10.12
202300031571,4.61,6.26
202300031583,7.74,8.74
202300031598,4.86,8.94
202300031661,3.52,24.18
202300031702,9.85,13.98
202300031707,3.78,14.33
202300031779,4.72,27.21
202300031783,5.3,7.43
202300031786,9.5,7.01
202300031787,6.57,8.96
202300031793,2.52,8.05
202300031798,3.56,23.54
202300031801,8.22,26.52
202300031804,4.08,33.97
202300031807,15.02,12.62
202300031812,10.72,34.04
202300031823,6.62,6.32
202300031832,5.04,9.46
202300031835,6.54,8.87
202300031908,6.61,18.86
202300031909,6.16,18.42
202300031911,6.53,2.8
202300031916,9.6,21.03
202300032025,5.32,8.28
202300032064,5.28,4.58
202300032068,4.77,26.77
202300032082,6.7,10.1
202300032084,2.66,3.88
202300032085,9.3,36.62
202300032096,5.22,3.28
202300032112,3.57,12.51
202300032131,3.29,13.46
202300032143,7.07,7.39
202300032147,5.41,4.37
202300032164,8.19,4.88
202300032238,7.3,6.74
202300032240,5.09,18.88
202300032265,8.88,4.15
202300032270,5.88,7.16
202300032291,4.27,4.6
202300032297,3.54,4.53
202300032312,7.43,13.83
202300032342,5.93,16.71
202300032348,5.56,7.86
202300032352,9.02,7.1
202300032376,7.44,7.95
202300032381,4.76,5.68
202300032385,1.47,1.84
202300032554,9.77,9.26
202300032631,5.82,26.26
202300032637,4.23,16.35
202300032638,5.42,7.56
202300032639,6.19,20.13
202300032643,3.56,26.52
202300032649,10.95,15.22
202300032651,14.79,12.15
202300032761,7.38,4.35
202300032763,5.44,14.07
202300032767,5.14,23.83
202300032831,6.55,10.09
202300032880,7.14,4.29
202300032881,7.48,6.52
202300032893,7.68,8.13
202300032900,11.51,15.69
202300032985,5.74,15.69
202300032986,7.43,24.4
202300033068,7.92,8.54
202300033175,6.13,5.73
202300033179,3.61,13.75
202300033181,5.75,26.83
202300033205,5.82,8.07
202300033218,1.47,3.72
202300033219,1.66,3.88
202300033220,9.5,8.94
202300033223,6.38,4.69
202300033224,5.92,2.33
202300033310,7.3,8.01
202300033402,7.05,5.36
202300033403,4.95,4.76
202300033404,9.98,9.79
202300033405,5.92,6.22
202300033407,6.03,3.55
202300033475,2.0,30.71
202300033530,5.0,10.64
202300033559,5.86,3.38
202300033599,10.24,21.04
202300033623,6.02,4.88
202300033624,3.89,27.37
202300033627,8.01,8.92
202300033643,12.47,12.28
202300033695,1.61,12.43
202300033706,9.52,6.88
202300033709,4.96,5.77
202300033738,2.63,8.49
202300033798,5.34,6.14
202300033803,13.74,20.06
202300033829,9.58,8.95
202300033846,5.37,2.78
202300033848,9.88,10.39
202300033862,4.25,23.28
202300033866,8.57,25.15
202300033926,14.25,37.06
202300033982,5.17,19.52
202300033987,5.48,9.74
202300033991,3.7,3.2
202300033996,1.97,22.37
202300034138,5.15,1.85
202300034140,9.32,10.1
202300034143,9.98,9.96
202300034152,9.61,15.02
202300034294,5.04,7.56
202300034296,5.04,14.15
202300034297,4.33,3.75
202300034302,5.48,10.4
202300034306,5.66,5.81
202300034309,8.2,4.31
202300034328,5.8,6.34
202300034329,8.06,4.33
202300034354,5.77,7.53
202300034374,4.76,15.35
202300034390,4.81,7.2
202300034393,7.75,11.28
202300034400,8.86,14.45
202300034402,7.98,41.1
202300034405,11.55,17.81
202300034421,3.28,16.05
202300034429,6.52,17.82
202300034440,5.15,14.88
202300034508,6.27,6.39
202300034567,1.62,25.1
202300034598,7.65,12.28
202300034618,4.54,4.33
202300034632,10.58,6.85
202300034633,3.46,18.82
202300034736,7.83,4.04
202300034742,3.93,9.68
202300034767,7.8,8.65
202300034778,4.22,4.03
202300034782,7.5,9.43
202300034784,6.03,7.54
202300034843,5.21,4.55
202300034844,5.99,4.55
202300034852,4.08,3.88
202300034853,10.67,10.48
202300034865,6.01,19.83
202300034866,3.95,3.92
202300034921,7.82,13.35
202300034922,4.1,2.12
202300034991,2.96,12.22
202300034993,4.92,6.03
202300034994,5.77,14.5
202300034995,4.82,4.89
202300034996,5.48,16.96
202300034997,6.46,5.61
202300034998,5.39,11.19
202300034999,6.46,4.22
202300035032,5.81,8.11
202300035035,7.39,5.93
202300035049,5.43,6.06
202300035110,8.14,13.92
202300035111,7.1,10.32
202300035113,6.6,5.34
202300035124,7.62,7.66
202300035125,6.02,8.32
202300035130,4.75,10.62
202300035133,6.66,6.64
202300035134,5.47,11.53
202300035135,6.02,10.95
202300035180,9.26,19.83
202300035221,2.97,0.42
202300035252,1.45,7.47
202300035346,7.52,3.21
202300035347,5.37,11.12
202300035363,5.4,7.69
202300035364,5.75,8.42
202300035365,8.55,7.07
202300035366,4.81,7.71
202300035367,7.67,6.99
202300035368,5.76,5.78
202300035379,12.65,13.27
202300035439,5.44,2.36
202300035440,6.02,7.45
202300035516,1.67,16.45
202300035580,6.95,9.36
202300035583,9.79,7.7
202300035586,7.27,4.85
202300035590,5.14,7.64
202300035598,7.86,5.36
202300035600,5.13,6.52
202300035603,2.24,2.02
202300035605,8.33,7.14
202300035606,4.29,5.58
202300035614,9.29,12.26
202300035639,6.32,11.55
202300035644,6.75,5.67
202300035657,5.38,19.64
202300035660,10.6,13.7
202300035666,4.58,8.66
202300035779,14.52,20.48
202300035784,11.16,15.53
202300035788,10.51,11.4
202300035908,8.61,5.85
202300035934,5.78,5.76
202300035950,5.65,7.68
202300035994,5.34,7.86
202300036000,6.27,26.54
202300036004,4.14,6.65
202300036005,0.06,41.53
202300036036,6.34,5.09
202300036037,11.0,9.89
202300036043,7.84,7.67
202300036070,11.69,19.6
202300036074,4.56,32.09
202300036113,11.44,22.8
202300036119,2.01,14.08
202300036163,6.01,19.8
202300036165,8.43,26.26
202300036168,8.02,10.74
202300036172,10.89,12.78
202300036176,8.82,10.49
202300036217,2.8,4.68
202300036308,4.31,14.84
202300036319,5.26,16.51
202300036337,4.77,12.51
202300036388,6.78,23.25
202300036390,4.85,23.2
202300036413,8.38,31.25
202300036435,4.59,10.03
202300036445,2.91,17.11
202300036482,14.42,37.62
202300036483,5.16,5.96
202300036534,8.49,15.72
202300036555,7.25,7.23
202300036674,8.21,10.22
202300036675,5.18,9.55
202300036742,5.29,8.51
202300036752,5.77,5.46
202300036753,4.91,7.58
202300036884,10.76,25.42
202300036900,11.8,12.44
202300036922,4.3,1.82
202300036927,3.58,7.0
202300036935,5.48,57.66
202300036936,9.15,19.47
202300036966,3.22,5.73
202300036971,7.34,8.37
202300036995,9.43,9.23
202300037000,9.13,3.88
202300037015,4.74,7.33
202300037043,8.64,6.15
202300037054,5.52,5.0
202300037133,6.49,5.17
202300037140,2.66,5.2
202300037142,7.67,4.0
202300037144,7.72,7.53
202300037147,4.0,4.17
202300037152,9.25,9.88
202300037163,1.93,14.57
202300037164,5.27,9.58
202300037177,13.19,26.06
202300037179,8.1,16.3
202300037313,4.68,20.37
202300037322,8.8,13.72
202300037331,2.14,18.73
202300037363,6.65,6.63
202300037408,5.56,7.81
202300037424,6.61,5.48
202300037433,4.11,3.73
202300037434,4.48,3.97
202300037520,5.9,9.52
202300037541,6.6,6.54
202300037549,3.56,20.37
202300037564,6.12,12.78
202300037566,7.21,13.71
202300037568,11.92,15.56
202300037583,13.88,31.28
202300037609,6.41,6.13
202300037615,0.62,22.7
202300037618,6.12,14.27
202300037620,3.2,3.17
202300037622,9.66,8.08
202300037631,4.74,4.27
202300037642,6.85,3.73
202300037643,6.48,4.78
202300037645,7.02,6.82
202300037655,5.46,3.5
202300037659,6.19,6.81
202300037762,8.43,19.78
202300037771,7.69,20.42
202300037810,7.11,7.37
202300037821,7.46,18.15
202300037830,10.2,12.96
202300037833,12.74,12.73
202300037846,10.59,10.47
202300037849,4.18,4.55
202300037861,9.48,25.36
202300037897,3.08,21.57
202300037905,3.08,11.66
202300037953,4.65,20.54
202300037966,3.84,5.43
202300038004,2.48,8.01
202300038016,2.19,25.77
202300038034,4.36,27.48
202300038038,6.09,15.28
202300038083,5.05,15.6
202300038118,4.66,33.66
202300038124,19.11,18.12
202300038139,3.74,13.47
202300038140,12.8,28.04
202300038142,9.98,11.41
202300038186,6.14,8.01
202300038201,17.42,13.6
202300038241,5.59,13.9
202300038267,8.68,24.76
202300038269,1.52,33.11
202300038318,5.84,15.67
202300038322,5.12,20.95
202300038325,9.91,13.31
202300038329,0.57,22.95
202300038335,5.61,20.08
202300038336,12.32,24.95
202300038348,3.75,16.14
202300038386,11.62,8.63
202300038404,11.27,26.27
202300038407,12.49,12.94
202300038431,5.68,4.83
202300038530,9.96,7.38
202300038538,6.52,6.32
202300038540,2.49,7.22
202300038545,4.87,3.93
202300038546,6.24,8.7
202300038592,2.81,83.53
202300038621,7.59,11.84
202300038626,10.96,19.56
202300038628,2.34,34.03
202300038637,7.62,11.26
202300038661,4.49,29.49
202300038663,3.0,23.03
202300038667,8.43,6.72
202300038711,8.96,41.37
202300038762,15.03,17.02
202300038767,7.78,29.34
202300038773,4.64,25.75
202300038793,7.4,33.05
202300038942,4.17,6.84
202300038944,3.62,5.83
202300038945,6.94,10.27
202300038947,4.76,8.91
202300038972,5.5,5.36
202300038993,5.28,2.2
202300038996,0.73,6.6
202300038998,6.3,8.75
202300039091,6.46,28.28
202300039093,8.14,2.91
202300039114,5.95,5.76
202300039140,5.71,4.22
202300039141,5.22,4.54
202300039142,8.6,9.53
202300039156,3.54,9.41
202300039185,7.12,16.08
202300039186,7.56,21.51
202300039277,5.0,3.79
202300039278,8.96,19.29
202300039361,5.28,8.96
202300039362,6.4,4.65
202300039363,6.21,10.83
202300039377,8.08,5.21
202300039378,8.5,5.1
202300039379,2.49,7.28
202300039380,7.8,7.54
202300039383,8.16,11.16
202300039480,6.08,9.76
202300039499,7.69,15.75
202300039504,5.95,2.02
202300039508,4.75,10.62
202300039541,6.35,5.7
202300039543,10.63,9.42
202300039544,5.86,8.37
202300039553,4.62,4.84
202300039554,8.45,8.16
202300039557,3.32,4.41
202300039598,8.2,14.69
202300039628,6.88,16.98
202300039630,6.74,12.61
202300039632,3.48,21.31
202300039634,5.9,7.47
202300039639,6.03,15.2
202300039710,4.26,12.1
202300039713,9.55,17.81
202300039735,4.43,5.96
202300039738,7.47,4.84
202300039742,5.32,10.48
202300039745,6.23,6.23
202300039747,6.4,7.11
202300039774,1.75,8.5
202300039811,7.99,4.93
202300039898,6.16,4.89
202300039917,5.88,5.79
202300039919,6.75,9.19
202300039921,6.68,8.36
202300039933,10.36,7.5
202300040082,5.87,3.42
202300040090,9.69,9.44
202300040093,2.77,8.63
202300040124,6.23,7.58
202300040127,6.9,3.92
202300040130,8.95,6.62
202300040133,3.87,3.26
202300040141,4.5,4.36
202300040158,3.52,5.82
202300040161,2.85,4.06
202300040173,8.45,5.72
202300040286,7.35,4.5
202300040300,8.3,24.17
202300040303,4.71,19.92
202300040323,5.64,9.31
202300040326,3.56,6.22
202300040339,4.05,5.58
202300040342,6.8,12.67
202300040360,3.99,24.5
202300040405,5.58,35.47
202300040435,10.35,14.46
202300040438,10.73,11.51
202300040517,6.84,15.79
202300040528,5.76,16.09
202300040531,5.52,8.48
202300040535,2.1,15.4
202300040562,4.89,4.28
202300040566,6.35,6.17
202300040582,7.91,15.35
202300040598,5.83,19.88
202300040659,8.2,6.52
202300040660,7.16,9.22
202300040683,7.92,6.74
202300040694,7.68,3.12
202300040696,6.84,21.05
202300040716,8.95,26.61
202300040757,2.95,6.96
202300040758,9.78,3.23
202300040760,7.52,3.97
202300040784,5.22,7.96
202300040786,3.53,7.09
202300040798,10.62,4.4
202300040883,7.17,4.89
202300040922,1.02,5.96
202300040924,3.68,3.43
202300040925,5.74,2.76
202300040987,13.64,13.13
202300041003,17.18,20.28
202300041005,8.27,22.28
202300041009,7.34,29.2
202300041033,5.52,7.06
202300041053,7.66,7.41
202300041055,5.18,6.11
202300041057,5.91,5.95
202300041062,6.3,8.0
202300041065,5.06,6.39
202300041132,6.94,9.38
202300041133,4.78,7.29
202300041134,7.9,6.94
202300041174,11.76,10.24
202300041177,8.0,31.66
202300041178,3.24,11.24
202300041224,2.34,100.04
202300041296,0.75,15.64
202300041297,9.21,2.94
202300041298,4.73,9.09
202300041315,6.6,5.63
202300041316,9.48,6.5
202300041317,3.1,3.95
202300041321,10.17,7.31
202300041322,5.25,5.3
202300041323,6.49,6.87
202300041328,6.68,1.54
202300041329,5.93,8.2
202300041353,13.17,36.42
202300041374,9.27,29.18
202300041428,6.04,28.04
202300041434,2.57,18.47
202300041435,10.08,27.7
202300041437,2.58,29.1
202300041445,2.29,19.8
202300041488,9.87,11.07
202300041512,5.52,10.65
202300041518,17.48,18.3
202300041559,6.69,10.89
202300041577,8.07,8.52
202300041579,9.3,9.11
202300041581,3.97,6.89
202300041587,4.38,5.7
202300041593,2.99,26.36
202300041660,6.38,9.16
202300041662,6.27,10.68
202300041663,0.76,31.78
202300041688,1.98,3.16
202300041690,6.64,28.49
202300041691,7.69,7.45
202300041693,9.38,9.85
202300041697,13.58,32.15
202300041698,6.72,1.55
202300041699,5.17,5.96
202300041739,4.2,15.97
202300041749,4.61,8.74
202300041751,4.6,9.46
202300041753,8.38,3.14
202300041782,5.6,9.41
202300041790,4.4,6.37
202300041797,6.46,8.69
202300041834,8.84,11.09
202300041858,4.02,27.07
202300041926,8.26,11.1
202300041968,10.73,38.3
202300041987,3.98,10.45
202300042053,4.6,4.88
202300042056,8.34,7.16
202300042086,1.05,2.41
202300042088,3.53,26.1
202300042090,3.02,1.21
202300042091,7.04,16.39
202300042106,6.59,10.65
202300042109,2.95,9.28
202300042173,3.27,2.99
202300042175,7.58,7.81
202300042213,2.7,24.45
202300042214,16.33,23.72
202300042216,1.85,2.48
202300042217,3.79,22.92
202300042228,14.02,21.26
202300042251,9.24,20.46
202300042285,5.81,15.99
202300042288,8.45,18.09
202300042291,4.08,12.91
202300042330,11.97,17.08
202300042333,5.44,8.58
202300042336,10.79,5.69
202300042363,9.88,26.2
202300042466,8.78,4.63
202300042467,1.62,13.09
202300042495,8.66,6.16
202300042502,4.46,7.72
202300042507,11.26,8.98
202300042509,1.73,7.59
202300042511,3.58,6.31
202300042529,1.54,5.89
202300042531,3.96,2.78
202300042555,4.86,3.13
202300042558,4.86,4.64
202300042560,8.7,8.66
202300042574,2.34,7.84
202300042585,4.87,16.25
202300042587,14.19,15.0
202300042590,10.01,11.58
202300042628,6.23,31.52
202300042629,0.41,14.55
202300042727,7.76,8.38
202300042755,6.07,9.14
202300042758,7.99,4.26
202300042791,3.88,5.22
202300042792,5.84,3.88
202300042855,6.9,7.57
202300042877,9.5,11.79
202300042913,1.1,32.12
202300042959,8.14,23.36
202300042960,7.07,11.32
202300042962,3.96,5.83
202300042964,7.64,9.39
202300043010,3.99,8.27
202300043012,6.24,15.2
202300043059,7.75,2.52
202300043061,9.17,12.42
202300043131,7.47,4.97
202300043132,7.46,4.95
202300043133,9.86,9.71
202300043138,7.67,21.37
202300043144,3.33,21.78
202300043145,3.53,19.82
202300043272,6.16,3.84
202300043276,6.34,6.71
202300043277,2.71,3.8
202300043279,8.56,4.99
202300043370,13.46,14.27
202300043372,4.89,38.02
202300043410,5.01,2.77
202300043411,1.32,6.2
202300043414,7.99,6.52
202300043416,5.13,7.64
202300043428,8.3,4.87
202300043429,7.47,4.14
202300043432,6.53,4.84
202300043433,8.38,8.19
202300043522,13.9,25.21
202300043639,11.58,27.33
202300043641,5.02,3.2
202300043683,3.4,7.23
202300043696,8.62,7.37
202300043712,2.65,10.88
202300043796,6.01,5.82
202300043797,2.33,8.2
202300043859,7.25,22.2
202300043874,11.18,21.47
202300043877,1.79,18.33
202300043880,2.36,22.98
202300043883,2.55,31.26
202300043886,7.68,16.45
202300043900,5.0,15.0
202300043907,9.74,9.22
202300043913,8.22,24.28
202300043916,2.98,26.46
202300043923,11.53,21.39
202300043930,12.2,25.49
202300044095,10.73,14.88
202300044181,6.77,3.04
202300044187,3.6,15.58
202300044190,7.91,24.63
202300044204,6.66,7.1
202300044227,5.46,5.91
202300044231,9.31,9.65
202300044242,0.67,6.39
202300044245,0.56,6.59
202300044248,1.41,1.29
202300044267,7.59,12.08
202300044309,5.09,6.49
202300044397,10.7,9.18
202300044398,5.78,14.73
202300044413,13.84,16.9
202300044427,7.24,27.4
202300044431,5.9,19.25
202300044434,10.22,14.99
202300044435,7.79,9.06
202300044440,2.52,36.05
202300044443,0.61,11.74
202300044477,6.34,4.1
202300044481,6.36,6.56
202300044494,9.12,5.42
202300044495,12.02,11.82
202300044498,4.42,4.71
202300044509,6.98,4.85
202300044511,9.04,3.28
202300044522,7.39,10.09
202300044544,1.68,3.23
202300044547,3.48,24.93
202300044549,3.78,15.72
202300044590,7.08,7.42
202300044602,3.5,3.8
202300044604,3.06,4.36
202300044655,7.8,7.79
202300044658,6.95,10.65
202300044682,2.47,3.63
202300044686,7.96,6.48
202300044737,9.62,10.43
202300044740,7.88,6.63
202300044744,1.85,4.15
202300044758,6.13,16.48
202300044760,6.59,17.92
202300044777,8.97,14.02
202300044780,11.13,10.96
202300044788,8.28,30.34
202300044863,4.76,19.72
202300044865,13.45,27.94
202300044866,10.38,15.2
202300044882,9.62,12.24
202300044887,12.85,15.0
202300044890,8.56,27.2
202300044897,11.15,33.6
202300044906,7.45,28.42
202300044931,12.57,26.08
202300045011,3.39,5.44
202300045071,8.16,29.27
202300045081,15.22,15.85
202300045083,1.43,9.58
202300045084,15.9,29.33
202300045192,4.75,4.84
202300045211,5.61,21.04
202300045222,10.71,15.88
202300045247,9.18,17.1
202300045248,7.67,5.01
202300045268,10.86,3.92
202300045331,4.45,17.92
202300045346,5.2,17.37
202300045472,7.22,8.75
202300045520,4.9,4.19
202300045522,0.87,2.43
202300045534,5.93,5.7
202300045601,4.21,21.52
202300045603,6.64,5.79
202300045609,3.55,25.22
202300045611,9.41,16.68
202300045710,8.82,26.02
202300045739,4.07,17.04
202300045871,4.2,7.42
202300045874,5.83,13.2
202300045898,7.98,5.0
202300045902,6.42,5.1
202300045907,10.04,31.32
202300045909,5.29,7.8
202300045912,8.47,8.24
202300045915,4.67,6.32
202300045946,7.53,37.48
202300045947,3.06,5.36
202300045952,8.62,5.21
202300045955,9.76,5.07
202300045959,5.54,8.21
202300045963,5.42,4.45
202300045972,10.72,15.65
202300045976,6.01,6.4
202300045984,3.16,6.78
202300045989,7.06,7.39
202300045992,2.36,7.09
202300045998,5.11,6.04
202300046011,8.44,4.65
202300046029,1.29,24.1
202300046040,10.97,24.09
202300046272,3.65,6.32
202300046288,7.11,15.27
202300046290,0.77,10.94
202300046291,4.18,2.9
202300046353,3.54,1.54
202300046355,8.45,6.11
202300046369,4.27,3.94
202300046437,2.12,20.41
202300046533,6.5,3.52
202300046538,6.93,7.27
202300046541,1.57,6.04
202300046549,2.34,23.2
202300046552,4.19,16.34
202300046555,6.91,24.6
202300046564,5.48,11.34
202300046569,3.17,33.95
202300046574,8.0,29.86
202300046576,8.1,9.17
202300046586,3.32,7.46
202300046652,1.34,22.64
202300046662,12.48,18.88
202300046692,9.9,23.21
202300046730,5.41,17.76
202300046734,6.77,12.92
202300046808,3.18,19.99
202300046812,11.74,26.52
202300046815,11.57,15.11
202300046821,6.14,5.26
202300046841,6.74,5.45
202300046844,4.95,3.51
202300046848,5.25,3.8
202300046855,11.54,13.86
202300046856,7.81,6.6
202300046857,8.16,3.1
202300046860,6.39,7.06
202300046865,7.82,3.17
202300046950,2.34,25.98
202300046952,3.88,24.99
202300046963,10.99,12.23
202300047006,3.27,34.86
202300047007,3.13,24.83
202300047011,8.56,12.7
202300047017,6.2,14.92
202300047018,1.27,18.18
202300047019,12.76,15.39
202300047046,0.91,13.66
202300047065,3.07,16.26
202300047129,0.71,18.2
202300047160,1.41,16.91
202300047177,8.13,8.58
202300047222,4.41,12.88
202300047236,1.35,6.89
202300047245,10.32,20.08
202300047257,8.36,10.63
202300047261,0.98,6.23
202300047274,4.42,4.8
202300047276,3.47,3.43
202300047278,5.74,5.53
202300047394,9.46,15.79
202300047473,2.06,3.86
202300047478,3.36,5.87
202300047482,7.38,8.16
202300047487,7.24,4.82
202300047502,5.75,5.48
202300047503,5.98,8.05
202300047508,4.46,7.13
202300047527,9.68,9.49
202300047610,6.94,5.66
202300047613,2.16,13.64
202300047651,3.94,5.22
202300047657,11.3,28.83
202300047661,6.53,8.29
202300047665,8.15,4.51
202300047679,0.89,23.64
202300047815,7.75,11.07
202300047833,6.81,18.16
202300047848,1.36,19.66
202300047861,8.87,13.08
202300047984,9.7,9.19
202300048010,8.58,6.08
202300048012,7.97,7.03
202300048030,1.08,17.92
202300048050,10.28,13.52
202300048056,11.08,9.87
202300048059,9.21,11.45
202300048070,3.9,11.01
202300048115,2.92,58.56
202300048156,7.15,19.57
202300048170,3.88,53.69
202300048172,2.22,17.42
202300048182,13.34,16.22
202300048202,9.4,24.17
202300048229,11.22,10.91
202300048281,6.3,7.2
202300048298,6.44,4.75
202300048323,7.58,8.65
202300048372,7.51,1.46
202300048379,5.1,7.29
202300048486,9.21,12.25
202300048492,9.71,19.84
202300048497,5.73,7.0
202300048502,4.86,13.37
202300048510,3.19,8.25
202300048520,7.14,4.86
202300048525,6.95,10.65
202300048530,8.38,9.0
202300048566,1.36,33.18
202300048568,5.83,5.13
202300048599,8.29,5.42
202300048607,4.29,4.35
202300048611,10.14,9.96
202300048633,5.39,7.06
202300048816,12.3,28.77
202300048863,6.69,20.96
202300048881,1.26,22.23
202300048903,2.02,25.95
202300048930,2.94,29.31
202300048938,6.25,16.82
202300048941,2.69,5.75
202300048959,3.91,15.19
202300048989,5.26,11.31
202300048990,10.16,8.06
202300048992,3.11,8.88
202300049020,14.54,16.3
202300049040,7.12,24.23
202300049153,7.55,9.95
202300049154,7.26,26.83
202300049155,14.14,17.37
202300049160,2.7,28.64
202300049161,8.22,7.92
202300049228,6.16,30.25
202300049260,3.8,3.78
202300049315,3.2,8.93
202300049400,7.37,7.84
202300049434,5.82,8.11
202300049437,3.73,2.29
202300049443,2.72,52.89
202300049446,2.72,17.03
202300049459,2.37,7.1
202300049613,7.5,5.23
202300049625,6.88,6.64
202300049629,12.53,10.02
202300049632,5.48,15.72
202300049634,6.09,2.81
202300049636,6.79,3.54
202300049642,9.52,12.54
202300049650,5.59,33.1
202300049680,9.24,26.32
202300049708,9.39,4.54
202300049710,9.46,15.24
202300049718,9.54,19.48
202300049724,3.08,14.95
202300049788,7.58,11.18
202300049792,19.02,20.79
202300049793,5.97,36.16
202300049808,12.66,16.3
202300049864,2.1,14.63
202300049937,5.08,3.34
202300050163,6.66,6.21
202300050164,5.79,4.01
202300050170,6.52,6.42
202300050189,7.26,4.84
202300050195,6.94,6.98
202300050198,4.96,3.92
202300050202,8.12,5.14
202300050206,4.71,23.09
202300050213,6.0,19.87
202300050216,3.14,2.89
202300050233,1.62,5.81
202300050244,8.25,32.33
202300050248,3.82,24.94
202300050256,5.96,16.35
202300050259,3.15,9.22
202300050323,4.35,22.37
202300050330,16.42,17.23
202300050338,4.79,15.36
202300050402,5.87,11.7
202300050407,12.39,7.59
202300050467,7.09,5.8
202300050480,8.85,3.79
202300050487,5.14,4.63
202300050506,8.94,8.75
202300050548,8.64,15.04
202300050568,6.01,4.8
202300050574,2.16,3.39
202300050611,4.83,24.08
202300050615,7.44,9.01
202300050644,5.16,6.96
202300050648,5.02,4.82
202300050652,8.52,3.4
202300050657,4.74,15.07
202300050663,4.82,3.76
202300050842,3.34,21.5
202300050896,7.82,29.67
202300050899,6.52,19.64
202300050901,15.66,16.47
202300050903,8.43,28.3
202300050910,1.94,2.14
202300050941,7.26,8.2
202300050943,2.7,3.84
202300050989,12.32,34.12
202300050990,3.72,30.7
202300051011,4.09,5.96
202300051098,2.96,20.96
202300051106,1.69,22.32
202300051108,3.62,23.56
202300051142,4.61,14.66
202300051157,1.91,4.22
202300051170,8.51,8.98
202300051175,0.98,4.04
202300051198,6.21,3.62
202300051221,8.93,3.44
202300051227,6.03,7.27
202300051274,12.23,33.79
202300051283,6.77,22.58
202300051315,6.5,4.8
202300051322,5.87,2.87
202300051360,3.04,17.76
202300051368,6.93,27.04
202300051397,4.48,3.97
202300051411,7.47,16.47
202300051448,3.14,4.82
202300051504,7.79,20.94
202300051511,8.04,10.68
202300051539,7.82,12.69
202300051566,11.72,16.88
202300051718,1.67,11.26
202300051729,11.9,12.71
202300051781,6.86,9.4
202300051786,11.43,11.26
202300051789,8.33,8.84
202300051793,3.98,13.21
202300051799,5.32,26.5
202300051829,1.68,50.12
202300051834,6.9,5.94
202300051862,5.48,17.26
202300051877,10.53,27.39
202300051886,2.16,5.87
202300051905,10.98,29.67
202300051917,4.48,19.2
202300051919,8.93,8.34
202300051962,6.25,14.94
202300051974,5.26,18.89
202300051998,8.87,8.54
202300052122,6.2,6.28
202300052124,9.8,15.28
202300052240,10.11,7.23
202300052248,6.81,4.83
202300052258,5.46,6.05
202300052295,1.46,3.76
202300052338,6.78,6.95
202300052343,11.13,18.18
202300052348,5.24,5.52
202300052372,6.58,9.8
202300052402,4.12,6.99
202300052409,7.74,7.15
202300052411,6.66,9.73
202300052417,5.49,5.0
202300052427,3.29,1.78
202300052472,8.49,4.9
202300052489,4.28,8.43
202300052540,2.71,5.24
202300052550,3.91,6.48
202300052558,6.14,4.62
202300052565,3.19,2.76
202300052638,8.75,1.77
202300052643,5.18,4.68
202300052649,7.76,10.16
202300052657,7.63,8.14
202300052680,2.47,24.48
202300052724,2.77,24.73
202300052725,2.74,24.96
202300052736,5.26,18.11
202300052761,5.92,12.12
202300052763,4.96,5.4
202300052766,7.09,18.57
202300052769,15.01,15.82
202300052778,8.37,8.99
202300052780,4.91,7.32
202300052823,3.58,9.37
202300052856,3.87,5.29
202300052901,4.93,4.68
202300052917,6.83,9.86
202300052922,4.5,13.62
202300052957,3.79,13.26
202300052964,5.72,8.65
202300052968,6.5,9.17
202300052987,1.35,19.65
202300053011,7.79,16.14
202300053013,4.54,6.16
202300053018,6.14,6.76
202300053036,7.65,15.28
202300053072,6.55,11.62
202300053094,9.84,31.12
202300053118,2.56,14.12
202300053133,10.51,13.27
202300053194,7.48,12.71
202300053211,14.17,33.23
202300053249,6.56,20.72
202300053256,2.8,17.5
202300053267,7.65,14.64
202300053274,7.14,14.4
202300053283,4.94,22.23
202300053380,4.8,14.73
202300053411,6.34,6.89
202300053415,6.94,33.12
202300053418,5.18,15.88
202300053500,4.34,7.0
202300053515,2.99,5.69
202300053546,1.7,6.2
202300053585,6.58,3.89
202300053654,3.37,6.43
202300053723,6.54,5.33
202300053733,4.15,3.92
202300053734,7.0,7.54
202300053755,4.88,7.61
202300053757,6.65,6.01
202300053762,8.45,6.98
202300053770,8.06,6.36
202300053797,4.95,4.89
202300053865,9.18,5.48
202300053879,5.85,6.52
202300053884,7.2,6.4
202300053896,7.48,4.85
202300053917,2.28,2.45
202300054028,8.26,3.19
202300054073,13.78,33.19
202300054100,12.1,11.92
202300054115,1.67,18.74
202300054188,4.37,26.12
202300054242,9.2,6.94
202300054250,6.52,5.27
202300054261,5.8,7.64
202300054267,6.19,5.88
202300054278,1.34,19.87
202300054289,12.3,11.59
202300054304,4.62,11.24
202300054326,5.86,8.83
202300054448,9.21,13.96
202300054471,8.14,7.74
202300054479,8.32,7.91
202300054481,5.6,5.68
202300054497,2.79,15.69
202300054512,11.43,34.9
202300054517,13.23,18.82
202300054549,8.44,5.63
202300054554,7.46,7.79
202300054560,2.89,4.33
202300054576,0.54,22.23
202300054594,2.6,19.34
202300054603,5.92,11.63
202300054609,4.13,6.8
202300054618,8.44,9.51
202300054625,8.42,4.78
202300054629,2.46,18.31
202300054661,7.39,28.96
202300054702,12.32,14.96
202300054711,11.01,24.82
202300054791,3.86,35.03
202400000031,2.29,6.81
202400000037,8.85,8.66
202400000038,10.59,10.39
202400000049,7.3,22.32
202400000053,10.62,13.33
202400000061,9.6,9.36
202400000070,14.4,33.28
202400000133,7.08,5.38
202400000159,6.9,36.73
202400000162,7.16,25.89
202400000178,8.36,27.3
202400000181,9.06,5.06
202400000201,4.39,3.9
202400000269,5.58,8.55
202400000270,3.26,14.73
202400000408,7.04,8.37
202400000495,6.98,10.12
202400000505,7.38,3.66
202400000507,5.48,11.23
202400000509,5.68,7.42
202400000510,4.67,7.2
202400000527,1.78,3.14
202400000533,6.3,12.5
202400000546,13.24,35.05
202400000548,6.71,10.71
202400000550,7.85,12.68
202400000554,14.06,26.57
202400000557,6.58,17.78
202400000559,12.82,44.49
202400000573,4.67,23.17
202400000577,8.34,21.89
202400000580,5.46,40.59
202400000648,6.66,22.94
202400000653,3.75,6.26
202400000655,8.2,6.99
202400000658,4.44,4.78
202400000661,7.66,7.24
202400000664,7.81,8.66
202400000678,4.31,7.1
202400000681,14.68,14.5
202400000727,3.64,8.31
202400000729,9.35,2.95
202400000731,5.57,7.6
202400000751,6.86,3.87
202400000774,6.77,6.86
202400000852,5.12,91.22
202400000853,3.26,14.54
202400000866,4.45,4.84
202400000898,6.19,9.88
202400000899,3.1,17.3
202400000904,5.43,6.6
202400000907,5.09,7.31
202400000908,2.09,2.02
202400000911,8.94,9.56
202400000992,9.65,9.48
202400001035,7.15,8.01
202400001111,6.92,9.16
202400001113,8.58,8.41
202400001118,8.15,5.75
202400001121,7.7,8.62
202400001142,3.82,5.35
202400001145,3.64,3.94
202400001155,7.32,9.08
202400001195,2.16,29.46
202400001209,5.31,30.44
202400001283,6.48,29.56
202400001308,2.58,2.87
202400001312,12.33,8.98
202400001332,6.78,23.51
202400001334,7.58,10.04
202400001336,4.83,4.34
202400001403,5.99,8.8
202400001404,12.24,19.51
202400001413,8.18,26.82
202400001440,6.4,26.08
202400001450,4.12,4.94
202400001453,4.28,4.63
202400001510,9.81,21.96
202400001512,11.3,24.52
202400001527,13.6,22.68
202400001587,3.3,29.8
202400001665,8.82,30.52
202400001683,7.04,3.4
202400001684,5.41,2.14
202400001762,5.64,8.63
202400001763,7.01,9.14
202400001796,9.17,7.96
202400001798,4.78,5.12
202400001809,4.06,6.03
202400001811,5.91,6.38
202400001812,5.93,6.94
202400001813,5.44,6.14
202400001850,5.88,5.68
202400001851,1.87,6.6
202400001901,10.03,13.48
202400001941,1.28,16.76
202400001968,5.6,19.35
202400001972,3.62,1.8
202400001980,4.64,29.45
202400002004,5.09,24.6
202400002154,2.1,15.16
202400002185,7.05,10.74
202400002187,8.9,12.33
202400002215,5.11,5.0
202400002222,2.3,2.39
202400002224,7.7,6.26
202400002237,12.12,10.1
202400002240,4.2,9.65
202400002243,7.1,4.15
202400002251,9.14,6.55
202400002254,5.1,3.53
202400002256,4.94,2.65
202400002257,7.57,9.86
202400002260,8.22,6.75
202400002261,8.65,4.66
202400002263,5.48,7.77
202400002284,4.27,4.08
202400002291,5.9,8.69
202400002391,11.82,31.33
202400002394,6.31,5.44
202400002396,7.85,3.24
202400002398,7.17,12.21
202400002404,7.56,26.79
202400002423,6.45,5.24
202400002437,4.21,24.3
202400002440,5.48,15.87
202400002443,13.65,12.27
202400002470,2.86,15.65
202400002474,3.98,23.59
202400002488,2.98,13.78
202400002540,11.32,10.8
202400002610,2.14,18.17
202400002611,8.78,12.46
202400002641,3.34,7.0
202400002649,7.86,7.66
202400002651,6.58,6.22
202400002673,12.81,11.72
202400002679,10.98,9.69
202400002689,8.78,12.84
202400002836,7.4,4.41
202400002876,4.71,1.11
202400002878,8.38,9.72
202400002880,11.14,11.67
202400002882,5.67,23.51
202400002919,4.38,17.26
202400002929,10.24,20.98
202400002977,7.38,8.15
202400002979,5.07,22.33
202400003093,5.97,8.02
202400003136,7.93,14.03
202400003155,10.34,7.98
202400003162,4.29,5.58
202400003164,3.88,8.72
202400003179,7.19,1.87
202400003197,0.74,19.05
202400003204,5.16,19.42
202400003219,5.72,6.56
202400003220,2.81,3.97
202400003295,6.1,8.37
202400003317,6.86,7.03
202400003422,3.49,2.89
202400003428,11.1,10.82
202400003429,2.81,2.45
202400003432,9.97,31.96
202400003468,12.19,25.94
202400003531,5.08,20.92
202400003534,13.32,27.68
202400003589,3.65,22.44
202400003590,1.54,24.59
202400003591,3.62,1.8
202400003652,1.54,17.7
202400003688,2.74,7.47
202400003690,3.99,5.29
202400003695,8.89,4.89
202400003698,5.68,6.59
202400003699,5.72,9.39
202400003701,6.28,9.5
202400003734,11.1,10.91
202400003736,6.03,10.78
202400003738,8.33,9.22
202400003744,7.43,6.26
202400003766,8.4,7.18
202400003842,6.4,25.06
202400003843,11.13,16.91
202400003903,9.53,16.91
202400003912,10.04,13.19
202400003913,4.63,15.18
202400003941,6.84,7.59
202400003960,5.97,13.03
202400004062,4.07,7.74
202400004065,7.78,18.24
202400004068,4.03,7.25
202400004091,8.11,9.01
202400004111,8.09,5.98
202400004113,7.41,9.14
202400004147,9.28,15.06
202400004165,11.14,11.47
202400004198,14.97,13.5
202400004242,8.62,12.76
202400004244,2.48,17.38
202400004246,9.23,13.47
202400004266,8.8,24.0
202400004299,10.14,8.66
202400004323,4.4,18.45
202400004361,15.23,24.08
202400004374,6.75,2.22
202400004377,6.49,37.31
202400004468,5.84,6.72
202400004483,6.47,5.17
202400004508,10.77,11.1
202400004513,6.67,2.29
202400004560,5.51,5.24
202400004580,11.42,11.93
202400004584,5.74,10.47
202400004587,11.65,10.55
202400004673,8.49,20.14
202400004685,12.17,26.44
202400004716,3.79,25.8
202400004740,7.77,20.14
202400004743,9.4,5.39
202400004747,7.04,11.61
202400004793,8.36,21.07
202400004795,3.74,15.03
202400004913,5.7,2.77
202400004937,2.9,5.17
202400004939,5.58,7.98
202400004975,7.61,18.15
202400005070,3.61,12.32
202400005072,4.48,31.2
202400005074,8.74,21.69
202400005118,5.29,5.23
202400005134,4.51,9.47
202400005168,4.8,8.01
202400005171,2.45,13.92
202400005201,7.61,9.38
202400005204,6.84,5.62
202400005206,6.27,6.18
202400005231,3.89,13.36
202400005289,2.11,20.27
202400005321,6.75,5.42
202400005322,6.78,3.89
202400005326,7.12,9.66
202400005392,6.03,4.46
202400005397,8.8,9.15
202400005398,8.26,6.23
202400005409,6.45,9.18
202400005443,7.46,23.96
202400005476,3.08,8.22
202400005492,4.8,13.59
202400005581,6.8,7.14
202400005594,8.17,5.1
202400005608,7.08,6.8
202400005682,5.88,28.69
202400005691,7.7,26.5
202400005702,7.93,19.15
202400005704,4.04,24.01
202400005711,10.6,9.37
202400005865,7.74,4.75
202400005874,4.72,8.28
202400005884,5.08,13.77
202400005916,6.5,7.55
202400005918,6.05,10.99
202400005979,7.42,20.58
202400005982,2.35,23.54
202400005983,3.94,1.18
202400006054,7.04,8.16
202400006060,5.6,6.55
202400006099,8.53,10.22
202400006102,5.52,8.18
202400006121,4.48,3.97
202400006176,8.91,18.05
202400006264,6.34,10.01
202400006266,7.51,9.44
202400006269,6.34,5.21
202400006292,6.64,7.68
202400006462,8.3,4.58
202400006473,9.67,8.28
202400006502,10.86,13.15
202400006511,7.9,8.52
202400006538,0.49,18.6
202400006646,9.13,7.92
202400006650,3.97,3.05
202400006699,11.28,12.91
202400006803,14.9,15.71
202400006854,2.53,4.38
202400006860,7.68,3.78
202400006919,9.21,19.95
202400006921,6.43,16.13
202400006939,3.45,5.02
202400007013,2.62,8.06
202400007025,2.76,8.63
202400007084,3.35,18.3
202400007101,11.11,7.39
202400007156,7.23,9.1
202400007158,7.48,17.21
202400007160,4.63,4.14
202400007161,3.64,2.65
202400007163,8.26,18.91
202400007307,9.39,9.68
202400007311,2.63,7.36
202400007354,4.58,33.38
202400007355,0.67,27.05
202400007356,6.93,9.08
202400007449,4.12,7.09
202400007450,5.76,2.75
202400007486,2.88,2.11
202400007502,3.98,8.19
202400007558,3.79,34.57
202400007560,5.31,28.41
202400007561,4.17,20.4
202400007602,5.03,2.23
202400007625,7.96,3.64
202400007661,15.7,16.97
202400007714,8.74,19.07
202400007728,6.46,6.04
202400007729,7.35,4.37
202400007730,4.86,7.29
202400007732,10.1,10.06
202400007733,5.23,4.76
202400007734,8.71,4.72
202400007800,7.06,8.73
202400007803,5.47,5.18
202400007812,9.79,9.59
202400007816,5.09,4.56
202400007819,4.74,10.8
202400007929,6.78,7.33
202400007949,9.09,17.58
202400007960,3.76,12.0
202400007969,6.72,15.38
202400007975,4.04,6.7
202400007977,3.8,20.75
202400007979,8.41,4.51
202400007998,7.08,4.1
202400008001,6.43,8.7
202400008002,5.9,5.07
202400008004,6.42,7.2
202400008028,6.49,3.88
202400008068,4.66,8.27
202400008070,5.38,7.33
202400008116,9.86,35.09
202400008119,4.94,28.66
202400008226,4.27,27.75
202400008236,5.48,10.95
202400008241,3.65,8.75
202400008296,5.52,8.35
202400008339,4.81,5.59
202400008341,9.45,22.89
202400008346,6.18,11.44
202400008350,5.68,8.9
202400008354,9.85,12.1
202400008365,9.42,8.49
202400008390,2.63,6.03
202400008393,6.63,8.16
202400008395,7.48,7.06
202400008397,4.58,3.76
202400008517,5.68,3.77
202400008529,2.01,9.29
202400008539,2.36,19.31
202400008541,0.69,126.02
202400008551,10.28,25.09
202400008578,12.15,23.23
202400008587,5.8,39.06
202400008672,6.56,7.86
202400008714,11.11,18.67
202400008840,9.6,7.32
202400008842,2.38,3.74
202400008946,5.38,8.05
202400009020,1.91,10.12
202400009056,5.19,13.96
202400009057,1.82,4.73
202400009120,9.8,3.92
202400009124,5.37,8.82
202400009132,6.14,12.85
202400009135,5.7,5.1
202400009137,7.02,5.05
202400009161,5.62,5.33
202400009163,9.17,2.16
202400009173,10.34,9.73
202400009194,5.06,26.59
202400009200,8.66,10.77
202400009258,9.06,9.71
202400009259,5.82,24.5
202400009279,9.41,15.94
202400009337,5.82,9.04
202400009346,8.34,5.36
202400009347,8.36,6.89
202400009354,4.54,2.41
202400009355,8.74,5.84
202400009454,6.33,25.04
202400009456,16.27,19.48
202400009457,4.09,9.52
202400009458,6.48,23.24
202400009490,3.77,12.18
202400009542,7.69,5.38
202400009563,8.96,8.78
202400009578,2.02,11.36
202400009580,7.78,4.07
202400009616,3.85,23.52
202400009665,10.1,7.78
202400009666,2.96,7.67
202400009667,7.17,8.48
202400009703,3.59,6.31
202400009731,8.45,5.55
202400009734,5.85,5.54
202400009814,5.78,4.0
202400009816,7.04,8.92
202400009828,6.41,8.38
202400009831,7.0,5.27
202400009835,8.85,7.64
202400009841,4.99,4.05
202400009847,6.69,5.56
202400009953,7.92,29.48
202400009956,3.74,12.88
202400009959,1.9,16.98
202400009962,6.99,18.42
202400009989,4.7,25.59
202400010062,9.8,9.44
202400010066,0.93,14.27
202400010156,10.65,19.67
202400010162,7.2,28.49
202400010188,2.91,25.37
202400010191,8.05,29.8
202400010193,8.35,21.6
202400010289,10.16,19.4
202400010293,2.38,8.13
202400010331,7.05,4.07
202400010333,6.58,3.16
202400010336,5.52,8.06
202400010358,2.24,24.83
202400010486,12.48,12.29
202400010562,13.04,31.05
202400010566,1.38,27.82
202400010570,3.23,21.16
202400010579,7.12,22.39
202400010594,7.53,13.67
202400010605,5.79,16.55
202400010637,11.09,14.2
202400010641,4.37,17.15
202400010644,8.81,5.02
202400010716,5.45,8.66
202400010751,3.14,89.24
202400010770,5.76,6.19
202400010772,7.63,2.78
202400010786,5.78,3.7
202400010789,7.68,8.07
202400010790,4.52,5.83
202400010903,6.15,5.89
202400010943,7.92,3.31
202400010994,4.17,4.12
202400010996,6.22,6.72
202400011081,3.91,24.79
202400011093,11.27,14.18
202400011095,3.01,2.8
202400011103,11.14,32.74
202400011105,3.81,24.65
202400011113,3.32,11.55
202400011120,14.07,25.05
202400011122,5.96,16.49
202400011130,13.14,20.89
202400011161,8.51,14.38
202400011162,7.24,14.08
202400011163,4.95,30.23
202400011294,6.21,5.01
202400011296,7.92,8.92
202400011305,7.44,5.33
202400011322,7.27,6.06
202400011330,7.77,3.84
202400011437,1.09,32.11
202400011604,6.06,9.19
202400011611,9.0,3.05
202400011656,2.83,17.9
202400011662,6.24,10.61
202400011676,14.4,7.78
202400011708,7.76,8.52
202400011712,6.37,8.44
202400011718,4.76,10.62
202400011791,10.5,13.94
202400011923,1.42,20.61
202400011946,2.5,14.89
202400011952,2.8,6.77
202400011973,2.53,20.93
202400011976,6.36,11.84
202400012022,2.61,34.04
202400012025,7.44,29.18
202400012145,2.93,7.3
202400012149,6.06,9.03
202400012187,8.65,7.46
202400012190,2.6,6.74
202400012199,3.96,6.18
202400012204,6.73,28.42
202400012209,5.07,2.44
202400012213,6.81,7.52
202400012229,10.66,18.45
202400012294,9.32,9.15
202400012329,5.96,5.63
202400012335,7.33,2.3
202400012352,6.77,28.87
202400012366,7.96,4.22
202400012387,7.53,8.88
202400012393,3.85,6.36
202400012431,10.84,8.35
202400012442,8.23,42.34
202400012512,5.55,6.7
202400012516,9.34,28.15
202400012517,8.13,5.64
202400012523,8.35,22.1
202400012527,4.86,17.7
202400012538,8.05,17.52
202400012541,9.09,2.83
202400012543,8.09,23.66
202400012544,9.0,14.78
202400012548,7.36,30.41
202400012552,11.06,18.15
202400012580,6.63,6.53
202400012582,3.12,3.6
202400012584,0.85,15.07
202400012585,2.74,1.01
202400012598,9.03,5.44
202400012600,7.05,6.86
202400012604,4.6,6.17
202400012605,3.8,4.72
202400012608,3.33,4.63
202400012611,7.67,3.74
202400012632,11.27,16.98
202400012719,1.22,2.64
202400012721,1.17,17.9
202400012722,5.57,3.29
202400012744,3.59,2.42
202400012748,0.72,6.58
202400012804,7.9,7.24
202400012805,6.14,8.77
202400012815,8.18,7.3
202400012820,3.72,4.09
202400012883,3.79,12.03
202400012923,10.66,10.14
202400012968,5.81,8.62
202400012993,10.12,8.91
202400013075,5.14,5.91
202400013076,5.21,5.35
202400013154,10.91,5.03
202400013156,5.77,7.52
202400013158,7.13,5.14
202400013165,4.11,7.79
202400013166,5.66,7.95
202400013182,4.65,3.71
202400013233,6.45,6.79
202400013235,6.98,4.4
202400013244,12.66,10.42
202400013415,7.89,42.44
202400013417,1.97,13.26
202400013441,7.31,4.46
202400013462,4.63,11.18
202400013479,3.54,4.47
202400013481,2.85,3.23
202400013487,3.97,2.94
202400013508,5.8,16.13
202400013522,4.46,4.8
202400013523,7.16,7.61
202400013587,7.22,6.57
202400013604,7.05,7.72
202400013605,7.36,5.55
202400013607,7.76,7.53
202400013624,8.84,4.84
202400013625,4.45,4.74
202400013635,5.88,6.36
202400013644,10.4,4.77
202400013742,7.56,21.68
202400013744,7.1,26.47
202400013793,9.08,30.26
202400013798,2.45,20.94
202400013804,1.61,23.44
202400013813,11.22,12.11
202400013837,7.17,11.45
202400013854,6.43,12.22
202400013896,4.12,13.36
202400013997,8.58,17.13
202400014059,2.24,5.94
202400014182,7.6,5.9
202400014185,6.11,4.42
202400014199,6.25,3.96
202400014242,5.67,6.1
202400014302,8.71,8.52
202400014305,5.86,3.22
202400014385,6.61,13.85
202400014400,4.07,14.89
202400014416,2.36,18.48
202400014432,9.44,8.05
202400014436,5.44,6.98
202400014439,3.22,2.07
202400014447,11.39,24.33
202400014448,4.44,28.4
202400014450,5.25,22.36
202400014451,3.29,25.71
202400014457,8.05,5.19
202400014460,5.04,5.32
202400014463,5.76,10.79
202400014480,7.4,5.1
202400014482,3.6,20.37
202400014548,4.97,24.51
202400014641,7.0,7.91
202400014695,11.47,24.22
202400014696,8.14,5.07
202400014698,7.8,4.71
202400014708,2.31,30.96
202400014715,2.08,23.31
202400014725,7.09,8.89
202400014794,3.13,21.66
202400014801,7.24,26.21
202400014832,10.08,29.88
202400014833,6.78,19.25
202400014886,8.2,4.31
202400014888,8.66,10.3
202400014891,4.94,7.45
202400014893,2.77,2.67
202400014921,7.64,4.3
202400014947,3.94,14.1
202400014954,9.83,12.87
202400014955,7.64,20.89
202400014956,2.47,18.97
202400014962,13.66,29.4
202400015040,5.04,6.41
202400015046,5.57,5.56
202400015047,4.41,4.78
202400015163,12.33,25.63
202400015218,5.5,17.1
202400015222,8.28,27.2
202400015223,7.7,24.78
202400015257,9.43,15.3
202400015296,8.09,5.2
202400015411,7.81,8.59
202400015420,6.05,8.94
202400015423,7.74,6.44
202400015519,5.95,14.19
202400015532,4.99,5.7
202400015537,8.03,4.43
202400015538,8.49,5.62
202400015539,7.56,8.45
202400015540,4.89,6.69
202400015591,2.25,25.73
202400015600,2.84,13.48
202400015616,4.02,19.55
202400015681,7.29,19.62
202400015695,9.9,25.86
202400015720,2.62,3.92
202400015788,4.14,15.61
202400015832,6.63,8.6
202400015838,6.58,4.33
202400015856,4.74,4.53
202400015859,3.07,4.16
202400015984,6.96,25.22
202400016097,0.81,19.11
202400016168,6.37,5.49
202400016196,4.67,3.69
202400016200,7.72,6.02
202400016223,7.95,8.57
202400016264,5.43,5.13
202400016283,5.93,6.38
202400016358,9.45,17.33
202400016388,5.89,7.37
202400016410,14.17,13.66
202400016424,10.72,13.64
202400016443,5.84,5.84
202400016446,16.08,18.75
202400016449,10.09,15.56
202400016495,2.41,7.85
202400016507,5.29,7.58
202400016509,3.6,6.27
202400016511,8.81,5.82
202400016527,6.4,6.87
202400016529,5.38,3.71
202400016531,4.45,4.74
202400016533,7.57,26.26
202400016534,6.22,27.72
202400016611,11.25,16.85
202400016612,10.22,11.56
202400016620,9.12,23.83
202400016622,6.51,9.64
202400016623,1.04,2.69
202400016624,4.64,19.73
202400016625,4.81,16.29
202400016626,12.33,34.2
202400016654,8.22,5.36
202400016658,4.8,4.49
202400016712,1.46,17.02
202400016713,9.07,16.73
202400016763,4.38,3.67
202400016825,5.36,7.5
202400016827,5.7,8.51
202400016842,7.42,8.08
202400016858,10.43,11.15
202400016860,4.9,4.95
202400016862,3.88,46.68
202400016865,3.63,18.12
202400016920,9.19,4.13
202400016921,4.78,3.84
202400016956,11.36,15.75
202400016970,4.33,13.45
202400016973,9.67,10.56
202400017006,3.06,16.56
202400017122,2.96,13.77
202400017199,2.32,7.75
202400017201,6.92,6.94
202400017214,3.35,3.89
202400017217,5.83,6.61
202400017269,11.42,7.7
202400017274,11.43,9.34
202400017276,11.37,11.18
202400017300,7.29,27.05
202400017336,5.16,8.3
202400017365,7.68,4.7
202400017368,6.83,3.17
202400017382,6.62,16.27
202400017383,8.17,30.62
202400017385,7.86,12.76
202400017388,3.19,13.76
202400017389,6.11,8.52
202400017393,7.65,10.6
202400017395,6.96,19.57
202400017396,7.71,6.0
202400017398,5.47,11.82
202400017402,11.38,17.5
202400017438,5.75,33.36
202400017487,8.86,7.34
202400017500,14.34,40.88
202400017502,2.39,20.64
202400017503,13.24,15.88
202400017504,8.85,26.44
202400017529,4.82,6.6
202400017538,5.04,2.26
202400017539,8.32,20.53
202400017591,5.24,8.92
202400017592,7.11,5.82
202400017593,5.69,6.83
202400017710,7.28,2.43
202400017712,2.6,14.08
202400017714,5.71,6.81
202400017738,6.16,5.92
202400017751,5.76,8.15
202400017758,7.27,4.86
202400017761,3.67,2.49
202400017767,4.11,3.92
202400017768,5.74,5.53
202400017772,8.45,9.07
202400017775,4.62,4.59
202400017777,7.85,8.47
202400017780,6.24,6.41
202400017854,9.04,8.1
202400017857,7.31,4.89
202400017863,7.0,7.17
202400017902,6.52,3.39
202400017941,8.65,26.44
202400017949,6.06,11.19
202400017996,5.59,12.37
202400018024,4.3,19.5
202400018098,14.8,18.57
202400018102,7.18,26.82
202400018108,1.08,4.56
202400018116,6.73,6.22
202400018176,8.75,6.79
202400018177,10.51,27.94
202400018178,3.5,7.07
202400018181,5.33,20.57
202400018182,6.16,9.38
202400018185,9.86,9.35
202400018186,6.27,4.52
202400018214,8.43,7.76
202400018251,9.53,11.43
202400018306,5.86,4.06
202400018343,7.23,5.8
202400018346,4.09,6.14
202400018392,4.14,28.01
202400018412,6.19,5.98
202400018438,5.74,7.49
202400018534,10.04,28.81
202400018535,4.25,1.48
202400018568,5.0,9.59
202400018605,6.41,32.59
202400018613,4.1,18.64
202400018646,3.61,2.71
202400018691,4.21,7.77
202400018694,9.31,6.71
202400018697,12.88,13.51
202400018698,3.2,5.11
202400018699,9.91,4.38
202400018863,13.04,29.94
202400018876,6.62,13.83
202400018877,11.15,21.01
202400018973,2.38,36.54
202400019057,8.46,9.24
202400019084,3.28,1.55
202400019119,4.69,8.36
202400019123,5.44,8.58
202400019137,9.78,9.58
202400019139,6.48,4.78
202400019141,6.65,9.87
202400019175,8.15,6.96
202400019185,11.33,25.92
202400019266,9.96,23.27
202400019267,16.66,24.91
202400019269,4.28,6.17
202400019272,8.77,12.38
202400019308,2.79,36.0
202400019339,5.16,13.59
202400019376,7.46,23.75
202400019404,3.27,8.14
202400019410,6.45,5.57
202400019413,5.69,7.33
202400019433,10.23,15.77
202400019450,6.89,3.76
202400019476,5.7,19.0
202400019488,5.11,26.22
202400019509,5.17,9.83
202400019578,7.38,5.65
202400019584,7.55,4.21
202400019659,4.72,8.99
202400019664,6.0,20.7
202400019665,7.1,23.97
202400019713,7.6,9.8
202400019715,8.74,10.04
202400019732,7.32,8.91
202400019740,4.58,7.8
202400019763,9.68,21.52
202400019764,5.62,52.0
202400019768,4.05,11.76
202400019772,5.11,7.18
202400019779,8.65,6.08
202400019793,4.86,6.93
202400019821,5.68,3.05
202400019828,5.66,2.96
202400019912,5.15,2.08
202400019914,6.27,4.98
202400019917,14.15,22.17
202400019918,3.27,4.07
202400019920,4.41,23.0
202400019928,6.4,31.96
202400019933,5.68,5.17
202400019947,8.18,6.89
202400019989,6.97,6.72
202400020019,11.09,25.53
202400020130,3.16,11.15
202400020135,3.64,9.49
202400020174,14.55,12.24
202400020185,2.78,7.27
202400020283,7.56,4.18
202400020298,4.76,7.43
202400020312,3.6,25.27
202400020332,5.66,4.3
202400020463,6.14,9.96
202400020473,4.7,4.68
202400020475,6.9,4.93
202400020478,5.76,9.14
202400020480,6.76,5.88
202400020528,6.87,9.28
202400020530,6.97,7.64
202400020532,3.93,6.44
202400020534,2.77,0.48
202400020544,7.57,11.54
202400020546,8.89,5.29
202400020548,6.55,3.92
202400020550,6.16,7.05
202400020576,2.16,16.06
202400020578,7.72,13.28
202400020666,8.71,5.84
202400020669,9.68,1.59
202400020671,6.34,9.2
202400020673,5.36,11.16
202400020676,8.46,15.21
202400020682,8.41,4.42
202400020683,2.85,8.29
202400020696,9.02,2.64
202400020708,8.01,8.29
202400020710,4.82,11.36
202400020712,5.01,2.38
202400020732,9.26,11.58
202400020733,3.67,3.84
202400020736,6.38,5.34
202400020783,3.1,27.66
202400020799,9.12,10.69
202400020812,2.64,6.32
202400020829,9.18,23.02
202400020830,4.79,5.56
202400020940,7.61,4.7
202400020963,3.55,7.73
202400021087,3.68,16.4
202400021103,3.36,12.58
202400021163,4.78,2.3
202400021192,7.47,8.27
202400021208,5.59,17.25
202400021246,12.74,33.89
202400021273,7.42,2.47
202400021276,11.05,28.88
202400021279,3.49,15.09
202400021343,6.56,3.81
202400021365,2.66,6.87
202400021368,6.66,6.7
202400021418,8.02,5.03
202400021420,8.18,5.1
202400021429,6.44,10.35
202400021438,8.17,5.98
202400021486,9.72,8.51
202400021487,8.04,2.98
202400021488,4.12,6.63
202400021492,7.07,3.96
202400021493,8.21,8.54
202400021497,4.92,3.81
202400021534,5.6,21.12
202400021536,6.71,15.98
202400021556,8.4,18.35
202400021604,7.76,29.45
202400021633,5.18,15.54
202400021785,5.0,8.21
202400021790,5.27,7.4
202400021793,7.75,16.54
202400021843,3.67,16.77
202400021854,3.34,22.52
202400021857,7.06,8.69
202400021858,5.04,4.53
202400021867,5.46,7.69
202400021868,14.86,22.86
202400021873,4.39,6.48
202400021878,3.68,4.78
202400021889,3.97,6.31
202400021894,11.06,9.85
202400021898,10.39,7.81
202400021956,8.83,16.21
202400021975,6.37,29.4
202400021980,8.66,12.84
202400021984,8.61,27.66
202400021988,1.26,31.61
202400022028,13.97,37.0
202400022047,4.84,16.09
202400022155,11.94,92.71
202400022157,7.29,8.02
202400022207,6.43,6.88
202400022210,7.2,6.52
202400022221,8.03,7.22
202400022222,6.24,6.04
202400022260,2.75,5.44
202400022399,3.6,6.99
202400022403,14.54,14.88
202400022430,9.35,7.83
202400022431,6.54,4.85
202400022432,8.37,20.95
202400022433,7.86,17.88
202400022434,5.24,5.54
202400022435,3.96,9.8
202400022487,15.63,37.3
202400022552,9.84,5.84
202400022553,3.85,8.29
202400022554,5.1,15.19
202400022565,6.29,5.6
202400022570,5.13,4.55
202400022571,4.8,3.86
202400022638,6.97,7.69
202400022643,5.55,7.84
202400022647,6.4,3.42
202400022653,5.2,3.0
202400022654,11.4,8.53
202400022695,5.52,21.46
202400022697,14.52,14.33
202400022707,4.1,24.16
202400022710,5.18,12.67
202400022725,7.28,7.88
202400022840,5.95,4.1
202400022841,2.61,13.48
202400022849,5.18,4.68
202400022850,5.82,3.33
202400022877,5.95,4.82
202400022962,10.81,7.81
202400023065,6.36,9.4
202400023069,5.66,7.07
202400023076,10.6,8.11
202400023097,9.49,8.38
202400023143,8.91,9.97
202400023150,8.73,7.25
202400023154,5.14,8.04
202400023166,6.72,7.09
202400023203,3.77,6.28
202400023205,7.55,2.85
202400023212,3.24,3.96
202400023320,7.19,19.64
202400023361,6.41,8.66
202400023449,1.82,3.01
202400023462,14.68,14.17
202400023465,5.0,6.57
202400023492,5.6,15.69
202400023505,11.41,5.89
202400023523,4.62,45.66
202400023620,8.49,15.03
202400023624,7.99,23.66
202400023628,8.47,14.38
202400023630,8.06,4.99
202400023648,6.94,19.53
202400023665,3.3,4.86
202400023784,3.52,6.53
202400023879,15.67,15.16
202400023882,6.45,15.31
202400023891,4.45,25.7
202400023894,2.02,8.54
202400023957,5.95,4.37
202400023973,5.06,10.11
202400023989,7.06,5.58
202400023993,1.77,5.58
202400023997,7.47,6.66
202400024021,10.75,9.65
202400024034,7.77,6.95
202400024038,4.6,5.04
202400024040,4.86,7.52
202400024059,8.91,8.87
202400024062,6.02,6.53
202400024066,2.85,3.55
202400024120,12.24,17.69
202400024135,6.61,11.74
202400024136,8.29,8.22
202400024137,11.63,11.88
202400024140,6.48,11.7
202400024150,1.72,18.63
202400024169,10.9,12.89
202400024221,6.58,10.54
202400024240,3.77,3.54
202400024250,3.38,8.75
202400024251,6.91,8.18
202400024253,5.11,14.66
202400024335,8.15,29.77
202400024337,13.06,15.09
202400024351,4.7,3.66
202400024396,9.15,12.28
202400024462,6.12,8.06
202400024468,6.47,6.98
202400024516,8.45,16.0
202400024518,5.85,14.15
202400024547,3.31,32.01
202400024549,1.16,21.78
202400024559,9.04,31.04
202400024560,5.04,5.82
202400024561,2.36,23.58
202400024562,6.72,4.08
202400024563,6.7,27.57
202400024565,6.3,7.14
202400024610,3.91,15.81
202400024617,8.64,18.58
202400024623,6.37,41.5
202400024652,12.06,20.87
202400024665,6.3,5.12
202400024706,8.3,4.58
202400024707,6.42,4.15
202400024708,9.14,3.11
202400024709,5.41,8.38
202400024732,4.7,4.68
202400024783,6.37,4.09
202400024784,5.68,6.63
202400024794,7.32,5.35
202400024795,6.32,5.39
202400024919,7.39,16.53
202400024920,1.39,18.6
202400024922,4.34,13.26
202400024924,7.01,5.97
202400024956,5.69,7.18
202400024957,5.46,7.72
202400024963,0.52,36.34
202400025016,8.43,6.64
202400025019,6.1,5.23
202400025050,2.67,3.48
202400025052,9.0,2.83
202400025128,7.99,6.7
202400025177,6.04,3.55
202400025230,5.66,18.2
202400025243,4.72,6.29
202400025246,4.14,8.01
202400025293,1.85,6.58
202400025295,4.88,5.72
202400025297,3.83,4.01
202400025298,4.08,5.0
202400025300,4.16,4.54
202400025309,4.37,14.54
202400025411,0.29,32.07
202400025413,2.66,25.24
202400025424,7.31,9.71
202400025433,14.84,13.67
202400025447,3.15,19.44
202400025449,9.77,13.39
202400025524,9.74,5.85
202400025525,4.82,4.89
202400025526,4.1,4.29
202400025537,9.12,6.92
202400025539,7.91,4.87
202400025773,10.56,21.22
202400025775,9.52,20.67
202400025805,8.73,5.74
202400025807,8.44,1.37
202400025831,2.86,3.79
202400025833,7.0,10.84
202400025866,7.09,9.85
202400025877,2.49,7.92
202400025933,6.77,8.65
202400025947,6.17,7.78
202400026005,5.84,28.07
202400026027,8.59,15.62
202400026159,9.11,2.84
202400026171,9.37,28.66
202400026198,6.97,3.02
202400026202,7.45,8.51
202400026228,4.49,6.67
202400026257,11.05,63.34
202400026260,5.31,9.59
202400026292,7.18,12.69
202400026294,7.52,7.54
202400026368,5.2,56.27
202400026477,4.54,4.4
202400026479,3.02,13.07
202400026485,4.19,5.76
202400026550,4.38,7.34
202400026551,9.27,9.26
202400026607,6.68,8.93
202400026613,4.04,15.13
202400026647,8.35,4.0
202400026648,9.2,2.96
202400026655,3.04,7.25
202400026656,8.01,4.54
202400026660,5.83,6.68
202400026661,6.56,5.74
202400026717,2.97,16.14
202400026729,7.29,4.88
202400026730,6.3,4.86
202400026838,4.34,20.94
202400026869,2.77,15.78
202400026871,4.95,16.23
202400026877,2.57,25.38
202400026904,5.83,10.96
202400026931,10.27,25.75
202400026963,3.92,14.19
202400026976,4.98,35.99
202400027062,4.56,8.24
202400027089,3.16,3.86
202400027090,6.23,3.23
202400027283,7.0,9.25
202400027325,8.09,8.54
202400027355,11.53,8.66
202400027360,10.02,7.15
202400027365,4.48,3.97
202400027378,7.22,5.09
202400027382,9.19,2.92
202400027406,4.76,5.06
202400027408,7.71,8.15
202400027411,8.36,3.93
202400027426,5.88,5.68
202400027429,5.35,5.7
202400027446,5.07,7.58
202400027449,5.62,8.36
202400027453,3.84,4.64
202400027456,5.21,2.67
202400027520,6.5,5.38
202400027614,5.66,12.46
202400027631,2.37,18.82
202400027688,7.89,11.65
202400027690,5.13,7.53
202400027693,5.11,7.77
202400027696,12.08,19.98
202400027697,2.41,6.62
202400027703,7.15,16.42
202400027712,8.87,8.68
202400027715,8.34,9.86
202400027744,5.58,27.64
202400027761,9.28,26.13
202400027764,12.32,21.22
202400027849,7.48,8.48
202400027937,11.09,8.1
202400027949,7.63,7.22
202400027959,9.5,5.63
202400027968,5.9,7.43
202400027969,7.26,3.95
202400027980,3.99,27.0
202400027983,8.1,29.77
202400028065,5.74,5.45
202400028126,7.24,15.61
202400028144,3.1,21.03
202400028173,6.78,16.91
202400028176,11.1,26.34
202400028178,5.19,7.48
202400028183,6.32,4.27
202400028272,7.74,14.03
202400028275,13.71,15.46
202400028295,1.33,27.44
202400028298,6.01,29.81
202400028367,8.85,21.73
202400028370,5.24,8.92
202400028397,4.95,6.44
202400028398,2.86,16.02
202400028414,9.06,10.18
202400028417,9.22,6.82
202400028438,10.09,31.48
202400028458,5.64,16.05
202400028505,7.06,5.51
202400028512,4.86,6.52
202400028513,8.28,7.1
202400028518,5.71,6.75
202400028567,3.08,18.29
202400028582,4.56,6.43
202400028651,6.94,5.81
202400028655,7.25,8.12
202400028690,3.12,5.63
202400028692,4.7,4.4
202400028694,5.94,2.01
202400028696,7.0,7.67
202400028699,5.97,8.64
202400028709,10.92,8.05
202400028711,5.13,2.1
202400028713,5.32,11.18
202400028716,10.04,22.04
202400028718,4.9,6.66
202400028722,5.44,2.81
202400028728,6.59,15.32
202400028730,9.69,26.44
202400028733,6.0,14.06
202400028750,14.77,31.58
202400028755,7.28,26.65
202400028816,6.62,18.47
202400028819,7.43,2.3
202400028825,2.33,20.5
202400028844,4.73,22.58
202400028934,4.27,4.08
202400028936,7.76,8.23
202400028956,8.14,5.28
202400028957,5.39,5.2
202400028958,4.5,6.18
202400028960,2.54,5.69
202400029032,8.69,2.54
202400029061,2.9,25.43
202400029063,6.94,21.29
202400029077,10.0,7.18
202400029151,8.7,5.79
202400029153,5.37,5.75
202400029169,9.78,7.24
202400029171,6.05,9.1
202400029173,7.76,4.91
202400029210,9.23,5.24
202400029298,4.6,21.3
202400029310,6.46,13.98
202400029330,16.62,20.4
202400029419,11.42,10.13
202400029435,4.23,6.1
202400029462,7.52,6.84
202400029469,5.27,5.55
202400029483,3.89,23.04
202400029539,7.22,18.33
202400029619,4.09,5.75
202400029621,9.52,9.34
202400029624,7.2,9.45
202400029677,7.41,8.65
202400029693,11.31,11.13
202400029759,9.62,5.62
202400029820,7.98,10.28
202400029849,6.06,24.36
202400029858,7.18,24.76
202400029884,9.33,20.2
202400029930,11.6,18.86
202400029947,3.22,17.62
202400029951,10.83,11.95
202400029978,7.7,21.51
202400030007,2.32,15.72
202400030035,14.15,17.4
202400030114,8.49,10.79
202400030131,9.24,10.24
202400030135,6.62,13.01
202400030147,7.85,3.59
202400030149,6.95,5.27
202400030234,8.17,4.95
202400030236,8.02,4.28
202400030254,8.81,7.6
202400030256,8.38,6.47
202400030262,7.83,9.9
202400030264,5.09,4.82
202400030269,7.84,7.64
202400030271,6.76,3.17
202400030273,8.09,7.89
202400030340,3.07,23.47
202400030341,6.76,20.43
202400030370,9.21,14.98
202400030444,4.03,7.25
202400030490,6.96,16.25
202400030509,3.82,18.06
202400030510,9.19,11.65
202400030511,8.57,16.41
202400030577,16.44,18.75
202400030578,10.71,28.42
202400030607,3.9,27.49
202400030608,8.26,22.5
202400030610,14.88,17.1
202400030612,5.15,4.66
202400030675,14.43,16.18
202400030677,5.25,2.91
202400030728,7.26,5.01
202400030751,6.76,4.13
202400030754,6.0,7.51
202400030767,6.62,4.44
202400030769,6.36,8.43
202400030780,6.48,4.78
202400030782,10.11,6.61
202400030813,4.74,33.54
202400030834,8.47,6.63
202400030835,2.75,28.77
202400030870,8.28,42.59
202400030886,3.49,7.45
202400030961,8.97,20.46
202400030968,4.83,29.6
202400030991,4.8,5.88
202400030996,5.68,10.11
202400031027,6.33,24.0
202400031091,10.06,10.78
202400031092,6.31,6.78
202400031093,2.79,7.52
202400031096,4.32,10.16
202400031133,9.63,17.46
202400031177,6.85,3.19
202400031179,8.44,5.01
202400031204,1.98,17.19
202400031290,9.97,8.76
202400031300,11.24,8.37
202400031302,2.98,8.27
202400031303,6.76,8.0
202400031305,5.29,5.57
202400031328,10.98,21.31
202400031343,6.53,14.06
202400031351,8.22,6.63
202400031355,4.73,7.23
202400031363,3.92,10.46
202400031365,7.67,7.45
202400031369,7.88,8.39
202400031374,6.4,5.36
202400031375,4.22,10.9
202400031379,4.21,9.74
202400031441,4.52,22.1
202400031490,3.59,5.27
202400031531,1.88,14.28
202400031536,7.98,11.27
202400031541,8.52,10.98
202400031549,7.34,16.49
202400031552,6.95,26.32
202400031634,2.97,16.45
202400031639,5.94,2.56
202400031643,8.01,2.84
202400031654,1.6,87.7
202400031679,8.27,10.07
202400031682,5.99,4.94
202400031688,7.24,3.97
202400031691,9.18,9.51
202400031694,8.74,8.46
202400031702,7.61,6.42
202400031718,9.77,21.74
202400031782,13.63,12.81
202400031788,4.98,20.22
202400031826,2.22,7.66
202400031830,6.89,6.24
202400031866,6.32,9.22
202400031881,18.3,21.4
202400031885,4.56,21.21
202400031888,6.62,7.33
202400031895,5.18,5.69
202400031899,4.08,4.51
202400031918,3.03,8.9
202400031922,6.42,4.92
202400031945,4.13,12.22
202400032094,6.44,5.04
202400032101,8.23,7.38
202400032103,8.38,5.51
202400032105,5.5,5.31
202400032129,9.04,6.17
202400032130,5.34,6.27
202400032132,6.98,7.49
202400032135,3.63,3.42
202400032237,6.46,21.67
202400032253,10.67,19.98
202400032265,6.33,28.18
202400032293,4.95,5.06
202400032368,8.35,7.54
202400032369,2.78,7.65
202400032370,5.52,8.66
202400032371,2.91,8.11
202400032392,6.86,7.31
202400032393,5.3,2.91
202400032394,8.12,8.57
202400032400,5.67,5.84
202400032456,2.42,27.54
202400032499,12.42,21.37
202400032500,4.92,8.7
202400032534,16.94,33.39
202400032599,3.94,14.18
202400032601,9.3,15.08
202400032624,5.73,10.89
202400032626,9.22,27.33
202400032662,9.13,5.14
202400032728,3.83,27.91
202400032731,8.83,8.54
202400032734,8.37,13.92
202400032794,2.33,33.34
202400032824,9.44,5.89
202400032831,11.0,34.17
202400032880,7.39,4.83
202400032927,6.18,4.48
202400032954,5.5,8.36
202400033031,7.85,13.38
202400033035,7.48,24.28
202400033036,9.51,28.41
202400033037,0.5,22.57
202400033038,14.7,23.78
202400033067,4.8,15.89
202400033083,10.47,12.44
202400033302,12.07,19.5
202400033319,8.96,13.15
202400033323,18.95,23.94
202400033326,9.52,7.24
202400033360,8.33,30.88
202400033363,6.78,25.3
202400033378,2.94,9.21
202400033380,5.13,7.42
202400033409,3.94,4.15
202400033413,9.12,8.87
202400033480,4.16,31.64
202400033484,7.27,27.5
202400033515,1.23,27.34
202400033634,8.69,15.72
202400033636,2.25,30.9
202400033638,11.37,28.96
202400033640,8.53,15.49
202400033642,4.53,9.85
202400033705,8.6,8.29
202400033737,4.9,4.95
202400033743,4.21,5.14
202400033758,6.33,19.48
202400033802,8.05,4.31
202400033834,7.07,7.46
202400033840,7.74,6.55
202400033859,6.48,4.78
202400033860,8.09,31.55
202400033863,6.14,7.06
202400033906,7.81,4.92
202400033940,7.1,12.22
202400034006,3.28,27.03
202400034026,7.25,4.52
202400034029,6.6,8.85
202400034031,6.47,10.58
202400034063,5.03,3.99
202400034066,8.75,5.88
202400034071,6.79,9.07
202400034105,8.16,8.97
202400034141,6.93,11.92
202400034172,16.03,19.97
202400034188,7.56,9.63
202400034231,8.75,6.2
202400034233,5.92,6.4
202400034234,6.42,5.05
202400034236,8.78,6.5
202400034249,9.04,6.36
202400034262,6.69,4.28
202400034264,3.26,4.81
202400034283,10.5,8.22
202400034287,3.08,6.25
202400034348,4.78,8.74
202400034360,7.05,16.85
202400034364,1.97,31.22
202400034366,8.4,27.23
202400034414,4.51,4.36
202400034421,8.39,7.88
202400034462,9.27,9.08
202400034523,7.29,1.97
202400034527,5.12,12.59
202400034537,1.82,22.32
202400034564,6.18,5.96
202400034567,7.76,6.28
202400034575,4.69,7.58
202400034577,3.96,4.14
202400034602,5.99,17.94
202400034646,7.72,9.49
202400034653,12.88,15.0
202400034656,3.24,26.66
202400034682,6.48,25.42
202400034773,7.61,13.39
202400034775,6.53,6.47
202400034805,6.3,7.74
202400034837,4.6,10.94
202400034839,4.89,7.39
202400034855,4.74,4.4
202400034857,7.01,8.01
202400034863,6.68,9.72
202400034866,3.68,4.78
202400034913,5.09,9.8
202400034946,12.07,24.04
202400034947,4.59,10.02
202400034956,10.58,10.58
202400034957,4.92,26.28
202400034958,10.08,6.29
202400034980,7.66,18.14
202400035058,5.26,15.26
202400035092,12.64,15.69
202400035180,7.2,19.47
202400035214,2.27,1.86
202400035320,4.26,6.28
202400035375,3.1,7.06
202400035376,7.8,10.06
202400035408,6.99,7.66
202400035415,5.96,11.33
202400035474,7.8,15.68
202400035495,2.57,24.24
202400035497,8.89,4.89
202400035526,5.49,11.52
202400035532,7.78,8.23
202400035568,9.74,9.55
202400035571,4.61,18.87
202400035582,11.85,15.5
202400035621,10.84,44.22
202400035625,6.16,15.12
202400035626,4.92,22.72
202400035649,4.04,9.57
202400035674,10.87,16.27
202400035682,16.62,19.2
202400035766,7.72,9.49
202400035855,6.58,18.61
202400035857,10.62,20.36
202400035860,9.22,7.8
202400035898,6.95,5.56
202400035900,5.3,11.1
202400035923,8.26,8.73
202400035938,1.59,14.21
202400035940,7.23,21.62
202400036012,17.32,32.22
202400036013,3.06,17.33
202400036018,8.44,10.0
202400036079,4.18,5.46
202400036087,6.58,26.53
202400036114,2.94,10.85
202400036135,2.51,2.48
202400036141,7.18,7.8
202400036196,6.38,6.32
202400036213,16.81,19.36
202400036215,2.39,10.97
202400036216,4.12,6.87
202400036219,4.17,4.78
202400036222,8.84,14.85
202400036237,5.54,6.16
202400036247,10.12,25.69
202400036252,12.29,29.7
202400036256,12.16,7.29
202400036276,3.61,4.48
202400036278,8.67,26.73
202400036330,5.42,6.12
202400036331,7.31,6.08
202400036333,5.69,8.91
202400036363,15.19,15.99
202400036365,5.32,4.97
202400036366,9.22,5.99
202400036372,5.83,6.6
202400036375,2.36,10.86
202400036399,5.44,7.58
202400036520,9.65,18.63
202400036535,4.91,13.48
202400036539,6.12,27.99
202400036564,3.66,2.41
202400036571,4.41,18.73
202400036580,4.27,4.6
202400036588,4.04,4.34
202400036606,9.36,11.65
202400036611,3.0,36.13
202400036634,10.03,7.49
202400036637,3.01,7.72
202400036675,8.9,7.06
202400036678,6.88,9.39
202400036680,4.12,6.08
202400036687,9.03,22.78
202400036723,7.43,7.18
202400036795,3.66,16.64
202400036825,1.15,23.64
202400036840,4.89,4.4
202400036861,4.19,8.46
202400036873,9.49,3.96
202400036982,11.28,25.67
202400036984,8.73,25.38
202400037040,5.49,14.18
202400037076,5.28,5.46
202400037080,6.18,8.58
202400037185,8.84,2.57
202400037196,7.19,5.75
202400037202,4.02,4.95
202400037233,5.93,14.22
202400037294,9.36,41.92
202400037298,2.28,25.77
202400037301,7.43,9.72
202400037307,1.71,4.02
202400037311,0.79,31.58
202400037319,3.48,7.2
202400037332,3.33,5.38
202400037489,9.52,6.88
202400037493,9.17,3.41
202400037600,10.89,27.67
202400037605,3.45,16.51
202400037609,10.53,27.93
202400037635,8.65,2.72
202400037643,9.72,23.56
202400037648,6.46,3.48
202400037652,10.79,8.47
202400037654,4.45,12.92
202400037659,8.45,29.05
202400037704,11.68,25.11
202400037794,3.48,16.24
202400037796,0.99,25.98
202400037904,5.82,3.49
202400037905,11.41,20.26
202400037930,6.55,2.22
202400037963,4.95,7.62
202400037965,4.12,8.27
202400037971,4.71,6.11
202400037973,3.96,4.14
202400037975,4.6,3.9
202400038024,6.78,2.9
202400038067,2.84,2.4
202400038089,3.91,27.02
202400038108,1.27,24.74
202400038137,3.65,23.94
202400038177,2.52,9.11
202400038180,8.7,20.42
202400038182,1.36,15.16
202400038205,6.65,5.52
202400038207,3.3,6.73
202400038209,9.42,22.98
202400038220,12.41,18.51
202400038228,8.39,3.03
202400038369,8.08,5.06
202400038372,5.16,8.29
202400038376,5.32,10.94
202400038389,5.67,7.34
202400038417,7.03,9.68
202400038420,4.5,5.04
202400038422,6.3,1.71
202400038423,7.74,10.25
202400038427,5.42,5.23
202400038441,8.24,4.84
202400038506,6.04,17.68
202400038515,1.46,25.39
202400038536,5.1,14.74
202400038539,5.15,25.26
202400038559,5.07,5.37
202400038562,6.11,7.05
202400038565,9.17,7.96
202400038577,4.01,4.08
202400038603,9.72,7.08
202400038626,9.2,13.42
202400038629,6.6,18.91
202400038651,5.99,7.97
202400038676,7.3,26.41
202400038826,6.75,3.03
202400038828,7.84,19.32
202400038829,5.71,8.64
202400038831,5.16,3.64
202400038842,7.37,8.31
202400038843,9.12,7.65
202400038901,2.4,19.1
202400038911,3.68,24.27
202400038912,4.88,27.73
202400038975,3.1,5.8
202400038979,6.14,7.06
202400038984,6.24,7.52
202400038999,6.43,7.02
202400039002,7.59,6.39
202400039011,11.88,9.02
202400039016,2.41,2.46
202400039020,3.47,3.76
202400039104,6.42,5.29
202400039110,8.38,14.48
202400039113,9.98,4.92
202400039117,4.52,6.93
202400039121,9.39,9.53
202400039124,11.27,30.19
202400039125,7.42,7.05
202400039129,7.65,9.64
202400039134,7.96,7.72
202400039138,3.2,5.7
202400039173,14.81,26.52
202400039179,9.29,12.35
202400039183,9.42,11.01
202400039192,3.94,2.97
202400039196,4.78,4.83
202400039254,5.28,5.5
202400039270,7.67,5.98
202400039275,5.76,6.09
202400039278,4.14,28.01
202400039280,10.34,7.47
202400039282,5.0,27.24
202400039285,7.45,3.76
202400039290,11.25,9.02
202400039292,5.8,3.17
202400039297,4.66,6.06
202400039302,6.89,6.63
202400039306,5.08,5.36
202400039409,6.72,21.62
202400039458,10.53,1.47
202400039502,8.67,27.04
202400039504,1.24,36.53
202400039511,4.8,14.16
202400039519,2.89,28.86
202400039559,4.99,29.36
202400039567,2.84,19.76
202400039584,12.02,13.44
202400039620,5.9,16.86
202400039640,9.72,28.59
202400039643,14.58,16.02
202400039718,6.42,8.71
202400039733,6.12,38.58
202400039861,6.33,13.81
202400039871,4.33,5.64
202400039901,8.96,6.32
202400039905,7.78,10.08
202400039931,11.79,9.51
202400039934,8.14,4.54
202400039936,3.34,7.6
202400040017,6.79,13.94
202400040020,4.22,13.17
202400040035,9.24,18.88
202400040039,11.16,11.96
202400040104,10.93,14.34
202400040142,7.18,23.91
202400040144,9.83,15.78
202400040152,5.75,15.84
202400040242,5.86,5.66
202400040314,7.52,15.88
202400040321,13.97,41.92
202400040337,8.2,10.08
202400040348,9.95,21.24
202400040356,8.55,15.81
202400040371,14.85,19.68
202400040373,0.7,11.69
202400040401,8.94,13.91
202400040418,2.68,4.55
202400040431,7.23,4.15
202400040436,2.51,25.46
202400040439,4.56,5.7
202400040445,12.08,27.82
202400040452,1.07,2.43
202400040546,12.6,12.09
202400040549,12.66,27.5
202400040606,15.08,9.98
202400040620,6.54,8.47
202400040667,5.1,4.24
202400040716,5.76,4.58
202400040721,13.03,23.16
202400040724,5.6,9.25
202400040725,2.87,26.03
202400040731,8.17,7.07
202400040732,1.38,2.58
202400040734,14.88,24.53
202400040736,20.73,15.87
202400040738,10.93,26.11
202400040740,5.64,28.07
202400040742,7.54,4.54
202400040744,11.4,12.16
202400040753,2.2,22.86
202400040846,6.97,9.89
202400040853,3.62,3.91
202400040854,2.69,7.98
202400040855,3.64,1.87
202400040856,5.46,6.05
202400040857,5.05,6.57
202400040929,5.47,6.9
202400040953,6.51,5.38
202400040978,10.97,22.04
202400040981,10.05,17.43
202400040983,5.1,9.48
202400040998,6.74,3.87
202400041000,4.22,5.75
202400041002,8.14,4.54
202400041005,9.74,9.6
202400041010,5.32,11.18
202400041170,9.82,9.63
202400041176,5.82,8.24
202400041178,0.27,6.84
202400041182,4.84,4.89
202400041231,8.11,5.3
202400041247,3.94,16.33
202400041271,4.62,7.04
202400041273,1.17,15.65
202400041300,9.75,12.05
202400041348,3.97,18.92
202400041373,6.8,19.04
202400041381,0.22,31.43
202400041420,4.72,4.69
202400041423,7.21,16.02
202400041441,14.14,22.36
202400041453,9.27,23.43
202400041518,7.52,19.7
202400041546,6.07,13.87
202400041548,8.79,10.3
202400041550,6.69,22.71
202400041570,5.73,6.15
202400041571,2.58,5.13
202400041575,4.26,7.89
202400041613,9.31,7.61
202400041657,11.19,11.6
202400041692,9.67,7.4
202400041719,4.49,25.85
202400041824,9.69,13.08
202400041898,11.94,95.58
202400041901,14.81,41.3
202400041929,12.97,36.94
202400041944,3.28,4.2
202400041984,10.51,15.5
202400042020,8.21,7.11
202400042022,7.65,8.56
202400042024,5.18,4.68
202400042053,5.9,7.89
202400042105,7.55,10.49
202400042125,2.1,2.42
202400042137,7.86,29.43
202400042165,1.83,24.22
202400042167,5.83,13.99
202400042178,5.36,32.01
202400042180,10.36,18.64
202400042204,5.12,24.04
202400042211,4.4,21.68
202400042262,5.43,14.02
202400042264,9.53,16.77
202400042375,3.34,14.82
202400042398,5.89,4.6
202400042483,8.44,20.27
202400042499,7.77,30.56
202400042502,7.54,9.11
202400042506,7.4,13.16
202400042533,1.06,11.53
202400042547,13.1,13.99
202400042551,6.2,17.2
202400042592,6.68,30.93
202400042595,9.91,14.09
202400042633,3.54,18.04
202400042699,5.59,7.98
202400042701,6.63,6.97
202400042760,11.72,8.71
202400042820,10.44,21.8
202400042821,6.15,26.23
202400042882,2.98,4.12
202400042936,8.21,17.78
202400042940,4.79,8.01
202400042945,6.25,26.46
202400042970,3.83,4.74
202400043079,4.53,3.48
202400043097,3.94,7.34
202400043134,5.7,10.92
202400043159,9.09,21.97
202400043167,6.17,3.54
202400043210,10.42,94.42
202400043216,7.31,9.8
202400043290,9.18,7.57
202400043318,2.66,6.0
202400043332,6.17,4.1
202400043380,9.49,6.5
202400043388,7.52,7.96
202400043390,5.84,2.85
202400043419,2.85,8.71
202400043421,4.84,19.77
202400043423,4.07,5.36
202400043429,5.96,6.34
202400043439,8.57,6.88
202400043465,10.09,9.58
202400043470,8.54,13.76
202400043521,15.59,21.26
202400043636,4.38,8.06
202400043652,9.55,20.56
202400043656,3.77,2.93
202400043664,1.46,48.9
202400043690,6.94,3.87
202400043693,2.98,2.72
202400043702,4.74,4.46
202400043707,7.44,7.95
202400043711,5.31,5.82
202400043803,9.38,11.19
202400043824,0.85,17.88
202400043852,4.74,4.85
202400043909,9.47,6.6
202400043912,6.24,6.05
202400043915,0.74,6.32
202400043940,5.97,27.97
202400043966,5.76,10.16
202400043968,6.3,36.19
202400043972,7.41,18.47
202400044031,10.36,23.23
202400044038,7.42,18.96
202400044045,10.49,18.4
202400044064,7.86,19.41
202400044092,9.7,36.2
202400044138,8.32,4.59
202400044170,8.74,9.41
202400044176,9.37,9.62
202400044180,2.48,7.34
202400044298,8.85,25.95
202400044404,2.78,7.65
202400044406,8.75,17.6
202400044413,5.58,8.8
202400044451,8.24,9.1
202400044452,7.06,4.81
202400044470,6.11,4.42
202400044473,6.99,6.77
202400044478,6.88,7.5
202400044628,9.17,15.15
202400044640,8.4,5.85
202400044642,3.78,16.58
202400044645,12.82,24.13
202400044677,6.52,5.48
202400044689,8.59,10.08
202400044691,7.18,6.81
202400044722,2.49,3.66
202400044731,4.78,6.44
202400044732,13.11,14.36
202400044734,4.3,4.32
202400044735,9.16,15.3
202400044808,1.27,15.62
202400044821,6.98,21.66
202400044857,9.44,8.16
202400044865,2.7,27.92
202400044871,5.06,5.68
202400044924,9.51,18.4
202400045053,3.66,27.97
202400045056,9.75,26.8
202400045062,7.42,29.37
202400045108,3.96,27.57
202400045125,3.84,9.59
202400045162,6.42,6.0
202400045173,2.45,52.63
202400045176,3.4,5.17
202400045190,9.58,31.58
202400045237,4.32,13.95
202400045256,6.32,6.86
202400045269,3.85,5.72
202400045313,3.61,82.67
202400045326,4.31,27.36
202400045329,2.32,17.22
202400045348,13.34,30.96
202400045493,3.68,6.47
202400045499,7.58,4.9
202400045580,1.17,4.0
202400045605,9.03,11.3
202400045613,6.44,7.06
202400045622,0.48,26.31
202400045627,7.21,2.36
202400045659,4.56,7.62
202400045669,7.68,4.61
202400045694,0.6,2.65
202400045710,3.36,24.0
202400045802,5.25,2.76
202400045853,10.61,12.74
202400045856,5.78,15.85
202400045857,11.62,21.92
202400045885,4.68,19.66
202400045894,6.34,10.1
202400045897,6.34,26.01
202400045917,0.38,31.48
202400045924,7.14,16.82
202400045942,1.48,19.68
202400045949,14.3,11.89
202400045977,9.32,9.12
202400045980,3.96,15.61
202400045990,9.11,8.78
202400046086,4.07,6.54
202400046090,4.28,18.49
202400046097,5.31,7.6
202400046103,3.36,32.84
202400046205,5.95,8.68
202400046271,8.33,4.33
202400046283,2.22,10.75
202400046327,8.75,8.56
202400046336,11.0,20.75
202400046343,4.22,24.48
202400046420,2.71,9.94
202400046446,9.25,20.45
202400046468,12.05,8.26
202400046470,4.38,19.2
202400046472,8.38,13.67
202400046531,3.06,5.9
202400046578,4.38,8.53
202400046591,10.18,9.99
202400046592,6.78,7.11
202400046664,5.96,33.42
202400046673,17.42,20.13
202400046707,3.81,5.78
202400046737,3.96,13.28
202400046744,3.04,6.76
202400046753,7.43,8.06
202400046814,6.51,7.84
202400046887,1.64,2.11
202400046909,3.34,23.35
202400046912,1.75,14.89
202400046913,3.34,23.04
202400046922,11.89,26.45
202400046924,8.06,22.88
202400046929,3.38,14.84
202400046952,2.14,20.7
202400046967,4.07,6.57
202400046969,5.68,4.28
202400047003,2.79,3.98
202400047076,10.53,15.18
202400047090,7.08,7.73
202400047093,3.26,4.58
202400047165,5.77,4.56
202400047184,2.3,14.37
202400047185,5.69,6.99
202400047201,2.5,8.18
202400047257,1.62,19.92
202400047260,4.42,20.72
202400047268,9.73,11.5
202400047317,5.24,27.36
202400047322,10.57,10.85
202400047327,3.93,10.88
202400047409,7.1,9.87
202400047411,3.97,38.3
202400047412,8.65,16.63
202400047417,7.39,7.16
202400047420,5.89,7.74
202400047422,5.91,8.71
202400047423,5.35,18.82
202400047431,2.98,11.72
202400047441,6.3,16.29
202400047483,7.83,4.85
202400047491,3.98,3.21
202400047502,6.24,10.8
202400047549,3.51,7.56
202400047565,11.48,32.22
202400047595,4.38,7.04
202400047601,12.26,14.67
202400047602,5.77,5.46
202400047627,5.65,9.19
202400047635,7.06,5.87
202400047639,1.6,3.91
202400047677,3.79,3.18
202400047679,8.6,5.61
202400047685,4.45,4.74
202400047691,2.46,23.12
202400047758,13.02,26.31
202400047763,7.64,9.21
202400047850,8.08,6.39
202400047869,9.15,9.77
202400047916,7.51,3.88
202400047921,7.03,4.34
202400047934,9.03,12.13
202400047936,3.63,24.28
202400047953,7.77,6.67
202400047980,9.92,18.99
202400047987,5.76,6.09
202400048009,6.39,34.45
202400048036,3.88,4.69
202400048059,2.47,20.64
202400048065,7.2,27.64
202400048070,8.77,30.44
202400048076,3.42,3.2
202400048100,6.37,14.92
202400048187,3.8,10.17
202400048190,5.09,3.64
202400048198,6.02,12.62
202400048205,7.52,22.08
202400048225,4.38,23.03
202400048228,8.05,13.08
202400048237,0.89,16.6
202400048243,4.78,10.54
202400048245,8.04,16.11
202400048422,4.06,5.15
202400048426,1.7,23.57
202400048443,5.21,12.5
202400048469,5.54,8.2
202400048473,7.38,8.7
202400048489,4.04,9.92
202400048498,5.97,8.02
202400048519,3.96,4.14
202400048522,6.32,5.8
202400048585,4.76,27.17
202400048587,4.55,19.17
202400048588,5.37,18.68
202400048598,5.68,5.17
202400048599,3.6,14.29
202400048674,1.4,16.56
202400048715,5.94,8.24
202400048786,4.57,15.24
202400048860,2.02,11.67
202400048910,10.3,6.3
202400048918,5.42,4.83
202400048931,8.83,4.83
202400048949,7.12,7.45
202400048953,4.76,4.81
202400048973,6.48,6.31
202400048978,3.03,10.49
202400049013,6.66,7.96
202400049028,6.6,8.9
202400049031,3.11,4.55
202400049038,5.56,8.06
202400049045,5.67,5.32
202400049055,12.58,34.14
202400049057,6.96,6.31
202400049068,9.32,4.63
202400049077,3.13,1.0
202400049102,2.21,21.68
202400049103,6.18,4.32
202400049132,8.79,10.66
202400049140,5.05,9.5
202400049207,8.2,4.94
202400049211,7.4,9.19
202400049212,5.88,9.09
202400049219,4.23,6.9
202400049221,3.4,7.23
202400049222,6.46,9.67
202400049227,5.83,17.3
202400049295,3.04,20.14
202400049306,6.98,20.04
202400049323,3.49,7.06
202400049331,3.08,3.31
202400049358,2.22,20.9
202400049362,2.19,20.72
202400049366,3.41,18.37
202400049376,6.56,17.06
202400049398,8.7,23.65
202400049402,5.46,6.05
202400049404,4.23,26.66
202400049406,8.35,29.28
202400049416,4.6,19.59
202400049488,1.97,27.74
202400049497,4.49,14.77
202400049542,4.86,2.37
202400049576,3.29,19.58
202400049580,3.21,31.8
202400049589,3.77,27.5
202400049596,7.76,13.1
202400049604,6.55,14.96
202400049642,12.91,27.33
202400049648,1.32,27.35
202400049653,2.28,17.07
202400049685,6.49,11.67
202400049686,7.72,10.02
202400049712,1.31,9.98
202400049794,1.69,26.49
202400049803,5.81,9.44
202400049829,6.08,8.88
202400049844,11.52,8.65
202400049848,3.68,6.08
202400049893,4.3,6.27
202400049899,4.13,7.34
202400049902,8.16,17.99
202400049996,2.7,33.74
202400050065,5.06,4.86
202400050072,5.97,8.78
202400050092,11.96,27.51
202400050133,10.09,8.8
202400050146,4.83,13.32
202400050159,4.11,4.56
202400050175,8.23,10.48
202400050184,1.87,4.17
202400050210,7.27,12.21
202400050227,4.76,4.45
202400050233,2.91,28.73
202400050239,5.42,4.92
202400050248,4.32,7.66
202400050256,5.84,5.42
202400050295,5.04,23.54
202400050361,5.45,21.82
202400050434,1.54,6.02
202400050440,3.37,5.19
202400050507,7.26,7.81
202400050515,5.11,7.62
202400050516,5.0,10.19
202400050517,6.84,5.4
202400050522,12.15,10.68
202400050523,2.41,4.59
202400050524,4.78,5.91
202400050536,7.94,5.91
202400050579,8.46,4.06
202400050582,3.05,2.68
202400050583,6.82,5.69
202400050585,4.82,5.0
202400050588,3.38,2.72
202400050601,9.38,7.79
202400050620,3.61,3.9
202400050772,5.74,12.8
202400050780,3.2,23.48
202400050881,12.93,8.22
202400050889,8.08,15.37
202400050890,4.13,28.04
202400050894,11.27,14.94
202400050943,2.85,17.18
202400050950,2.0,33.45
202400050952,6.26,30.54
202400051171,8.58,14.37
202400051181,6.26,6.98
202400051188,4.69,7.71
202400051195,6.9,8.91
202400051196,12.75,31.38
202400051220,5.53,7.1
202400051281,2.1,26.03
202400051292,10.03,12.33
202400051309,14.82,24.4
202400051327,8.07,17.02
202400051362,7.89,4.74
202400051368,3.66,5.19
202400051372,11.79,13.21
202400051375,10.23,7.37
202400051389,3.78,4.07
202400051404,3.39,3.68
202400051409,8.12,14.56
202400051412,6.86,27.6
202400051420,9.14,10.88
202400051422,6.52,11.57
202400051438,3.16,3.85
202400051446,7.02,7.64
202400051453,6.78,9.08
202400051463,7.35,4.37
202400051473,6.9,5.41
202400051515,7.78,13.98
202400051522,3.54,8.84
202400051524,6.65,19.08
202400051530,8.12,5.63
202400051534,5.18,4.98
202400051584,3.54,6.04
202400051595,7.31,8.24
202400051608,12.16,96.16
202400051611,8.72,4.15
202400051651,2.18,6.97
202400051663,3.62,3.91
202400051677,13.28,17.78
202400051682,5.9,4.2
202400051686,6.19,9.26
202400051747,8.01,8.34
202400051756,3.58,13.9
202400051757,5.23,1.97
202400051761,4.5,3.69
202400051769,13.55,32.42
202400051770,5.93,8.6
202400051771,3.28,3.45
202400051778,5.85,6.19
202400051814,10.27,22.69
202400051820,14.59,23.69
202400051827,3.64,5.21
202400051995,5.05,6.89
202400052002,6.55,9.33
202400052031,7.61,7.94
202400052034,6.39,5.34
202400052040,6.14,8.94
202400052073,7.6,20.65
202400052081,2.2,29.61
202400052106,7.55,13.41
202400052113,6.54,25.68
202400052117,3.95,13.06
202400052143,1.72,19.55
202400052292,6.54,9.62
202400052300,5.57,7.53
202400052303,7.88,8.33
202400052307,5.24,16.72
202400052308,4.51,7.08
202400052309,7.49,21.8
202400052337,12.92,30.43
202400052357,6.56,7.18
202400052364,3.9,7.16
202400052373,4.5,5.91
202400052408,6.07,8.88
202400052448,3.86,6.28
202400052505,9.18,12.22
202400052524,7.96,8.11
202400052534,6.99,9.85
202400052542,10.82,23.62
202400052568,9.29,27.08
202400052594,2.51,29.86
202400052614,2.34,6.56
202400052659,9.31,9.12
202400052693,5.65,5.37
202400052694,0.8,24.21
202400052701,4.52,4.81
202400052737,4.96,8.91
202400052911,6.17,7.69
202400052923,6.24,9.94
202400052924,11.08,18.14
202400052930,6.91,10.61
202400052932,7.65,17.21
202400052944,6.54,9.58
202400052976,4.3,9.32
202400053017,4.11,29.87
202400053024,3.69,3.66
202400053085,4.98,7.4
202400053109,1.0,17.84
202400053123,12.76,15.63
202400053159,15.91,42.4
202400053320,6.46,6.22
202400053325,10.89,26.12
202400053330,7.96,6.26
202400053331,7.09,10.3
202400053343,6.72,7.66
202400053353,7.5,4.43
202400053364,3.39,3.13
202400053372,1.33,3.64
202400053389,6.78,7.23
202400053397,9.01,7.8
202400053411,4.19,4.4
202400053442,12.74,10.65
202400053452,5.96,16.5
202400053454,8.88,6.61
202400053461,6.68,8.98
202400053464,9.54,5.92
202400053472,7.22,6.01
202400053474,7.88,4.61
202400053481,7.49,3.18
202400053487,5.27,6.7
202400053488,10.94,9.44
202400053490,2.95,8.9
202400053491,6.07,9.04
202400053497,5.53,8.35
202400053499,3.16,9.11
202400053525,6.74,3.87
202400053542,3.47,7.96
202400053589,12.4,26.2
202400053616,5.39,4.8
202400053633,11.72,12.92
202400053728,6.44,14.15
202400053864,5.6,3.31
202400053873,5.19,13.43
202400053940,5.24,7.32
202400053960,9.3,12.48
202400053970,12.25,14.54
202400054000,5.63,17.07
202400054039,11.4,20.35
202400054045,7.95,4.22
202400054048,19.02,13.39
202400054050,7.96,6.62
202400054055,9.28,25.66
202400054056,6.47,6.04
202400054065,5.58,6.52
202400054066,11.24,24.67
202400054070,5.94,9.16
202400054085,10.12,7.11
202400054098,1.77,18.61
202400054106,10.74,32.92
202400054173,6.91,3.34
202400054174,5.06,5.38
202400054214,3.11,24.0
202400054220,6.9,31.9
202400054226,0.97,21.07
202400054234,9.32,11.26
202400054252,9.12,6.25
202400054258,11.88,9.02
202400054352,7.56,2.36
202400054400,2.0,11.64
