Num_Acc,nearest_pompiers_min_osrm,nearest_sau_min_osrm
202200000005,3.44,5.62
202200000006,4.8,4.08
202200000007,1.42,13.41
202200000012,5.18,5.58
202200000110,3.26,6.45
202200000111,11.25,21.25
202200000123,11.96,10.94
202200000177,9.32,8.18
202200000178,4.2,2.49
202200000179,2.16,4.14
202200000180,3.22,5.96
202200000231,1.09,26.95
202200000245,4.39,11.06
202200000258,7.38,13.13
202200000280,10.89,19.0
202200000298,3.77,8.1
202200000300,6.42,9.96
202200000302,4.81,11.87
202200000304,6.71,11.71
202200000306,2.76,5.69
202200000356,4.43,6.95
202200000357,5.63,5.06
202200000382,1.63,2.17
202200000383,2.97,5.16
202200000384,4.56,9.01
202200000385,1.86,4.59
202200000386,4.49,7.07
202200000433,2.27,8.43
202200000434,5.29,10.78
202200000437,10.24,10.82
202200000447,2.52,20.43
202200000485,0.84,11.58
202200000508,10.76,12.02
202200000526,11.39,16.43
202200000529,5.71,32.39
202200000532,5.95,8.18
202200000535,2.75,11.23
202200000543,3.54,15.49
202200000544,6.94,12.72
202200000547,2.48,18.98
202200000552,3.82,17.57
202200000570,5.95,14.76
202200000583,4.07,4.9
202200000586,9.67,13.2
202200000588,5.93,10.93
202200000591,4.87,9.58
202200000594,4.01,4.83
202200000597,4.73,8.13
202200000600,12.28,10.54
202200000607,1.07,14.81
202200000610,5.26,9.97
202200000636,12.33,35.8
202200000640,7.04,15.95
202200000642,5.69,10.42
202200000646,9.5,12.21
202200000650,8.14,7.87
202200000653,6.23,18.75
202200000654,5.14,8.12
202200000657,1.54,14.52
202200000673,2.87,11.0
202200000681,5.33,8.62
202200000692,6.44,14.58
202200000694,3.49,7.04
202200000696,3.33,4.2
202200000794,6.61,10.22
202200000796,3.81,6.64
202200000800,3.41,4.4
202200000802,2.85,5.58
202200000805,2.34,4.51
202200000807,4.42,5.35
202200000821,3.6,21.64
202200000898,5.2,4.18
202200000900,10.3,9.17
202200000902,7.06,8.75
202200000905,7.95,7.88
202200000907,9.28,15.55
202200000908,1.49,21.69
202200000955,0.97,6.22
202200000956,7.1,8.49
202200001001,6.13,15.11
202200001019,10.26,13.39
202200001026,6.1,2.82
202200001037,5.27,9.97
202200001038,7.56,14.82
202200001039,3.35,5.33
202200001062,1.93,9.73
202200001088,1.3,2.26
202200001089,4.0,2.89
202200001092,1.39,6.52
202200001093,6.02,8.57
202200001119,4.24,3.21
202200001120,2.68,6.11
202200001122,2.96,4.38
202200001124,0.77,7.96
202200001125,2.67,2.88
202200001181,1.75,2.14
202200001182,0.68,6.63
202200001183,4.85,11.94
202200001184,3.78,2.29
202200001185,2.81,6.31
202200001186,3.04,12.06
202200001187,11.51,9.22
202200001188,6.69,5.22
202200001240,7.78,40.3
202200001278,3.4,4.08
202200001279,4.83,9.14
202200001280,4.12,3.91
202200001281,2.73,8.32
202200001282,7.09,6.74
202200001283,2.08,0.96
202200001284,4.79,5.2
202200001285,2.05,23.1
202200001308,6.19,8.48
202200001323,5.04,20.94
202200001329,1.74,18.69
202200001330,7.18,13.28
202200001337,5.65,15.97
202200001342,5.94,4.26
202200001343,3.04,15.15
202200001379,9.04,5.94
202200001406,2.74,3.74
202200001407,2.4,5.12
202200001408,3.51,6.28
202200001409,4.25,6.82
202200001410,1.78,4.35
202200001411,4.24,8.67
202200001434,6.03,17.32
202200001450,6.18,22.0
202200001472,2.76,7.47
202200001474,5.4,10.41
202200001503,5.34,5.98
202200001504,3.51,2.9
202200001505,4.39,5.5
202200001556,4.14,9.39
202200001557,2.98,8.36
202200001558,3.85,5.79
202200001559,2.8,2.06
202200001560,3.61,5.53
202200001563,2.55,5.52
202200001564,7.28,12.38
202200001592,4.88,4.25
202200001598,5.16,19.79
202200001651,6.69,13.46
202200001653,1.45,1.45
202200001680,3.59,15.66
202200001698,4.11,8.75
202200001699,5.22,8.15
202200001701,8.83,12.21
202200001707,8.24,13.24
202200001710,5.66,9.82
202200001713,5.5,11.42
202200001741,5.19,9.25
202200001751,8.51,10.64
202200001789,6.33,4.43
202200001790,10.22,16.68
202200001793,1.72,2.81
202200001794,2.98,4.1
202200001797,5.97,13.82
202200001798,4.34,4.98
202200001828,2.95,7.64
202200001874,5.07,13.5
202200001878,4.09,3.88
202200001936,6.03,12.2
202200001938,2.08,3.5
202200001941,4.24,7.05
202200001944,3.33,6.31
202200001947,3.72,2.55
202200001949,2.81,5.38
202200001952,2.82,8.05
202200001954,7.17,4.89
202200001956,0.82,1.81
202200001962,3.69,5.56
202200002018,6.0,6.76
202200002024,4.98,3.25
202200002084,8.08,21.53
202200002085,5.15,6.66
202200002086,3.86,17.31
202200002090,1.94,7.96
202200002161,5.87,6.12
202200002164,3.99,52.98
202200002169,3.22,28.58
202200002172,5.16,18.6
202200002190,4.63,3.96
202200002236,2.1,3.91
202200002237,5.97,7.23
202200002248,4.24,13.8
202200002258,7.22,14.84
202200002267,0.76,6.84
202200002269,7.23,15.23
202200002271,2.3,6.46
202200002308,1.21,4.64
202200002312,4.29,7.74
202200002316,3.24,5.65
202200002318,2.63,5.89
202200002320,2.39,3.64
202200002325,4.03,7.13
202200002336,7.04,6.45
202200002338,2.47,8.15
202200002340,3.83,4.99
202200002342,3.53,3.82
202200002345,5.91,5.23
202200002349,1.43,7.94
202200002355,3.47,5.31
202200002387,8.51,16.85
202200002391,3.84,15.67
202200002395,4.94,13.17
202200002398,5.49,14.08
202200002402,4.25,39.97
202200002405,16.52,43.89
202200002410,4.82,35.01
202200002414,10.95,13.16
202200002418,8.06,13.66
202200002422,3.06,15.12
202200002424,7.9,13.74
202200002426,7.9,28.36
202200002442,2.56,7.76
202200002522,8.79,7.65
202200002523,5.34,3.68
202200002524,5.16,6.22
202200002525,5.67,4.84
202200002526,4.07,5.51
202200002528,7.02,4.94
202200002529,0.95,6.65
202200002530,3.97,1.52
202200002531,1.66,2.69
202200002532,3.74,6.05
202200002533,4.33,5.86
202200002534,8.55,8.48
202200002549,3.72,23.78
202200002568,1.32,8.8
202200002573,3.28,28.52
202200002582,7.07,19.24
202200002586,2.62,8.4
202200002587,8.92,18.71
202200002622,8.0,7.01
202200002679,6.28,7.04
202200002680,3.26,2.44
202200002681,4.82,7.48
202200002682,3.6,2.77
202200002683,5.98,7.95
202200002684,2.96,3.89
202200002685,0.97,4.0
202200002687,8.97,6.76
202200002719,5.96,11.81
202200002721,6.29,16.89
202200002727,3.55,37.04
202200002730,3.3,16.08
202200002738,2.44,13.64
202200002749,0.77,18.69
202200002750,6.12,21.92
202200002751,5.18,16.39
202200002752,4.08,24.55
202200002753,16.57,17.5
202200002754,8.2,15.96
202200002773,4.44,7.63
202200002774,4.13,8.13
202200002775,6.55,10.09
202200002776,4.39,9.4
202200002794,1.49,6.23
202200002816,4.57,12.98
202200002854,7.0,5.86
202200002855,2.09,3.34
202200002856,5.84,8.86
202200002857,3.31,10.47
202200002858,2.28,4.07
202200002912,0.49,12.63
202200002914,2.72,7.1
202200002937,5.46,7.25
202200002938,9.23,8.4
202200002939,3.22,6.15
202200002962,8.69,5.46
202200002963,5.06,6.49
202200002964,4.75,8.06
202200002965,2.56,2.8
202200002990,3.23,3.14
202200002991,2.79,13.82
202200003079,3.29,22.98
202200003093,5.36,19.33
202200003108,5.43,6.3
202200003117,3.46,1.62
202200003131,9.05,15.92
202200003140,4.82,19.11
202200003166,7.37,12.7
202200003197,4.51,7.96
202200003221,3.5,3.29
202200003224,4.31,8.3
202200003285,6.93,11.31
202200003291,3.98,4.61
202200003292,3.23,34.89
202200003296,4.59,6.54
202200003297,2.88,4.83
202200003302,6.64,2.41
202200003305,4.43,5.07
202200003308,2.48,4.61
202200003309,4.07,4.71
202200003312,7.58,7.11
202200003314,3.82,3.1
202200003316,1.5,14.38
202200003319,2.06,21.2
202200003321,6.33,8.71
202200003324,6.39,10.54
202200003407,5.54,8.81
202200003429,2.62,17.81
202200003434,8.8,19.23
202200003453,1.6,1.59
202200003540,7.59,11.13
202200003543,3.66,6.56
202200003558,9.17,14.09
202200003566,3.68,2.85
202200003605,5.31,9.47
202200003647,2.71,9.04
202200003649,7.82,20.24
202200003653,2.9,12.87
202200003662,5.8,21.46
202200003666,8.19,14.28
202200003669,5.03,18.89
202200003676,8.09,2.02
202200003681,7.78,4.25
202200003745,3.9,4.44
202200003748,2.54,4.06
202200003750,5.1,2.86
202200003758,3.17,5.1
202200003763,1.35,10.68
202200003768,5.24,14.12
202200003829,4.74,6.12
202200003854,2.02,3.02
202200003858,2.98,5.35
202200003862,6.72,7.76
202200003925,5.18,3.96
202200003964,4.2,46.9
202200003970,1.49,13.16
202200003976,11.27,33.84
202200003980,2.85,10.24
202200003981,1.34,25.14
202200004000,1.72,12.46
202200004004,1.23,15.9
202200004007,6.0,5.41
202200004014,3.76,9.94
202200004019,4.64,3.99
202200004023,3.34,6.92
202200004027,7.16,6.76
202200004033,8.54,9.57
202200004037,4.36,4.94
202200004043,2.44,11.12
202200004048,3.14,4.17
202200004053,4.51,6.13
202200004058,1.74,6.2
202200004060,3.07,5.02
202200004061,5.37,5.6
202200004063,5.34,8.27
202200004064,3.82,4.1
202200004065,6.21,5.24
202200004068,3.78,4.68
202200004071,4.47,3.82
202200004073,14.15,10.04
202200004075,0.96,1.24
202200004109,3.8,5.9
202200004124,4.68,23.09
202200004134,3.36,17.4
202200004150,5.05,13.86
202200004151,4.12,14.44
202200004152,10.9,15.12
202200004167,3.01,36.87
202200004180,3.35,3.07
202200004187,4.12,8.76
202200004190,9.64,12.68
202200004247,0.35,4.65
202200004249,2.82,4.43
202200004250,1.74,9.12
202200004253,5.86,6.46
202200004276,7.14,9.52
202200004335,7.47,6.5
202200004336,3.32,3.39
202200004338,1.21,7.08
202200004339,1.3,11.07
202200004340,4.45,7.92
202200004342,4.16,4.72
202200004348,5.01,4.94
202200004350,2.8,5.14
202200004352,0.73,1.8
202200004354,3.37,3.17
202200004356,2.37,3.4
202200004357,2.62,21.74
202200004359,7.99,4.45
202200004360,4.42,6.63
202200004362,4.78,7.6
202200004368,6.5,10.04
202200004378,5.17,5.66
202200004426,1.74,21.14
202200004443,4.69,6.8
202200004445,3.17,15.41
202200004470,2.85,22.38
202200004474,15.43,28.71
202200004508,0.77,12.07
202200004542,3.64,1.92
202200004543,2.7,3.73
202200004611,4.81,8.21
202200004618,18.2,36.4
202200004619,5.94,11.48
202200004620,6.45,10.47
202200004644,3.82,12.42
202200004645,3.8,11.6
202200004682,4.18,4.75
202200004683,4.1,2.54
202200004684,3.68,6.93
202200004685,4.09,4.88
202200004688,2.92,3.2
202200004724,8.91,6.57
202200004775,20.68,32.85
202200004776,2.55,3.28
202200004779,4.47,6.42
202200004782,2.22,6.55
202200004784,2.38,4.61
202200004787,3.12,9.33
202200004790,4.71,5.97
202200004821,1.54,38.18
202200004854,4.11,4.08
202200004857,2.64,18.31
202200004862,4.33,5.36
202200004863,3.88,4.75
202200004865,11.72,10.7
202200004867,9.25,5.71
202200004938,3.63,4.48
202200004940,4.18,2.33
202200004943,10.84,10.68
202200004985,4.61,12.58
202200005008,6.17,13.19
202200005009,5.06,4.71
202200005068,6.1,20.99
202200005070,7.44,10.98
202200005073,6.19,15.55
202200005076,5.71,4.2
202200005106,5.15,9.85
202200005157,3.86,10.92
202200005162,3.47,5.68
202200005168,3.79,11.76
202200005183,2.81,5.63
202200005188,1.04,24.62
202200005190,7.43,5.7
202200005194,8.96,12.41
202200005202,1.93,2.87
202200005208,0.86,3.52
202200005211,8.75,10.55
202200005216,2.33,5.06
202200005219,1.0,3.73
202200005224,2.96,5.18
202200005227,1.94,3.74
202200005231,3.25,5.08
202200005235,1.66,4.39
202200005240,3.88,5.72
202200005244,2.81,5.54
202200005248,5.84,7.64
202200005253,1.49,2.48
202200005257,3.52,5.46
202200005260,4.39,4.29
202200005264,3.71,8.38
202200005269,4.68,10.06
202200005323,2.7,73.99
202200005350,4.65,21.45
202200005353,3.62,22.4
202200005356,7.34,5.01
202200005361,7.11,4.8
202200005365,4.6,7.73
202200005368,4.26,10.72
202200005375,7.05,3.77
202200005395,2.62,8.28
202200005400,2.75,3.48
202200005405,5.31,7.71
202200005407,3.5,6.23
202200005408,1.91,2.59
202200005411,2.56,3.5
202200005412,5.33,6.44
202200005414,2.75,3.08
202200005417,9.0,5.16
202200005419,5.24,9.4
202200005422,6.98,3.44
202200005424,6.71,12.77
202200005428,3.6,6.53
202200005432,4.58,6.85
202200005574,2.25,6.64
202200005617,8.57,7.44
202200005620,4.75,3.68
202200005625,1.38,3.2
202200005631,4.95,8.5
202200005634,6.94,8.89
202200005637,2.86,2.28
202200005640,6.67,6.72
202200005642,2.67,15.9
202200005643,4.7,5.96
202200005652,2.3,4.79
202200005656,2.2,3.46
202200005657,1.57,3.92
202200005658,12.67,30.24
202200005661,6.09,12.24
202200005662,9.2,14.13
202200005700,5.08,3.94
202200005703,3.74,4.37
202200005704,3.36,6.67
202200005710,4.81,6.8
202200005714,2.39,5.16
202200005803,16.1,31.79
202200005817,5.66,9.88
202200005820,1.86,3.8
202200005825,3.21,5.04
202200005828,3.28,5.23
202200005832,3.03,5.64
202200005836,3.79,10.84
202200005912,4.68,3.78
202200005914,2.95,8.74
202200005916,6.21,21.61
202200005917,3.92,11.88
202200005931,5.86,4.64
202200005932,4.46,8.66
202200005933,3.98,4.71
202200005934,4.33,2.31
202200005937,4.04,5.99
202200005939,3.62,6.13
202200005941,6.92,2.83
202200005942,4.94,7.51
202200005947,8.11,2.89
202200005974,5.25,21.37
202200005992,11.03,53.69
202200006036,12.16,45.96
202200006056,5.78,19.2
202200006071,2.83,4.63
202200006140,2.21,6.36
202200006236,11.11,12.17
202200006250,6.35,14.91
202200006268,10.23,20.55
202200006274,3.29,8.8
202200006276,5.5,10.2
202200006289,4.1,5.76
202200006292,3.99,6.2
202200006310,7.36,13.42
202200006313,5.63,5.42
202200006350,2.31,3.55
202200006379,3.68,4.41
202200006380,3.69,4.01
202200006384,3.11,13.12
202200006453,7.74,19.29
202200006454,3.62,45.41
202200006455,8.77,33.76
202200006456,6.6,16.22
202200006470,6.18,10.05
202200006472,7.45,5.56
202200006483,1.81,12.86
202200006494,8.1,11.65
202200006495,10.2,13.25
202200006496,5.51,6.38
202200006502,6.0,2.0
202200006505,4.11,6.28
202200006526,3.14,4.51
202200006527,1.88,2.57
202200006528,3.26,5.06
202200006529,2.27,5.72
202200006530,2.74,6.81
202200006537,2.47,2.19
202200006538,6.97,12.93
202200006618,10.0,19.91
202200006671,2.84,4.99
202200006673,0.55,5.75
202200006684,4.06,4.45
202200006687,6.82,3.44
202200006701,6.9,10.05
202200006703,3.63,9.05
202200006705,4.02,9.4
202200006707,6.66,9.04
202200006759,5.84,21.14
202200006761,1.79,8.08
202200006763,2.33,14.2
202200006781,1.89,6.62
202200006783,3.14,4.39
202200006820,4.78,4.24
202200006834,8.89,26.54
202200006835,9.52,9.52
202200006850,3.9,5.82
202200006852,4.24,4.14
202200006853,5.06,11.13
202200006915,6.04,7.15
202200006971,2.73,4.91
202200006973,3.86,6.32
202200006976,4.0,6.59
202200006979,6.5,6.36
202200006982,4.41,9.59
202200006998,2.17,3.84
202200006999,7.78,4.25
202200007001,5.23,3.95
202200007003,2.92,5.22
202200007004,7.23,9.81
202200007006,5.26,2.87
202200007067,1.05,8.85
202200007071,5.64,5.54
202200007072,4.38,15.95
202200007074,8.16,7.02
202200007077,3.04,7.24
202200007085,6.17,15.59
202200007110,8.16,22.19
202200007113,0.77,15.37
202200007126,0.44,18.7
202200007129,8.56,11.13
202200007142,9.22,8.24
202200007147,5.31,5.21
202200007175,7.2,5.98
202200007179,2.7,5.7
202200007191,9.5,10.57
202200007196,2.66,5.59
202200007206,6.24,7.07
202200007211,4.07,4.61
202200007213,3.56,7.24
202200007234,6.53,4.58
202200007267,5.41,15.87
202200007318,2.25,6.96
202200007321,3.91,4.78
202200007325,3.47,3.37
202200007328,3.06,2.23
202200007334,4.25,8.02
202200007339,9.31,8.17
202200007342,4.81,5.4
202200007344,6.54,9.46
202200007348,5.43,9.62
202200007352,8.44,7.89
202200007357,3.45,10.03
202200007366,2.88,3.99
202200007408,5.25,8.18
202200007504,5.32,8.25
202200007518,3.88,5.33
202200007530,7.14,5.24
202200007534,2.31,15.96
202200007544,3.88,5.79
202200007647,1.99,16.18
202200007668,2.38,5.18
202200007673,2.84,3.78
202200007678,4.36,4.79
202200007679,6.1,19.56
202200007684,4.97,6.24
202200007689,7.08,6.1
202200007710,4.84,18.44
202200007711,3.2,17.42
202200007712,11.57,12.5
202200007714,15.76,27.04
202200007755,7.15,8.22
202200007757,5.04,9.24
202200007759,5.06,4.24
202200007762,5.24,10.34
202200007765,4.08,10.15
202200007768,4.08,10.15
202200007771,7.64,5.33
202200007827,8.3,17.55
202200007829,5.28,15.6
202200007843,6.0,13.28
202200007873,4.96,5.68
202200007874,1.16,5.47
202200007920,6.32,3.35
202200007933,0.99,2.02
202200007935,1.73,2.93
202200007937,5.58,13.06
202200007939,7.61,15.59
202200007941,4.09,3.78
202200007970,3.39,5.56
202200007972,2.47,5.77
202200007980,4.95,5.36
202200007981,2.94,0.6
202200007984,3.75,2.85
202200007985,4.59,2.89
202200007987,7.1,3.03
202200008036,4.03,13.67
202200008059,3.1,12.01
202200008062,5.74,8.04
202200008075,4.34,28.49
202200008081,8.37,8.83
202200008107,6.58,9.3
202200008114,7.38,12.46
202200008117,14.07,19.06
202200008122,7.73,15.44
202200008124,1.69,11.17
202200008134,2.4,5.38
202200008136,15.83,29.11
202200008138,5.53,8.02
202200008149,6.12,13.15
202200008211,3.64,5.57
202200008213,4.79,14.2
202200008221,4.38,11.66
202200008223,5.82,6.76
202200008290,2.58,8.32
202200008292,0.92,10.72
202200008294,3.67,4.4
202200008295,1.69,12.91
202200008297,2.87,5.6
202200008298,3.61,10.43
202200008299,2.65,2.49
202200008306,4.51,6.13
202200008307,1.18,2.44
202200008309,6.28,10.29
202200008311,3.78,22.44
202200008394,7.98,33.02
202200008407,11.16,24.63
202200008416,7.64,8.44
202200008427,6.89,15.32
202200008428,10.18,9.04
202200008429,4.98,14.34
202200008430,3.79,7.24
202200008431,3.66,4.33
202200008432,3.1,4.9
202200008433,2.0,3.94
202200008434,2.79,4.5
202200008440,2.2,11.4
202200008476,8.31,5.98
202200008491,1.12,15.82
202200008498,3.66,15.52
202200008503,2.73,13.93
202200008504,4.92,30.84
202200008505,9.62,42.91
202200008506,6.35,21.96
202200008516,4.43,7.36
202200008517,7.83,13.9
202200008531,5.23,2.89
202200008547,1.99,3.0
202200008585,3.02,1.67
202200008586,1.45,4.18
202200008587,6.2,3.25
202200008588,5.2,5.5
202200008589,5.64,6.75
202200008655,2.78,11.77
202200008657,3.51,11.46
202200008662,13.16,16.86
202200008677,5.97,22.23
202200008703,10.95,9.97
202200008729,3.12,4.26
202200008766,5.3,7.99
202200008767,4.2,7.83
202200008768,1.35,4.78
202200008769,1.22,3.2
202200008770,2.55,9.53
202200008771,8.76,3.56
202200008772,2.88,4.02
202200008860,4.73,6.96
202200008861,7.82,16.63
202200008863,8.74,10.13
202200008865,9.44,7.63
202200008973,3.57,6.3
202200008976,7.89,4.91
202200008981,3.84,5.71
202200008997,1.92,18.09
202200009002,8.2,3.52
202200009006,1.03,20.72
202200009010,2.59,27.11
202200009016,3.31,15.28
202200009020,8.16,13.08
202200009036,6.34,9.27
202200009041,4.68,7.5
202200009045,13.38,21.38
202200009046,3.31,3.93
202200009049,5.6,9.9
202200009056,3.89,5.72
202200009061,5.03,6.76
202200009066,8.95,2.22
202200009070,5.46,7.94
202200009079,11.83,12.89
202200009083,5.26,6.29
202200009087,4.52,2.95
202200009093,6.44,4.23
202200009099,6.33,4.12
202200009105,2.46,15.76
202200009118,5.8,15.79
202200009157,7.02,2.18
202200009209,4.34,6.29
202200009214,4.74,6.13
202200009220,4.09,5.12
202200009224,3.48,9.43
202200009228,2.06,3.66
202200009231,2.55,4.82
202200009235,2.16,4.56
202200009240,5.81,6.74
202200009255,7.97,5.86
202200009264,3.95,11.59
202200009271,3.69,4.57
202200009274,3.1,5.28
202200009283,4.31,7.61
202200009288,5.09,8.27
202200009293,4.63,6.29
202200009368,4.71,7.95
202200009403,2.87,20.96
202200009406,9.88,19.45
202200009417,3.86,22.96
202200009436,3.26,10.74
202200009440,4.92,8.22
202200009443,2.3,4.43
202200009445,16.74,34.95
202200009446,3.99,3.89
202200009448,3.74,21.53
202200009449,5.84,39.29
202200009454,9.15,12.52
202200009460,3.3,15.48
202200009466,4.68,18.26
202200009470,7.45,5.11
202200009473,7.05,6.07
202200009476,5.67,3.33
202200009477,7.79,55.47
202200009483,3.4,8.22
202200009484,3.6,13.44
202200009489,2.38,7.25
202200009533,3.87,6.35
202200009534,5.42,7.21
202200009539,6.81,5.98
202200009543,3.47,5.39
202200009550,2.68,14.59
202200009619,3.06,9.6
202200009649,2.76,5.77
202200009650,5.36,4.72
202200009706,8.16,6.49
202200009707,1.55,21.15
202200009710,6.94,15.01
202200009732,2.59,3.53
202200009733,9.65,16.75
202200009735,2.24,8.03
202200009737,3.54,5.64
202200009749,2.76,5.69
202200009750,6.12,7.89
202200009811,1.97,9.55
202200009816,2.38,10.95
202200009834,21.16,112.18
202200009835,0.87,66.85
202200009843,4.48,11.29
202200009855,4.26,24.89
202200009856,7.37,14.39
202200009868,4.91,9.07
202200009894,7.19,6.2
202200009895,4.76,6.22
202200009932,4.68,10.22
202200009934,5.06,6.86
202200009936,3.7,5.4
202200009939,1.02,13.0
202200009940,2.64,4.41
202200009944,3.44,22.24
202200009945,1.35,5.39
202200009946,5.61,3.16
202200009947,3.98,7.31
202200009949,5.33,8.11
202200009952,3.56,6.27
202200009966,3.08,22.87
202200009968,5.13,7.09
202200009971,8.33,4.8
202200009992,2.86,14.74
202200010050,12.84,28.54
202200010079,0.94,20.25
202200010085,0.48,17.01
202200010097,3.26,16.5
202200010098,7.22,5.33
202200010099,2.17,9.82
202200010100,5.67,8.25
202200010105,4.34,4.68
202200010121,5.04,9.24
202200010190,4.04,7.31
202200010193,2.47,10.26
202200010195,6.44,6.64
202200010198,5.79,4.85
202200010201,8.31,16.45
202200010294,1.54,5.95
202200010296,2.63,6.52
202200010303,6.05,22.18
202200010305,8.45,1.66
202200010308,6.19,1.73
202200010317,3.86,4.54
202200010320,3.16,4.13
202200010324,2.39,4.09
202200010327,1.69,7.79
202200010328,5.37,5.24
202200010340,5.95,4.48
202200010344,3.2,7.26
202200010413,5.9,15.34
202200010451,4.14,19.49
202200010455,4.31,23.91
202200010462,1.9,5.74
202200010469,10.3,47.02
202200010478,4.81,8.2
202200010526,3.78,13.31
202200010527,4.8,10.55
202200010533,3.06,16.39
202200010534,12.62,18.67
202200010535,11.46,13.66
202200010536,2.6,19.68
202200010571,8.6,50.87
202200010587,1.31,6.83
202200010588,1.91,4.26
202200010589,6.37,24.97
202200010627,3.89,4.06
202200010653,8.26,16.23
202200010654,1.54,6.74
202200010655,4.61,6.53
202200010656,5.62,11.66
202200010657,6.82,9.4
202200010674,8.2,9.81
202200010683,3.0,19.47
202200010706,8.8,6.46
202200010708,2.76,16.56
202200010721,1.51,18.36
202200010724,2.45,60.06
202200010731,5.26,15.31
202200010732,13.71,31.36
202200010734,2.82,22.74
202200010741,7.32,6.1
202200010746,3.24,25.82
202200010805,4.56,5.96
202200010807,6.64,12.99
202200010844,8.35,5.6
202200010848,8.76,10.56
202200010852,6.24,5.47
202200010855,7.36,4.67
202200010940,3.65,7.1
202200010944,4.36,5.47
202200010949,5.13,2.42
202200010952,3.73,3.16
202200010956,8.54,8.59
202200010986,3.89,10.76
202200011004,7.61,16.86
202200011012,6.34,10.31
202200011016,0.43,9.95
202200011022,3.76,5.56
202200011027,2.89,4.01
202200011041,5.29,18.28
202200011044,7.71,4.0
202200011048,10.2,8.61
202200011122,4.33,11.39
202200011126,5.01,6.27
202200011130,4.97,7.64
202200011131,2.42,5.16
202200011134,5.77,8.79
202200011140,4.9,4.67
202200011142,1.2,4.29
202200011153,5.47,7.76
202200011156,6.45,8.97
202200011160,6.81,10.29
202200011162,5.84,10.53
202200011165,5.63,23.19
202200011166,4.43,10.89
202200011175,6.06,20.9
202200011242,4.99,7.92
202200011248,9.15,8.01
202200011294,9.65,27.36
202200011296,6.05,10.89
202200011300,2.86,15.63
202200011302,2.14,22.61
202200011310,3.24,5.04
202200011315,2.9,13.92
202200011320,2.75,8.82
202200011321,5.65,10.65
202200011323,4.19,5.89
202200011325,5.18,8.11
202200011326,2.33,7.04
202200011328,4.34,6.02
202200011331,6.4,11.51
202200011333,1.59,6.92
202200011338,4.83,4.47
202200011343,2.97,18.02
202200011365,6.57,4.24
202200011369,3.36,13.58
202200011373,7.44,5.12
202200011376,5.82,8.85
202200011377,6.47,4.26
202200011380,8.41,4.87
202200011384,3.96,5.66
202200011436,4.43,7.24
202200011438,2.97,4.78
202200011440,5.86,7.66
202200011450,9.28,10.58
202200011453,8.92,8.1
202200011460,8.62,9.21
202200011461,15.42,31.87
202200011475,10.5,101.52
202200011478,2.98,11.87
202200011523,8.25,9.76
202200011549,4.09,51.04
202200011551,7.34,23.31
202200011558,6.94,12.24
202200011574,2.61,11.51
202200011575,12.93,18.87
202200011597,8.05,11.27
202200011598,4.52,7.92
202200011599,3.98,8.68
202200011601,9.25,14.77
202200011603,4.85,5.18
202200011608,7.02,12.29
202200011610,3.56,8.26
202200011656,5.09,6.52
202200011720,3.0,3.07
202200011722,2.55,7.56
202200011724,2.01,6.71
202200011725,2.82,6.03
202200011726,1.18,1.62
202200011727,3.82,6.75
202200011730,2.81,4.06
202200011731,2.21,4.22
202200011732,5.84,12.58
202200011735,1.5,14.86
202200011738,4.15,5.22
202200011745,5.54,8.81
202200011747,5.7,1.63
202200011792,3.96,11.45
202200011822,9.03,8.44
202200011824,9.83,100.86
202200011825,3.7,28.23
202200011826,3.39,13.79
202200011839,5.01,24.21
202200011866,15.35,12.07
202200011867,9.06,72.74
202200011869,2.7,25.06
202200011870,2.64,30.23
202200011880,7.2,21.65
202200011890,3.49,3.78
202200011902,1.38,4.43
202200011966,1.47,8.07
202200011968,3.23,10.78
202200011969,2.86,10.83
202200011970,1.88,18.97
202200011972,9.0,5.16
202200011973,6.41,12.85
202200011975,3.18,3.32
202200011976,6.97,3.43
202200012010,4.29,8.27
202200012011,1.59,2.13
202200012013,11.12,14.94
202200012014,4.1,8.74
202200012016,8.22,13.97
202200012018,2.14,14.26
202200012019,5.04,13.48
202200012020,7.44,12.44
202200012022,3.51,2.88
202200012024,5.79,9.77
202200012032,1.09,6.88
202200012035,2.28,21.88
202200012051,5.18,20.07
202200012108,2.21,16.67
202200012132,7.35,15.05
202200012133,2.48,5.19
202200012134,7.16,14.92
202200012136,3.4,8.37
202200012156,3.55,6.53
202200012164,3.6,17.9
202200012167,7.42,5.52
202200012193,3.27,5.93
202200012217,1.66,13.5
202200012220,4.9,15.3
202200012223,25.64,41.93
202200012224,1.62,6.03
202200012228,2.75,4.65
202200012230,4.36,10.66
202200012262,4.34,4.1
202200012266,3.2,5.93
202200012268,3.3,5.38
202200012270,2.69,9.67
202200012273,0.96,6.76
202200012277,3.74,4.47
202200012278,3.62,6.17
202200012281,7.53,10.54
202200012284,6.98,9.55
202200012364,11.79,32.9
202200012407,3.91,23.69
202200012414,0.68,4.45
202200012416,6.03,5.05
202200012428,2.74,33.32
202200012429,7.47,9.68
202200012467,2.84,8.29
202200012484,3.72,4.61
202200012487,7.67,4.58
202200012504,11.92,27.61
202200012511,5.93,14.93
202200012545,1.98,22.59
202200012558,3.79,13.03
202200012601,4.34,9.05
202200012603,4.5,8.7
202200012605,5.58,5.91
202200012612,8.7,13.96
202200012614,4.1,4.93
202200012617,4.74,8.72
202200012618,6.48,8.39
202200012642,3.68,5.56
202200012644,6.9,8.7
202200012652,3.1,6.82
202200012654,7.07,9.46
202200012671,6.34,2.1
202200012673,3.5,6.78
202200012674,7.47,8.86
202200012704,4.25,11.67
202200012706,2.09,4.82
202200012708,1.83,5.26
202200012714,1.39,6.52
202200012716,3.8,5.5
202200012717,10.49,16.74
202200012762,4.86,18.43
202200012772,3.89,14.8
202200012776,4.81,19.43
202200012791,6.62,10.23
202200012794,2.92,5.65
202200012796,5.49,5.54
202200012798,0.74,11.89
202200012801,3.75,6.33
202200012804,3.45,9.95
202200012805,5.49,4.92
202200012809,6.02,3.41
202200012811,7.91,4.37
202200012812,4.56,22.39
202200012821,17.8,74.41
202200012873,6.66,5.68
202200012886,0.93,15.75
202200012896,7.62,28.93
202200012933,7.85,8.61
202200012935,5.3,17.23
202200012937,6.17,5.34
202200012941,0.92,10.72
202200012946,3.14,6.74
202200012956,5.41,8.68
202200012961,5.14,13.57
202200012964,11.74,10.71
202200013003,5.99,15.22
202200013064,2.41,18.58
202200013066,5.11,2.04
202200013068,5.64,6.27
202200013098,13.74,9.63
202200013102,5.26,8.19
202200013161,12.2,80.0
202200013164,8.76,8.06
202200013201,4.7,6.93
202200013207,6.08,21.29
202200013222,10.22,19.97
202200013227,2.15,33.31
202200013242,6.22,12.73
202200013258,4.3,2.59
202200013262,1.34,4.77
202200013266,5.27,6.69
202200013283,1.27,6.13
202200013287,6.43,10.52
202200013291,2.74,2.12
202200013303,1.27,26.77
202200013340,1.02,7.43
202200013343,17.0,22.03
202200013377,5.3,19.33
202200013380,1.7,13.79
202200013382,6.94,9.33
202200013476,1.4,10.48
202200013477,1.0,3.74
202200013480,4.26,10.33
202200013482,2.89,6.62
202200013486,1.9,3.16
202200013490,5.21,5.0
202200013491,3.68,12.83
202200013493,4.85,14.41
202200013496,6.96,11.34
202200013501,2.49,6.0
202200013503,1.37,4.83
202200013505,1.74,5.22
202200013508,2.49,8.99
202200013525,5.14,9.34
202200013529,4.43,7.36
202200013532,5.77,9.31
202200013537,4.42,7.03
202200013543,5.38,4.16
202200013670,4.89,21.89
202200013674,1.79,19.71
202200013703,1.48,6.19
202200013705,5.48,5.27
202200013709,5.31,6.38
202200013730,5.94,21.35
202200013739,7.17,9.98
202200013762,2.89,18.17
202200013764,5.29,5.26
202200013766,3.28,7.14
202200013770,5.14,7.74
202200013773,1.05,5.86
202200013778,3.95,3.12
202200013788,3.64,3.42
202200013799,4.81,6.2
202200013800,10.23,13.97
202200013801,4.82,5.79
202200013857,2.02,3.44
202200013860,2.54,5.02
202200013861,3.21,5.01
202200013907,1.42,16.35
202200013909,2.96,26.33
202200013936,7.61,20.67
202200013938,8.6,6.75
202200013943,5.59,18.91
202200013987,5.96,16.76
202200013997,4.6,8.59
202200014000,5.23,9.93
202200014001,7.64,5.33
202200014072,4.41,7.84
202200014074,4.19,5.82
202200014076,4.49,9.09
202200014077,3.18,7.18
202200014079,1.56,2.55
202200014084,6.35,13.5
202200014149,3.15,1.8
202200014151,4.47,5.01
202200014153,1.77,6.1
202200014154,4.58,5.64
202200014215,7.05,17.39
202200014238,7.24,9.35
202200014245,3.2,4.07
202200014281,3.38,7.48
202200014295,7.91,9.42
202200014309,4.61,3.27
202200014322,10.85,9.87
202200014374,2.91,10.38
202200014375,2.51,8.38
202200014376,4.14,9.49
202200014377,4.41,2.8
202200014379,2.27,3.3
202200014380,11.51,9.22
202200014412,0.72,65.92
202200014423,9.02,14.44
202200014425,7.72,5.82
202200014431,9.68,21.18
202200014445,8.34,10.55
202200014447,4.38,18.68
202200014448,4.12,12.6
202200014452,8.92,25.07
202200014463,6.04,13.06
202200014484,3.82,8.52
202200014504,4.36,3.65
202200014506,3.48,6.0
202200014507,4.65,4.08
202200014576,3.14,2.55
202200014577,3.23,4.41
202200014578,1.32,4.76
202200014580,3.24,5.99
202200014591,5.62,6.03
202200014593,2.14,5.42
202200014594,7.01,6.44
202200014597,6.53,12.49
202200014599,6.64,13.27
202200014601,3.43,7.27
202200014602,9.35,9.54
202200014609,14.77,61.84
202200014617,2.21,1.2
202200014618,1.56,0.55
202200014633,9.45,17.58
202200014635,7.55,14.17
202200014650,3.79,12.96
202200014652,1.89,7.62
202200014656,4.68,10.09
202200014659,7.08,6.94
202200014661,6.04,6.7
202200014663,6.98,6.84
202200014666,6.24,16.55
202200014668,6.12,2.46
202200014671,4.82,5.16
202200014697,5.87,12.34
202200014748,2.56,6.14
202200014749,5.88,5.85
202200014752,9.09,20.49
202200014753,5.47,4.4
202200014765,0.86,12.26
202200014830,5.66,5.56
202200014832,3.72,6.13
202200014859,3.24,3.86
202200014862,9.61,9.75
202200014864,6.24,10.14
202200014866,1.91,12.31
202200014884,5.9,9.27
202200014885,8.03,4.49
202200014914,10.11,12.33
202200014965,2.96,10.36
202200014968,5.1,11.1
202200014970,6.0,17.38
202200014994,10.64,11.21
202200014995,8.55,7.42
202200014999,5.67,8.12
202200015013,12.19,17.57
202200015033,7.8,7.79
202200015045,1.48,17.83
202200015068,6.48,6.71
202200015093,2.29,18.62
202200015097,5.55,10.17
202200015098,14.1,12.21
202200015123,5.65,5.54
202200015128,5.44,5.23
202200015132,2.14,6.84
202200015136,8.7,11.72
202200015140,1.64,10.02
202200015141,2.8,4.84
202200015144,8.66,6.85
202200015145,4.11,8.75
202200015149,5.61,5.51
202200015151,6.0,6.34
202200015320,5.82,20.88
202200015390,0.29,6.58
202200015394,3.24,2.36
202200015399,6.37,5.54
202200015404,2.42,6.0
202200015407,0.68,11.1
202200015410,2.72,5.61
202200015415,5.11,4.9
202200015418,4.81,4.16
202200015422,4.44,2.5
202200015426,5.68,4.2
202200015429,10.22,8.62
202200015458,3.78,6.18
202200015462,2.38,7.76
202200015466,1.39,2.34
202200015468,2.39,4.09
202200015469,17.67,21.73
202200015472,3.64,3.92
202200015475,5.24,13.97
202200015477,7.32,3.78
202200015480,4.1,10.56
202200015497,9.09,19.3
202200015533,4.04,12.52
202200015538,8.07,15.58
202200015541,4.76,8.16
202200015567,1.95,13.77
202200015574,8.39,6.06
202200015622,8.2,19.57
202200015640,12.3,24.46
202200015656,7.48,14.97
202200015658,5.22,20.02
202200015660,5.09,8.07
202200015677,5.77,16.43
202200015688,4.92,6.6
202200015689,17.51,35.72
202200015690,6.62,27.04
202200015691,4.95,12.59
202200015702,3.1,4.09
202200015713,6.81,5.22
202200015735,2.48,4.76
202200015736,3.82,5.72
202200015738,2.83,4.84
202200015782,4.3,33.8
202200015804,9.18,18.69
202200015807,2.66,13.81
202200015814,5.12,9.29
202200015816,8.27,14.02
202200015818,3.76,12.24
202200015821,1.98,6.69
202200015852,2.37,8.74
202200015854,4.88,4.17
202200015876,3.83,5.4
202200015877,3.38,6.11
202200015880,3.36,3.33
202200015881,2.48,10.32
202200015882,4.59,5.66
202200015883,5.49,5.46
202200015884,7.24,9.7
202200015885,2.57,6.0
202200015886,7.81,4.27
202200015888,8.55,12.7
202200015954,6.07,21.37
202200015970,6.5,18.05
202200015989,4.29,22.62
202200016012,7.39,17.84
202200016041,9.13,26.9
202200016056,1.34,6.53
202200016057,4.05,8.25
202200016059,2.32,7.03
202200016065,5.19,9.9
202200016132,3.61,32.68
202200016147,2.58,10.38
202200016175,6.11,10.55
202200016193,2.91,7.11
202200016200,7.97,8.85
202200016201,7.17,5.28
202200016202,4.22,28.73
202200016211,6.04,12.87
202200016212,3.53,7.51
202200016289,5.54,5.26
202200016290,10.18,48.86
202200016291,1.61,18.29
202200016306,7.79,15.05
202200016333,2.77,1.68
202200016334,10.58,7.04
202200016335,4.83,3.8
202200016390,9.06,7.8
202200016392,3.09,14.65
202200016411,3.17,17.61
202200016430,10.88,8.55
202200016446,3.29,16.9
202200016449,12.43,16.17
202200016451,2.04,66.23
202200016479,4.33,7.65
202200016488,8.47,15.06
202200016524,4.3,6.16
202200016526,4.26,12.81
202200016529,2.58,10.38
202200016531,8.92,9.13
202200016585,10.26,14.4
202200016588,7.35,6.52
202200016590,2.65,1.83
202200016592,3.01,5.74
202200016594,7.51,6.89
202200016602,3.08,5.02
202200016604,6.56,2.49
202200016606,6.1,10.54
202200016613,20.66,77.27
202200016616,4.59,10.75
202200016619,1.16,64.82
202200016626,5.15,18.69
202200016645,3.96,3.56
202200016693,2.26,33.12
202200016721,3.2,2.93
202200016723,4.03,5.15
202200016725,2.91,4.3
202200016746,3.86,18.92
202200016754,1.96,4.69
202200016774,5.18,15.5
202200016811,7.91,9.42
202200016830,6.14,8.08
202200016833,1.97,5.61
202200016836,1.07,4.5
202200016839,1.44,0.61
202200016846,9.2,3.01
202200016856,5.36,16.34
202200016857,3.89,21.23
202200016862,2.74,16.35
202200016867,12.67,28.05
202200016870,4.97,22.43
202200016871,10.05,27.07
202200016873,11.66,20.84
202200016874,8.05,10.62
202200016875,10.08,20.66
202200016886,4.07,4.24
202200016936,6.01,5.96
202200017001,7.08,31.08
202200017019,3.72,14.63
202200017022,4.46,7.38
202200017026,9.09,12.62
202200017032,6.41,10.68
202200017063,5.7,7.81
202200017066,5.93,4.66
202200017067,6.4,41.82
202200017091,7.73,18.05
202200017096,5.29,13.0
202200017099,10.9,11.67
202200017109,2.04,18.72
202200017115,3.32,4.3
202200017119,5.56,7.63
202200017124,3.88,10.91
202200017130,4.58,4.97
202200017133,2.6,4.64
202200017134,4.58,12.97
202200017167,5.27,1.19
202200017235,8.46,11.84
202200017240,3.42,8.12
202200017244,3.58,7.12
202200017300,7.5,6.39
202200017304,4.53,9.4
202200017307,3.7,5.47
202200017311,2.46,7.38
202200017323,3.03,20.79
202200017412,9.72,8.58
202200017416,2.07,10.55
202200017418,2.57,4.51
202200017422,4.46,6.4
202200017425,4.68,8.68
202200017429,2.06,3.86
202200017432,4.76,6.94
202200017440,4.2,4.42
202200017463,7.48,24.84
202200017474,6.94,22.18
202200017497,1.91,10.86
202200017522,5.57,11.75
202200017523,4.68,11.7
202200017526,4.22,4.27
202200017530,3.89,3.94
202200017583,4.16,7.36
202200017585,3.9,11.54
202200017596,10.89,9.75
202200017598,2.89,5.32
202200017600,4.39,10.46
202200017602,3.8,8.13
202200017604,3.04,9.11
202200017605,2.68,11.32
202200017608,2.88,3.52
202200017648,5.31,13.26
202200017651,7.05,10.92
202200017655,4.93,8.17
202200017664,4.77,6.57
202200017667,2.24,2.92
202200017670,2.27,4.07
202200017674,5.12,8.57
202200017676,1.27,1.71
202200017679,4.44,14.53
202200017682,3.9,5.82
202200017683,4.89,5.93
202200017685,6.06,7.66
202200017686,3.12,5.78
202200017688,7.25,2.6
202200017689,6.86,4.41
202200017690,3.72,6.06
202200017750,4.25,14.24
202200017762,14.44,13.55
202200017765,4.23,28.42
202200017808,9.35,27.06
202200017821,15.6,28.87
202200017825,2.33,4.31
202200017841,6.76,10.09
202200017843,9.72,44.83
202200017865,4.29,6.77
202200017869,6.24,6.25
202200017871,4.78,8.98
202200017872,3.54,6.47
202200017921,5.21,5.11
202200017938,1.58,6.78
202200017940,2.82,2.4
202200017941,2.39,5.11
202200017942,2.31,8.46
202200017944,3.0,6.22
202200017948,6.11,9.99
202200017950,1.37,17.65
202200017952,5.99,2.61
202200017978,5.6,12.18
202200017980,2.36,4.3
202200017982,2.71,9.69
202200017985,7.0,10.12
202200017987,7.1,3.16
202200017989,10.84,6.26
202200018025,9.46,10.95
202200018027,7.36,13.12
202200018072,6.54,8.76
202200018073,8.66,15.29
202200018139,4.25,8.25
202200018167,2.34,5.03
202200018192,9.28,12.73
202200018194,2.8,21.92
202200018240,6.94,12.02
202200018241,1.91,4.14
202200018242,6.51,9.07
202200018245,2.37,6.31
202200018246,6.06,4.84
202200018255,5.3,4.46
202200018324,7.6,6.24
202200018336,1.82,11.7
202200018361,4.26,20.62
202200018364,7.73,7.85
202200018388,5.98,12.13
202200018390,5.89,7.58
202200018400,3.12,5.29
202200018403,7.62,5.41
202200018407,2.27,5.96
202200018416,4.46,2.54
202200018426,8.91,7.78
202200018524,5.61,5.36
202200018529,3.96,6.5
202200018585,8.24,12.73
202200018590,2.06,4.8
202200018592,3.95,3.72
202200018594,1.88,21.11
202200018596,7.2,17.49
202200018602,3.23,8.48
202200018607,2.34,2.67
202200018614,3.74,4.73
202200018617,2.89,4.45
202200018620,9.89,9.86
202200018622,0.82,9.59
202200018624,6.29,7.1
202200018625,4.81,9.49
202200018627,8.65,8.38
202200018628,1.29,4.27
202200018632,6.54,9.76
202200018640,6.6,5.21
202200018643,6.96,13.59
202200018648,6.24,8.06
202200018651,4.39,23.68
202200018653,11.34,9.05
202200018657,6.48,4.27
202200018661,7.09,4.76
202200018664,6.2,2.12
202200018711,4.04,5.84
202200018716,7.85,6.23
202200018750,5.43,3.57
202200018754,4.63,4.33
202200018759,4.09,3.52
202200018763,4.87,6.26
202200018817,6.02,15.45
202200018818,4.46,6.75
202200018852,6.1,10.25
202200018888,5.84,15.08
202200018899,2.33,15.77
202200018942,8.24,11.36
202200018944,4.32,8.3
202200018947,4.36,5.15
202200018948,5.46,8.39
202200018950,7.29,9.09
202200018954,3.75,6.53
202200018958,3.01,3.68
202200018961,2.93,5.56
202200018965,0.38,10.03
202200018967,7.34,15.79
202200018969,12.51,15.05
202200018978,7.17,13.01
202200018994,5.11,4.15
202200018998,3.11,2.91
202200019004,7.12,17.91
202200019005,3.06,5.41
202200019007,5.17,7.47
202200019008,1.83,5.26
202200019010,3.29,5.73
202200019011,4.01,6.46
202200019013,7.38,19.43
202200019015,4.76,10.54
202200019018,5.53,15.85
202200019020,6.54,5.6
202200019052,6.46,2.72
202200019098,5.9,2.51
202200019099,4.96,20.29
202200019101,4.45,4.29
202200019199,5.01,8.94
202200019200,7.69,7.1
202200019201,2.53,3.97
202200019204,3.12,5.29
202200019210,2.75,3.04
202200019216,4.39,4.56
202200019234,3.64,27.01
202200019410,8.92,8.81
202200019425,5.02,18.92
202200019446,1.44,6.87
202200019448,1.82,14.12
202200019454,3.38,6.31
202200019455,6.95,15.38
202200019494,5.26,3.34
202200019544,5.09,6.78
202200019545,2.04,8.33
202200019549,6.24,7.4
202200019596,5.62,21.82
202200019606,7.54,9.14
202200019610,3.45,27.18
202200019617,1.08,66.09
202200019646,3.61,19.57
202200019649,5.97,4.29
202200019654,3.78,10.54
202200019656,7.31,21.12
202200019658,2.66,21.46
202200019673,4.54,4.44
202200019689,6.66,4.26
202200019763,3.2,7.87
202200019765,2.24,6.93
202200019768,1.76,11.27
202200019769,1.27,4.7
202200019770,3.5,5.36
202200019772,4.28,11.61
202200019774,3.08,21.05
202200019775,2.24,11.57
202200019777,7.68,9.06
202200019780,5.2,6.4
202200019883,5.76,4.86
202200019887,7.58,11.72
202200019889,4.14,9.39
202200019890,1.28,10.29
202200019892,3.51,4.24
202200019896,4.25,5.76
202200019899,7.02,17.99
202200019900,3.48,9.74
202200019904,3.78,4.76
202200019905,7.58,9.0
202200019921,4.71,3.02
202200019923,7.26,4.0
202200019926,10.68,13.55
202200019945,7.26,3.6
202200019957,13.02,21.0
202200019988,6.16,12.12
202200020014,8.61,11.99
202200020016,1.27,6.46
202200020042,2.32,16.33
202200020055,3.86,4.89
202200020078,7.66,7.74
202200020079,7.82,14.25
202200020080,5.3,3.51
202200020137,5.54,14.6
202200020138,6.6,9.82
202200020139,5.45,5.1
202200020140,4.93,6.87
202200020141,6.3,7.09
202200020142,1.05,5.93
202200020143,8.39,11.84
202200020150,4.9,4.25
202200020151,5.56,7.42
202200020152,6.48,13.14
202200020153,5.15,2.93
202200020154,4.59,2.42
202200020155,5.81,2.25
202200020223,4.84,17.63
202200020232,1.72,7.21
202200020236,6.68,30.82
202200020243,6.62,5.1
202200020303,3.33,1.62
202200020304,3.05,5.0
202200020306,8.74,15.79
202200020308,2.43,5.05
202200020311,2.49,4.7
202200020313,2.07,2.4
202200020318,3.52,3.32
202200020319,6.53,13.16
202200020321,6.34,4.65
202200020322,4.78,12.34
202200020324,7.35,5.13
202200020326,7.97,5.76
202200020422,3.28,9.57
202200020425,5.71,5.73
202200020456,4.54,4.44
202200020459,6.85,11.55
202200020461,4.81,8.2
202200020510,1.86,6.58
202200020553,2.92,14.19
202200020558,6.75,12.98
202200020562,5.26,1.36
202200020567,11.54,13.31
202200020612,6.17,2.09
202200020615,4.57,5.2
202200020634,1.31,8.79
202200020636,2.02,10.99
202200020667,5.94,14.5
202200020687,12.76,22.52
202200020688,3.88,20.69
202200020693,5.32,12.72
202200020696,9.14,9.18
202200020726,11.26,17.9
202200020727,3.21,5.25
202200020728,10.22,11.48
202200020731,8.35,6.45
202200020733,11.26,12.78
202200020747,7.41,15.54
202200020749,6.12,24.96
202200020759,4.25,7.44
202200020760,6.49,11.6
202200020762,3.6,3.93
202200020783,2.6,15.76
202200020812,3.73,10.18
202200020878,4.24,18.57
202200020918,16.66,21.7
202200020925,4.9,12.7
202200020968,6.12,10.82
202200020970,3.35,1.61
202200020971,2.64,12.64
202200020972,1.06,20.2
202200020973,2.7,3.35
202200020974,8.24,16.44
202200020975,5.82,5.8
202200020976,6.61,8.3
202200020978,9.12,66.07
202200020979,3.13,2.92
202200020981,2.03,4.05
202200020985,3.17,6.83
202200020987,1.04,6.29
202200020989,4.72,6.52
202200020992,3.75,10.04
202200021036,6.34,9.27
202200021038,4.41,9.09
202200021039,7.64,6.67
202200021041,4.15,7.93
202200021043,2.76,5.69
202200021044,4.31,2.31
202200021049,4.42,11.7
202200021052,2.02,4.0
202200021054,2.17,4.35
202200021059,1.18,5.19
202200021148,5.78,11.84
202200021150,3.44,2.62
202200021152,3.18,7.48
202200021155,4.54,5.74
202200021158,4.69,8.57
202200021160,5.81,8.8
202200021161,7.85,23.14
202200021169,2.75,10.7
202200021173,5.7,8.98
202200021175,2.52,8.63
202200021178,2.23,7.48
202200021263,4.69,15.3
202200021265,9.15,16.72
202200021288,2.0,12.67
202200021290,7.15,19.76
202200021292,1.85,59.46
202200021326,0.45,36.1
202200021327,2.42,19.64
202200021343,4.14,10.2
202200021345,3.86,4.73
202200021346,4.54,3.05
202200021390,2.03,6.89
202200021391,3.95,5.64
202200021392,3.29,4.49
202200021393,5.66,8.55
202200021394,2.85,3.72
202200021395,4.91,13.8
202200021396,6.72,3.18
202200021412,4.15,14.14
202200021450,5.32,12.35
202200021451,7.99,13.26
202200021452,3.54,6.47
202200021460,3.52,8.23
202200021490,5.31,3.41
202200021526,3.44,19.13
202200021553,9.75,8.72
202200021555,2.24,8.5
202200021557,2.12,5.25
202200021559,4.33,9.17
202200021561,4.19,7.82
202200021564,1.55,6.43
202200021573,9.9,16.21
202200021574,2.51,50.54
202200021583,6.15,22.3
202200021589,6.54,9.51
202200021591,6.37,24.04
202200021607,13.69,9.58
202200021632,3.66,4.53
202200021698,6.98,20.03
202200021712,5.6,8.52
202200021713,6.22,10.92
202200021757,4.81,8.7
202200021758,0.85,3.52
202200021799,7.56,7.82
202200021800,0.4,3.13
202200021804,6.14,8.08
202200021807,4.93,6.74
202200021811,3.32,5.26
202200021815,1.7,10.29
202200021817,1.01,9.61
202200021818,7.3,8.83
202200021819,0.64,8.61
202200021824,5.43,8.12
202200021826,3.7,4.07
202200021830,2.3,5.03
202200021835,7.25,15.88
202200021837,4.29,7.46
202200021840,6.35,12.61
202200021841,4.53,11.17
202200021937,6.72,7.11
202200021967,8.48,7.7
202200021981,5.5,13.4
202200021993,6.31,14.64
202200021994,3.77,5.43
202200021995,6.28,13.54
202200022022,2.46,5.02
202200022023,2.41,8.26
202200022046,7.97,12.05
202200022058,9.97,17.88
202200022059,6.78,25.0
202200022062,4.68,13.85
202200022083,4.1,8.1
202200022150,2.36,5.64
202200022152,4.49,18.2
202200022175,1.43,3.24
202200022177,3.6,12.12
202200022179,3.53,10.2
202200022182,11.77,14.87
202200022183,5.9,11.37
202200022241,2.68,2.11
202200022247,1.94,15.83
202200022252,7.36,23.14
202200022312,1.85,18.7
202200022313,2.51,3.89
202200022314,10.84,10.84
202200022315,2.43,5.16
202200022319,4.58,7.07
202200022321,7.34,23.52
202200022323,3.47,1.25
202200022324,15.12,19.31
202200022357,6.54,11.24
202200022375,1.0,12.93
202200022383,2.08,4.81
202200022385,3.84,5.48
202200022388,2.65,4.59
202200022391,4.43,3.0
202200022392,3.68,4.04
202200022396,2.34,4.29
202200022397,4.66,4.83
202200022400,4.36,4.73
202200022403,4.72,5.91
202200022406,2.93,5.08
202200022411,3.25,4.82
202200022420,8.72,13.98
202200022423,2.87,3.91
202200022426,7.3,9.79
202200022427,17.0,73.61
202200022429,7.76,13.53
202200022430,8.2,20.13
202200022432,3.13,20.22
202200022434,2.34,22.71
202200022448,2.43,3.22
202200022451,4.66,5.15
202200022508,5.6,12.62
202200022509,5.27,7.06
202200022542,3.67,6.69
202200022555,3.32,11.04
202200022557,2.49,15.37
202200022595,7.26,15.1
202200022607,3.17,18.14
202200022616,4.03,19.62
202200022619,7.22,18.27
202200022658,4.09,1.48
202200022663,7.5,6.27
202200022665,6.5,2.84
202200022697,4.99,6.09
202200022707,7.94,19.77
202200022715,3.16,9.59
202200022717,3.68,10.7
202200022719,10.15,9.18
202200022720,2.38,7.08
202200022752,3.79,4.04
202200022754,2.84,2.1
202200022757,2.37,1.55
202200022760,3.93,4.92
202200022762,3.55,5.76
202200022794,2.43,36.58
202200022805,7.33,22.63
202200022830,10.55,6.38
202200022880,7.94,11.68
202200022930,3.28,3.36
202200022931,3.9,4.48
202200022932,3.11,5.43
202200022933,3.04,4.61
202200022934,5.55,7.16
202200022937,4.46,4.26
202200022992,6.76,21.4
202200023016,3.58,4.52
202200023060,2.91,8.21
202200023067,4.45,8.74
202200023068,2.16,4.89
202200023069,9.23,8.64
202200023070,4.3,11.4
202200023071,5.04,5.73
202200023104,3.41,26.92
202200023131,5.21,13.04
202200023134,8.21,18.84
202200023135,2.74,12.56
202200023136,2.54,33.02
202200023137,5.18,10.28
202200023153,5.92,5.24
202200023161,6.58,9.51
202200023275,4.84,61.83
202200023285,7.49,4.28
202200023336,2.56,3.81
202200023378,3.76,6.59
202200023379,1.16,11.4
202200023380,1.72,5.23
202200023382,7.94,4.4
202200023415,4.01,14.46
202200023417,4.4,24.11
202200023427,4.16,4.06
202200023439,4.45,6.68
202200023455,3.05,8.72
202200023456,3.28,6.0
202200023458,10.19,16.51
202200023459,7.42,5.94
202200023495,6.84,6.99
202200023521,6.8,20.85
202200023527,3.72,24.06
202200023555,3.92,19.16
202200023565,2.3,33.44
202200023584,4.84,8.84
202200023594,2.02,15.46
202200023596,0.61,12.84
202200023598,5.76,11.16
202200023617,6.75,15.94
202200023680,1.36,8.29
202200023696,4.69,8.12
202200023698,4.77,4.72
202200023700,4.29,5.3
202200023701,5.64,7.44
202200023703,2.48,9.46
202200023705,4.19,4.28
202200023706,1.94,4.66
202200023708,2.41,11.42
202200023716,0.92,10.72
202200023717,3.7,5.61
202200023729,9.6,11.46
202200023807,5.63,9.08
202200023810,3.48,1.14
202200023811,7.61,4.08
202200023861,9.46,30.92
202200023880,2.62,14.78
202200023890,4.7,9.42
202200023891,7.08,5.18
202200023892,12.83,24.15
202200023899,3.11,9.57
202200023909,3.6,18.26
202200023913,4.82,12.69
202200023923,4.44,0.5
202200023924,1.59,4.1
202200023962,8.63,12.16
202200023966,9.04,7.9
202200023970,3.39,8.4
202200024006,5.05,9.43
202200024009,3.54,2.02
202200024011,7.68,4.28
202200024028,5.35,8.33
202200024031,1.5,5.1
202200024033,1.76,13.84
202200024034,5.17,11.64
202200024049,3.78,4.75
202200024052,4.97,4.01
202200024055,4.97,5.28
202200024094,5.11,8.94
202200024098,5.77,2.45
202200024134,9.28,20.68
202200024137,3.01,14.04
202200024140,2.8,9.58
202200024147,8.75,3.63
202200024149,5.44,1.36
202200024151,5.88,1.8
202200024234,3.68,9.03
202200024238,2.46,3.46
202200024242,4.8,32.24
202200024260,2.1,12.5
202200024296,4.21,5.36
202200024301,6.16,6.21
202200024303,1.0,4.32
202200024305,4.15,14.01
202200024308,9.85,9.48
202200024310,13.55,38.88
202200024335,17.07,53.04
202200024336,4.05,23.85
202200024351,4.65,6.92
202200024360,5.0,59.24
202200024367,6.84,11.3
202200024378,1.8,7.28
202200024398,6.14,15.04
202200024400,5.03,27.82
202200024403,6.09,34.71
202200024404,1.4,24.69
202200024429,6.49,16.01
202200024454,11.27,6.98
202200024461,6.42,22.36
202200024484,4.68,20.66
202200024491,5.14,14.32
202200024509,11.7,45.69
202200024545,3.64,11.37
202200024560,6.33,10.3
202200024568,6.07,16.48
202200024577,8.69,18.51
202200024581,18.01,23.18
202200024610,6.48,16.53
202200024612,3.24,11.19
202200024615,2.57,22.64
202200024616,3.06,38.37
202200024619,16.79,59.83
202200024621,16.0,75.23
202200024624,9.92,23.37
202200024648,5.11,11.53
202200024650,2.66,3.51
202200024703,5.46,30.79
202200024732,3.41,5.02
202200024734,2.12,8.91
202200024736,4.78,7.73
202200024737,1.92,9.72
202200024765,10.4,23.37
202200024770,3.81,8.28
202200024773,3.1,2.59
202200024775,1.17,2.12
202200024777,5.4,6.49
202200024779,4.26,6.72
202200024782,2.14,14.12
202200024794,2.22,6.01
202200024809,10.92,13.97
202200024877,7.62,25.62
202200024909,8.67,16.29
202200024911,12.44,17.47
202200024917,5.44,12.46
202200024919,5.26,11.55
202200024920,3.56,10.95
202200024921,4.53,9.24
202200024922,2.58,5.23
202200024923,5.34,10.35
202200024946,2.75,11.36
202200024947,3.8,10.3
202200024948,3.79,5.59
202200024949,3.38,9.53
202200024950,6.44,8.21
202200024951,7.44,6.23
202200024954,4.86,2.16
202200024955,6.23,3.44
202200024989,6.39,22.43
202200025010,12.47,14.71
202200025022,4.42,7.82
202200025023,7.55,11.1
202200025024,4.49,7.88
202200025060,5.27,13.22
202200025099,5.34,9.67
202200025103,7.39,11.58
202200025104,6.08,2.7
202200025186,3.46,15.28
202200025187,1.79,14.61
202200025223,2.67,7.03
202200025263,6.1,8.1
202200025264,2.46,4.4
202200025265,2.92,5.53
202200025266,4.73,10.12
202200025267,2.62,4.02
202200025317,12.1,18.53
202200025359,5.62,21.6
202200025360,4.7,19.27
202200025363,3.71,19.5
202200025369,6.08,15.32
202200025376,4.66,15.47
202200025383,7.83,9.34
202200025388,5.36,20.33
202200025391,5.21,6.76
202200025392,5.78,11.36
202200025400,3.84,67.76
202200025431,7.05,14.6
202200025432,2.35,59.35
202200025434,3.81,12.69
202200025457,4.59,5.46
202200025459,6.14,7.58
202200025461,8.63,12.17
202200025463,4.16,8.32
202200025514,4.22,6.48
202200025517,2.84,7.47
202200025579,6.37,5.47
202200025580,3.92,2.18
202200025581,1.0,2.51
202200025582,2.33,3.7
202200025583,3.93,6.39
202200025584,5.54,9.83
202200025585,2.09,7.28
202200025586,2.58,10.15
202200025587,6.38,2.49
202200025591,5.13,9.49
202200025592,3.2,6.89
202200025736,1.58,4.31
202200025737,4.54,8.0
202200025738,3.93,4.26
202200025739,3.81,3.31
202200025742,9.49,4.31
202200025772,6.03,18.18
202200025774,6.16,12.12
202200025777,9.11,6.02
202200025806,7.16,7.16
202200025807,6.31,8.37
202200025809,4.55,12.01
202200025811,3.54,26.96
202200025812,4.57,7.42
202200025813,3.21,9.0
202200025815,5.92,27.22
202200025831,5.78,10.46
202200025832,3.78,6.76
202200025833,1.43,7.51
202200025868,6.97,6.77
202200025869,1.85,4.04
202200025870,6.11,7.11
202200025872,2.88,4.81
202200025915,3.13,30.12
202200025919,1.79,25.16
202200025927,8.0,21.02
202200025928,1.91,5.86
202200025932,0.11,1.48
202200025972,9.11,59.83
202200026014,4.25,4.66
202200026023,4.53,13.44
202200026041,5.42,7.28
202200026083,4.18,16.97
202200026086,2.74,8.4
202200026087,3.18,4.44
202200026117,2.46,11.41
202200026119,10.78,14.6
202200026121,4.3,8.59
202200026124,1.07,3.8
202200026126,2.32,4.69
202200026137,5.04,3.97
202200026140,1.25,5.86
202200026144,1.87,1.05
202200026147,2.97,5.06
202200026152,2.15,8.1
202200026155,3.69,5.5
202200026159,7.05,6.84
202200026169,3.24,12.46
202200026172,4.55,22.6
202200026176,8.02,4.49
202200026179,5.18,2.11
202200026233,1.58,7.53
202200026235,4.66,9.43
202200026239,2.91,6.55
202200026242,4.39,6.66
202200026264,4.11,9.54
202200026266,1.88,21.0
202200026269,6.53,2.46
202200026273,5.04,4.14
202200026276,6.55,4.6
202200026279,2.96,7.09
202200026301,7.66,17.14
202200026306,27.02,16.93
202200026312,2.61,11.51
202200026328,4.5,14.23
202200026373,5.07,3.44
202200026402,4.51,8.28
202200026406,2.27,4.25
202200026407,0.82,5.49
202200026408,6.53,8.74
202200026410,2.14,4.88
202200026413,6.9,3.73
202200026415,5.32,17.61
202200026418,2.58,6.28
202200026430,2.97,8.27
202200026437,7.66,7.74
202200026439,3.68,7.43
202200026441,4.0,10.59
202200026444,6.95,5.12
202200026448,3.74,3.79
202200026465,5.22,9.19
202200026480,6.08,13.1
202200026484,6.81,11.91
202200026488,7.73,12.74
202200026494,7.33,10.87
202200026496,5.29,11.21
202200026523,0.86,5.31
202200026532,3.21,9.67
202200026543,5.72,8.99
202200026578,3.24,17.29
202200026583,1.64,25.07
202200026597,3.58,13.71
202200026660,2.76,11.89
202200026662,12.56,3.15
202200026675,4.81,6.61
202200026678,2.69,4.92
202200026680,9.64,12.65
202200026683,2.95,3.5
202200026688,5.92,5.82
202200026690,3.26,21.23
202200026717,11.99,17.41
202200026754,1.55,3.24
202200026755,13.01,18.11
202200026756,2.02,4.2
202200026758,0.74,12.09
202200026761,4.88,15.64
202200026799,3.6,3.25
202200026823,3.52,5.45
202200026868,3.33,3.47
202200026869,5.85,13.72
202200026875,3.34,3.39
202200026902,2.46,3.24
202200026915,2.67,5.4
202200026916,0.38,5.57
202200026917,3.13,7.42
202200026918,2.49,9.0
202200026919,0.56,5.35
202200026963,4.0,4.25
202200026964,8.4,57.38
202200026965,1.26,16.78
202200026979,4.55,13.46
202200026980,6.13,10.83
202200026981,3.24,12.64
202200026985,4.28,5.95
202200026986,6.57,6.36
202200026987,6.51,13.34
202200026988,5.29,10.0
202200027015,10.52,9.95
202200027035,5.67,7.72
202200027037,2.25,5.73
202200027049,8.3,8.01
202200027059,6.22,9.97
202200027077,4.87,8.26
202200027078,10.93,13.98
202200027138,2.34,10.82
202200027139,2.97,2.44
202200027140,2.63,1.8
202200027141,6.07,7.87
202200027142,10.47,14.6
202200027143,3.78,10.48
202200027144,2.27,11.28
202200027196,3.49,5.43
202200027206,1.98,12.54
202200027251,10.21,12.13
202200027276,5.84,12.34
202200027278,8.57,19.78
202200027308,4.59,10.34
202200027329,6.45,2.6
202200027352,5.96,7.06
202200027354,2.67,22.04
202200027357,8.07,25.54
202200027360,1.33,65.52
202200027390,4.44,2.99
202200027391,4.72,4.69
202200027392,13.96,9.86
202200027393,2.08,4.31
202200027395,4.61,7.81
202200027396,5.07,7.02
202200027398,2.32,10.98
202200027400,3.28,2.46
202200027402,4.69,3.18
202200027404,2.39,6.02
202200027406,8.28,8.21
202200027407,7.18,13.44
202200027409,7.74,3.87
202200027511,9.43,25.12
202200027578,7.77,11.38
202200027582,5.42,9.25
202200027583,3.66,6.75
202200027585,4.97,6.77
202200027599,4.94,4.12
202200027638,5.28,19.45
202200027640,7.14,4.97
202200027678,1.44,7.1
202200027743,8.58,15.93
202200027744,4.37,5.72
202200027745,1.74,11.2
202200027746,2.43,5.89
202200027751,9.0,5.16
202200027752,6.77,3.23
202200027753,5.19,2.12
202200027768,6.19,10.59
202200027769,0.97,5.39
202200027810,6.66,9.71
202200027812,5.55,9.94
202200027814,3.5,6.23
202200027815,1.95,4.68
202200027817,3.32,3.97
202200027819,4.61,9.12
202200027820,2.26,6.91
202200027863,6.5,10.37
202200027883,7.42,6.43
202200027884,13.04,9.29
202200027906,8.15,15.85
202200027924,8.78,19.57
202200028023,6.81,2.58
202200028026,7.21,5.96
202200028037,5.78,10.49
202200028040,6.72,10.26
202200028041,6.26,2.85
202200028055,8.02,5.72
202200028086,3.8,7.15
202200028089,6.66,4.79
202200028092,7.12,0.87
202200028095,1.42,7.09
202200028097,4.09,4.81
202200028099,3.7,4.14
202200028102,3.66,3.74
202200028104,3.17,5.09
202200028106,1.34,6.99
202200028108,8.09,6.95
202200028115,3.42,3.63
202200028117,1.63,20.75
202200028119,3.47,9.94
202200028121,2.06,8.65
202200028133,6.55,10.46
202200028213,11.4,18.88
202200028215,4.65,7.19
202200028217,3.88,33.1
202200028220,0.46,12.66
202200028223,3.86,30.35
202200028232,6.01,18.55
202200028249,3.72,4.92
202200028251,3.12,6.24
202200028254,2.05,4.78
202200028258,8.07,20.0
202200028260,4.79,20.03
202200028262,8.31,4.27
202200028265,4.23,6.79
202200028279,7.44,15.83
202200028310,2.28,26.79
202200028312,11.93,17.86
202200028352,3.69,3.76
202200028353,2.62,3.5
202200028355,4.97,5.75
202200028356,3.14,5.37
202200028359,7.52,4.55
202200028363,7.54,0.67
202200028379,4.37,12.07
202200028382,5.14,10.25
202200028384,5.58,5.48
202200028435,2.42,7.4
202200028452,4.0,10.58
202200028454,3.26,10.88
202200028455,2.38,7.78
202200028463,3.69,4.01
202200028465,6.31,1.46
202200028481,5.14,9.24
202200028505,6.27,8.07
202200028507,9.63,12.68
202200028510,4.23,7.63
202200028512,4.36,11.38
202200028515,3.76,4.62
202200028518,6.72,11.42
202200028521,5.96,3.66
202200028531,15.62,12.66
202200028544,9.96,18.21
202200028592,6.38,19.1
202200028602,7.55,31.85
202200028613,2.8,15.36
202200028615,20.53,20.51
202200028656,7.37,11.53
202200028658,5.67,5.57
202200028661,2.48,5.4
202200028663,5.47,8.4
202200028676,1.47,4.04
202200028685,6.26,9.54
202200028687,7.44,13.69
202200028689,7.68,3.81
202200028763,2.84,1.1
202200028764,4.32,7.74
202200028765,4.42,6.82
202200028792,8.28,23.49
202200028794,7.88,11.5
202200028817,13.28,43.26
202200028818,15.81,26.36
202200028827,14.73,20.73
202200028828,8.27,18.01
202200028829,11.44,10.91
202200028830,4.01,18.9
202200028831,2.19,10.76
202200028832,8.18,17.97
202200028843,5.93,6.53
202200028844,3.24,11.03
202200028911,2.78,4.03
202200028919,3.2,7.87
202200028926,4.18,1.96
202200028941,6.01,2.41
202200028943,5.28,5.18
202200029007,3.95,8.28
202200029008,1.48,4.91
202200029009,3.22,4.78
202200029010,2.87,4.27
202200029012,6.84,21.12
202200029013,6.94,3.41
202200029078,4.58,19.57
202200029079,6.09,15.06
202200029085,14.87,14.6
202200029087,0.65,62.17
202200029097,3.86,5.38
202200029125,3.03,7.08
202200029159,5.22,7.43
202200029187,2.1,4.08
202200029188,2.4,10.2
202200029189,7.31,13.65
202200029219,1.28,4.72
202200029220,3.0,4.8
202200029224,3.5,5.04
202200029229,7.25,5.4
202200029230,0.52,7.02
202200029231,2.87,2.94
202200029236,2.84,6.14
202200029238,4.39,6.5
202200029241,7.0,9.07
202200029242,6.56,22.7
202200029244,7.45,7.31
202200029245,6.35,41.83
202200029255,7.36,8.88
202200029273,4.13,19.46
202200029276,2.04,9.66
202200029278,6.02,14.37
202200029281,1.82,25.1
202200029284,0.61,14.07
202200029319,7.06,8.33
202200029320,4.87,7.32
202200029324,4.89,1.58
202200029364,7.28,17.37
202200029393,6.43,15.67
202200029399,2.66,2.87
202200029405,9.12,17.51
202200029429,6.43,9.35
202200029431,3.59,8.82
202200029435,4.94,5.27
202200029441,14.74,23.31
202200029452,8.46,7.35
202200029454,3.16,8.78
202200029458,4.28,11.42
202200029459,1.98,21.32
202200029485,3.54,11.21
202200029508,5.71,17.42
202200029513,2.75,13.8
202200029526,5.29,24.45
202200029548,4.12,4.45
202200029559,2.49,26.07
202200029585,30.32,86.93
202200029595,5.3,3.29
202200029602,10.7,43.36
202200029631,9.56,25.72
202200029632,10.63,19.87
202200029637,3.36,17.4
202200029639,17.66,21.72
202200029651,5.0,11.03
202200029655,2.4,5.13
202200029657,1.55,4.98
202200029659,6.96,9.73
202200029661,11.85,60.26
202200029663,12.3,17.88
202200029666,3.01,11.66
202200029669,4.06,5.98
202200029696,5.01,7.42
202200029703,3.71,3.25
202200029707,5.28,9.99
202200029719,2.38,8.04
202200029768,3.09,4.47
202200029769,4.88,3.89
202200029807,7.75,6.61
202200029808,1.27,10.85
202200029809,3.43,9.75
202200029810,5.94,7.08
202200029811,5.68,4.55
202200029812,3.26,4.29
202200029813,5.27,10.43
202200029845,2.76,4.12
202200029851,11.26,13.23
202200029866,1.0,1.91
202200029869,26.23,43.49
202200029877,1.86,28.05
202200029888,6.96,14.46
202200029889,5.36,8.28
202200029924,3.86,7.4
202200029988,5.84,6.52
202200030019,5.22,11.33
202200030021,7.98,20.6
202200030023,2.52,17.19
202200030025,10.05,35.23
202200030026,3.05,17.93
202200030028,9.19,12.72
202200030080,11.26,42.2
202200030093,2.1,25.48
202200030095,2.56,3.35
202200030100,5.34,5.47
202200030102,8.49,4.66
202200030105,3.64,21.19
202200030107,5.5,19.98
202200030145,5.66,18.05
202200030147,5.92,11.45
202200030149,3.68,17.24
202200030180,8.93,8.68
202200030212,6.69,1.41
202200030213,6.66,6.56
202200030216,6.53,12.56
202200030255,7.22,20.48
202200030269,9.75,9.74
202200030289,6.51,5.68
202200030292,4.62,4.96
202200030339,9.84,17.5
202200030341,3.8,14.46
202200030347,8.28,7.74
202200030352,2.55,10.25
202200030371,9.4,5.86
202200030373,3.86,15.42
202200030408,5.8,20.15
202200030410,3.18,13.38
202200030459,4.24,12.68
202200030498,2.07,3.32
202200030500,6.78,3.05
202200030501,3.7,5.6
202200030504,4.25,2.78
202200030530,4.17,2.82
202200030532,4.14,9.49
202200030534,2.13,11.0
202200030535,1.98,4.21
202200030537,1.9,2.98
202200030539,3.49,3.58
202200030541,5.32,6.59
202200030575,6.3,4.58
202200030606,2.11,3.91
202200030609,4.66,7.86
202200030611,5.46,10.03
202200030615,11.3,4.41
202200030622,9.57,8.55
202200030623,6.82,3.99
202200030624,3.21,2.39
202200030625,5.65,7.91
202200030626,3.82,3.91
202200030628,2.56,7.25
202200030629,1.15,6.34
202200030630,1.31,5.99
202200030631,7.16,14.72
202200030632,5.98,9.1
202200030633,6.38,2.94
202200030635,2.44,7.12
202200030749,4.97,13.45
202200030774,3.36,4.88
202200030775,3.32,5.25
202200030816,3.66,6.83
202200030818,4.2,2.59
202200030829,1.83,5.93
202200030832,3.27,4.29
202200030834,3.88,12.5
202200030836,7.44,5.22
202200030839,2.71,5.55
202200030906,8.58,6.25
202200030910,1.85,8.81
202200030912,7.18,13.27
202200030921,10.56,10.61
202200030928,28.12,25.48
202200030938,3.18,24.72
202200030939,3.26,23.8
202200030940,3.05,9.86
202200030961,2.56,15.71
202200030996,3.1,5.32
202200030997,4.74,6.16
202200030998,3.81,8.51
202200031000,5.43,1.35
202200031001,4.79,11.25
202200031003,9.32,8.19
202200031058,4.51,70.83
202200031072,4.71,12.74
202200031073,8.34,13.65
202200031074,6.41,23.05
202200031075,5.29,10.16
202200031079,3.41,5.21
202200031108,3.93,8.62
202200031110,0.33,1.43
202200031113,1.8,5.15
202200031114,7.39,9.96
202200031116,4.53,20.67
202200031161,3.84,22.96
202200031175,4.17,21.6
202200031217,7.45,20.74
202200031231,5.18,25.04
202200031274,5.61,5.51
202200031281,10.86,9.72
202200031301,9.6,8.46
202200031305,3.14,4.94
202200031308,1.22,4.66
202200031310,3.77,6.28
202200031311,4.93,5.74
202200031314,3.78,2.26
202200031356,5.28,6.4
202200031359,6.56,5.57
202200031364,5.83,10.55
202200031442,3.95,7.37
202200031444,3.14,3.87
202200031445,4.53,6.45
202200031447,3.23,8.53
202200031450,3.68,6.4
202200031452,2.21,5.98
202200031455,3.48,1.26
202200031458,4.61,6.97
202200031461,7.02,12.61
202200031464,5.39,18.38
202200031567,3.41,12.32
202200031569,7.2,49.96
202200031570,2.5,56.88
202200031573,11.88,24.94
202200031614,4.68,7.35
202200031616,9.23,18.52
202200031619,6.56,15.47
202200031622,4.08,33.3
202200031624,3.36,6.25
202200031643,8.38,13.39
202200031693,2.19,6.28
202200031694,4.16,10.0
202200031705,5.3,13.73
202200031706,3.97,8.67
202200031707,5.3,13.73
202200031733,1.95,8.84
202200031748,3.49,8.84
202200031749,6.0,7.86
202200031750,4.68,7.36
202200031751,3.13,4.71
202200031752,2.83,4.85
202200031753,1.89,6.05
202200031754,6.99,13.62
202200031755,5.38,5.37
202200031776,5.64,7.58
202200031780,1.98,34.31
202200031791,27.22,27.21
202200031799,6.83,17.78
202200031808,5.87,14.68
202200031814,6.09,10.8
202200031815,6.17,11.17
202200031816,5.44,12.27
202200031846,6.25,6.69
202200031864,2.84,4.79
202200031865,0.21,5.74
202200031866,5.27,7.96
202200031867,3.53,3.07
202200031868,2.27,4.07
202200031869,0.02,13.0
202200031873,6.1,7.2
202200031874,5.67,20.64
202200031875,7.02,3.48
202200031904,5.76,8.69
202200031905,6.16,5.77
202200031906,5.59,8.52
202200031907,6.02,15.38
202200031943,3.34,21.17
202200031975,3.84,7.59
202200031977,4.25,8.54
202200031979,3.95,4.98
202200031983,2.42,8.13
202200031985,7.45,20.09
202200031988,5.36,4.95
202200032011,9.79,23.25
202200032012,13.69,43.54
202200032014,6.32,62.97
202200032018,3.78,16.66
202200032020,8.72,14.56
202200032075,1.98,15.2
202200032126,5.81,52.75
202200032128,15.54,62.49
202200032133,2.73,17.71
202200032144,2.14,18.04
202200032146,4.68,6.24
202200032148,4.56,3.34
202200032150,6.31,17.01
202200032152,8.11,17.01
202200032153,2.91,17.5
202200032155,10.68,12.44
202200032165,3.9,4.76
202200032166,5.37,8.3
202200032167,4.29,2.49
202200032186,8.36,4.83
202200032194,3.1,2.56
202200032209,4.9,4.0
202200032212,5.2,4.48
202200032224,3.36,11.84
202200032226,4.64,13.12
202200032228,7.73,14.76
202200032229,4.84,14.56
202200032273,1.57,7.27
202200032275,1.95,4.57
202200032276,2.7,5.44
202200032297,6.29,9.1
202200032351,2.87,6.3
202200032356,6.46,10.85
202200032358,4.76,12.32
202200032368,6.92,5.06
202200032373,5.21,19.69
202200032377,2.04,32.89
202200032406,5.83,6.52
202200032413,6.07,8.23
202200032416,6.82,9.36
202200032435,8.17,18.96
202200032459,8.05,13.8
202200032531,2.02,3.28
202200032532,3.57,5.28
202200032533,1.2,3.93
202200032534,3.52,10.1
202200032538,4.36,3.72
202200032539,1.18,18.27
202200032619,8.54,6.64
202200032629,6.28,15.45
202200032631,2.19,14.5
202200032650,4.47,2.69
202200032651,1.5,2.05
202200032652,3.17,9.2
202200032654,3.08,5.78
202200032656,1.93,6.05
202200032658,9.47,4.28
202200032665,3.54,6.47
202200032667,4.03,6.26
202200032747,4.64,31.12
202200032750,2.31,5.28
202200032751,4.3,33.79
202200032805,0.73,2.08
202200032835,11.68,38.16
202200032863,9.39,17.85
202200032874,4.69,20.58
202200032877,4.44,37.33
202200032932,3.93,8.93
202200032935,3.51,6.49
202200032937,4.32,5.98
202200032959,4.9,11.14
202200032962,4.22,7.99
202200032966,3.19,4.57
202200032969,1.22,10.0
202200032972,6.01,8.58
202200032978,2.43,2.28
202200032981,8.04,3.96
202200032984,6.08,4.61
202200032992,4.65,14.06
202200032995,2.16,4.14
202200032998,4.2,3.48
202200033072,1.81,25.18
202200033077,2.98,5.53
202200033078,3.69,5.9
202200033083,2.37,9.31
202200033086,2.46,4.63
202200033088,1.45,5.56
202200033091,1.27,6.06
202200033101,3.87,3.18
202200033105,5.08,13.65
202200033107,4.24,22.96
202200033110,7.25,3.91
202200033132,4.54,4.8
202200033135,0.46,12.78
202200033140,6.6,8.55
202200033145,4.74,4.1
202200033153,9.23,20.0
202200033231,2.89,4.71
202200033241,5.34,11.57
202200033294,4.59,20.02
202200033295,6.59,10.02
202200033299,4.62,4.99
202200033301,0.4,1.54
202200033302,4.91,6.86
202200033304,3.65,9.16
202200033306,2.21,5.47
202200033307,3.21,5.01
202200033308,3.49,3.66
202200033312,3.35,6.82
202200033318,8.43,21.06
202200033319,3.81,19.05
202200033321,7.81,4.7
202200033366,3.66,5.92
202200033369,6.69,6.12
202200033390,11.27,16.62
202200033410,2.86,11.16
202200033465,14.24,29.1
202200033482,3.96,75.54
202200033494,4.08,12.84
202200033503,6.23,16.52
202200033510,9.67,46.24
202200033515,6.38,16.34
202200033517,18.14,34.78
202200033541,5.28,13.72
202200033543,3.38,8.39
202200033559,7.73,9.25
202200033579,3.96,11.99
202200033583,1.37,10.7
202200033610,2.25,5.71
202200033611,1.54,3.48
202200033614,5.54,12.04
202200033615,6.82,3.28
202200033642,1.91,9.79
202200033645,4.78,4.15
202200033687,4.86,14.4
202200033701,4.07,6.55
202200033722,2.73,3.67
202200033758,3.78,6.01
202200033759,4.26,9.44
202200033760,3.11,4.98
202200033782,2.13,3.18
202200033783,5.66,7.32
202200033785,5.68,12.4
202200033786,12.63,16.03
202200033790,7.02,13.65
202200033875,1.62,49.3
202200033876,8.29,13.34
202200033881,6.33,12.69
202200033892,7.62,17.85
202200033893,3.62,20.26
202200033904,4.54,6.94
202200033922,2.97,22.98
202200033963,4.88,3.65
202200034012,5.1,4.31
202200034014,4.56,7.14
202200034015,2.03,3.03
202200034018,3.93,6.21
202200034020,3.58,5.38
202200034021,0.93,4.57
202200034028,4.11,3.99
202200034029,1.74,3.73
202200034057,5.69,6.27
202200034073,7.5,20.56
202200034078,1.56,0.55
202200034095,7.96,22.74
202200034107,7.93,8.15
202200034109,5.57,6.44
202200034207,4.22,5.99
202200034209,6.14,6.72
202200034216,4.89,4.24
202200034218,3.95,7.53
202200034219,6.58,13.76
202200034220,2.21,5.19
202200034221,1.29,7.75
202200034293,6.66,2.43
202200034295,7.48,14.48
202200034308,14.76,47.42
202200034326,4.38,3.5
202200034334,2.63,11.24
202200034335,4.5,8.18
202200034336,2.17,3.97
202200034337,4.66,6.57
202200034338,7.03,5.33
202200034340,6.96,6.58
202200034342,7.16,11.54
202200034403,5.61,4.88
202200034419,5.23,48.71
202200034421,4.58,11.37
202200034460,7.31,12.34
202200034462,7.4,7.14
202200034463,2.36,3.0
202200034475,3.17,32.86
202200034493,7.12,14.3
202200034515,7.56,11.29
202200034517,2.5,5.41
202200034523,4.38,9.81
202200034524,4.31,11.93
202200034527,2.8,6.23
202200034532,4.08,3.21
202200034535,6.57,8.26
202200034541,5.65,3.43
202200034564,2.06,3.05
202200034567,6.74,3.66
202200034570,0.59,14.87
202200034588,6.01,2.75
202200034634,4.48,17.54
202200034642,13.1,11.63
202200034682,1.55,14.4
202200034689,2.54,12.27
202200034697,3.88,18.97
202200034707,10.14,13.92
202200034717,4.0,18.48
202200034727,5.3,7.79
202200034733,4.86,4.41
202200034735,8.98,8.99
202200034737,3.68,33.37
202200034756,8.89,14.25
202200034765,2.34,15.31
202200034768,9.77,32.26
202200034769,3.36,6.28
202200034770,5.83,6.16
202200034815,1.61,3.62
202200034831,1.64,30.0
202200034835,4.97,33.34
202200034838,5.77,44.45
202200034841,4.48,18.76
202200034865,4.37,9.66
202200034867,5.34,6.11
202200034870,5.49,4.65
202200034928,3.93,8.21
202200034933,2.77,4.92
202200034938,5.19,7.6
202200034943,5.87,8.66
202200034950,1.42,5.98
202200034955,0.38,1.27
202200034972,7.8,9.54
202200035003,4.56,4.56
202200035042,7.93,8.75
202200035044,1.28,6.48
202200035046,9.09,20.48
202200035047,3.15,10.53
202200035049,2.93,4.73
202200035054,3.74,7.49
202200035056,3.48,8.83
202200035058,7.19,6.34
202200035061,1.67,0.85
202200035063,3.2,5.07
202200035074,9.41,4.23
202200035088,5.53,7.92
202200035140,8.65,13.26
202200035145,8.03,31.75
202200035153,5.82,20.44
202200035188,1.28,12.95
202200035194,1.86,19.56
202200035237,4.7,5.56
202200035272,5.43,20.48
202200035285,4.51,4.55
202200035299,9.41,19.98
202200035315,7.26,6.12
202200035318,4.8,6.6
202200035321,5.7,7.51
202200035323,7.15,12.31
202200035330,5.36,9.72
202200035332,9.65,12.67
202200035334,6.14,2.6
202200035336,3.93,10.4
202200035337,3.95,10.42
202200035424,2.92,5.65
202200035436,10.76,17.88
202200035438,6.61,12.58
202200035440,1.77,1.27
202200035453,1.72,18.39
202200035512,7.4,5.07
202200035534,2.35,17.84
202200035563,6.79,4.9
202200035585,6.36,10.48
202200035637,5.44,9.73
202200035638,4.32,6.72
202200035639,0.32,10.06
202200035640,2.95,6.02
202200035641,7.33,10.1
202200035642,6.38,8.94
202200035644,4.27,4.65
202200035645,9.0,2.62
202200035646,7.08,10.69
202200035647,3.7,10.68
202200035648,0.63,22.32
202200035650,7.17,4.89
202200035652,4.49,2.42
202200035654,0.6,5.85
202200035696,2.22,4.95
202200035698,2.97,9.0
202200035700,3.56,5.97
202200035701,6.85,9.17
202200035703,7.66,2.2
202200035705,5.13,7.68
202200035706,3.2,5.66
202200035711,6.4,21.49
202200035766,3.75,2.02
202200035796,3.33,11.29
202200035798,3.92,30.91
202200035804,8.62,19.26
202200035817,8.05,6.61
202200035823,6.89,8.99
202200035828,12.46,13.2
202200035836,10.54,9.4
202200035837,7.82,11.36
202200035864,6.84,5.14
202200035890,3.28,7.38
202200035891,7.8,6.81
202200035922,9.65,8.94
202200035931,6.46,6.18
202200035935,3.98,6.9
202200035936,6.78,2.26
202200035982,3.08,3.7
202200035983,2.43,7.06
202200035984,8.91,11.28
202200035985,0.35,3.73
202200035986,6.05,2.97
202200035993,6.34,5.74
202200035994,11.39,17.64
202200036046,6.87,6.28
202200036047,4.94,11.37
202200036049,2.16,28.04
202200036050,8.24,23.68
202200036053,6.19,16.48
202200036089,8.9,17.04
202200036119,8.09,13.1
202200036163,4.04,17.58
202200036167,4.03,2.71
202200036168,5.62,5.34
202200036169,5.11,16.8
202200036170,10.71,19.07
202200036181,4.87,9.03
202200036183,5.41,10.11
202200036210,4.2,14.19
202200036250,1.88,13.43
202200036257,2.64,6.5
202200036265,4.53,16.44
202200036283,5.65,15.97
202200036287,6.7,12.66
202200036306,4.66,10.14
202200036321,5.84,19.94
202200036326,6.87,11.89
202200036335,4.37,6.48
202200036364,3.79,6.72
202200036365,5.87,11.92
202200036369,3.02,9.48
202200036374,1.59,6.52
202200036376,3.68,16.56
202200036380,6.6,15.99
202200036384,4.95,3.39
202200036387,5.24,5.58
202200036390,5.47,10.0
202200036448,8.64,15.07
202200036452,1.38,9.94
202200036455,6.69,5.88
202200036460,2.9,14.65
202200036486,6.37,17.75
202200036503,3.99,3.99
202200036504,7.3,9.28
202200036508,2.73,16.55
202200036511,8.39,8.65
202200036520,4.93,12.54
202200036530,4.24,8.22
202200036533,5.52,8.45
202200036537,2.33,7.03
202200036540,5.77,9.31
202200036543,5.27,9.97
202200036547,3.87,4.74
202200036635,4.59,6.99
202200036638,2.08,4.81
202200036643,1.97,1.14
202200036648,5.94,7.45
202200036660,8.23,12.29
202200036662,6.36,5.23
202200036664,6.09,10.62
202200036666,4.72,6.67
202200036668,2.31,5.04
202200036673,1.43,5.54
202200036676,10.77,13.78
202200036678,0.74,5.62
202200036681,4.78,5.73
202200036753,0.94,5.27
202200036760,6.45,13.03
202200036765,2.7,4.5
202200036797,2.24,14.01
202200036818,3.89,22.96
202200036823,4.46,20.73
202200036827,9.31,15.77
202200036849,7.66,11.44
202200036862,4.97,17.05
202200036867,11.94,21.48
202200036877,4.83,7.28
202200036900,5.85,5.64
202200036937,3.85,15.84
202200036938,10.65,22.03
202200036985,5.13,10.88
202200036989,4.7,6.46
202200036990,2.66,22.52
202200036992,5.3,5.2
202200036995,10.51,9.37
202200036998,8.91,7.77
202200037002,10.66,13.05
202200037012,11.53,11.91
202200037031,7.54,17.29
202200037033,2.84,17.93
202200037057,4.04,19.09
202200037076,8.99,3.81
202200037078,3.06,11.55
202200037081,2.1,11.61
202200037084,2.34,5.1
202200037091,1.03,5.95
202200037093,1.19,1.62
202200037095,6.95,6.85
202200037099,2.52,4.41
202200037102,8.89,19.64
202200037128,3.61,4.49
202200037131,11.73,10.7
202200037178,4.01,14.65
202200037184,2.55,4.78
202200037185,3.76,5.92
202200037186,9.16,8.09
202200037187,4.82,7.22
202200037188,3.98,13.91
202200037190,0.43,6.38
202200037192,5.73,9.01
202200037193,7.0,13.63
202200037221,1.19,27.67
202200037226,11.49,10.48
202200037235,5.89,5.49
202200037247,4.51,20.12
202200037249,11.38,12.92
202200037299,3.04,6.57
202200037300,3.04,4.96
202200037302,4.67,5.31
202200037304,1.3,5.3
202200037305,6.32,4.78
202200037343,6.78,7.6
202200037345,4.1,8.1
202200037346,2.05,4.78
202200037347,2.53,2.07
202200037348,2.22,6.55
202200037349,4.22,7.14
202200037351,2.04,2.8
202200037353,3.96,4.85
202200037355,5.24,5.0
202200037373,3.18,4.7
202200037431,9.23,8.4
202200037433,7.38,8.09
202200037448,3.79,16.44
202200037449,6.17,45.66
202200037458,2.16,41.24
202200037460,6.97,5.07
202200037471,8.34,65.98
202200037473,11.31,21.92
202200037475,5.82,12.94
202200037488,6.46,23.42
202200037489,8.43,11.46
202200037490,11.44,16.69
202200037491,10.08,9.06
202200037494,4.3,5.13
202200037539,5.68,14.12
202200037541,3.42,11.22
202200037543,2.33,7.04
202200037569,22.02,41.96
202200037593,1.74,16.18
202200037606,10.46,12.28
202200037607,11.22,11.22
202200037617,5.67,12.73
202200037618,7.28,9.19
202200037663,2.79,6.54
202200037664,2.26,6.91
202200037665,1.98,2.92
202200037666,3.36,4.44
202200037667,4.33,9.18
202200037668,3.42,2.84
202200037669,4.12,19.37
202200037670,3.15,9.61
202200037697,9.67,13.2
202200037714,1.87,13.36
202200037717,6.47,7.28
202200037743,7.42,64.69
202200037785,4.24,12.82
202200037786,6.91,8.3
202200037812,2.61,6.31
202200037813,4.67,4.41
202200037814,4.54,4.27
202200037856,3.37,4.25
202200037857,2.52,4.72
202200037858,5.62,8.63
202200037859,4.6,8.34
202200037860,3.1,4.48
202200037887,5.02,6.82
202200037911,2.59,4.78
202200037960,8.99,7.85
202200037961,1.38,3.55
202200037963,2.57,4.37
202200037964,6.92,9.2
202200037965,3.03,6.32
202200037972,5.15,2.93
202200038011,4.58,3.6
202200038040,2.01,9.92
202200038048,9.65,6.91
202200038062,4.72,13.37
202200038120,4.01,11.65
202200038121,5.41,10.93
202200038124,1.53,9.0
202200038125,6.57,9.59
202200038126,3.58,4.5
202200038127,5.82,15.4
202200038129,14.68,57.34
202200038131,2.34,16.16
202200038141,4.01,7.99
202200038143,2.28,12.69
202200038197,1.04,4.91
202200038199,3.61,9.9
202200038254,7.56,15.26
202200038271,5.78,14.78
202200038276,4.55,19.17
202200038285,4.31,28.52
202200038310,2.87,4.98
202200038340,7.54,10.85
202200038342,5.17,23.53
202200038344,4.71,25.72
202200038355,8.85,7.72
202200038383,4.02,7.7
202200038387,5.92,17.04
202200038390,7.82,25.28
202200038391,4.12,12.0
202200038405,1.12,5.83
202200038409,9.12,16.14
202200038413,4.1,8.81
202200038416,9.2,8.07
202200038418,6.19,10.9
202200038460,1.34,10.38
202200038462,4.56,8.0
202200038481,2.56,13.58
202200038484,0.78,5.25
202200038489,3.68,4.68
202200038492,4.1,2.6
202200038493,6.48,8.8
202200038495,3.87,2.74
202200038497,8.49,4.96
202200038518,2.01,13.2
202200038567,6.02,2.84
202200038589,9.74,10.99
202200038601,7.63,10.75
202200038623,7.59,7.75
202200038660,3.43,5.63
202200038664,5.92,7.31
202200038668,2.31,3.04
202200038670,5.7,7.69
202200038672,9.21,8.07
202200038673,2.57,4.94
202200038675,3.96,3.86
202200038676,4.01,4.87
202200038677,4.51,7.0
202200038678,5.49,7.9
202200038680,2.86,24.89
202200038693,1.32,3.82
202200038733,6.11,14.54
202200038737,5.08,5.94
202200038761,6.95,13.32
202200038769,5.13,3.47
202200038773,3.93,3.36
202200038793,2.32,29.31
202200038795,17.58,34.02
202200038828,8.47,21.45
202200038865,8.26,21.79
202200038874,2.28,18.38
202200038887,6.01,62.66
202200038890,4.32,12.97
202200038892,9.52,15.37
202200038893,1.28,10.44
202200038896,3.26,4.2
202200038898,1.95,3.9
202200038911,7.55,2.91
202200038913,3.17,3.93
202200038915,4.83,7.24
202200038916,2.98,9.45
202200038919,2.48,7.71
202200038933,3.62,10.65
202200038960,5.24,7.7
202200038983,3.35,9.25
202200038985,4.04,7.31
202200038988,4.85,11.27
202200039054,3.66,6.85
202200039057,6.65,4.44
202200039072,1.11,4.62
202200039159,4.81,6.61
202200039161,4.44,5.76
202200039162,2.83,4.2
202200039164,2.66,5.39
202200039166,5.29,8.22
202200039167,6.72,7.46
202200039168,4.76,9.32
202200039169,6.14,2.03
202200039170,2.17,5.44
202200039171,4.84,3.5
202200039172,2.39,7.72
202200039175,5.91,4.92
202200039176,5.04,6.15
202200039178,9.28,18.26
202200039180,9.99,16.62
202200039182,4.05,22.71
202200039231,6.84,8.91
202200039233,3.06,22.18
202200039236,8.4,5.96
202200039238,6.55,2.88
202200039266,4.17,5.25
202200039268,8.94,11.25
202200039270,1.24,1.62
202200039271,2.12,3.92
202200039273,2.71,6.01
202200039306,8.75,7.36
202200039310,2.11,19.33
202200039317,14.07,22.29
202200039349,13.1,21.39
202200039353,2.86,11.79
202200039356,1.01,24.39
202200039361,18.91,15.06
202200039373,6.9,3.62
202200039374,7.49,25.39
202200039388,6.97,9.4
202200039389,4.14,5.01
202200039392,8.94,7.8
202200039439,2.46,4.82
202200039440,0.95,2.34
202200039441,8.86,4.57
202200039496,5.56,11.62
202200039539,9.45,9.42
202200039541,1.73,8.02
202200039542,3.99,13.42
202200039544,3.17,5.72
202200039546,2.87,5.94
202200039548,2.46,5.89
202200039550,5.1,11.83
202200039578,2.79,17.77
202200039619,4.71,47.82
202200039620,4.39,22.98
202200039630,13.99,9.88
202200039631,5.0,4.18
202200039653,4.94,19.38
202200039657,1.49,13.92
202200039663,3.32,23.79
202200039672,4.06,5.96
202200039673,2.93,10.56
202200039701,3.03,13.27
202200039702,8.78,11.81
202200039703,4.41,7.86
202200039704,4.78,11.25
202200039705,2.43,8.38
202200039706,1.36,10.76
202200039711,5.34,10.03
202200039712,7.58,3.5
202200039746,2.08,10.99
202200039789,6.48,12.95
202200039791,6.7,10.31
202200039793,7.36,3.95
202200039824,2.0,17.5
202200039860,6.02,15.45
202200039870,8.7,8.1
202200039897,5.49,2.25
202200039956,6.15,12.44
202200039958,5.46,6.33
202200039959,7.12,17.91
202200039961,3.94,8.1
202200039963,6.96,6.97
202200039966,4.1,7.64
202200039968,6.1,11.85
202200039970,5.46,8.39
202200039973,7.24,5.72
202200039975,6.16,13.42
202200039978,3.86,4.39
202200039980,3.33,4.51
202200040018,3.2,4.72
202200040020,2.65,4.67
202200040062,4.74,6.55
202200040094,3.94,9.75
202200040162,7.75,3.52
202200040165,2.79,4.71
202200040168,3.35,1.51
202200040205,2.37,6.7
202200040207,7.0,9.57
202200040209,4.31,4.74
202200040262,3.92,4.92
202200040264,3.34,6.47
202200040265,7.15,10.91
202200040266,3.97,12.18
202200040336,8.53,23.74
202200040340,4.22,15.62
202200040355,10.52,6.97
202200040358,3.36,1.63
202200040360,2.9,8.38
202200040361,2.96,10.83
202200040362,2.61,19.08
202200040363,2.51,10.28
202200040365,5.3,9.85
202200040367,3.8,3.2
202200040369,4.43,7.24
202200040370,7.18,5.28
202200040371,2.64,8.69
202200040381,3.52,6.7
202200040382,7.59,15.56
202200040457,2.41,41.48
202200040470,7.44,7.98
202200040473,14.47,30.51
202200040480,3.44,15.27
202200040486,5.22,19.85
202200040519,4.94,5.81
202200040523,5.27,9.98
202200040526,5.22,9.38
202200040534,2.44,17.3
202200040537,4.16,16.4
202200040539,3.72,10.49
202200040544,5.77,30.55
202200040546,3.64,12.82
202200040573,4.89,15.2
202200040579,6.42,16.74
202200040606,7.82,14.78
202200040610,4.4,23.46
202200040631,4.6,4.65
202200040683,0.28,15.72
202200040702,5.54,4.64
202200040705,4.54,8.83
202200040707,2.26,4.97
202200040709,6.83,6.56
202200040710,6.03,7.98
202200040713,4.42,2.92
202200040714,6.33,9.63
202200040722,7.6,11.98
202200040725,7.05,4.31
202200040726,6.29,8.2
202200040731,4.98,21.78
202200040734,8.32,6.85
202200040742,6.32,10.71
202200040745,2.08,9.88
202200040766,7.44,5.59
202200040824,4.88,18.33
202200040838,1.7,13.06
202200040847,6.67,5.45
202200040850,3.92,3.71
202200040854,6.81,11.92
202200040878,7.19,34.48
202200040902,6.76,5.79
202200040915,1.92,7.86
202200040941,4.75,9.45
202200040944,4.43,7.36
202200040947,4.85,9.85
202200040969,5.48,3.8
202200040974,4.37,24.33
202200041001,2.35,5.33
202200041004,2.44,3.96
202200041072,9.57,10.34
202200041074,2.17,8.12
202200041076,0.93,3.96
202200041088,10.59,37.04
202200041103,3.65,5.04
202200041106,6.86,7.23
202200041113,2.42,8.13
202200041115,1.36,2.62
202200041116,7.65,4.96
202200041146,3.43,11.22
202200041172,9.08,10.6
202200041183,5.0,13.91
202200041199,5.69,32.61
202200041200,10.21,22.61
202200041231,4.27,4.36
202200041233,6.18,13.37
202200041292,3.43,4.46
202200041294,3.29,5.46
202200041296,2.21,2.8
202200041298,3.03,5.6
202200041302,6.3,2.74
202200041303,5.34,11.8
202200041309,1.87,4.57
202200041311,10.19,14.5
202200041313,2.46,11.65
202200041315,2.87,3.82
202200041317,2.85,2.24
202200041319,6.65,3.86
202200041320,3.18,5.28
202200041392,12.61,15.27
202200041394,4.16,13.14
202200041413,4.37,17.59
202200041420,0.78,5.94
202200041422,3.69,12.44
202200041423,1.0,8.35
202200041425,6.17,20.0
202200041430,8.18,11.71
202200041436,6.0,18.17
202200041440,5.77,20.74
202200041451,5.36,9.34
202200041453,4.8,9.51
202200041478,1.07,4.39
202200041481,3.04,4.17
202200041482,5.06,4.33
202200041538,3.5,8.05
202200041539,1.82,59.56
202200041540,3.39,11.86
202200041556,5.62,5.52
202200041642,3.1,1.74
202200041643,1.94,6.86
202200041644,2.95,7.03
202200041645,8.07,1.69
202200041648,6.1,10.69
202200041649,5.97,9.09
202200041704,1.98,4.71
202200041706,9.4,18.82
202200041709,7.67,13.18
202200041713,4.73,18.16
202200041714,2.6,19.24
202200041721,4.73,8.13
202200041722,8.94,7.8
202200041723,9.16,8.02
202200041749,6.46,5.73
202200041750,2.96,4.09
202200041751,2.75,3.36
202200041789,4.28,7.21
202200041790,4.81,6.9
202200041791,1.79,5.45
202200041792,3.02,8.33
202200041800,6.07,7.64
202200041801,2.86,3.57
202200041829,9.14,10.39
202200041831,4.8,16.32
202200041849,4.28,13.66
202200041850,8.99,20.92
202200041851,8.5,16.33
202200041933,8.0,6.86
202200041934,6.33,5.19
202200041935,2.68,10.69
202200041936,9.18,8.68
202200041937,4.13,3.3
202200041938,0.6,1.05
202200041939,3.28,2.72
202200041940,4.92,8.85
202200041941,2.85,2.82
202200041942,7.59,5.05
202200041946,5.1,4.46
202200041947,6.28,20.52
202200041948,5.72,3.27
202200042073,4.42,15.26
202200042075,8.71,19.46
202200042135,4.55,15.8
202200042139,18.35,18.19
202200042142,8.77,6.88
202200042144,4.23,10.07
202200042152,3.78,8.48
202200042154,4.3,10.05
202200042155,3.96,10.98
202200042241,6.03,4.89
202200042243,3.94,10.68
202200042255,3.52,4.49
202200042257,1.83,0.57
202200042272,4.54,4.61
202200042275,3.89,9.24
202200042277,2.6,4.39
202200042286,3.53,10.59
202200042292,2.9,2.32
202200042295,2.3,3.29
202200042302,2.01,4.18
202200042307,6.94,8.67
202200042311,2.89,4.84
202200042317,6.66,8.6
202200042318,6.26,12.07
202200042325,4.52,0.85
202200042329,6.01,7.57
202200042346,4.61,11.9
202200042418,10.45,11.32
202200042424,4.0,22.92
202200042440,2.67,90.27
202200042447,8.93,15.1
202200042450,6.95,5.51
202200042472,6.26,42.91
202200042474,6.72,19.22
202200042498,3.87,19.5
202200042501,5.12,18.94
202200042504,3.83,12.01
202200042516,5.66,5.38
202200042518,3.93,11.01
202200042522,4.22,12.02
202200042533,3.39,21.34
202200042587,4.32,31.98
202200042589,3.21,5.13
202200042595,8.19,11.31
202200042597,5.64,8.86
202200042618,10.44,11.85
202200042622,9.54,13.27
202200042624,14.62,20.97
202200042625,2.1,5.33
202200042627,4.92,16.13
202200042631,2.11,24.86
202200042636,2.9,2.7
202200042679,4.8,6.6
202200042685,5.98,11.08
202200042690,2.56,4.54
202200042747,2.12,3.11
202200042750,2.45,5.18
202200042754,6.06,8.2
202200042760,5.06,20.88
202200042763,7.95,3.73
202200042767,3.56,5.62
202200042768,2.68,6.37
202200042772,3.43,6.01
202200042781,5.88,4.98
202200042785,4.24,11.29
202200042786,6.54,6.39
202200042789,7.0,6.94
202200042790,1.12,0.3
202200042792,5.9,7.21
202200042809,6.91,5.31
202200042812,3.6,10.07
202200042930,5.1,15.05
202200042960,7.67,7.72
202200042986,2.48,3.6
202200042988,3.06,22.89
202200043010,1.45,16.48
202200043073,2.39,39.03
202200043074,4.14,7.76
202200043077,13.82,20.06
202200043079,0.37,10.79
202200043080,8.47,22.11
202200043081,6.5,3.54
202200043083,1.79,4.85
202200043088,7.91,17.75
202200043092,3.15,10.61
202200043096,10.3,11.81
202200043111,2.76,17.65
202200043118,5.32,7.11
202200043124,6.37,8.82
202200043126,5.66,7.45
202200043128,4.3,4.1
202200043129,2.75,10.15
202200043187,7.29,6.66
202200043196,8.3,21.22
202200043197,7.4,6.83
202200043200,1.4,3.32
202200043201,7.13,2.17
202200043241,0.81,6.6
202200043242,1.8,3.75
202200043244,5.0,7.57
202200043245,3.82,16.7
202200043247,5.74,46.37
202200043248,6.07,7.68
202200043285,3.95,31.81
202200043288,0.11,16.44
202200043316,5.98,14.42
202200043336,10.77,11.82
202200043364,6.54,7.32
202200043399,3.49,1.76
202200043400,4.89,7.42
202200043401,2.43,4.38
202200043406,3.13,9.1
202200043407,5.08,10.62
202200043408,6.32,2.95
202200043428,9.2,6.99
202200043453,2.39,12.43
202200043484,2.82,8.78
202200043496,4.6,11.02
202200043497,1.09,9.47
202200043499,5.27,11.87
202200043500,4.69,7.88
202200043558,7.45,5.2
202200043559,2.63,11.11
202200043560,8.94,8.91
202200043561,11.17,22.36
202200043562,2.04,2.64
202200043563,3.72,10.18
202200043564,3.88,10.94
202200043569,2.73,1.65
202200043570,3.86,22.28
202200043571,2.71,23.08
202200043572,6.27,4.05
202200043605,1.21,1.65
202200043643,3.79,11.01
202200043644,6.64,12.48
202200043712,4.27,11.45
202200043713,1.82,3.77
202200043714,2.85,4.8
202200043715,2.96,7.6
202200043716,4.04,5.84
202200043717,0.22,5.89
202200043718,3.16,8.65
202200043721,5.9,11.86
202200043722,2.57,5.56
202200043723,2.58,4.13
202200043757,9.0,12.05
202200043758,1.45,6.15
202200043799,9.01,7.88
202200043800,4.1,8.74
202200043831,6.37,2.81
202200043832,6.45,5.88
202200043858,1.95,8.42
202200043859,3.92,3.09
202200043860,4.47,4.64
202200043861,2.84,5.07
202200043906,5.67,6.25
202200043941,0.62,23.92
202200043956,3.96,11.4
202200044051,4.99,6.82
202200044053,4.28,4.69
202200044060,3.82,10.22
202200044063,4.78,4.75
202200044065,6.3,8.46
202200044068,4.16,9.86
202200044071,2.81,3.8
202200044091,3.22,5.13
202200044092,2.95,23.02
202200044131,4.04,1.43
202200044133,3.14,6.86
202200044232,6.6,8.55
202200044233,2.84,7.05
202200044235,5.42,8.0
202200044236,1.99,3.93
202200044238,2.98,9.96
202200044243,6.34,9.94
202200044244,2.2,5.13
202200044245,6.36,3.66
202200044247,3.26,10.91
202200044248,7.02,8.09
202200044249,7.6,12.6
202200044278,3.65,7.19
202200044281,8.39,13.4
202200044308,6.93,15.36
202200044333,6.1,7.67
202200044365,4.93,2.52
202200044369,2.11,3.36
202200044372,10.76,10.84
202200044389,2.14,3.39
202200044392,6.32,9.09
202200044395,7.08,6.1
202200044437,5.08,57.77
202200044441,11.55,6.79
202200044450,7.61,6.65
202200044453,4.01,18.1
202200044459,2.72,18.82
202200044472,3.54,3.3
202200044481,10.0,17.68
202200044483,3.49,7.66
202200044487,2.98,7.66
202200044489,5.92,12.0
202200044514,5.62,1.18
202200044515,9.77,8.63
202200044518,8.35,7.52
202200044519,7.65,20.19
202200044521,7.97,6.86
202200044523,6.25,16.7
202200044525,5.22,7.58
202200044526,3.3,5.38
202200044528,6.11,2.57
202200044529,4.65,6.58
202200044626,5.74,3.57
202200044773,6.32,25.45
202200044781,3.36,8.86
202200044785,4.71,40.13
202200044790,3.17,29.65
202200044814,6.24,5.23
202200044818,1.44,12.6
202200044823,7.05,23.72
202200044842,2.89,5.5
202200044848,4.27,6.88
202200044851,11.26,6.99
202200044852,2.7,1.88
202200044854,3.08,34.36
202200044856,8.8,22.21
202200044857,3.52,20.57
202200044859,2.48,4.43
202200044862,2.65,3.3
202200044867,0.64,3.62
202200044871,8.66,12.42
202200044878,4.19,8.6
202200044914,4.22,2.43
202200044931,1.66,26.17
202200044935,3.6,6.48
202200044940,3.25,5.23
202200044951,6.18,7.57
202200044981,2.86,4.03
202200044995,6.9,15.33
202200045000,5.63,6.5
202200045002,6.93,54.96
202200045005,4.55,8.53
202200045010,6.07,10.23
202200045054,11.39,9.06
202200045071,3.62,4.59
202200045080,2.68,5.61
202200045085,3.47,7.45
202200045089,0.26,6.11
202200045096,4.38,20.64
202200045099,6.32,4.1
202200045104,6.09,5.81
202200045115,2.94,8.53
202200045122,7.23,21.26
202200045126,3.66,4.1
202200045127,11.06,22.94
202200045178,10.31,13.32
202200045191,3.52,6.81
202200045213,4.8,8.19
202200045214,9.77,28.98
202200045276,1.9,3.84
202200045277,2.64,7.8
202200045279,3.14,2.22
202200045280,3.32,5.53
202200045282,4.81,10.88
202200045294,7.31,12.95
202200045296,8.71,1.84
202200045366,10.0,12.49
202200045370,11.84,18.27
202200045389,2.67,19.68
202200045399,4.28,10.64
202200045400,10.28,12.14
202200045401,12.22,23.02
202200045402,3.41,7.96
202200045403,13.82,14.05
202200045404,4.8,10.99
202200045405,5.59,13.36
202200045413,5.54,8.47
202200045414,4.41,7.34
202200045415,2.91,5.14
202200045416,9.23,14.75
202200045452,6.96,3.3
202200045453,7.92,11.98
202200045454,2.27,14.47
202200045455,7.51,6.52
202200045505,2.9,0.68
202200045506,1.98,7.17
202200045507,2.65,4.03
202200045509,2.64,3.92
202200045510,3.42,14.98
202200045511,9.29,6.85
202200045550,2.94,3.61
202200045551,6.41,9.33
202200045552,1.18,1.62
202200045553,1.61,5.04
202200045554,3.18,6.01
202200045557,3.18,21.96
202200045558,4.87,9.56
202200045559,6.76,4.14
202200045610,7.81,15.64
202200045612,9.99,10.1
202200045616,3.8,8.5
202200045617,5.61,5.4
202200045618,5.38,7.87
202200045619,2.0,4.93
202200045648,8.28,4.09
202200045649,1.0,8.16
202200045682,2.25,8.54
202200045686,6.95,2.31
202200045687,6.45,4.24
202200045688,2.28,8.74
202200045758,5.36,6.78
202200045759,4.28,9.05
202200045760,1.4,4.96
202200045766,6.48,6.22
202200045767,1.26,8.24
202200045768,6.14,7.25
202200045769,4.88,7.24
202200045808,4.44,27.8
202200045828,9.1,6.07
202200045858,7.74,11.44
202200045863,2.87,18.06
202200045891,5.02,7.5
202200045918,3.49,2.92
202200045946,13.63,4.61
202200046022,3.87,11.11
202200046061,3.2,7.26
202200046092,4.84,2.63
202200046142,5.59,5.13
202200046145,6.45,11.41
202200046147,1.38,6.11
202200046150,3.57,6.76
202200046153,2.39,18.26
202200046156,5.72,7.11
202200046161,3.82,7.22
202200046166,5.13,12.42
202200046174,8.18,24.0
202200046203,3.84,7.29
202200046204,8.24,11.04
202200046206,2.64,4.44
202200046209,6.18,6.42
202200046210,10.48,26.63
202200046228,6.98,20.59
202200046274,6.08,11.19
202200046358,1.2,5.48
202200046364,1.8,8.57
202200046391,3.29,7.46
202200046396,7.0,9.76
202200046455,1.39,6.0
202200046462,2.98,6.27
202200046468,6.78,10.35
202200046473,2.44,3.64
202200046478,3.47,5.25
202200046480,8.72,8.92
202200046486,2.8,5.68
202200046489,2.07,10.73
202200046504,3.01,3.34
202200046508,4.05,3.49
202200046513,2.05,3.09
202200046515,2.78,6.16
202200046517,6.9,11.29
202200046520,3.14,8.76
202200046521,9.0,5.16
202200046523,2.16,5.89
202200046525,5.52,4.05
202200046561,7.33,6.31
202200046564,2.96,3.91
202200046566,3.75,5.12
202200046570,3.72,9.34
202200046573,5.65,9.62
202200046644,9.67,18.5
202200046663,3.23,23.32
202200046665,5.75,7.55
202200046670,2.46,6.98
202200046676,2.13,4.3
202200046684,2.21,4.01
202200046698,3.14,22.69
202200046702,2.29,3.32
202200046705,5.04,9.73
202200046723,6.84,25.33
202200046749,8.49,11.29
202200046754,9.93,19.95
202200046757,13.26,25.08
202200046761,14.74,32.95
202200046767,2.12,11.07
202200046771,13.15,16.89
202200046775,4.88,7.96
202200046780,4.04,17.33
202200046795,6.8,35.34
202200046806,6.51,12.26
202200046812,6.44,7.52
202200046820,8.38,13.38
202200046837,4.99,17.36
202200046860,2.94,11.42
202200046863,5.3,5.88
202200046876,11.16,11.94
202200046880,4.23,10.07
202200046881,9.64,17.85
202200046884,2.42,14.8
202200046899,2.7,16.73
202200046902,3.76,7.6
202200046914,0.89,8.68
202200046923,5.9,5.32
202200046932,3.56,9.85
202200046937,4.61,15.4
202200046986,5.63,8.32
202200046990,4.38,6.46
202200046994,5.68,5.11
202200047017,6.72,10.28
202200047022,2.48,18.82
202200047025,8.2,19.39
202200047028,5.88,5.14
202200047045,12.7,30.1
202200047083,9.08,13.14
202200047084,4.04,8.24
202200047085,4.17,3.96
202200047087,10.94,9.8
202200047090,1.58,6.28
202200047092,4.21,7.14
202200047112,3.56,3.28
202200047115,6.0,5.95
202200047116,2.24,4.01
202200047122,5.89,3.27
202200047127,2.7,18.87
202200047182,4.52,6.42
202200047185,7.95,11.17
202200047210,4.19,27.56
202200047250,6.12,7.98
202200047286,1.24,6.27
202200047316,6.36,19.6
202200047318,5.95,13.66
202200047320,13.23,32.79
202200047336,0.98,6.18
202200047369,9.44,21.08
202200047370,5.68,6.88
202200047458,5.55,12.57
202200047465,3.8,7.48
202200047497,5.47,8.06
202200047498,2.98,5.13
202200047499,1.58,5.69
202200047545,3.84,16.6
202200047549,5.3,5.19
202200047577,7.7,6.04
202200047598,0.8,1.76
202200047599,2.33,5.83
202200047600,4.04,10.5
202200047601,5.28,10.49
202200047602,4.16,4.32
202200047603,6.04,7.61
202200047631,4.31,13.45
202200047659,5.23,8.11
202200047660,0.75,5.94
202200047661,2.65,2.31
202200047662,2.93,2.58
202200047663,3.57,5.81
202200047664,6.45,3.47
202200047665,5.31,4.85
202200047686,6.87,6.89
202200047687,8.87,14.62
202200047689,5.16,9.84
202200047751,4.38,18.14
202200047811,3.04,30.61
202200047822,12.84,24.34
202200047824,9.98,39.19
202200047826,8.88,11.26
202200047829,3.65,8.94
202200047868,3.64,13.18
202200047874,5.51,15.52
202200047882,3.88,12.37
202200047888,4.26,5.96
202200047893,1.83,10.42
202200047898,3.42,2.31
202200047901,4.74,10.33
202200047908,8.75,15.38
202200047919,8.28,8.27
202200047931,7.38,9.68
202200047958,2.6,3.81
202200047996,4.64,19.61
202200048025,3.2,4.84
202200048031,4.35,4.97
202200048048,4.66,7.14
202200048051,9.42,12.44
202200048153,3.09,5.44
202200048155,5.26,5.67
202200048177,3.33,76.33
202200048196,5.19,2.12
202200048209,5.59,15.02
202200048267,9.62,21.02
202200048272,16.8,21.83
202200048296,2.14,2.58
202200048304,3.54,4.49
202200048308,2.7,15.42
202200048310,3.19,9.12
202200048317,0.97,5.67
202200048324,3.3,4.54
202200048333,0.98,6.07
202200048340,5.18,4.97
202200048344,6.78,4.73
202200048363,5.9,9.65
202200048370,5.61,18.74
202200048377,6.84,3.03
202200048385,8.65,7.18
202200048406,3.21,11.81
202200048411,8.54,7.41
202200048418,7.66,6.64
202200048424,5.57,12.63
202200048425,4.09,3.52
202200048430,4.56,3.2
202200048432,6.67,4.29
202200048434,3.89,10.93
202200048436,8.75,7.61
202200048440,3.47,7.76
202200048446,3.62,12.1
202200048451,0.82,10.22
202200048457,2.8,5.86
202200048464,2.43,4.37
202200048479,3.03,4.84
202200048485,5.46,6.65
202200048490,4.39,6.12
202200048495,1.4,7.91
202200048497,5.33,5.56
202200048501,7.39,9.52
202200048504,4.28,6.82
202200048506,9.27,8.13
202200048509,2.54,6.54
202200048510,7.15,10.2
202200048512,4.69,6.49
202200048516,5.44,9.74
202200048520,3.66,5.46
202200048525,4.24,7.88
202200048533,5.4,7.98
202200048536,4.65,6.59
202200048539,4.72,6.67
202200048543,2.6,4.93
202200048544,3.07,4.87
202200048545,3.18,5.8
202200048550,4.4,5.8
202200048553,5.26,4.34
202200048554,3.5,6.23
202200048555,2.32,5.67
202200048557,1.89,7.14
202200048558,3.15,5.42
202200048564,3.93,6.03
202200048568,3.71,2.68
202200048581,4.88,8.18
202200048586,5.43,5.7
202200048591,1.18,9.15
202200048597,6.35,10.14
202200048667,2.78,3.06
202200048674,3.25,3.29
202200048684,7.46,6.9
202200048686,3.5,4.96
202200048690,6.39,12.83
202200048696,7.0,10.6
202200048700,4.03,20.38
202200048705,2.88,21.99
202200048711,6.24,12.09
202200048715,8.51,7.03
202200048722,2.87,5.54
202200048725,6.41,4.78
202200048763,6.98,14.08
202200048775,8.56,11.91
202200048791,8.64,9.29
202200048796,0.38,5.57
202200048801,0.15,6.1
202200048806,3.83,6.24
202200048811,1.38,3.2
202200048819,5.2,8.48
202200048822,5.68,8.95
202200048842,4.36,13.89
202200048845,5.9,21.29
202200048851,4.98,66.62
202200048853,10.52,16.46
202200048854,3.54,5.76
202200048861,4.28,11.02
202200048865,1.98,3.78
202200048868,6.88,9.65
202200048883,3.61,5.5
202200048892,4.13,14.92
202200048897,2.23,5.16
202200048911,2.76,5.69
202200048916,6.25,9.18
202200048919,4.73,8.89
202200048937,1.48,17.96
202200048967,10.28,13.59
202200048973,3.49,16.26
202200048981,6.29,5.17
202200049018,5.43,6.46
202200049045,7.33,18.83
202200049062,6.62,9.55
202200049064,11.91,11.97
202200049090,3.47,6.41
202200049091,3.15,6.14
202200049092,0.88,5.04
202200049094,1.9,6.69
202200049095,6.23,9.45
202200049096,2.56,4.36
202200049097,2.98,6.28
202200049098,3.02,3.35
202200049100,3.52,9.77
202200049102,1.2,22.89
202200049103,5.41,7.1
202200049104,4.82,9.51
202200049105,2.55,4.78
202200049107,5.47,2.86
202200049111,6.34,10.09
202200049113,7.16,12.84
202200049184,6.66,4.32
202200049209,8.4,22.95
202200049229,3.0,19.85
202200049237,7.34,22.64
202200049249,2.99,10.96
202200049280,0.64,36.6
202200049281,9.47,8.49
202200049282,6.36,11.06
202200049284,7.16,7.17
202200049285,6.75,16.1
202200049340,6.64,13.59
202200049369,6.23,5.66
202200049386,9.03,12.1
202200049417,3.54,6.33
202200049418,2.58,5.1
202200049419,1.99,5.26
202200049457,2.06,4.79
202200049458,3.72,6.48
202200049463,3.91,6.84
202200049464,3.27,2.14
202200049465,4.59,9.93
202200049466,6.39,9.61
202200049467,8.51,4.97
202200049468,7.54,4.0
202200049519,4.63,7.3
202200049520,12.22,12.71
202200049521,2.89,38.0
202200049522,4.29,23.29
202200049526,4.9,13.39
202200049553,1.87,5.37
202200049556,4.21,7.5
202200049557,2.03,8.3
202200049560,2.74,9.25
202200049563,3.69,2.42
202200049565,1.23,6.16
202200049572,7.82,10.44
202200049574,6.11,10.5
202200049613,3.2,5.01
202200049616,3.16,9.5
202200049619,1.3,11.71
202200049623,4.76,6.71
202200049627,1.9,13.41
202200049630,7.31,11.09
202200049638,4.28,16.35
202200049642,4.45,14.75
202200049646,1.87,0.78
202200049647,3.03,26.04
202200049652,9.44,4.25
202200049659,8.08,11.2
202200049661,4.15,8.84
202200049682,1.47,50.73
202200049694,5.0,4.87
202200049698,4.98,6.05
202200049700,2.88,4.04
202200049707,2.38,14.7
202200049725,8.74,13.19
202200049731,2.64,9.56
202200049775,1.24,18.51
202200049785,7.44,8.69
202200049811,3.24,22.62
202200049826,2.66,1.68
202200049834,2.13,3.12
202200049841,1.82,2.27
202200049849,5.69,7.5
202200049855,8.89,11.3
202200049867,6.87,9.64
202200049916,2.03,6.76
202200049949,6.77,11.78
202200049958,4.46,4.11
202200050047,2.29,8.19
202200050054,2.75,3.77
202200050061,6.04,5.06
202200050073,8.02,18.04
202200050105,6.61,11.9
202200050128,3.11,2.91
202200050135,6.02,9.18
202200050216,8.18,24.98
202200050286,2.93,2.28
202200050292,10.74,12.64
202200050295,14.12,22.1
202200050309,3.42,4.39
202200050361,4.18,7.36
202200050367,4.02,7.21
202200050375,5.46,16.25
202200050381,8.09,10.51
202200050514,9.22,9.2
202200050529,3.05,3.72
202200050539,6.32,3.42
202200050547,5.93,1.43
202200050558,5.74,5.8
202200050563,4.15,6.5
202200050564,4.85,10.66
202200050571,5.19,9.88
202200050573,10.22,23.68
202200050580,4.59,2.89
202200050586,3.78,11.06
202200050597,2.11,2.32
202200050619,9.72,10.98
202200050662,7.1,17.55
202200050670,4.36,14.81
202200050695,2.73,18.35
202200050697,2.63,11.24
202200050705,2.98,3.91
202200050710,2.72,9.01
202200050712,7.31,14.93
202200050713,3.55,4.59
202200050717,3.7,2.88
202200050722,1.15,6.21
202200050723,1.75,6.6
202200050726,4.08,4.87
202200050730,6.0,5.5
202200050731,2.45,3.53
202200050732,2.49,4.82
202200050733,2.08,3.07
202200050737,14.25,18.44
202200050741,1.5,4.97
202200050742,3.18,10.83
202200050750,6.93,2.82
202200050759,2.67,5.98
202200050811,6.1,13.12
202200050819,3.99,8.69
202200050827,7.27,7.32
202200050831,10.02,13.07
202200050834,2.83,3.87
202200050843,6.35,9.65
202200050850,5.9,17.39
202200050851,6.68,13.07
202200050853,6.04,18.81
202200050854,3.49,16.38
202200050860,8.14,3.49
202200050861,8.21,18.5
202200050866,4.99,3.61
202200050873,1.35,3.58
202200050891,8.1,4.56
202200050903,3.01,9.48
202200050938,3.98,5.09
202200050940,2.48,4.43
202200050942,3.46,8.28
202200050944,3.44,3.99
202200050952,2.1,21.06
202200050960,7.47,4.39
202200051017,5.69,9.78
202200051021,2.07,2.28
202200051077,15.38,29.31
202200051103,11.6,33.5
202200051117,3.76,3.66
202200051125,6.21,9.99
202200051169,5.07,15.89
202200051196,20.5,24.65
202200051197,3.06,7.43
202200051200,3.34,6.82
202200051203,6.6,8.67
202200051215,6.64,4.1
202200051219,4.6,3.25
202200051222,11.92,8.38
202200051226,6.43,12.27
202200051229,5.57,12.59
202200051233,3.2,11.72
202200051235,1.82,6.13
202200051239,3.84,6.24
202200051241,2.56,3.28
202200051246,8.54,18.24
202200051279,5.61,8.02
202200051282,2.88,7.59
202200051284,8.62,7.48
202200051288,6.2,2.54
202200051315,4.66,6.59
202200051316,13.37,41.48
202200051329,4.53,13.5
202200051341,10.15,25.13
202200051354,3.94,12.53
202200051355,4.1,15.41
202200051386,3.44,23.88
202200051394,8.71,29.39
202200051409,2.95,4.85
202200051411,4.99,9.08
202200051413,2.66,4.87
202200051423,4.53,3.36
202200051426,15.42,41.82
202200051444,3.45,8.18
202200051445,3.94,7.4
202200051446,5.1,5.0
202200051480,4.37,19.99
202200051500,11.38,12.89
202200051501,3.37,18.54
202200051511,15.26,21.1
202200051574,4.5,9.37
202200051582,5.75,33.34
202200051591,1.58,7.76
202200051596,3.2,5.0
202200051601,3.64,10.1
202200051606,2.19,13.58
202200051610,2.82,1.33
202200051614,5.77,19.12
202200051619,2.53,5.16
202200051625,10.59,16.84
202200051676,2.88,22.9
202200051679,3.53,7.42
202200051687,2.76,5.83
202200051692,3.0,5.85
202200051696,2.19,2.18
202200051698,2.29,5.91
202200051704,3.98,5.36
202200051723,14.01,23.4
202200051725,7.75,10.11
202200051730,8.44,18.25
202200051784,10.94,23.17
202200051802,9.59,22.0
202200051830,4.43,12.4
202200051871,8.94,23.1
202200051889,1.37,6.88
202200051896,15.6,19.78
202200051899,12.4,32.66
202200051908,6.5,6.25
202200051913,9.18,8.59
202200051923,2.6,8.72
202200051929,8.35,17.22
202200051936,9.09,17.78
202200051953,7.27,18.24
202200051963,6.01,15.59
202200051985,1.7,2.14
202200051992,10.5,9.53
202200051995,3.77,13.14
202200052001,4.98,11.93
202200052038,3.36,55.08
202200052047,5.16,9.59
202200052060,8.16,19.46
202200052069,8.36,18.78
202200052076,7.35,19.8
202200052097,1.59,7.54
202200052107,5.89,9.96
202200052114,2.7,7.39
202200052122,5.6,16.85
202200052141,1.56,5.83
202200052144,10.53,8.19
202200052150,7.44,5.74
202200052158,3.11,9.57
202200052163,4.69,11.77
202200052168,9.27,8.13
202200052178,8.82,11.85
202200052185,4.74,4.72
202200052189,7.54,6.32
202200052202,1.66,2.33
202200052218,6.93,4.62
202200052263,1.4,3.98
202200052264,5.42,8.74
202200052266,0.33,10.06
202200052269,3.16,10.85
202200052271,3.13,9.16
202200052275,0.89,9.53
202200052281,1.55,3.35
202200052283,2.46,4.4
202200052289,3.85,2.36
202200052292,7.03,9.1
202200052296,6.87,10.9
202200052304,7.33,5.12
202200052305,9.72,47.16
202200052306,3.63,6.61
202200052311,2.71,3.84
202200052315,9.97,6.44
202200052316,9.75,6.64
202200052325,1.83,18.64
202200052328,3.54,10.31
202200052333,30.44,65.77
202200052339,8.07,19.45
202200052341,3.24,18.76
202200052349,4.45,15.8
202200052357,1.38,13.05
202200052358,3.57,21.82
202200052365,2.25,19.71
202200052374,8.02,14.02
202200052378,4.8,7.73
202200052382,3.82,62.2
202200052389,3.31,10.7
202200052397,3.51,60.17
202200052403,3.5,13.77
202200052409,4.82,7.27
202200052412,3.13,15.65
202200052426,7.51,18.3
202200052433,10.81,13.84
202200052443,7.36,17.09
202200052489,5.91,7.63
202200052490,3.44,3.44
202200052506,5.14,5.11
202200052507,2.1,3.77
202200052516,2.42,4.8
202200052518,2.69,9.06
202200052534,0.59,6.4
202200052542,7.44,19.5
202200052548,9.1,5.56
202200052563,0.77,19.66
202200052572,5.52,18.85
202200052573,3.88,8.08
202200052575,1.92,21.19
202200052581,3.47,2.84
202200052582,5.22,8.15
202200052583,7.6,20.39
202200052592,10.38,9.02
202200052593,10.06,9.03
202200052594,0.69,27.21
202200052603,5.09,10.09
202200052612,5.39,10.09
202200052709,3.93,5.49
202200052729,5.37,3.16
202200052806,5.06,4.33
202200052807,3.04,10.44
202200052818,4.28,4.36
202200052819,3.11,10.49
202200052825,3.11,3.79
202200052831,7.0,2.82
202200052840,8.31,9.57
202200052861,7.28,7.33
202200052874,1.86,3.91
202200052882,6.32,10.71
202200052888,4.69,7.88
202200052891,4.88,8.07
202200052898,6.7,5.47
202200052914,6.22,8.44
202200052949,6.88,11.23
202200052959,5.83,9.1
202200052980,8.82,9.26
202200052988,7.64,8.66
202200052994,1.43,7.89
202200053000,3.48,3.75
202200053013,5.32,10.57
202200053031,6.68,5.7
202200053090,4.22,13.19
202200053120,2.41,5.14
202200053126,4.8,6.9
202200053132,1.98,6.5
202200053133,1.81,9.2
202200053137,3.27,1.6
202200053138,5.7,13.05
202200053144,7.98,26.51
202200053145,6.21,4.61
202200053155,7.09,3.68
202200053158,0.38,1.2
202200053164,0.68,11.09
202200053170,8.65,11.22
202200053184,3.45,8.28
202200053189,2.88,5.55
202200053195,8.49,14.75
202200053209,3.62,14.54
202200053295,11.8,29.54
202200053296,7.21,6.08
202200053299,4.87,8.5
202200053302,0.1,5.85
202200053304,9.51,8.68
202200053305,6.17,7.97
202200053307,2.54,8.04
202200053316,4.74,7.1
202200053359,2.71,8.51
202200053361,2.72,15.48
202200053369,3.0,4.94
202200053405,6.1,10.17
202200053436,1.93,10.41
202200053439,6.67,10.21
202200053443,8.95,7.82
202200053453,10.24,19.7
202200053478,2.31,4.29
202200053480,6.57,10.57
202200053484,4.92,18.82
202200053487,10.07,10.81
202200053490,14.18,48.52
202200053496,1.34,15.87
202200053532,16.78,21.82
202200053554,1.81,5.69
202200053562,4.81,6.8
202200053563,16.09,23.44
202200053567,0.22,2.55
202200053572,0.94,4.61
202200053589,2.47,8.94
202200053620,1.33,3.91
202200053630,8.95,12.0
202200053632,4.29,4.16
202200053640,2.39,4.19
202200053645,5.33,4.38
202200053648,2.34,3.74
202200053653,1.22,5.73
202200053659,2.99,3.66
202200053669,5.14,2.89
202200053672,3.04,9.85
202200053681,3.47,1.98
202200053697,12.25,14.93
202200053700,5.98,9.25
202200053706,7.56,14.84
202200053717,3.14,15.9
202200053718,2.16,21.36
202200053724,4.92,28.29
202200053731,6.1,12.18
202200053741,9.22,19.43
202200053749,12.04,28.68
202200053752,3.18,3.51
202200053763,6.67,17.74
202200053769,4.78,12.08
202200053777,6.08,12.89
202200053855,3.49,17.62
202200053870,2.37,5.08
202200053888,2.57,3.6
202200053895,6.5,13.64
202200053901,1.86,20.98
202200053926,4.05,3.49
202200053941,5.69,7.08
202200053951,2.66,15.45
202200053984,3.58,7.5
202200053992,2.25,8.88
202200053993,4.51,17.6
202200054011,4.73,3.09
202200054028,5.3,13.14
202200054039,8.85,16.29
202200054118,11.72,11.78
202200054130,5.99,8.53
202200054137,10.4,13.06
202200054138,6.19,16.26
202200054148,11.19,12.96
202200054174,8.04,13.46
202200054214,9.6,16.49
202200054236,3.47,7.8
202200054245,3.79,10.38
202200054252,8.61,14.2
202200054256,4.8,6.75
202200054261,17.79,34.43
202200054263,5.32,7.12
202200054271,3.36,2.23
202200054272,29.06,92.78
202200054273,7.81,8.57
202200054274,2.64,18.81
202200054280,3.84,15.77
202200054282,3.95,7.35
202200054296,5.0,7.44
202200054301,8.03,5.95
202200054307,2.7,5.63
202200054316,7.39,7.4
202200054326,6.06,7.31
202200054333,10.4,8.06
202200054334,3.49,7.03
202200054345,6.95,13.46
202200054346,5.15,9.86
202200054360,5.07,4.97
202200054361,5.23,4.21
202200054368,4.18,23.47
202200054369,5.13,9.29
202200054370,2.72,4.81
202200054372,12.16,21.38
202200054376,7.48,12.49
202200054378,2.18,4.91
202200054379,8.78,5.06
202200054389,9.26,8.12
202200054394,2.44,3.64
202200054396,6.08,6.37
202200054404,7.32,14.58
202200054409,6.9,21.45
202200054445,4.33,1.66
202200054455,7.05,5.09
202200054487,8.16,9.45
202200054508,3.45,8.09
202200054518,1.73,9.53
202200054527,3.98,4.84
202200054538,4.96,23.02
202200054551,5.02,16.41
202200054633,5.98,4.21
202200054642,7.18,24.83
202200054651,3.62,10.68
202200054661,0.49,2.92
202200054670,7.16,11.04
202200054679,2.94,3.87
202200054692,1.36,4.92
202200054696,5.95,1.59
202200054715,2.01,4.89
202200054722,10.13,21.55
202200054725,1.97,24.39
202200054731,4.49,6.46
202200054754,7.71,10.59
202200054763,7.53,7.86
202200054767,3.66,2.98
202200054770,6.03,5.93
202200054773,4.94,8.56
202200054776,5.49,11.24
202200054779,0.38,8.97
202200054780,6.72,2.95
202200054813,8.01,15.52
202200054815,5.29,7.64
202200054822,2.87,7.68
202200054823,5.81,3.38
202200054824,8.69,7.72
202200054831,3.72,3.51
202200054833,11.53,10.58
202200054834,5.65,8.05
202200054850,3.32,1.48
202200055024,2.25,7.06
202200055034,5.82,12.4
202200055037,3.84,11.48
202200055042,4.9,9.31
202200055050,7.94,13.75
202200055051,5.74,21.04
202200055060,10.77,8.96
202200055067,5.89,7.65
202200055112,4.34,8.02
202200055236,6.23,21.38
202200055243,1.47,8.68
202200055247,4.72,9.15
202200055250,5.24,5.35
202200055253,2.06,3.86
202200055256,3.48,6.06
202200055260,1.78,5.21
202200055262,2.68,5.24
202200055293,14.4,70.47
202200055299,3.41,22.27
202300000024,1.9,14.49
202300000059,2.46,4.31
202300000069,12.78,10.5
202300000070,4.42,7.81
202300000071,3.82,2.02
202300000072,3.45,5.38
202300000074,6.81,4.5
202300000101,3.46,3.22
202300000157,7.74,14.71
202300000159,4.07,19.06
202300000169,5.99,13.27
202300000172,3.12,5.86
202300000174,3.91,3.08
202300000176,3.09,4.89
202300000177,4.22,5.98
202300000184,4.1,3.96
202300000185,6.05,3.84
202300000186,3.31,6.5
202300000188,3.68,7.22
202300000191,9.24,8.22
202300000256,2.86,6.75
202300000260,2.86,8.75
202300000280,3.6,4.22
202300000282,4.91,6.6
202300000342,5.22,8.96
202300000344,0.99,6.21
202300000346,1.93,0.92
202300000395,5.12,5.78
202300000413,3.12,3.02
202300000437,16.33,33.48
202300000462,7.15,17.51
202300000507,3.58,3.31
202300000529,6.31,12.57
202300000594,8.01,6.87
202300000596,5.34,9.81
202300000598,1.82,7.77
202300000601,6.51,9.52
202300000604,6.88,10.26
202300000609,5.15,2.93
202300000610,2.53,5.63
202300000612,8.56,5.02
202300000614,2.84,4.66
202300000672,9.4,7.52
202300000711,5.96,5.92
202300000712,1.91,2.54
202300000713,2.88,2.53
202300000714,3.82,5.65
202300000715,5.0,6.55
202300000750,4.41,6.77
202300000752,6.48,7.22
202300000760,8.42,34.8
202300000804,3.12,29.73
202300000834,2.44,5.42
202300000838,9.32,8.19
202300000840,3.61,3.33
202300000873,4.39,18.68
202300000881,7.76,4.8
202300000904,4.17,14.5
202300000931,5.44,17.14
202300000933,5.23,11.92
202300000944,3.85,12.65
202300000946,7.24,18.5
202300000949,3.98,13.35
202300000956,5.79,10.49
202300000959,4.99,15.3
202300000968,3.18,4.17
202300000971,1.86,6.6
202300000985,4.75,4.21
202300001004,7.06,11.15
202300001023,7.67,6.7
202300001025,9.0,12.38
202300001028,6.42,8.87
202300001031,5.74,3.44
202300001038,5.25,10.55
202300001041,4.2,6.82
202300001044,5.12,5.18
202300001047,4.64,6.88
202300001123,3.94,9.19
202300001127,5.8,3.08
202300001139,3.07,5.42
202300001143,7.56,2.91
202300001182,6.62,18.04
202300001194,3.48,3.56
202300001207,7.81,6.85
202300001233,10.05,23.95
202300001252,5.38,7.17
202300001254,2.86,6.02
202300001257,4.2,9.81
202300001260,5.3,12.35
202300001264,3.4,6.39
202300001292,3.17,24.68
202300001298,13.34,23.8
202300001338,0.42,16.32
202300001344,6.08,19.64
202300001370,6.58,12.5
202300001373,4.76,4.41
202300001378,4.24,11.53
202300001382,1.96,5.6
202300001384,4.77,6.21
202300001388,5.14,5.44
202300001393,6.14,10.52
202300001394,6.82,14.38
202300001398,10.88,8.66
202300001419,2.96,7.28
202300001427,5.46,8.9
202300001449,3.73,22.11
202300001453,2.49,35.78
202300001480,2.88,8.45
202300001483,5.83,7.64
202300001486,5.95,3.6
202300001491,3.1,10.09
202300001493,5.47,7.27
202300001494,3.33,5.13
202300001496,3.14,3.81
202300001497,4.22,11.51
202300001505,9.01,7.87
202300001507,5.07,10.08
202300001526,5.09,10.1
202300001546,2.59,3.79
202300001550,2.22,4.04
202300001603,2.0,3.98
202300001613,5.35,3.77
202300001616,3.56,10.06
202300001640,7.47,9.24
202300001645,2.9,15.79
202300001646,4.09,6.83
202300001647,0.95,13.19
202300001648,1.88,4.61
202300001663,4.26,27.63
202300001700,1.8,11.06
202300001715,4.28,8.95
202300001718,9.05,9.79
202300001759,5.53,7.4
202300001760,4.92,15.23
202300001812,6.25,6.18
202300001816,8.83,11.86
202300001817,2.69,4.86
202300001820,3.04,7.93
202300001870,4.33,6.28
202300001873,3.16,8.91
202300001895,14.52,30.21
202300001908,3.46,26.83
202300001978,3.91,35.58
202300001984,2.04,14.43
202300001986,9.49,13.33
202300002023,6.26,2.4
202300002024,9.57,13.49
202300002034,4.18,10.68
202300002035,6.58,10.96
202300002038,4.39,14.29
202300002039,7.44,5.11
202300002040,6.64,11.69
202300002041,5.87,12.54
202300002085,6.51,21.81
202300002094,2.19,34.1
202300002095,1.64,25.06
202300002100,3.9,19.06
202300002135,4.76,3.02
202300002136,4.48,16.63
202300002239,4.43,8.43
202300002270,12.56,21.93
202300002272,3.81,30.31
202300002281,6.95,14.78
202300002289,7.82,14.07
202300002290,1.67,14.53
202300002305,3.98,9.12
202300002306,3.5,9.63
202300002364,3.52,4.23
202300002435,0.86,1.15
202300002437,7.32,3.99
202300002440,9.04,7.15
202300002466,7.32,5.06
202300002470,2.95,3.02
202300002473,2.77,8.64
202300002477,1.6,7.49
202300002478,4.04,5.14
202300002481,3.86,5.8
202300002484,2.82,4.46
202300002492,7.9,14.52
202300002495,8.8,7.15
202300002499,3.34,7.63
202300002505,4.2,7.39
202300002537,2.1,4.08
202300002540,4.53,3.82
202300002544,7.32,13.96
202300002594,7.26,5.54
202300002596,4.78,4.68
202300002597,2.01,4.15
202300002599,4.25,7.03
202300002602,1.99,2.98
202300002606,4.24,3.75
202300002611,2.38,6.06
202300002612,2.62,8.43
202300002613,3.1,4.34
202300002616,2.9,6.06
202300002680,5.44,12.67
202300002697,5.82,4.98
202300002699,5.64,10.03
202300002701,3.77,7.06
202300002705,4.7,6.09
202300002707,5.26,7.82
202300002719,6.99,13.62
202300002751,7.93,7.66
202300002841,5.03,4.4
202300002863,5.9,14.62
202300002866,5.93,10.93
202300002868,4.81,8.97
202300002873,5.92,14.35
202300002875,4.16,3.68
202300002879,8.76,14.51
202300002883,3.77,8.41
202300002886,6.53,5.55
202300002940,3.7,24.49
202300002963,4.05,12.57
202300003000,12.02,12.01
202300003004,5.86,71.93
202300003006,6.69,20.7
202300003010,5.16,6.85
202300003015,7.24,16.15
202300003020,5.52,8.67
202300003026,10.82,11.6
202300003028,7.48,10.51
202300003031,17.77,57.8
202300003034,18.11,47.28
202300003038,5.38,6.46
202300003043,6.46,16.3
202300003046,4.56,17.3
202300003058,11.85,8.56
202300003063,3.52,12.75
202300003066,0.11,17.74
202300003068,6.85,17.3
202300003100,4.89,11.91
202300003103,9.07,7.94
202300003106,3.99,11.79
202300003125,8.93,7.79
202300003128,5.54,4.03
202300003195,1.0,7.83
202300003198,3.65,9.07
202300003199,2.78,11.74
202300003236,14.32,14.21
202300003238,3.39,5.83
202300003240,2.72,9.7
202300003242,2.43,1.86
202300003245,5.36,8.3
202300003248,2.39,6.02
202300003258,6.26,8.36
202300003260,2.45,3.71
202300003265,3.98,12.51
202300003267,2.35,7.04
202300003271,3.13,4.12
202300003273,6.18,12.41
202300003344,3.74,5.54
202300003347,3.67,2.17
202300003350,4.2,4.06
202300003353,4.52,5.48
202300003355,1.5,6.45
202300003357,7.98,6.38
202300003408,6.97,3.84
202300003411,2.09,5.81
202300003418,9.9,23.36
202300003447,4.48,6.89
202300003486,3.98,3.44
202300003488,3.05,4.19
202300003490,6.18,11.08
202300003491,0.86,8.66
202300003493,5.58,3.68
202300003529,2.26,5.3
202300003532,3.06,5.16
202300003535,3.72,5.66
202300003538,9.6,2.71
202300003541,4.38,9.01
202300003550,3.79,2.97
202300003552,4.22,7.15
202300003553,4.22,5.88
202300003559,5.72,21.4
202300003560,3.78,11.34
202300003562,6.87,7.94
202300003636,7.46,14.83
202300003648,5.12,15.86
202300003665,3.29,11.94
202300003684,5.39,15.14
202300003722,14.56,14.44
202300003724,7.76,7.63
202300003726,7.87,8.68
202300003729,7.34,8.1
202300003733,1.64,6.5
202300003734,2.13,2.86
202300003739,4.61,6.52
202300003743,5.52,3.12
202300003752,2.3,5.05
202300003754,2.53,2.48
202300003758,3.0,5.57
202300003760,3.19,5.11
202300003763,1.43,4.0
202300003781,4.61,8.6
202300003784,4.58,10.88
202300003791,7.56,4.24
202300003793,1.86,4.37
202300003869,6.47,12.85
202300003872,6.22,21.28
202300003878,5.1,7.19
202300003909,3.94,20.96
202300003919,7.19,9.02
202300003948,4.78,13.61
202300003958,5.32,20.57
202300003961,6.93,15.9
202300003966,7.3,5.08
202300003972,5.32,9.44
202300003979,8.49,22.39
202300003980,4.44,11.83
202300003981,3.91,17.02
202300003982,2.03,22.01
202300003994,6.04,12.87
202300003995,3.67,5.59
202300004010,4.54,9.54
202300004062,6.29,10.26
202300004073,0.4,14.07
202300004076,10.67,20.15
202300004084,7.5,6.93
202300004144,6.43,15.79
202300004194,3.8,2.97
202300004224,3.58,5.76
202300004228,2.57,9.15
202300004229,5.23,9.72
202300004232,2.67,3.68
202300004235,3.79,4.68
202300004238,1.55,7.17
202300004245,3.72,3.31
202300004247,5.88,4.26
202300004323,8.68,19.37
202300004335,4.65,5.01
202300004338,6.96,16.36
202300004339,4.86,7.34
202300004341,6.27,13.63
202300004343,3.99,7.44
202300004345,5.98,9.54
202300004347,4.96,5.69
202300004348,4.79,8.06
202300004351,3.77,4.33
202300004352,6.28,10.97
202300004355,7.9,13.79
202300004398,11.8,14.34
202300004404,2.71,6.05
202300004410,6.48,8.42
202300004413,4.92,8.21
202300004416,2.52,7.19
202300004419,4.41,9.85
202300004425,6.6,4.26
202300004473,5.77,11.74
202300004477,10.68,14.42
202300004485,2.79,5.02
202300004488,3.29,9.75
202300004491,6.26,8.83
202300004499,2.41,9.89
202300004500,5.45,10.49
202300004503,6.0,3.78
202300004504,4.77,18.22
202300004506,4.32,22.54
202300004508,8.77,4.65
202300004510,4.92,9.05
202300004519,7.61,20.67
202300004522,1.18,20.49
202300004526,2.21,21.95
202300004540,7.91,8.93
202300004546,4.69,11.77
202300004572,2.97,4.1
202300004574,4.31,13.22
202300004577,7.12,17.08
202300004579,2.66,6.01
202300004584,6.18,8.08
202300004611,7.01,3.72
202300004617,6.47,7.93
202300004623,3.76,18.22
202300004628,5.4,10.08
202300004629,6.82,19.13
202300004633,3.51,9.8
202300004645,6.73,8.42
202300004655,5.85,3.71
202300004787,2.12,8.1
202300004789,10.66,18.22
202300004794,10.06,14.38
202300004799,2.98,5.53
202300004812,2.35,8.81
202300004834,7.05,24.7
202300004879,3.85,9.35
202300004883,4.47,6.87
202300004887,3.07,9.11
202300004894,7.16,13.36
202300004933,6.18,7.23
202300004937,8.29,51.19
202300004957,9.77,27.36
202300004963,4.86,10.52
202300004966,3.5,8.53
202300004969,1.98,4.6
202300004981,7.42,5.21
202300004986,5.4,2.33
202300004988,3.86,4.73
202300004999,6.46,23.31
202300005001,7.31,12.83
202300005011,3.68,3.74
202300005035,8.05,4.51
202300005130,4.15,4.91
202300005134,4.7,3.19
202300005142,15.68,29.31
202300005155,4.42,16.49
202300005186,6.49,9.41
202300005189,5.08,15.87
202300005193,9.92,12.97
202300005197,8.95,7.81
202300005201,6.98,7.03
202300005214,11.87,26.73
202300005255,4.46,11.84
202300005260,6.32,8.43
202300005266,7.12,12.87
202300005317,6.48,4.88
202300005318,2.67,8.5
202300005319,4.12,6.18
202300005320,10.78,13.02
202300005453,2.74,10.75
202300005455,2.75,3.75
202300005457,3.85,7.3
202300005459,4.07,5.9
202300005464,6.55,9.1
202300005465,4.89,9.63
202300005466,4.34,10.8
202300005532,7.42,11.48
202300005555,6.93,11.71
202300005566,9.8,22.41
202300005567,7.48,7.88
202300005588,3.66,4.09
202300005613,5.12,4.85
202300005647,4.19,5.89
202300005649,5.83,4.7
202300005689,1.03,30.96
202300005720,9.01,19.33
202300005721,5.12,22.46
202300005736,5.58,8.76
202300005750,5.91,10.75
202300005751,3.02,23.48
202300005787,5.3,12.97
202300005788,2.52,5.95
202300005789,6.92,7.27
202300005790,3.39,5.33
202300005791,3.15,5.36
202300005792,4.24,6.64
202300005793,6.54,9.55
202300005864,6.46,8.41
202300005866,4.05,5.74
202300005867,4.12,5.92
202300005871,4.71,5.63
202300005881,0.59,65.48
202300005935,4.86,8.86
202300005971,7.92,20.52
202300005972,12.0,20.66
202300005974,8.03,7.76
202300005975,8.3,29.46
202300005990,7.03,14.35
202300005992,2.31,3.56
202300006087,1.63,2.17
202300006088,3.92,4.46
202300006089,0.5,2.92
202300006090,1.79,3.59
202300006091,0.27,6.56
202300006092,2.36,5.08
202300006094,5.15,19.43
202300006128,4.77,18.2
202300006143,3.26,10.18
202300006145,3.69,13.1
202300006147,4.58,8.41
202300006149,5.12,11.59
202300006153,6.36,7.12
202300006156,16.14,34.34
202300006187,2.93,46.23
202300006205,2.09,2.08
202300006227,1.38,7.37
202300006235,4.87,16.15
202300006258,2.61,10.54
202300006263,4.2,3.37
202300006268,2.64,4.08
202300006271,3.75,1.68
202300006275,5.33,16.1
202300006280,1.89,5.58
202300006282,3.2,9.67
202300006290,4.65,6.78
202300006293,1.0,5.28
202300006296,8.67,9.99
202300006298,5.54,11.51
202300006303,0.55,9.06
202300006307,4.72,5.13
202300006308,6.08,3.28
202300006310,5.67,4.69
202300006315,7.08,9.2
202300006323,7.44,6.39
202300006429,6.28,19.73
202300006444,6.06,12.03
202300006459,6.02,7.89
202300006510,3.35,5.93
202300006513,4.79,10.54
202300006517,8.04,1.57
202300006523,10.05,10.98
202300006527,5.64,10.34
202300006535,4.44,10.5
202300006539,3.3,2.17
202300006544,7.76,7.17
202300006546,5.93,1.85
202300006547,5.97,11.72
202300006550,7.54,6.06
202300006553,6.16,10.6
202300006629,2.98,23.06
202300006645,2.26,5.44
202300006649,7.9,6.79
202300006652,3.46,5.26
202300006661,1.7,6.34
202300006666,2.68,6.83
202300006671,5.59,8.52
202300006676,2.1,15.02
202300006678,4.95,5.04
202300006679,3.44,8.95
202300006682,2.58,9.66
202300006684,5.45,8.03
202300006690,5.89,7.68
202300006696,4.34,7.65
202300006701,3.62,6.29
202300006705,0.55,0.99
202300006706,10.45,18.87
202300006710,4.24,5.59
202300006712,4.92,7.12
202300006718,4.4,14.5
202300006724,8.64,3.44
202300006732,1.47,2.98
202300006737,3.57,1.5
202300006738,3.46,3.36
202300006741,2.35,5.07
202300006758,5.3,20.8
202300006762,7.09,6.5
202300006765,2.82,3.74
202300006767,3.9,5.69
202300006771,4.06,10.14
202300006776,2.52,2.8
202300006780,6.25,5.6
202300006785,6.93,3.76
202300006791,8.8,7.35
202300006796,6.96,17.28
202300006800,6.49,4.28
202300006806,8.96,4.24
202300006813,5.1,2.88
202300006817,6.39,12.85
202300006824,3.72,4.86
202300006831,6.39,8.15
202300006852,6.44,12.4
202300006859,3.37,21.25
202300006863,3.07,16.24
202300006865,8.62,28.6
202300006869,7.49,5.16
202300006875,3.2,7.9
202300006891,5.63,12.2
202300006894,5.59,5.9
202300006900,1.47,7.98
202300006904,5.32,10.72
202300006906,4.2,5.19
202300006911,3.01,8.52
202300006917,1.85,6.19
202300006922,6.13,9.92
202300006928,2.97,1.84
202300006941,3.27,14.26
202300006945,1.22,58.27
202300006958,1.48,10.81
202300006959,7.45,3.91
202300006965,4.74,18.19
202300006967,1.24,18.48
202300006971,4.56,3.87
202300006976,8.26,7.68
202300007016,2.13,6.84
202300007022,4.44,9.15
202300007030,5.35,12.37
202300007036,4.95,9.15
202300007046,7.44,13.51
202300007139,2.93,1.85
202300007192,12.86,26.83
202300007196,4.23,27.6
202300007204,6.34,38.46
202300007221,9.5,25.6
202300007222,5.06,3.48
202300007240,10.76,17.63
202300007241,6.6,4.84
202300007245,4.6,5.34
202300007251,3.77,19.39
202300007264,3.03,18.12
202300007345,2.47,3.42
202300007346,6.08,8.4
202300007351,5.25,9.61
202300007352,5.12,7.97
202300007406,7.76,6.07
202300007437,1.53,9.59
202300007441,10.65,12.2
202300007442,6.64,15.54
202300007443,1.08,13.05
202300007456,6.86,16.04
202300007457,5.54,10.25
202300007458,6.04,15.77
202300007490,6.01,3.86
202300007491,4.37,4.86
202300007515,1.55,2.98
202300007516,5.53,6.82
202300007517,5.43,5.02
202300007550,12.95,15.61
202300007552,4.58,19.53
202300007590,6.47,12.66
202300007610,7.14,16.18
202300007611,2.27,2.74
202300007632,1.87,4.02
202300007662,2.31,5.04
202300007663,1.58,5.61
202300007664,3.37,10.4
202300007665,3.74,3.72
202300007666,4.56,5.19
202300007669,4.01,2.07
202300007717,11.21,7.04
202300007718,4.65,14.04
202300007727,12.09,15.88
202300007732,6.49,14.19
202300007738,2.98,8.16
202300007739,3.74,6.93
202300007773,6.23,3.13
202300007801,4.54,2.81
202300007804,8.34,1.78
202300007849,2.52,4.36
202300007866,4.86,13.29
202300007872,11.48,14.36
202300007879,2.12,18.81
202300007882,5.45,13.89
202300007883,3.84,5.76
202300007897,3.39,4.44
202300007922,1.84,8.74
202300007938,1.55,4.98
202300007939,8.59,5.62
202300007940,9.32,4.14
202300007996,7.61,17.71
202300008046,2.93,3.94
202300008095,10.85,31.03
202300008099,12.3,21.47
202300008134,3.43,6.16
202300008138,3.06,9.52
202300008140,5.51,20.65
202300008142,2.62,6.91
202300008145,3.34,5.5
202300008147,2.82,2.47
202300008151,2.76,5.6
202300008155,4.36,3.86
202300008163,4.75,10.26
202300008167,4.98,9.68
202300008169,4.64,13.08
202300008171,3.76,3.55
202300008208,6.71,12.62
202300008253,4.5,11.09
202300008262,7.95,13.98
202300008278,4.03,7.63
202300008322,7.82,4.28
202300008324,5.75,9.0
202300008337,5.63,5.67
202300008346,15.34,41.9
202300008353,6.75,23.15
202300008413,2.92,3.87
202300008417,0.84,3.58
202300008420,3.91,5.86
202300008426,5.48,5.55
202300008428,6.35,9.63
202300008431,10.42,24.99
202300008441,5.87,5.07
202300008445,6.21,7.77
202300008449,3.2,19.37
202300008453,12.14,10.66
202300008481,2.98,19.26
202300008488,2.22,6.93
202300008523,4.74,7.18
202300008529,8.18,11.23
202300008534,4.73,2.12
202300008614,3.52,15.58
202300008615,8.58,23.54
202300008691,5.82,10.09
202300008692,23.78,58.38
202300008698,5.88,0.93
202300008700,4.24,7.2
202300008704,11.51,20.17
202300008705,3.8,7.1
202300008713,7.9,11.45
202300008730,1.95,5.64
202300008744,4.29,7.87
202300008753,17.02,56.82
202300008760,3.49,5.01
202300008762,0.55,40.04
202300008766,0.35,26.92
202300008772,2.93,21.86
202300008809,2.97,9.26
202300008817,11.52,12.65
202300008844,8.1,19.43
202300008845,7.68,18.39
202300008866,5.26,17.96
202300008871,4.39,63.84
202300008874,2.85,39.5
202300008879,1.41,61.03
202300008884,3.07,55.16
202300008890,4.49,4.94
202300008896,1.59,8.35
202300008904,1.75,8.15
202300008908,15.14,47.6
202300008910,2.91,5.14
202300008911,6.54,11.2
202300008915,0.89,23.15
202300008958,5.67,8.3
202300008962,2.8,5.86
202300008976,4.34,10.18
202300008983,6.97,20.52
202300008987,3.55,1.21
202300008993,3.16,7.85
202300008998,7.36,3.82
202300009001,4.42,8.31
202300009003,4.6,2.9
202300009007,10.15,11.54
202300009012,3.72,2.26
202300009029,5.36,4.54
202300009031,10.04,21.91
202300009037,7.09,12.39
202300009039,3.46,17.66
202300009049,8.35,12.31
202300009052,6.96,13.46
202300009068,4.32,18.2
202300009072,3.79,10.5
202300009075,8.18,10.01
202300009078,6.73,8.24
202300009086,11.32,20.71
202300009106,3.03,5.76
202300009109,6.77,15.67
202300009113,4.26,4.89
202300009114,2.82,19.68
202300009132,6.05,4.37
202300009137,4.84,5.71
202300009147,3.19,17.04
202300009150,2.91,29.94
202300009152,4.84,11.26
202300009154,25.43,53.35
202300009156,1.9,37.0
202300009159,1.3,21.76
202300009162,2.62,14.81
202300009164,0.3,12.54
202300009166,1.83,9.22
202300009167,5.28,18.73
202300009168,6.07,13.09
202300009169,1.76,6.7
202300009171,2.95,18.5
202300009172,6.08,2.42
202300009176,5.4,15.85
202300009275,3.66,4.2
202300009277,1.36,9.54
202300009279,3.97,5.13
202300009282,3.34,8.59
202300009283,2.06,4.79
202300009286,5.31,5.05
202300009287,7.44,5.15
202300009288,7.92,18.86
202300009289,4.47,20.08
202300009346,6.56,20.27
202300009357,7.42,13.39
202300009401,4.76,4.49
202300009402,1.09,5.38
202300009438,5.21,7.61
202300009439,2.88,7.87
202300009440,3.09,5.82
202300009441,1.84,3.65
202300009442,1.47,13.45
202300009451,13.69,33.63
202300009467,9.34,66.89
202300009468,5.61,20.2
202300009469,2.89,14.96
202300009470,17.73,21.92
202300009479,4.43,7.36
202300009480,4.44,6.98
202300009493,2.39,3.38
202300009504,1.99,10.37
202300009505,7.26,6.62
202300009580,5.72,7.99
202300009582,1.93,6.21
202300009583,5.36,7.26
202300009598,3.63,10.69
202300009601,3.98,7.26
202300009606,3.51,3.56
202300009608,2.51,3.87
202300009676,5.84,3.88
202300009678,3.22,3.85
202300009679,4.05,4.59
202300009682,3.78,7.21
202300009684,6.35,7.63
202300009685,3.56,3.46
202300009693,5.32,5.06
202300009694,5.68,7.23
202300009696,1.17,17.07
202300009698,6.47,9.6
202300009707,0.32,27.32
202300009727,7.34,2.14
202300009728,5.23,14.59
202300009730,4.58,12.01
202300009732,4.76,2.91
202300009733,4.59,3.6
202300009791,3.38,10.12
202300009792,2.72,3.67
202300009793,4.26,11.56
202300009794,3.19,8.68
202300009795,0.98,5.26
202300009796,7.07,3.98
202300009847,5.08,9.48
202300009848,2.99,7.89
202300009849,5.84,7.23
202300009902,2.96,5.5
202300009933,9.81,23.96
202300009934,8.19,9.51
202300009945,8.8,10.39
202300009946,3.92,8.93
202300009947,5.04,5.7
202300009948,5.49,8.46
202300009949,4.5,2.7
202300009983,1.04,5.34
202300009993,2.76,9.05
202300009996,3.84,9.7
202300009998,3.29,23.37
202300010037,2.96,3.03
202300010043,10.3,16.55
202300010104,4.3,5.65
202300010106,5.37,8.11
202300010109,6.65,12.91
202300010148,9.3,27.38
202300010245,3.76,7.52
202300010247,3.78,30.26
202300010250,1.76,7.56
202300010255,3.22,6.04
202300010260,5.64,9.08
202300010263,8.96,15.22
202300010268,6.64,11.18
202300010269,4.15,3.13
202300010271,3.11,15.02
202300010275,4.19,6.78
202300010286,1.64,10.82
202300010342,3.6,11.57
202300010368,6.51,15.5
202300010374,5.49,9.32
202300010379,2.03,6.6
202300010380,7.61,10.63
202300010385,6.3,17.09
202300010391,4.35,7.89
202300010398,5.42,7.21
202300010459,12.65,29.44
202300010462,2.06,13.28
202300010467,6.73,32.52
202300010470,6.02,10.63
202300010475,4.25,10.71
202300010513,2.43,11.83
202300010518,3.23,10.51
202300010549,3.91,7.36
202300010555,2.0,9.86
202300010567,3.16,5.9
202300010649,16.38,21.42
202300010655,8.65,24.81
202300010697,7.73,4.62
202300010698,3.81,16.41
202300010723,5.84,8.97
202300010737,9.46,14.79
202300010741,7.39,6.99
202300010748,21.52,15.92
202300010754,9.41,8.39
202300010763,5.54,8.42
202300010767,5.46,8.9
202300010771,3.01,4.81
202300010778,3.53,6.26
202300010789,6.89,21.77
202300010793,5.04,13.52
202300010795,2.07,8.22
202300010799,4.21,15.88
202300010801,4.42,62.8
202300010806,1.84,12.69
202300010811,1.3,9.22
202300010813,2.78,17.64
202300010814,6.26,16.56
202300010816,2.77,6.6
202300010820,7.57,17.86
202300010822,4.42,3.3
202300010824,5.89,15.51
202300010827,1.75,1.25
202300010828,3.24,3.56
202300010832,4.1,10.56
202300010840,10.31,20.09
202300010846,7.11,15.09
202300010859,4.97,14.6
202300010872,3.24,6.22
202300010873,6.08,9.01
202300010874,9.42,19.49
202300010877,6.06,2.4
202300010879,7.65,17.37
202300010885,7.12,2.6
202300010978,1.6,16.9
202300010983,8.47,4.28
202300010984,5.47,4.69
202300010990,11.52,18.16
202300011013,3.08,5.92
202300011063,0.91,6.99
202300011075,3.39,3.06
202300011079,3.93,6.21
202300011085,1.02,5.36
202300011088,4.87,6.13
202300011100,6.19,5.51
202300011103,0.91,15.32
202300011161,10.63,11.21
202300011167,7.82,5.49
202300011178,4.13,14.3
202300011220,7.72,21.18
202300011232,6.84,16.92
202300011234,6.71,17.03
202300011247,5.44,15.08
202300011249,17.05,58.53
202300011250,8.9,17.04
202300011251,3.77,18.65
202300011252,1.7,16.47
202300011260,7.34,7.39
202300011287,10.0,13.02
202300011374,4.25,4.04
202300011375,2.11,4.84
202300011384,1.9,25.62
202300011396,8.04,19.02
202300011408,2.93,14.86
202300011417,2.41,7.64
202300011424,8.88,20.37
202300011425,7.99,8.71
202300011447,9.36,37.78
202300011451,0.77,56.24
202300011475,3.45,33.15
202300011487,4.62,15.42
202300011489,3.56,16.16
202300011542,4.24,5.93
202300011545,1.37,3.38
202300011548,3.54,4.08
202300011550,2.88,4.81
202300011578,11.15,30.43
202300011586,7.21,5.84
202300011668,3.19,2.37
202300011670,2.93,4.62
202300011672,3.51,7.8
202300011674,5.37,8.64
202300011676,10.18,16.5
202300011677,1.86,4.1
202300011680,3.79,2.68
202300011681,2.9,5.81
202300011684,2.33,4.27
202300011690,3.96,11.52
202300011692,5.68,8.03
202300011695,7.53,13.99
202300011782,4.71,5.45
202300011815,4.86,15.34
202300011816,7.04,23.54
202300011844,2.61,7.95
202300011845,2.76,3.47
202300011846,7.32,16.7
202300011900,2.73,7.85
202300011901,1.84,3.78
202300011902,2.72,7.39
202300011903,2.64,6.08
202300011904,6.98,9.75
202300011905,1.94,4.31
202300011908,9.87,16.5
202300011909,2.24,19.33
202300011993,8.27,10.78
202300012017,2.24,10.79
202300012029,9.75,8.62
202300012032,4.31,10.72
202300012033,10.27,10.34
202300012034,2.85,5.58
202300012037,3.72,6.07
202300012040,6.21,12.98
202300012042,8.89,6.15
202300012043,2.7,5.72
202300012046,8.02,4.61
202300012054,3.79,13.04
202300012072,5.68,6.8
202300012074,10.26,18.98
202300012076,6.01,11.76
202300012077,4.2,14.26
202300012101,5.48,11.71
202300012105,5.14,6.31
202300012171,3.95,2.59
202300012175,1.95,3.4
202300012179,6.85,8.53
202300012184,4.06,5.45
202300012188,3.35,4.38
202300012191,4.11,8.96
202300012194,9.56,11.45
202300012195,1.66,7.95
202300012205,6.6,18.36
202300012213,1.31,7.1
202300012241,5.58,21.7
202300012267,7.26,17.39
202300012274,8.21,14.64
202300012282,3.42,10.7
202300012285,6.82,13.2
202300012286,7.72,3.49
202300012290,2.76,18.38
202300012291,3.13,5.88
202300012295,15.0,33.2
202300012296,0.72,8.52
202300012298,3.15,18.24
202300012300,3.01,9.34
202300012306,4.83,2.08
202300012307,5.54,9.01
202300012310,4.32,4.1
202300012311,4.39,6.46
202300012315,2.55,9.15
202300012319,3.72,11.69
202300012322,5.23,9.38
202300012326,2.92,7.8
202300012370,8.91,10.16
202300012385,13.44,22.42
202300012389,3.85,14.37
202300012402,2.54,28.32
202300012403,7.69,9.81
202300012433,7.21,7.98
202300012440,15.86,18.8
202300012492,2.7,23.85
202300012507,11.57,14.62
202300012513,5.56,4.73
202300012516,1.44,6.17
202300012521,7.73,7.15
202300012582,6.19,23.28
202300012583,2.45,22.85
202300012589,2.27,45.88
202300012590,2.95,18.5
202300012637,2.95,3.02
202300012639,9.14,12.19
202300012642,3.48,10.46
202300012646,3.02,6.36
202300012647,1.85,2.29
202300012650,5.78,7.42
202300012652,1.89,2.58
202300012656,1.62,4.05
202300012660,8.99,16.08
202300012671,3.75,6.94
202300012673,4.08,2.74
202300012678,3.66,7.27
202300012685,2.76,15.62
202300012714,2.89,9.2
202300012750,14.32,14.21
202300012756,3.53,1.8
202300012780,4.76,4.19
202300012796,8.02,8.16
202300012810,4.19,6.46
202300012879,9.53,7.66
202300012882,1.89,7.48
202300012883,3.99,14.28
202300012888,0.92,6.78
202300012913,7.34,7.09
202300012923,4.33,16.72
202300013054,7.02,9.79
202300013074,3.84,14.55
202300013081,12.51,12.24
202300013090,3.95,8.03
202300013093,9.29,19.83
202300013096,6.18,3.97
202300013119,3.63,3.36
202300013208,2.62,6.42
202300013209,5.18,10.84
202300013210,7.28,17.84
202300013211,3.36,5.39
202300013212,5.6,7.4
202300013214,2.09,3.89
202300013216,2.38,7.77
202300013232,1.3,7.08
202300013234,3.05,13.18
202300013236,4.15,12.2
202300013237,5.56,10.24
202300013265,5.36,41.93
202300013299,3.67,5.5
202300013300,1.14,4.64
202300013304,4.71,3.01
202300013305,2.32,4.18
202300013306,6.17,2.1
202300013324,7.13,6.5
202300013356,6.3,10.16
202300013362,4.12,12.6
202300013363,3.16,4.03
202300013396,2.76,11.52
202300013401,4.71,15.63
202300013418,6.26,10.7
202300013433,8.27,19.58
202300013463,4.44,9.14
202300013471,7.6,17.42
202300013481,5.42,18.18
202300013493,4.54,14.48
202300013497,4.92,16.74
202300013509,1.68,10.06
202300013512,4.22,3.79
202300013513,5.46,3.41
202300013549,10.92,13.97
202300013571,5.58,13.06
202300013622,3.88,2.81
202300013623,2.67,7.34
202300013624,4.92,11.16
202300013625,5.15,4.33
202300013627,5.84,9.0
202300013628,3.44,8.13
202300013629,3.84,10.3
202300013706,7.4,12.67
202300013720,6.05,12.81
202300013741,4.6,6.12
202300013759,10.56,38.86
202300013773,1.88,14.69
202300013778,8.19,7.1
202300013779,3.73,8.26
202300013786,5.5,19.05
202300013787,5.1,14.29
202300013792,1.25,30.94
202300013793,1.78,9.02
202300013794,7.34,12.4
202300013830,6.28,6.31
202300013831,2.3,5.34
202300013854,6.72,13.77
202300013855,2.15,4.88
202300013856,4.61,5.68
202300013857,2.15,4.88
202300013859,8.01,7.61
202300013884,1.34,3.91
202300013885,4.56,8.46
202300013886,2.06,6.01
202300013887,3.72,2.11
202300013889,5.82,2.69
202300013899,5.39,6.86
202300013911,3.44,11.01
202300013947,4.08,16.33
202300013949,6.59,4.54
202300013992,8.47,6.14
202300014008,6.87,20.92
202300014058,3.75,10.49
202300014062,1.62,2.85
202300014066,3.18,1.69
202300014070,6.14,5.61
202300014071,7.74,11.04
202300014091,6.6,4.38
202300014093,2.58,7.27
202300014165,1.89,10.04
202300014166,4.51,10.8
202300014191,1.89,4.62
202300014203,7.18,9.01
202300014207,0.2,6.22
202300014234,3.18,13.48
202300014238,6.25,25.18
202300014246,5.39,10.09
202300014250,2.13,6.84
202300014254,4.79,5.61
202300014321,5.15,17.53
202300014357,4.4,9.44
202300014409,3.02,4.15
202300014415,6.54,11.5
202300014421,4.2,3.62
202300014487,2.65,1.99
202300014493,0.18,10.42
202300014498,1.58,11.35
202300014506,6.96,17.94
202300014514,2.28,13.95
202300014525,2.27,24.68
202300014546,1.32,3.9
202300014552,5.79,7.73
202300014564,7.64,28.42
202300014574,4.11,8.85
202300014575,5.95,7.06
202300014579,3.69,7.74
202300014581,6.77,10.22
202300014583,2.24,6.54
202300014587,4.19,8.7
202300014598,2.17,11.26
202300014604,4.25,8.68
202300014605,4.91,4.56
202300014610,5.66,8.59
202300014696,11.6,50.28
202300014718,4.94,3.99
202300014751,5.37,5.6
202300014766,6.67,7.16
202300014778,5.6,2.51
202300014785,2.9,3.7
202300014803,6.8,40.12
202300014820,2.15,49.84
202300014824,1.79,49.48
202300014829,0.79,22.23
202300014867,4.69,11.3
202300014869,2.0,13.34
202300014883,4.79,3.21
202300014892,2.72,4.95
202300014893,7.31,12.83
202300014895,6.08,10.06
202300014898,5.43,7.84
202300014901,3.52,6.09
202300014902,7.31,12.83
202300014904,3.24,5.6
202300014908,4.44,6.75
202300014921,5.84,9.05
202300014963,5.78,5.54
202300014967,1.68,3.63
202300014969,1.56,5.67
202300014971,6.39,2.5
202300014973,10.79,29.18
202300014982,4.28,3.58
202300014988,5.76,5.06
202300015043,6.94,9.99
202300015047,3.52,4.75
202300015049,3.23,4.39
202300015050,2.25,3.28
202300015052,3.56,12.94
202300015074,6.31,15.74
202300015104,3.12,23.49
202300015107,0.75,56.59
202300015169,5.29,13.72
202300015173,6.07,10.86
202300015182,6.54,25.07
202300015244,2.72,4.96
202300015245,2.71,5.44
202300015249,4.1,15.11
202300015287,3.03,18.33
202300015307,5.31,19.52
202300015316,3.92,19.49
202300015334,9.79,10.87
202300015335,3.96,4.3
202300015364,3.14,9.64
202300015399,12.26,2.85
202300015423,6.71,10.33
202300015425,4.91,2.72
202300015426,3.89,4.69
202300015428,2.25,7.06
202300015429,2.5,5.63
202300015431,4.49,6.84
202300015432,6.54,16.86
202300015433,7.51,3.64
202300015434,4.32,18.2
202300015439,12.82,24.14
202300015446,3.52,26.06
202300015469,6.27,6.24
202300015470,7.4,5.64
202300015471,6.54,12.61
202300015492,4.59,6.64
202300015494,6.78,6.91
202300015553,3.06,8.6
202300015558,2.94,11.09
202300015559,7.1,3.56
202300015560,6.74,1.98
202300015597,10.1,14.09
202300015612,7.3,16.69
202300015614,11.01,16.43
202300015617,12.94,17.97
202300015627,7.93,5.9
202300015632,7.08,6.46
202300015666,5.72,9.68
202300015673,2.36,47.07
202300015685,6.04,9.78
202300015703,4.34,12.98
202300015704,6.57,19.61
202300015713,3.28,4.13
202300015733,4.69,6.07
202300015734,3.28,1.43
202300015761,2.24,6.96
202300015762,3.12,3.84
202300015763,2.36,4.53
202300015764,3.07,5.14
202300015766,6.89,8.59
202300015767,6.5,2.75
202300015812,4.07,7.13
202300015813,8.78,19.57
202300015814,4.02,6.42
202300015815,10.36,10.42
202300015816,1.71,6.04
202300015817,2.88,4.82
202300015818,3.33,5.25
202300015820,7.45,8.71
202300015821,6.29,8.84
202300015825,6.48,8.42
202300015827,2.37,5.65
202300015832,2.92,2.79
202300015853,12.62,18.67
202300015881,5.29,13.72
202300015956,4.63,31.92
202300015999,4.49,21.76
202300016024,7.06,65.22
202300016025,8.16,9.82
202300016033,7.6,8.36
202300016036,10.49,25.96
202300016040,2.89,38.31
202300016066,13.84,9.74
202300016069,4.52,15.32
202300016072,3.56,1.76
202300016078,4.4,4.66
202300016081,2.32,1.75
202300016085,1.25,1.69
202300016089,7.23,8.49
202300016102,1.81,4.84
202300016106,6.47,5.64
202300016111,4.82,6.0
202300016119,2.48,8.02
202300016128,1.34,31.98
202300016135,3.98,18.65
202300016136,6.47,27.73
202300016141,4.18,15.1
202300016142,2.62,14.19
202300016181,8.38,19.17
202300016184,5.04,10.15
202300016187,4.86,9.97
202300016271,11.46,15.28
202300016275,3.68,7.13
202300016282,8.7,11.27
202300016294,3.7,20.04
202300016307,0.95,10.75
202300016309,8.68,28.54
202300016313,2.52,7.18
202300016327,6.06,7.56
202300016330,15.63,29.36
202300016366,6.47,20.5
202300016379,6.67,21.55
202300016428,8.34,11.88
202300016432,4.97,13.45
202300016440,7.86,10.91
202300016444,5.68,6.75
202300016500,13.34,48.26
202300016520,1.36,13.84
202300016524,6.48,14.5
202300016537,6.34,17.62
202300016540,4.1,4.08
202300016547,7.59,19.7
202300016549,6.8,38.24
202300016551,2.76,20.22
202300016553,12.39,47.72
202300016555,4.73,15.71
202300016567,2.56,4.08
202300016582,9.29,6.02
202300016609,12.61,23.5
202300016623,2.1,3.03
202300016628,4.01,11.04
202300016630,2.36,1.54
202300016632,5.83,19.26
202300016636,3.53,4.47
202300016641,3.15,5.88
202300016646,3.45,19.88
202300016649,2.33,11.77
202300016675,5.52,9.68
202300016680,6.5,8.71
202300016693,5.94,8.6
202300016723,2.21,6.07
202300016726,10.35,11.74
202300016749,4.88,8.2
202300016750,6.14,1.47
202300016753,3.72,7.49
202300016773,2.37,9.77
202300016778,4.43,9.13
202300016781,4.0,7.68
202300016801,1.34,24.71
202300016843,4.17,3.22
202300016859,4.64,13.28
202300016870,6.39,5.41
202300016892,4.62,5.44
202300016899,6.85,4.41
202300016900,4.89,8.35
202300016902,2.55,4.46
202300016904,4.3,3.73
202300016907,12.26,14.83
202300016911,7.63,11.08
202300016926,4.45,22.5
202300016927,1.48,16.99
202300016928,5.71,12.82
202300016930,5.5,4.29
202300016988,2.12,9.68
202300016990,6.38,8.15
202300016992,6.74,6.13
202300016994,5.98,4.71
202300016998,6.38,6.0
202300017023,2.57,19.37
202300017092,4.5,2.28
202300017097,9.17,6.43
202300017119,3.13,13.43
202300017121,6.41,12.84
202300017124,3.13,32.61
202300017151,4.04,6.27
202300017153,2.98,8.16
202300017154,5.16,5.22
202300017191,11.12,17.17
202300017195,5.91,11.03
202300017197,4.73,16.25
202300017234,5.54,11.66
202300017235,1.96,13.74
202300017242,6.8,12.54
202300017243,4.58,14.89
202300017264,8.26,4.07
202300017265,0.77,4.35
202300017304,3.98,9.68
202300017305,3.52,4.08
202300017306,4.87,9.88
202300017307,4.88,5.93
202300017337,2.93,18.23
202300017339,2.59,24.96
202300017355,2.7,11.35
202300017359,5.66,12.94
202300017360,7.71,19.78
202300017361,5.09,12.94
202300017372,5.4,5.63
202300017373,4.64,2.85
202300017412,6.05,4.19
202300017413,8.18,14.82
202300017461,5.18,11.52
202300017462,2.17,8.73
202300017463,2.88,7.17
202300017464,2.74,4.56
202300017465,3.45,9.7
202300017466,2.3,5.72
202300017508,3.2,29.45
202300017522,5.13,13.57
202300017525,7.24,18.24
202300017566,6.19,6.78
202300017575,3.91,3.65
202300017599,5.71,7.6
202300017600,3.63,8.34
202300017601,3.78,9.87
202300017602,7.45,4.57
202300017603,5.96,10.65
202300017604,4.93,11.39
202300017630,3.36,11.89
202300017634,2.57,25.1
202300017644,2.72,44.72
202300017647,1.56,0.55
202300017654,1.9,20.28
202300017681,0.65,15.96
202300017705,2.35,10.79
202300017706,0.58,9.84
202300017707,4.03,1.81
202300017708,4.21,6.78
202300017709,1.69,4.42
202300017711,3.05,9.51
202300017712,4.36,8.94
202300017728,4.49,6.52
202300017752,2.77,7.8
202300017771,9.42,23.54
202300017805,5.46,8.38
202300017818,3.91,18.2
202300017845,1.05,24.78
202300017849,3.4,5.84
202300017856,5.48,15.55
202300017857,6.48,21.53
202300017874,5.86,6.61
202300017876,2.77,9.44
202300017879,4.86,15.15
202300017899,2.91,9.28
202300017902,1.2,11.79
202300017903,9.86,8.84
202300017904,2.79,6.29
202300017905,5.76,7.18
202300017906,5.56,4.73
202300017907,6.08,10.76
202300017908,6.0,7.56
202300017950,15.42,19.55
202300017961,11.79,13.14
202300018021,6.97,4.63
202300018024,7.39,25.39
202300018031,2.53,8.68
202300018036,8.91,9.12
202300018051,4.67,6.1
202300018062,6.38,19.83
202300018063,3.7,5.4
202300018068,7.64,12.02
202300018072,1.25,17.54
202300018076,3.75,2.74
202300018080,8.77,64.54
202300018082,9.96,69.7
202300018096,7.84,14.0
202300018106,7.78,19.29
202300018107,5.36,13.03
202300018123,2.46,12.86
202300018127,5.77,16.65
202300018129,5.39,20.54
202300018168,6.99,20.06
202300018172,5.3,18.85
202300018175,8.75,8.05
202300018186,7.59,9.1
202300018200,3.53,24.37
202300018206,9.82,16.22
202300018207,8.05,13.64
202300018212,1.6,10.08
202300018214,8.59,22.49
202300018216,9.1,8.28
202300018219,2.89,6.71
202300018233,2.51,4.06
202300018261,7.15,5.01
202300018264,4.72,5.93
202300018265,5.95,4.33
202300018290,2.76,25.1
202300018340,5.34,16.72
202300018380,3.96,12.87
202300018446,2.1,2.26
202300018449,1.5,12.21
202300018452,1.4,11.42
202300018456,1.7,13.57
202300018474,4.56,3.84
202300018527,6.88,5.06
202300018532,6.01,2.0
202300018540,3.01,4.27
202300018545,2.78,3.79
202300018582,7.84,7.26
202300018584,1.41,3.21
202300018591,2.85,8.2
202300018597,0.26,1.48
202300018602,1.92,9.3
202300018603,3.35,3.51
202300018632,4.95,8.62
202300018634,8.94,30.82
202300018642,4.58,27.21
202300018648,1.67,0.54
202300018649,5.89,9.01
202300018674,1.15,7.58
202300018676,7.86,64.52
202300018678,3.43,10.71
202300018691,3.62,3.52
202300018693,8.33,19.12
202300018695,2.89,5.82
202300018699,7.29,10.83
202300018700,4.11,4.44
202300018807,5.28,4.25
202300018809,1.18,10.0
202300018811,3.84,7.69
202300018812,5.25,7.19
202300018813,7.16,9.3
202300018814,5.39,5.31
202300018816,4.26,5.95
202300018818,1.58,9.19
202300018819,6.0,13.12
202300018820,5.32,8.6
202300018822,4.36,23.58
202300018823,3.79,6.77
202300018827,4.46,4.76
202300018830,4.35,15.28
202300018832,1.93,8.4
202300018939,16.4,17.95
202300018980,4.47,19.38
202300018988,6.25,10.74
202300019018,4.56,36.94
202300019026,2.23,13.0
202300019029,4.53,19.86
202300019032,9.19,35.05
202300019034,14.72,50.58
202300019060,8.66,3.46
202300019062,3.31,7.94
202300019065,7.16,7.41
202300019066,4.23,5.1
202300019067,0.77,7.96
202300019069,1.5,9.5
202300019071,6.36,12.86
202300019103,4.67,8.72
202300019104,4.61,6.11
202300019108,8.02,22.61
202300019149,4.35,3.52
202300019150,5.19,12.25
202300019151,3.94,6.91
202300019152,3.84,7.84
202300019153,1.01,5.64
202300019154,3.65,6.27
202300019155,2.54,3.54
202300019156,2.92,7.22
202300019158,4.7,12.0
202300019159,1.32,3.69
202300019201,7.45,14.07
202300019222,10.45,10.43
202300019225,21.77,14.68
202300019226,6.94,13.45
202300019284,14.06,9.96
202300019296,8.65,19.24
202300019329,2.81,1.98
202300019330,2.69,3.63
202300019331,1.96,5.28
202300019332,1.6,2.48
202300019333,5.31,6.35
202300019334,2.46,8.92
202300019363,4.92,14.35
202300019367,4.87,14.3
202300019380,18.03,74.64
202300019381,29.08,85.69
202300019384,5.44,29.16
202300019395,8.33,18.65
202300019400,5.26,19.63
202300019402,5.19,5.95
202300019403,6.48,20.56
202300019431,2.59,4.82
202300019433,6.4,4.04
202300019452,5.07,8.32
202300019454,2.78,4.3
202300019522,3.65,14.36
202300019535,5.76,4.74
202300019537,3.72,14.0
202300019550,7.63,6.66
202300019591,2.55,9.31
202300019643,26.85,83.46
202300019662,3.25,12.67
202300019669,6.07,9.86
202300019676,5.01,14.89
202300019677,2.89,8.59
202300019681,3.51,15.98
202300019699,5.65,12.48
202300019742,2.85,14.71
202300019760,5.58,6.32
202300019762,7.52,17.38
202300019764,5.48,5.28
202300019765,15.37,54.86
202300019801,3.29,4.01
202300019821,2.9,8.52
202300019824,6.86,3.95
202300019826,8.41,1.66
202300019828,2.77,15.74
202300019830,6.18,2.1
202300020020,3.2,8.12
202300020031,7.32,8.82
202300020038,4.71,3.02
202300020041,6.65,7.4
202300020086,7.23,10.62
202300020120,3.61,17.06
202300020126,1.9,10.25
202300020136,7.19,30.88
202300020163,10.21,11.47
202300020179,3.58,16.82
202300020185,3.58,6.31
202300020187,10.1,18.25
202300020189,4.3,16.18
202300020191,2.53,7.22
202300020192,9.11,18.93
202300020195,7.11,16.07
202300020240,6.23,16.54
202300020271,3.07,23.96
202300020296,2.64,4.87
202300020307,2.38,20.56
202300020310,6.75,10.3
202300020318,1.86,12.26
202300020323,3.79,7.24
202300020332,3.37,3.62
202300020334,2.48,8.02
202300020359,4.13,12.9
202300020362,5.6,8.28
202300020366,2.9,3.99
202300020380,3.95,9.92
202300020386,7.37,24.89
202300020388,3.79,16.45
202300020411,7.22,16.19
202300020424,3.34,13.24
202300020449,4.79,14.78
202300020475,3.68,8.39
202300020531,4.85,6.24
202300020548,2.04,14.92
202300020566,2.66,3.7
202300020572,6.36,12.32
202300020575,2.11,16.12
202300020586,4.13,1.94
202300020588,3.13,6.59
202300020589,0.96,2.7
202300020593,4.91,5.98
202300020595,2.84,3.83
202300020597,1.25,4.68
202300020598,6.34,10.64
202300020601,5.12,9.49
202300020602,2.93,11.08
202300020604,8.3,4.76
202300020606,3.9,4.69
202300020607,3.93,5.0
202300020612,7.06,3.53
202300020616,7.61,14.07
202300020682,7.23,16.2
202300020685,0.89,25.4
202300020697,3.0,9.46
202300020701,6.08,12.0
202300020702,1.19,2.18
202300020704,10.31,10.38
202300020708,8.91,7.78
202300020712,4.17,9.92
202300020717,4.4,14.76
202300020721,3.23,24.8
202300020798,1.79,16.13
202300020813,5.16,4.56
202300020816,13.81,17.53
202300020853,7.46,10.48
202300020856,8.74,14.55
202300020857,10.66,11.69
202300020858,3.28,14.32
202300020878,7.68,7.68
202300020881,2.72,14.79
202300020894,6.41,11.42
202300020910,5.73,10.99
202300020914,10.19,13.24
202300021025,4.73,12.48
202300021031,6.87,14.51
202300021033,7.06,9.65
202300021037,3.27,2.74
202300021039,2.15,6.3
202300021042,1.16,3.48
202300021048,3.52,2.87
202300021052,4.41,8.23
202300021058,4.44,7.72
202300021072,7.81,13.46
202300021076,10.4,15.48
202300021083,4.15,6.84
202300021085,2.56,8.41
202300021100,3.16,6.08
202300021102,7.0,7.6
202300021163,3.32,16.77
202300021170,3.6,17.58
202300021192,10.91,9.88
202300021193,3.96,5.89
202300021211,2.97,5.41
202300021214,2.53,4.02
202300021276,7.73,5.83
202300021282,6.64,13.13
202300021283,6.89,10.09
202300021290,7.94,18.74
202300021291,3.63,5.15
202300021329,1.56,3.24
202300021330,1.94,6.52
202300021331,8.04,7.25
202300021358,3.67,14.59
202300021399,3.64,15.57
202300021401,2.21,20.61
202300021421,9.21,23.29
202300021423,7.22,16.6
202300021444,8.13,9.96
202300021447,6.11,12.92
202300021458,8.94,7.8
202300021461,2.56,3.55
202300021473,4.37,7.76
202300021475,3.43,11.4
202300021518,2.17,8.07
202300021574,3.66,4.69
202300021603,2.88,3.05
202300021608,7.14,3.8
202300021629,15.49,29.5
202300021632,6.53,24.18
202300021677,9.35,14.14
202300021686,3.87,15.27
202300021704,8.18,9.64
202300021706,8.52,42.87
202300021708,10.69,27.33
202300021709,5.92,68.61
202300021717,1.96,56.98
202300021718,13.65,47.65
202300021729,4.51,16.41
202300021732,12.46,16.24
202300021735,13.49,14.23
202300021742,1.92,21.61
202300021744,14.54,40.44
202300021773,3.08,7.79
202300021775,4.32,2.53
202300021795,7.91,7.95
202300021806,7.45,64.67
202300021807,12.13,69.67
202300021820,5.26,8.19
202300021830,15.2,17.81
202300021876,0.62,4.47
202300021877,3.78,11.63
202300021940,0.94,11.0
202300021981,5.49,12.55
202300021985,4.61,12.25
202300021986,6.8,14.44
202300021987,9.79,14.82
202300021990,4.32,3.53
202300021993,4.47,9.46
202300021996,1.68,8.26
202300021999,5.69,9.35
202300022002,2.99,4.79
202300022003,6.0,3.78
202300022007,3.2,2.37
202300022008,5.04,8.86
202300022012,2.33,4.95
202300022015,1.98,4.71
202300022018,5.57,12.65
202300022023,4.17,9.37
202300022027,5.26,18.95
202300022036,4.65,19.81
202300022047,3.65,3.89
202300022053,1.28,8.04
202300022067,3.55,5.23
202300022070,2.12,4.1
202300022073,4.96,6.67
202300022161,6.79,13.84
202300022163,6.46,8.4
202300022166,0.29,4.96
202300022185,2.22,2.55
202300022190,4.01,5.4
202300022194,8.7,8.75
202300022227,3.02,7.01
202300022239,6.83,7.0
202300022246,8.55,14.82
202300022262,4.97,16.38
202300022298,2.6,52.69
202300022300,4.34,9.81
202300022305,4.62,5.88
202300022310,4.47,6.27
202300022314,2.55,5.85
202300022316,2.53,4.47
202300022320,3.26,8.26
202300022339,8.17,15.28
202300022342,3.26,22.37
202300022345,2.04,5.72
202300022355,3.83,22.46
202300022360,4.97,17.04
202300022361,5.28,21.22
202300022400,4.91,19.2
202300022418,7.94,11.31
202300022422,7.29,22.73
202300022426,6.03,19.2
202300022436,4.57,15.91
202300022495,13.31,11.58
202300022500,4.1,3.89
202300022504,4.94,2.94
202300022564,6.78,8.92
202300022567,11.44,13.2
202300022568,4.2,5.81
202300022573,1.45,3.68
202300022574,11.34,13.91
202300022577,5.55,5.33
202300022580,3.32,10.24
202300022584,4.15,6.51
202300022587,5.82,16.14
202300022590,5.28,34.21
202300022639,5.64,2.96
202300022643,6.78,13.56
202300022673,14.74,60.49
202300022707,7.4,6.27
202300022712,7.49,8.26
202300022735,5.31,7.99
202300022790,6.92,5.78
202300022793,6.64,15.08
202300022798,2.7,4.86
202300022809,1.95,7.66
202300022849,3.59,6.2
202300022850,3.1,4.91
202300022852,1.66,3.59
202300022854,6.96,6.83
202300022863,3.06,2.7
202300022867,1.66,5.9
202300022869,4.58,10.75
202300022871,1.74,17.16
202300022911,3.26,4.44
202300022912,1.81,12.84
202300022914,2.71,3.65
202300022915,2.52,6.52
202300022917,6.46,9.44
202300022919,8.31,10.96
202300022931,3.75,4.64
202300022933,7.66,5.19
202300022935,5.49,3.86
202300022994,6.95,3.98
202300023013,4.96,9.16
202300023016,7.39,6.99
202300023021,6.1,6.22
202300023031,1.53,13.2
202300023059,16.33,33.48
202300023060,17.11,37.18
202300023064,6.94,8.01
202300023065,7.81,20.38
202300023069,17.86,54.06
202300023134,6.81,8.94
202300023136,4.11,4.84
202300023142,1.33,6.34
202300023144,4.54,10.14
202300023145,6.95,14.38
202300023146,5.15,2.93
202300023147,3.72,3.26
202300023148,5.26,7.17
202300023149,3.9,1.69
202300023208,11.63,10.33
202300023246,9.63,8.61
202300023248,1.84,3.78
202300023249,1.0,3.73
202300023315,4.85,31.23
202300023352,7.74,11.17
202300023354,20.8,84.52
202300023355,9.52,68.76
202300023363,1.9,18.13
202300023370,7.33,7.09
202300023372,4.58,6.99
202300023374,5.49,4.26
202300023379,3.92,13.4
202300023410,1.41,5.14
202300023412,6.24,2.26
202300023413,1.62,8.38
202300023415,1.66,16.97
202300023439,7.48,7.46
202300023465,5.29,4.46
202300023466,1.97,5.92
202300023467,5.44,4.61
202300023504,1.68,10.94
202300023548,11.31,28.96
202300023560,4.7,19.95
202300023562,13.24,24.55
202300023568,6.78,16.31
202300023575,1.44,6.14
202300023576,4.52,3.03
202300023577,7.11,7.16
202300023610,4.8,7.51
202300023651,3.16,4.85
202300023652,3.65,5.68
202300023653,4.76,3.94
202300023654,1.2,2.19
202300023656,4.92,6.77
202300023658,3.22,5.96
202300023659,1.71,3.64
202300023661,7.76,9.07
202300023662,2.17,5.47
202300023668,6.56,8.51
202300023670,4.12,7.04
202300023671,3.75,5.64
202300023673,10.04,14.15
202300023675,5.74,10.27
202300023676,2.25,5.87
202300023677,6.26,8.24
202300023678,6.86,4.65
202300023679,7.53,21.82
202300023681,6.29,3.96
202300023787,0.38,7.86
202300023855,4.61,3.91
202300023867,6.28,2.91
202300023870,6.63,8.01
202300023874,12.74,12.36
202300023895,7.85,21.3
202300023913,4.03,22.64
202300023915,4.89,23.5
202300023950,10.96,15.7
202300023955,8.64,21.02
202300024016,1.33,3.91
202300024021,5.35,7.3
202300024042,2.39,6.34
202300024045,1.53,5.54
202300024049,2.15,22.22
202300024051,3.86,4.92
202300024057,2.64,4.79
202300024060,4.32,7.51
202300024064,8.16,3.39
202300024065,9.64,12.32
202300024143,9.18,8.04
202300024147,3.15,4.4
202300024151,2.74,4.13
202300024155,3.33,6.56
202300024159,5.21,6.14
202300024179,2.83,6.62
202300024249,2.68,26.68
202300024254,7.38,22.0
202300024304,3.21,11.43
202300024334,5.56,12.07
202300024345,7.3,7.61
202300024362,12.66,12.87
202300024364,4.64,20.6
202300024368,2.97,15.35
202300024374,5.91,2.62
202300024376,50.47,112.18
202300024378,10.39,12.1
202300024379,6.08,25.72
202300024381,16.89,19.4
202300024386,6.04,12.86
202300024389,4.78,5.62
202300024390,6.93,15.37
202300024424,3.26,16.69
202300024484,1.49,10.38
202300024485,6.29,3.01
202300024487,6.29,5.07
202300024489,5.09,10.83
202300024493,8.46,19.03
202300024497,2.6,27.11
202300024528,8.76,14.51
202300024534,8.43,13.43
202300024536,5.3,8.48
202300024540,4.27,4.93
202300024544,10.31,10.37
202300024548,3.3,4.14
202300024551,5.73,6.06
202300024580,4.27,11.75
202300024591,2.89,3.24
202300024595,2.76,3.61
202300024674,2.76,9.69
202300024677,5.4,4.57
202300024680,4.41,9.36
202300024684,2.08,9.35
202300024687,4.71,6.1
202300024692,6.36,5.38
202300024696,6.91,3.8
202300024736,2.91,1.18
202300024739,3.42,5.82
202300024742,1.18,2.17
202300024746,3.81,10.28
202300024747,4.69,19.18
202300024756,8.47,14.72
202300024759,1.01,5.37
202300024813,2.07,9.37
202300024816,7.96,10.61
202300024840,2.2,5.2
202300024896,5.36,8.3
202300024901,5.18,8.06
202300024923,7.61,9.29
202300024935,5.86,14.95
202300024955,10.85,27.01
202300024965,4.79,5.66
202300024966,2.55,9.95
202300025008,1.92,5.15
202300025009,4.36,11.64
202300025046,9.15,7.12
202300025057,8.07,9.34
202300025059,8.63,4.33
202300025102,10.54,18.91
202300025103,1.53,20.81
202300025112,6.03,15.22
202300025118,7.76,26.51
202300025130,4.54,6.94
202300025131,9.04,7.91
202300025132,3.36,3.41
202300025133,8.29,15.56
202300025134,5.35,7.56
202300025199,3.24,10.89
202300025208,3.72,5.6
202300025247,7.25,6.12
202300025249,1.17,8.34
202300025253,4.54,6.34
202300025255,3.84,9.91
202300025258,3.92,7.4
202300025260,6.88,13.12
202300025263,2.74,9.72
202300025264,3.55,3.05
202300025265,10.03,11.3
202300025268,1.58,18.83
202300025269,5.07,2.85
202300025270,5.53,3.19
202300025321,5.27,4.64
202300025360,2.07,28.57
202300025365,9.7,18.99
202300025368,6.89,17.21
202300025370,8.23,13.74
202300025377,5.02,14.55
202300025388,12.1,11.08
202300025414,1.83,8.6
202300025415,4.71,3.28
202300025446,10.27,14.69
202300025447,3.83,5.35
202300025451,3.16,15.92
202300025452,9.19,7.3
202300025456,4.77,9.48
202300025457,10.31,10.37
202300025479,2.14,9.94
202300025480,4.96,8.04
202300025481,2.63,6.26
202300025492,4.96,40.17
202300025493,4.91,7.83
202300025520,2.87,65.63
202300025521,8.93,33.57
202300025524,19.74,25.49
202300025526,10.12,44.44
202300025565,8.33,18.82
202300025590,3.62,10.68
202300025592,2.96,2.14
202300025593,2.44,5.78
202300025595,4.9,4.4
202300025597,2.0,4.72
202300025599,8.54,8.96
202300025633,7.51,10.45
202300025646,5.62,7.14
202300025663,8.08,19.26
202300025666,4.79,10.06
202300025672,1.16,11.96
202300025726,3.82,8.16
202300025727,5.38,8.9
202300025729,4.07,16.46
202300025734,7.99,24.89
202300025739,6.9,18.4
202300025742,6.99,7.96
202300025746,6.28,17.88
202300025749,3.74,16.26
202300025751,9.34,15.28
202300025756,9.1,16.35
202300025758,5.63,5.63
202300025762,0.92,14.31
202300025763,4.2,4.06
202300025768,5.68,12.44
202300025772,5.46,29.97
202300025775,4.05,14.33
202300025799,11.29,10.27
202300025804,5.65,8.28
202300025814,3.59,4.56
202300025827,2.04,2.73
202300025829,3.72,3.51
202300025832,4.82,2.22
202300025946,6.61,9.19
202300025952,5.57,5.98
202300025957,6.95,10.49
202300025958,4.36,2.08
202300025961,7.18,6.35
202300025963,6.2,5.6
202300025966,5.85,4.62
202300025968,5.66,7.53
202300025970,7.79,11.33
202300025973,5.69,4.07
202300025975,9.49,4.72
202300025977,5.5,8.48
202300025979,8.73,8.7
202300025983,4.14,5.07
202300026004,3.1,6.32
202300026009,4.17,5.18
202300026014,2.11,4.48
202300026019,6.55,8.62
202300026032,6.25,6.94
202300026072,7.02,22.81
202300026161,3.7,15.62
202300026172,7.52,6.93
202300026185,2.72,14.83
202300026191,4.02,27.78
202300026193,4.3,12.83
202300026244,5.37,6.9
202300026248,2.64,9.5
202300026253,8.63,29.59
202300026265,3.18,15.0
202300026267,4.45,19.78
202300026280,2.64,23.9
202300026287,11.21,10.07
202300026309,7.64,8.9
202300026361,1.85,28.76
202300026366,3.23,11.2
202300026368,5.93,9.15
202300026390,5.46,9.0
202300026446,2.47,4.37
202300026470,6.18,8.13
202300026472,2.9,5.07
202300026473,2.38,10.35
202300026475,9.85,4.04
202300026478,2.99,4.01
202300026480,3.42,3.63
202300026483,8.02,8.35
202300026487,3.68,7.74
202300026491,7.38,11.98
202300026493,4.8,5.72
202300026496,5.54,11.97
202300026505,2.64,10.21
202300026514,5.13,8.96
202300026594,2.7,19.76
202300026612,2.21,13.44
202300026615,3.79,3.59
202300026618,3.52,5.9
202300026622,4.39,4.82
202300026624,3.67,9.46
202300026626,10.85,17.48
202300026630,3.36,10.92
202300026670,5.26,8.45
202300026749,4.44,5.58
202300026750,4.28,6.44
202300026752,13.48,13.32
202300026753,13.82,60.04
202300026754,12.22,33.65
202300026756,2.39,19.86
202300026758,3.76,13.72
202300026759,3.78,15.92
202300026761,4.47,13.96
202300026768,4.11,18.55
202300026794,14.46,20.82
202300026796,3.34,23.05
202300026799,4.14,4.8
202300026800,9.34,9.56
202300026802,5.71,4.19
202300026832,11.39,17.42
202300026838,1.46,6.92
202300026840,0.74,14.74
202300026876,1.86,6.15
202300026878,1.0,4.44
202300026880,3.33,4.36
202300026882,4.19,5.01
202300026884,6.22,1.5
202300026913,3.89,4.88
202300026924,1.45,2.48
202300026959,10.61,11.54
202300026966,7.12,17.91
202300026967,10.12,13.15
202300026968,1.95,2.94
202300026987,2.33,2.72
202300026991,31.32,87.93
202300026997,5.36,7.72
202300026998,6.39,16.06
202300027002,3.91,21.72
202300027003,3.71,16.01
202300027010,3.58,7.12
202300027011,3.76,3.66
202300027047,3.74,6.0
202300027076,4.91,8.37
202300027077,3.13,3.7
202300027079,3.54,4.95
202300027080,2.86,23.24
202300027081,10.06,6.52
202300027082,11.0,7.46
202300027120,1.59,15.33
202300027142,12.55,44.12
202300027154,5.96,30.75
202300027166,2.87,9.33
202300027167,2.62,6.23
202300027214,3.01,18.63
202300027248,7.84,14.86
202300027275,8.5,29.73
202300027303,3.89,6.67
202300027304,3.9,6.92
202300027305,5.47,11.7
202300027362,10.55,13.69
202300027432,2.3,4.79
202300027453,8.16,7.35
202300027455,3.16,5.33
202300027457,2.93,3.97
202300027524,11.18,30.22
202300027527,0.8,9.13
202300027595,14.78,41.87
202300027600,5.85,5.02
202300027616,5.37,13.98
202300027650,6.54,1.86
202300027658,8.84,8.17
202300027749,3.26,4.13
202300027754,5.53,7.3
202300027759,8.78,17.96
202300027773,6.51,2.43
202300027777,6.23,2.7
202300027781,4.44,2.97
202300027811,3.56,5.73
202300027816,3.9,8.19
202300027820,1.2,5.8
202300027822,7.09,10.91
202300027825,4.34,3.68
202300027827,5.8,8.79
202300027828,3.67,5.48
202300027833,6.72,17.75
202300027837,6.22,13.75
202300027838,5.91,4.78
202300027842,3.13,6.0
202300027846,4.29,7.46
202300027851,5.56,1.49
202300027856,6.48,2.94
202300027877,5.59,2.85
202300027882,3.33,2.53
202300027894,5.67,5.2
202300027971,1.79,3.59
202300027975,5.0,6.8
202300027981,3.84,5.23
202300027987,1.63,12.75
202300028003,10.19,12.25
202300028018,7.2,14.82
202300028031,2.94,20.4
202300028047,13.84,33.59
202300028075,11.96,9.63
202300028079,10.94,11.97
202300028103,2.28,22.84
202300028119,4.68,4.47
202300028125,8.92,21.54
202300028200,8.6,19.09
202300028203,7.7,15.32
202300028216,8.72,15.82
202300028223,7.39,16.9
202300028227,4.83,15.73
202300028260,6.28,11.54
202300028263,12.01,12.08
202300028285,2.21,5.97
202300028290,1.42,9.59
202300028293,3.19,9.65
202300028297,2.03,4.26
202300028299,2.38,5.64
202300028302,5.4,16.86
202300028386,2.47,9.69
202300028396,8.94,6.6
202300028407,1.6,9.39
202300028418,0.15,14.67
202300028424,2.27,14.09
202300028429,15.36,61.26
202300028448,3.46,2.92
202300028500,9.75,8.52
202300028505,6.65,5.58
202300028509,4.06,3.24
202300028512,5.72,19.05
202300028513,6.85,15.29
202300028516,2.12,3.92
202300028519,1.88,4.61
202300028525,2.36,4.89
202300028528,5.26,12.0
202300028529,3.78,8.39
202300028530,5.79,7.05
202300028531,2.66,4.61
202300028532,5.29,10.78
202300028534,7.81,11.1
202300028535,7.43,12.12
202300028536,7.12,6.42
202300028538,6.64,8.58
202300028541,1.48,6.6
202300028545,4.88,12.17
202300028548,3.3,7.09
202300028549,8.55,6.83
202300028553,8.51,11.55
202300028561,6.73,4.84
202300028564,8.46,51.0
202300028567,1.93,42.28
202300028572,2.56,26.45
202300028574,1.15,37.8
202300028576,2.15,7.19
202300028579,1.7,10.85
202300028611,1.13,2.82
202300028614,3.9,1.38
202300028615,11.1,10.87
202300028632,3.82,7.82
202300028635,27.07,16.98
202300028638,9.34,14.86
202300028643,3.16,26.41
202300028717,4.42,7.87
202300028718,2.9,6.33
202300028719,3.61,5.52
202300028720,4.26,3.78
202300028721,10.68,7.57
202300028722,2.82,5.23
202300028723,9.22,6.08
202300028761,3.3,5.59
202300028834,3.89,11.13
202300028836,5.48,11.3
202300028838,3.41,21.94
202300028850,2.39,10.87
202300028852,4.04,6.27
202300028853,3.12,2.92
202300028873,8.94,7.8
202300028883,5.78,6.92
202300028885,3.3,5.35
202300028887,5.52,6.08
202300028891,9.46,8.15
202300028907,4.02,3.44
202300028908,6.15,4.1
202300028950,5.2,4.18
202300028951,6.71,10.42
202300028952,2.04,5.94
202300028953,3.19,12.2
202300028954,2.28,16.98
202300028955,10.06,6.52
202300029026,26.54,83.15
202300029027,5.78,15.17
202300029029,8.37,19.92
202300029036,5.01,4.94
202300029037,2.01,51.0
202300029038,7.44,72.34
202300029045,9.44,22.88
202300029054,9.4,13.41
202300029067,8.39,14.14
202300029068,5.48,6.3
202300029069,5.04,9.23
202300029070,9.02,7.89
202300029071,2.45,3.97
202300029098,2.17,8.12
202300029099,2.82,3.38
202300029105,2.36,2.81
202300029106,1.97,22.56
202300029107,6.04,18.53
202300029108,3.24,9.71
202300029157,0.75,17.43
202300029173,27.49,84.1
202300029179,3.08,26.08
202300029190,3.79,16.7
202300029191,4.6,6.9
202300029192,6.11,23.66
202300029206,4.16,8.32
202300029207,4.13,8.77
202300029233,1.27,5.98
202300029269,5.44,19.46
202300029282,2.46,11.71
202300029309,7.94,28.72
202300029325,8.96,15.21
202300029328,3.66,15.38
202300029330,11.23,11.23
202300029354,9.34,14.86
202300029369,2.55,3.49
202300029370,9.01,10.82
202300029372,4.48,4.38
202300029373,6.26,3.48
202300029375,3.96,5.88
202300029378,7.53,8.75
202300029379,6.6,10.97
202300029419,6.06,9.79
202300029428,4.69,2.8
202300029479,4.67,11.32
202300029489,7.11,10.99
202300029491,3.88,9.94
202300029494,6.09,7.65
202300029496,6.33,4.12
202300029498,7.88,12.57
202300029504,1.07,18.07
202300029506,2.98,19.07
202300029522,3.47,23.21
202300029532,11.09,16.51
202300029570,7.27,14.55
202300029573,1.37,13.04
202300029575,2.0,24.42
202300029592,12.82,28.64
202300029607,4.08,4.07
202300029623,2.77,5.7
202300029625,4.58,6.98
202300029627,6.39,8.6
202300029638,9.67,10.93
202300029667,15.6,19.34
202300029669,4.01,2.88
202300029674,4.66,7.64
202300029675,2.78,13.56
202300029678,7.66,26.2
202300029700,3.18,2.97
202300029701,1.69,5.89
202300029704,3.94,3.73
202300029730,8.28,15.93
202300029731,3.68,4.71
202300029732,6.92,5.66
202300029733,3.59,5.96
202300029735,2.28,2.96
202300029737,5.38,10.29
202300029740,2.48,5.82
202300029747,3.96,11.52
202300029759,3.4,6.94
202300029762,5.1,7.59
202300029765,7.79,10.55
202300029767,3.36,5.59
202300029776,4.26,39.74
202300029825,12.02,14.26
202300029832,5.44,2.72
202300029839,4.46,4.47
202300029843,4.14,22.8
202300029845,6.26,4.04
202300029852,4.02,12.93
202300029855,8.53,15.15
202300029889,4.53,10.77
202300029894,4.89,7.29
202300029898,3.6,2.79
202300029899,4.84,8.82
202300029903,8.52,11.9
202300029916,2.17,4.32
202300029920,6.56,3.49
202300029973,1.68,14.35
202300029978,5.54,5.54
202300030056,3.91,15.79
202300030060,6.61,16.11
202300030133,4.08,6.83
202300030137,2.43,4.6
202300030141,2.9,3.89
202300030145,2.62,5.35
202300030148,3.62,6.92
202300030153,2.73,0.4
202300030156,5.52,6.77
202300030160,1.77,7.52
202300030166,7.1,15.24
202300030170,4.26,3.21
202300030189,2.27,6.08
202300030192,5.29,4.3
202300030229,6.59,19.0
202300030293,10.23,20.66
202300030308,5.28,12.94
202300030309,2.23,4.96
202300030315,5.51,5.04
202300030318,7.95,5.74
202300030365,4.52,8.2
202300030452,5.93,15.37
202300030462,7.59,6.45
202300030468,3.41,4.3
202300030470,2.94,5.11
202300030473,4.38,7.3
202300030475,2.44,5.57
202300030494,3.23,9.52
202300030498,5.11,8.56
202300030500,4.82,8.31
202300030503,2.9,5.73
202300030512,1.0,1.82
202300030515,6.55,9.1
202300030519,6.16,3.95
202300030570,6.36,1.81
202300030573,1.34,5.61
202300030575,1.57,9.92
202300030582,3.5,18.8
202300030583,5.29,7.83
202300030665,4.17,18.1
202300030696,5.48,23.56
202300030709,2.34,3.41
202300030712,3.52,21.28
202300030715,4.29,4.89
202300030719,5.64,29.94
202300030734,2.76,5.69
202300030736,6.27,9.2
202300030738,10.32,10.39
202300030824,13.32,14.94
202300030854,5.61,5.76
202300030858,3.61,3.03
202300030864,8.6,50.87
202300030871,2.05,28.93
202300030892,9.82,15.14
202300030900,10.98,8.65
202300030904,3.6,3.63
202300030912,2.47,3.48
202300030923,3.38,15.9
202300030997,1.66,3.64
202300031033,7.06,12.82
202300031039,5.97,5.14
202300031040,9.56,12.6
202300031070,2.88,3.31
202300031071,4.56,4.29
202300031072,2.73,4.51
202300031098,1.1,7.44
202300031099,3.77,5.61
202300031100,3.81,3.7
202300031101,4.54,5.41
202300031104,3.44,7.15
202300031147,2.4,14.5
202300031268,4.16,3.74
202300031269,3.54,3.38
202300031270,2.08,4.81
202300031271,2.66,4.89
202300031272,2.22,6.93
202300031273,2.96,5.33
202300031277,3.51,17.91
202300031278,6.86,4.64
202300031306,4.79,7.98
202300031329,4.99,7.26
202300031342,2.84,4.76
202300031441,3.95,8.4
202300031443,4.44,6.1
202300031445,3.24,4.41
202300031447,3.09,4.89
202300031450,3.27,4.16
202300031452,1.82,23.01
202300031453,1.56,4.29
202300031455,1.99,8.16
202300031456,8.4,27.2
202300031457,5.02,28.74
202300031467,3.08,15.86
202300031493,1.19,13.18
202300031494,7.24,21.28
202300031495,2.47,14.11
202300031496,4.79,23.32
202300031508,11.24,10.26
202300031509,4.85,3.62
202300031510,5.85,8.06
202300031594,9.0,5.16
202300031597,3.58,5.38
202300031599,8.04,2.02
202300031601,3.6,7.06
202300031602,5.91,12.37
202300031605,1.46,8.85
202300031607,0.8,5.14
202300031611,1.85,4.3
202300031614,3.64,4.65
202300031615,2.94,7.1
202300031621,2.52,5.26
202300031629,3.78,7.69
202300031631,5.52,3.89
202300031636,2.71,30.35
202300031642,3.82,3.26
202300031647,1.43,17.27
202300031649,13.96,40.41
202300031652,5.83,3.61
202300031687,2.8,4.32
202300031782,3.76,19.74
202300031808,2.68,18.3
202300031825,9.42,16.62
202300031859,5.47,15.6
202300031865,3.24,5.81
202300031869,4.89,5.37
202300031873,2.65,6.11
202300031880,3.25,6.71
202300031884,4.36,2.98
202300031885,6.44,6.2
202300031888,5.58,10.98
202300031892,4.26,3.97
202300031895,4.58,67.02
202300031896,4.81,9.73
202300031901,3.95,7.13
202300031927,4.92,7.85
202300031932,10.7,9.68
202300031934,2.91,5.91
202300031974,3.64,6.98
202300031977,5.29,7.41
202300031981,5.35,2.73
202300032072,7.51,5.18
202300032074,6.71,4.56
202300032077,2.69,10.7
202300032081,4.72,11.86
202300032090,7.21,15.35
202300032105,2.48,7.14
202300032109,5.92,8.02
202300032113,2.99,5.72
202300032116,5.91,7.67
202300032129,4.14,8.83
202300032150,4.43,6.38
202300032151,7.41,7.42
202300032152,3.65,4.57
202300032156,3.69,6.26
202300032159,8.18,15.29
202300032166,4.14,11.62
202300032168,7.23,19.58
202300032196,2.93,17.24
202300032222,8.02,7.04
202300032256,5.61,5.4
202300032263,5.6,8.53
202300032320,1.18,21.23
202300032326,1.62,10.11
202300032329,2.15,3.14
202300032330,4.61,3.47
202300032332,3.24,3.97
202300032335,3.62,6.28
202300032336,4.85,5.12
202300032340,3.4,4.78
202300032341,6.49,2.83
202300032344,4.17,11.55
202300032354,6.48,5.72
202300032384,5.26,8.54
202300032387,5.18,9.87
202300032389,5.26,2.24
202300032393,8.71,15.38
202300032394,6.15,2.61
202300032416,4.54,3.41
202300032421,6.84,9.89
202300032422,3.18,17.24
202300032426,5.78,5.11
202300032431,4.7,5.73
202300032440,5.72,9.0
202300032444,2.76,4.4
202300032447,6.71,4.74
202300032450,2.21,11.74
202300032451,7.4,0.92
202300032455,7.9,15.48
202300032460,5.41,9.38
202300032462,11.62,10.72
202300032480,17.77,21.96
202300032563,10.61,25.47
202300032586,10.35,25.56
202300032592,3.08,29.86
202300032594,2.24,37.72
202300032597,2.17,25.26
202300032604,5.81,21.6
202300032610,3.77,8.7
202300032612,8.41,6.08
202300032615,3.05,18.67
202300032623,8.93,11.82
202300032635,7.46,7.46
202300032636,7.32,23.1
202300032660,4.15,3.8
202300032662,6.49,10.65
202300032665,4.14,8.84
202300032723,17.33,22.37
202300032730,4.78,4.21
202300032741,6.1,14.08
202300032744,8.93,17.07
202300032747,2.88,3.99
202300032768,8.63,20.78
202300032772,3.44,8.11
202300032775,8.9,7.76
202300032778,9.31,8.17
202300032780,9.21,18.93
202300032820,1.6,14.81
202300032821,9.0,11.11
202300032931,11.87,26.5
202300032946,7.11,4.37
202300032947,9.78,13.06
202300032948,8.56,9.82
202300032962,14.5,50.89
202300032963,1.62,24.98
202300032964,0.42,11.83
202300032965,5.7,7.61
202300032966,3.41,12.43
202300032989,4.08,9.59
202300032990,2.63,8.09
202300032991,5.71,6.53
202300032992,6.04,8.89
202300033049,7.08,2.3
202300033078,2.32,6.47
202300033081,4.36,6.16
202300033083,0.92,4.56
202300033085,1.56,3.79
202300033088,6.54,7.22
202300033096,6.44,7.5
202300033099,7.13,3.79
202300033104,6.45,14.89
202300033106,2.27,1.17
202300033178,9.88,21.7
202300033228,3.23,5.78
202300033229,3.1,3.8
202300033230,2.9,1.4
202300033231,5.02,5.29
202300033234,4.38,20.14
202300033235,4.29,19.72
202300033236,2.48,1.58
202300033237,2.88,4.34
202300033300,2.52,10.33
202300033321,6.8,12.87
202300033322,4.12,8.12
202300033323,9.14,8.0
202300033414,10.14,13.96
202300033415,1.38,5.98
202300033416,2.97,7.91
202300033417,1.2,12.34
202300033418,1.98,5.89
202300033419,5.5,8.42
202300033420,3.17,4.16
202300033421,4.47,10.94
202300033422,1.27,12.59
202300033423,6.0,5.96
202300033424,3.64,5.44
202300033425,4.39,4.72
202300033426,3.35,13.22
202300033427,4.22,5.36
202300033428,2.47,4.14
202300033429,5.08,5.9
202300033430,2.8,4.1
202300033434,3.44,4.47
202300033435,6.64,13.15
202300033436,6.8,11.58
202300033473,2.7,17.32
202300033497,12.55,44.32
202300033499,3.03,81.06
202300033500,4.79,17.76
202300033504,5.73,14.71
202300033520,5.64,15.96
202300033665,12.58,32.49
202300033666,1.31,8.03
202300033668,4.46,12.11
202300033702,4.94,11.0
202300033710,2.4,5.4
202300033719,3.9,16.14
202300033735,9.82,26.43
202300033749,6.18,11.91
202300033755,2.13,5.43
202300033765,5.37,11.12
202300033779,9.55,11.06
202300033796,2.35,26.46
202300033808,4.42,15.78
202300033812,6.04,14.01
202300033855,7.1,9.31
202300033863,2.88,6.16
202300033864,5.51,5.57
202300033887,3.79,4.82
202300033890,10.91,17.71
202300033895,8.01,4.47
202300033900,1.89,5.58
202300033904,5.81,6.5
202300033992,10.09,15.47
202300033997,5.52,16.92
202300033998,4.02,3.79
202300034002,4.54,21.18
202300034003,3.39,4.23
202300034004,4.94,19.52
202300034009,10.22,10.43
202300034061,5.75,16.07
202300034062,6.29,13.31
202300034072,7.02,7.24
202300034076,3.69,6.88
202300034081,4.79,5.61
202300034085,5.2,6.03
202300034164,6.76,11.46
202300034171,3.29,11.77
202300034176,7.52,3.86
202300034177,1.26,10.86
202300034181,2.8,9.26
202300034185,8.58,10.65
202300034199,6.39,10.18
202300034202,3.21,2.59
202300034209,7.04,8.86
202300034236,3.96,2.89
202300034238,7.67,4.56
202300034254,12.12,11.11
202300034310,2.92,6.88
202300034335,4.63,9.1
202300034337,3.66,5.51
202300034343,2.24,6.91
202300034346,3.15,5.59
202300034351,6.54,7.47
202300034352,5.29,4.64
202300034356,2.31,14.59
202300034360,4.42,31.34
202300034369,4.08,26.51
202300034404,1.2,5.45
202300034408,3.72,7.49
202300034410,4.07,8.72
202300034413,3.12,5.05
202300034448,12.67,52.16
202300034485,1.41,3.33
202300034523,1.15,2.95
202300034525,1.41,6.34
202300034532,19.51,20.23
202300034533,1.88,20.92
202300034613,1.87,12.4
202300034615,11.85,33.21
202300034616,4.42,11.15
202300034620,1.67,14.18
202300034637,4.11,8.75
202300034638,5.67,6.01
202300034640,3.53,3.59
202300034665,0.62,11.39
202300034668,5.84,39.29
202300034671,5.18,17.7
202300034689,5.46,3.95
202300034718,1.89,11.11
202300034720,4.32,8.81
202300034723,1.87,8.04
202300034745,8.63,8.57
202300034785,3.51,6.79
202300034788,5.91,5.87
202300034790,4.31,10.92
202300034794,3.82,4.18
202300034795,5.76,3.55
202300034797,6.09,10.78
202300034798,6.61,4.66
202300034860,6.96,14.01
202300034870,6.08,13.26
202300034876,8.52,8.41
202300034879,15.99,55.48
202300034911,1.43,22.41
202300034912,9.03,15.8
202300034913,4.31,2.39
202300034914,5.24,13.03
202300034915,5.86,18.82
202300034925,2.62,7.33
202300034926,7.47,5.96
202300034957,4.59,3.74
202300034958,4.88,15.01
202300034959,8.96,15.39
202300034960,4.64,4.34
202300035018,2.73,7.02
202300035020,4.65,6.45
202300035022,2.09,4.8
202300035029,7.55,19.94
202300035031,1.75,18.04
202300035033,7.35,4.37
202300035034,5.11,6.88
202300035064,3.38,8.3
202300035065,2.23,8.13
202300035066,3.08,4.88
202300035067,3.39,12.85
202300035068,2.77,3.74
202300035069,6.0,11.28
202300035070,4.22,10.29
202300035072,4.24,5.42
202300035080,5.15,5.56
202300035082,6.01,9.89
202300035085,6.6,10.99
202300035140,6.71,5.57
202300035141,9.72,8.7
202300035142,4.98,5.91
202300035143,2.88,9.18
202300035144,3.46,4.4
202300035146,4.05,11.65
202300035184,4.62,15.42
202300035185,5.2,8.12
202300035186,9.84,8.71
202300035187,6.93,6.94
202300035188,6.94,12.05
202300035226,2.14,8.26
202300035227,1.28,5.95
202300035228,7.78,9.08
202300035229,3.51,2.89
202300035230,3.25,16.37
202300035243,1.56,42.66
202300035244,8.22,15.82
202300035245,5.29,15.74
202300035254,5.07,9.77
202300035255,3.88,10.9
202300035256,4.1,4.7
202300035257,3.84,14.15
202300035314,2.88,8.54
202300035315,4.26,17.2
202300035316,3.82,3.24
202300035385,2.81,10.69
202300035386,2.42,7.73
202300035387,4.03,4.86
202300035388,1.23,4.66
202300035389,6.43,11.71
202300035390,2.75,2.39
202300035396,2.49,12.01
202300035397,2.76,21.88
202300035398,9.05,4.47
202300035425,7.4,8.01
202300035427,3.76,22.13
202300035442,4.64,2.85
202300035457,1.37,7.33
202300035460,3.54,5.25
202300035462,3.66,5.6
202300035464,3.33,2.7
202300035465,7.84,6.47
202300035467,3.51,2.88
202300035468,6.14,9.41
202300035469,5.1,16.44
202300035472,3.61,2.96
202300035570,5.89,13.96
202300035587,7.5,7.65
202300035624,5.34,5.31
202300035628,1.11,4.23
202300035632,3.97,17.51
202300035647,5.66,8.06
202300035648,6.54,4.2
202300035652,3.07,7.13
202300035659,4.74,7.28
202300035686,2.13,1.31
202300035689,2.37,3.1
202300035698,3.73,3.13
202300035704,5.77,6.71
202300035709,7.44,11.63
202300035714,5.04,17.8
202300035801,9.9,9.62
202300035820,3.24,5.84
202300035823,10.52,6.97
202300035938,7.4,15.02
202300035955,2.11,3.75
202300035960,4.02,8.79
202300035966,3.21,5.01
202300035971,0.42,9.69
202300035980,4.25,3.48
202300035996,5.34,9.68
202300036002,12.32,35.46
202300036009,4.65,20.03
202300036012,4.29,14.58
202300036023,7.89,13.28
202300036038,4.61,12.6
202300036076,6.33,18.12
202300036077,8.24,7.66
202300036097,3.57,10.59
202300036104,4.26,4.16
202300036116,3.62,13.14
202300036118,9.12,9.9
202300036122,5.29,13.72
202300036123,14.43,20.81
202300036179,5.0,7.93
202300036181,6.08,10.78
202300036185,4.61,4.11
202300036191,2.3,5.9
202300036201,2.12,8.58
202300036223,4.61,6.27
202300036249,4.58,5.69
202300036251,7.77,8.83
202300036335,6.47,4.42
202300036339,6.9,5.32
202300036341,5.42,25.4
202300036349,2.28,16.08
202300036377,6.13,15.04
202300036379,1.84,13.02
202300036384,7.88,18.05
202300036395,2.37,12.29
202300036402,7.93,5.59
202300036451,7.24,8.65
202300036456,5.25,15.2
202300036470,4.92,18.07
202300036486,4.63,7.03
202300036487,3.46,2.64
202300036488,11.88,10.86
202300036497,10.56,9.99
202300036498,4.75,6.87
202300036516,2.31,3.55
202300036559,2.24,3.28
202300036561,5.18,9.96
202300036563,5.77,7.04
202300036571,2.74,12.08
202300036573,5.22,8.49
202300036575,14.15,11.0
202300036634,9.5,15.05
202300036645,4.85,12.49
202300036671,2.96,15.46
202300036677,6.38,9.31
202300036704,6.54,8.23
202300036705,5.58,13.06
202300036724,4.11,9.39
202300036725,3.05,4.88
202300036761,4.15,5.84
202300036762,1.87,8.33
202300036764,6.63,12.63
202300036811,5.32,9.3
202300036812,6.57,10.12
202300036846,3.08,9.14
202300036847,2.77,9.7
202300036848,3.26,6.05
202300036883,5.83,8.1
202300036906,5.83,3.78
202300036925,3.87,24.87
202300036926,7.01,31.22
202300036987,9.48,24.78
202300037007,5.15,12.78
202300037008,3.63,4.12
202300037009,2.68,5.31
202300037012,4.24,6.84
202300037016,3.7,22.49
202300037019,3.27,21.27
202300037022,8.66,5.13
202300037026,1.91,6.49
202300037062,5.6,9.76
202300037063,6.54,8.45
202300037150,6.37,5.78
202300037151,6.72,7.1
202300037169,3.82,18.44
202300037181,2.03,7.58
202300037184,10.23,12.22
202300037185,4.78,20.86
202300037191,12.31,33.94
202300037205,6.64,25.57
202300037206,2.75,19.39
202300037207,3.34,14.53
202300037208,3.94,20.8
202300037218,4.14,10.2
202300037282,1.4,0.27
202300037283,9.27,15.52
202300037284,8.1,5.89
202300037315,3.98,12.64
202300037334,8.58,35.03
202300037343,9.56,12.58
202300037346,7.76,71.95
202300037347,2.57,15.45
202300037348,2.11,15.43
202300037349,5.96,16.41
202300037360,2.71,4.98
202300037444,0.72,6.37
202300037445,3.0,8.19
202300037448,2.18,11.32
202300037449,4.66,5.24
202300037450,6.45,12.42
202300037580,9.01,35.78
202300037652,6.14,6.93
202300037653,3.12,5.56
202300037658,4.33,2.0
202300037661,2.98,9.45
202300037663,2.25,4.06
202300037674,0.96,2.7
202300037677,6.64,10.18
202300037693,7.52,6.04
202300037696,5.11,7.69
202300037700,6.04,2.95
202300037722,3.82,6.63
202300037725,2.9,7.19
202300037726,3.33,6.45
202300037729,3.79,9.14
202300037731,4.26,6.65
202300037739,3.87,8.47
202300037770,4.27,8.0
202300037773,8.81,7.5
202300037841,9.93,39.23
202300037856,2.28,4.22
202300037858,0.65,9.76
202300037863,1.84,0.71
202300037865,6.5,10.89
202300037870,2.58,21.83
202300037871,7.66,4.12
202300037874,5.27,2.2
202300037882,12.04,19.24
202300037907,5.02,10.93
202300037918,6.02,14.52
202300037922,2.27,18.75
202300037958,5.74,8.51
202300037968,3.65,13.18
202300037972,5.35,8.16
202300037987,10.31,46.69
202300038000,4.24,3.48
202300038003,6.35,14.79
202300038006,3.12,6.12
202300038009,3.53,14.05
202300038012,2.92,5.92
202300038013,6.05,4.43
202300038024,4.42,14.72
202300038120,2.05,36.01
202300038127,2.27,8.84
202300038163,3.48,19.47
202300038165,4.17,15.9
202300038167,13.02,18.0
202300038169,2.88,10.74
202300038171,5.38,7.76
202300038173,9.25,10.03
202300038174,6.82,20.55
202300038197,8.92,9.14
202300038299,2.94,9.23
202300038302,4.42,6.82
202300038304,2.15,7.11
202300038307,5.18,12.48
202300038310,4.01,5.74
202300038351,2.18,7.58
202300038374,3.74,24.08
202300038383,12.94,18.32
202300038384,2.42,34.31
202300038423,14.53,22.6
202300038448,8.68,17.86
202300038494,4.5,4.95
202300038495,4.58,10.87
202300038496,3.41,6.41
202300038497,4.19,3.55
202300038499,10.06,24.7
202300038508,5.44,17.6
202300038513,8.56,24.71
202300038516,8.36,17.26
202300038550,2.61,5.1
202300038551,8.7,22.13
202300038552,4.72,9.23
202300038553,14.18,47.82
202300038554,5.99,6.98
202300038555,4.11,14.39
202300038556,4.32,10.55
202300038557,3.48,4.9
202300038611,6.52,9.06
202300038671,3.56,17.01
202300038678,3.14,10.52
202300038680,2.8,5.03
202300038681,7.12,6.86
202300038682,3.88,5.95
202300038688,6.56,10.93
202300038690,5.04,5.74
202300038693,6.08,2.54
202300038698,6.01,15.17
202300038699,0.44,12.44
202300038701,3.77,2.42
202300038703,2.78,3.1
202300038704,3.98,9.52
202300038706,0.38,10.79
202300038707,3.7,6.63
202300038709,7.97,4.9
202300038713,6.01,11.02
202300038715,10.85,9.72
202300038717,3.08,5.25
202300038718,2.96,5.19
202300038719,1.77,0.64
202300038720,1.97,16.95
202300038721,9.07,8.05
202300038722,3.73,8.41
202300038812,9.68,12.24
202300038818,7.76,8.65
202300038824,4.28,14.65
202300038825,17.55,22.71
202300038827,5.96,13.94
202300038830,4.46,15.25
202300038842,7.76,41.4
202300038858,2.24,3.48
202300038864,3.49,1.7
202300038964,4.35,7.34
202300038974,5.01,13.58
202300038976,7.0,13.63
202300039006,7.18,8.2
202300039007,1.35,11.59
202300039009,4.16,7.68
202300039011,1.28,3.01
202300039013,3.39,3.23
202300039015,2.87,6.32
202300039016,1.83,3.99
202300039018,3.59,6.99
202300039020,3.61,5.42
202300039022,4.18,5.57
202300039026,4.64,11.3
202300039096,4.4,12.1
202300039097,3.4,8.4
202300039125,1.17,6.75
202300039159,1.48,2.44
202300039162,6.08,4.95
202300039163,10.09,18.37
202300039190,2.14,20.8
202300039214,9.85,13.81
202300039225,6.48,7.23
202300039226,3.43,10.67
202300039237,7.49,6.27
202300039238,6.22,11.22
202300039239,6.18,8.39
202300039255,2.16,9.96
202300039266,4.67,11.54
202300039267,1.58,8.36
202300039291,12.25,28.41
202300039298,4.74,16.47
202300039299,4.57,9.08
202300039311,5.88,5.9
202300039312,5.75,9.29
202300039340,10.29,11.68
202300039389,4.82,6.62
202300039390,3.29,5.66
202300039392,4.9,5.92
202300039486,20.29,23.85
202300039517,7.82,6.8
202300039519,9.57,8.55
202300039523,2.73,5.85
202300039525,6.81,8.5
202300039529,3.98,17.14
202300039530,7.64,11.34
202300039572,5.68,8.26
202300039575,3.63,6.24
202300039580,4.27,12.74
202300039587,2.44,21.9
202300039620,8.83,9.31
202300039686,6.16,13.38
202300039740,6.07,7.34
202300039744,0.81,2.5
202300039748,4.56,2.94
202300039763,5.32,6.08
202300039765,0.91,27.1
202300039798,2.12,3.12
202300039803,2.14,17.38
202300039806,7.59,6.12
202300039814,2.65,6.4
202300039820,6.36,3.74
202300039844,6.28,4.05
202300039911,3.7,6.03
202300039949,1.59,11.04
202300039952,2.03,7.95
202300039956,3.24,2.87
202300039958,5.07,6.18
202300039960,5.85,4.96
202300039962,2.94,22.06
202300039963,1.72,15.76
202300039964,5.56,2.66
202300039976,5.92,10.62
202300039978,3.61,7.8
202300040030,2.53,3.54
202300040089,5.33,10.01
202300040091,4.9,15.2
202300040106,3.99,7.44
202300040108,5.69,7.49
202300040148,3.17,6.31
202300040150,2.77,3.74
202300040152,3.52,2.86
202300040163,9.68,17.24
202300040165,5.12,8.4
202300040168,6.9,8.36
202300040171,4.94,3.66
202300040179,4.55,9.49
202300040265,4.49,2.96
202300040267,2.68,7.59
202300040320,2.38,9.59
202300040337,3.96,10.19
202300040341,4.19,6.02
202300040344,4.6,7.11
202300040350,3.62,11.18
202300040353,5.77,8.9
202300040356,2.8,3.76
202300040359,6.29,4.69
202300040361,1.5,7.96
202300040364,4.01,2.27
202300040367,2.89,4.69
202300040369,5.35,8.04
202300040370,5.86,4.64
202300040372,4.78,10.85
202300040380,2.37,6.0
202300040381,1.34,2.7
202300040385,8.06,11.67
202300040388,6.04,9.26
202300040449,1.71,30.08
202300040459,4.44,5.16
202300040461,5.8,12.06
202300040465,3.84,5.22
202300040468,4.99,16.18
202300040470,2.86,29.8
202300040472,3.62,10.86
202300040520,16.95,36.89
202300040530,3.61,4.24
202300040533,3.81,7.59
202300040586,5.56,14.03
202300040591,2.02,11.43
202300040629,5.25,13.39
202300040631,14.65,57.64
202300040725,1.27,48.08
202300040729,6.93,17.97
202300040767,11.6,33.49
202300040777,3.66,7.06
202300040807,2.21,5.35
202300040808,7.14,3.8
202300040809,6.02,6.09
202300040826,9.29,8.16
202300040910,7.39,11.71
202300040937,11.3,13.0
202300040956,5.23,4.2
202300040958,1.33,9.81
202300040960,3.83,6.52
202300040962,3.7,4.11
202300040964,1.57,5.26
202300040990,4.72,53.97
202300041023,12.13,77.02
202300041024,8.18,82.84
202300041048,3.74,16.02
202300041050,4.84,16.91
202300041051,5.3,17.41
202300041066,0.93,5.64
202300041071,6.56,4.3
202300041072,5.4,9.57
202300041074,2.44,8.73
202300041078,2.32,22.21
202300041117,3.0,4.68
202300041118,4.77,2.68
202300041139,5.23,5.09
202300041158,2.96,13.9
202300041159,1.29,28.27
202300041202,0.32,12.55
202300041206,10.19,13.97
202300041213,8.35,16.78
202300041214,0.66,44.32
202300041215,11.68,14.27
202300041230,3.78,8.49
202300041231,4.19,6.81
202300041232,5.45,7.24
202300041233,3.24,6.24
202300041245,2.06,5.83
202300041333,4.2,4.18
202300041334,3.74,4.67
202300041335,5.64,7.44
202300041337,1.94,4.17
202300041342,6.41,21.05
202300041343,5.05,20.87
202300041345,3.6,22.59
202300041382,13.5,63.12
202300041422,6.62,18.12
202300041425,2.87,14.84
202300041447,6.16,6.98
202300041448,3.16,11.64
202300041449,4.26,6.87
202300041450,8.38,11.9
202300041452,7.1,14.12
202300041490,5.42,10.0
202300041494,3.08,4.1
202300041522,3.05,4.73
202300041524,2.18,4.28
202300041527,2.19,6.42
202300041539,5.5,19.21
202300041553,7.39,8.8
202300041558,10.2,11.46
202300041573,5.75,8.73
202300041596,1.16,4.18
202300041597,8.85,7.71
202300041598,2.64,4.44
202300041599,3.28,4.13
202300041603,4.36,6.71
202300041648,1.36,5.82
202300041651,5.14,7.08
202300041653,2.8,4.09
202300041656,2.08,4.74
202300041664,9.06,5.52
202300041667,4.92,28.29
202300041705,10.56,29.19
202300041712,6.64,6.95
202300041717,2.17,4.27
202300041718,3.03,8.42
202300041720,4.75,10.44
202300041721,6.51,3.44
202300041722,4.28,10.51
202300041791,4.66,7.07
202300041796,6.05,5.77
202300041808,3.2,9.58
202300041812,3.39,7.68
202300041816,4.15,5.16
202300041823,8.8,13.97
202300041859,9.7,12.74
202300041864,5.41,8.34
202300041867,5.96,5.98
202300041883,7.99,19.16
202300041930,2.46,6.65
202300041931,6.34,4.23
202300041933,5.91,7.94
202300041936,5.44,3.86
202300041937,8.96,9.74
202300041940,1.66,8.6
202300041943,9.7,13.82
202300041956,4.19,19.29
202300041958,9.09,12.02
202300041970,9.25,18.98
202300041972,5.04,9.72
202300041974,2.26,1.97
202300041991,3.44,11.92
202300041994,6.01,12.76
202300041996,1.62,7.49
202300041998,2.56,9.54
202300042014,3.33,3.28
202300042031,5.77,4.87
202300042036,4.11,3.28
202300042038,4.12,5.76
202300042043,13.02,13.1
202300042063,7.35,5.14
202300042065,7.81,5.6
202300042068,2.58,5.41
202300042103,4.71,17.68
202300042126,6.83,10.8
202300042127,4.0,2.65
202300042132,2.12,3.11
202300042134,3.24,12.48
202300042138,4.02,9.24
202300042141,1.58,4.31
202300042145,3.1,4.9
202300042148,0.64,6.94
202300042150,8.23,9.89
202300042151,4.01,2.49
202300042152,0.83,13.34
202300042171,9.02,12.62
202300042178,4.32,4.06
202300042232,6.27,24.42
202300042253,2.08,13.6
202300042260,9.41,8.83
202300042263,4.64,5.52
202300042289,4.28,25.48
202300042294,0.57,11.88
202300042311,5.36,11.28
202300042314,5.49,10.76
202300042317,6.4,9.94
202300042350,5.93,10.61
202300042352,10.37,13.42
202300042369,4.34,7.74
202300042370,2.33,8.03
202300042372,4.13,8.78
202300042425,2.94,4.75
202300042432,5.19,13.66
202300042434,4.89,16.2
202300042520,3.52,3.19
202300042521,4.66,6.66
202300042530,4.8,13.38
202300042532,6.54,8.12
202300042534,1.26,18.6
202300042536,5.95,7.41
202300042588,2.45,7.7
202300042593,7.3,83.89
202300042594,0.94,3.98
202300042616,7.31,34.51
202300042633,3.16,9.45
202300042634,6.57,13.83
202300042667,4.09,14.66
202300042669,7.48,17.93
202300042670,13.96,21.94
202300042696,2.4,3.25
202300042698,4.47,4.64
202300042702,7.36,7.26
202300042716,5.38,9.16
202300042719,7.6,7.34
202300042721,5.08,9.25
202300042723,7.34,17.79
202300042726,5.09,9.56
202300042728,8.75,14.5
202300042731,5.94,8.15
202300042735,4.0,7.68
202300042795,4.46,9.16
202300042796,6.06,5.49
202300042797,2.83,4.63
202300042802,4.04,12.52
202300042806,4.36,10.05
202300042808,2.26,4.99
202300042809,2.96,2.26
202300042812,3.64,1.63
202300042814,0.73,5.4
202300042816,3.6,4.26
202300042818,4.34,8.01
202300042886,10.3,15.06
202300042897,0.97,2.0
202300042950,2.5,37.36
202300042972,4.17,10.48
202300043001,1.86,16.87
202300043003,2.6,14.43
202300043011,1.68,9.39
202300043039,7.16,8.67
202300043045,6.48,10.66
202300043047,8.13,16.55
202300043049,1.69,27.02
202300043070,4.59,8.79
202300043072,4.41,5.28
202300043074,6.5,8.72
202300043088,18.16,24.8
202300043090,6.21,9.12
202300043111,4.39,5.4
202300043152,11.85,16.4
202300043165,9.49,13.28
202300043172,4.26,11.54
202300043173,6.19,33.75
202300043174,7.13,18.58
202300043184,5.73,8.65
202300043185,2.96,2.75
202300043186,4.39,7.32
202300043282,6.76,14.4
202300043283,1.86,2.85
202300043284,2.89,5.37
202300043285,5.11,8.56
202300043286,3.76,4.77
202300043287,2.65,14.79
202300043288,3.56,1.64
202300043294,0.7,1.74
202300043295,7.12,8.69
202300043296,4.05,1.83
202300043335,5.91,10.04
202300043352,6.74,10.05
202300043353,5.05,3.59
202300043365,4.45,15.54
202300043381,6.1,4.48
202300043438,2.34,2.88
202300043439,10.13,21.53
202300043440,1.79,5.45
202300043441,3.03,9.06
202300043442,4.65,7.58
202300043443,6.59,9.42
202300043444,10.16,6.62
202300043446,2.04,8.63
202300043502,2.56,12.0
202300043539,0.1,9.29
202300043543,16.5,63.45
202300043554,7.27,7.26
202300043563,6.91,17.0
202300043566,1.27,22.06
202300043578,5.06,14.8
202300043596,2.12,6.83
202300043598,5.24,6.07
202300043600,2.45,3.97
202300043603,5.3,8.22
202300043605,6.33,9.26
202300043607,5.16,10.27
202300043610,2.3,1.47
202300043612,4.67,2.88
202300043637,9.35,9.32
202300043640,7.09,3.56
202300043666,4.01,10.27
202300043668,4.06,6.74
202300043670,5.07,8.2
202300043673,7.1,1.89
202300043676,7.48,15.04
202300043680,2.48,2.37
202300043682,3.11,7.21
202300043684,3.29,6.37
202300043714,5.32,8.18
202300043717,2.55,9.05
202300043741,2.28,5.79
202300043742,6.72,3.38
202300043819,8.79,7.65
202300043822,3.44,13.13
202300043869,4.59,20.28
202300043922,4.45,20.79
202300043927,14.25,29.11
202300043932,7.07,5.37
202300043941,5.34,6.85
202300043942,6.85,7.5
202300043944,6.98,12.46
202300043949,2.1,28.58
202300043951,4.06,11.82
202300043954,3.33,15.33
202300043956,10.59,1.72
202300043967,3.34,4.38
202300043970,2.37,20.99
202300043974,8.47,4.35
202300043979,7.42,3.85
202300043981,4.89,5.58
202300043983,7.33,5.02
202300043991,4.39,20.21
202300043998,4.52,8.5
202300043999,1.18,17.91
202300044005,5.43,8.36
202300044011,4.32,12.12
202300044047,3.42,27.08
202300044052,0.92,23.06
202300044105,0.9,6.09
202300044108,11.28,10.31
202300044110,5.12,4.86
202300044112,5.72,4.5
202300044113,8.15,4.93
202300044116,8.39,8.61
202300044119,6.58,8.8
202300044125,4.94,3.49
202300044171,3.25,9.37
202300044200,5.22,4.83
202300044206,4.76,2.25
202300044237,8.05,14.49
202300044241,4.54,4.61
202300044243,2.38,7.01
202300044247,9.55,12.12
202300044258,3.44,16.46
202300044261,7.71,13.78
202300044264,5.46,8.4
202300044268,12.33,29.6
202300044270,2.72,4.95
202300044271,2.73,12.11
202300044272,2.73,12.11
202300044275,2.3,5.03
202300044276,7.78,9.04
202300044278,3.72,1.65
202300044284,12.54,23.86
202300044285,7.62,7.27
202300044286,2.88,5.11
202300044289,4.04,2.77
202300044290,6.37,6.27
202300044292,7.41,9.49
202300044295,11.03,22.43
202300044299,4.07,2.46
202300044304,3.86,7.49
202300044315,4.82,7.27
202300044319,2.4,5.32
202300044323,4.0,8.92
202300044326,4.23,2.43
202300044381,3.2,8.88
202300044441,3.02,3.81
202300044452,7.54,15.1
202300044457,8.44,11.58
202300044460,9.31,17.03
202300044491,11.91,9.57
202300044500,4.67,21.29
202300044504,5.91,5.6
202300044507,5.85,16.82
202300044516,2.15,9.31
202300044521,3.48,9.97
202300044524,3.66,9.73
202300044526,2.65,5.49
202300044530,0.67,6.62
202300044533,3.03,9.27
202300044534,3.97,7.14
202300044542,4.15,4.57
202300044564,8.79,10.37
202300044567,4.0,7.68
202300044568,2.63,11.24
202300044571,4.06,5.31
202300044573,3.27,6.74
202300044616,7.02,7.78
202300044620,2.49,8.78
202300044708,2.54,9.13
202300044711,2.32,5.72
202300044721,6.53,1.24
202300044742,6.7,7.12
202300044749,3.52,24.96
202300044770,2.26,5.69
202300044773,2.66,3.66
202300044778,2.57,4.52
202300044781,2.39,7.27
202300044787,8.44,4.91
202300044791,6.52,12.98
202300044804,3.68,21.15
202300044860,11.46,16.18
202300044873,9.32,24.71
202300044874,6.87,22.17
202300044876,5.07,5.07
202300044883,6.02,9.4
202300044893,0.57,28.24
202300044896,11.15,11.22
202300044900,5.29,6.35
202300044902,5.18,6.0
202300044905,4.38,7.57
202300044909,7.37,10.35
202300044911,5.15,7.36
202300044921,7.22,17.01
202300044935,4.5,16.41
202300044948,4.01,2.64
202300044949,4.12,25.38
202300044951,4.26,20.43
202300044968,4.52,11.54
202300044969,9.86,14.19
202300044970,9.53,8.39
202300045013,4.24,2.89
202300045014,5.48,8.02
202300045017,2.71,5.04
202300045018,3.03,2.3
202300045019,4.66,11.41
202300045020,7.47,6.0
202300045068,10.86,38.45
202300045085,4.76,9.77
202300045091,4.76,74.9
202300045092,11.18,16.68
202300045101,8.13,9.64
202300045106,3.02,60.49
202300045107,5.25,11.98
202300045108,5.86,8.42
202300045109,6.66,18.05
202300045164,60.37,92.05
202300045165,6.28,11.06
202300045166,2.45,5.9
202300045168,14.2,30.72
202300045182,8.28,21.54
202300045183,24.04,59.34
202300045184,7.21,27.13
202300045185,4.08,20.94
202300045253,7.28,19.16
202300045273,4.53,3.39
202300045275,2.4,11.32
202300045277,2.88,5.11
202300045279,2.69,5.62
202300045281,2.46,4.38
202300045283,3.88,7.13
202300045287,4.72,3.59
202300045289,3.46,21.43
202300045322,12.61,20.05
202300045335,2.88,14.67
202300045388,6.71,9.0
202300045392,3.39,32.37
202300045393,5.97,19.58
202300045394,4.88,22.66
202300045395,8.14,13.1
202300045397,3.34,10.58
202300045398,3.57,15.54
202300045414,4.74,12.38
202300045429,12.14,29.21
202300045433,3.29,23.5
202300045456,6.74,1.5
202300045458,3.14,8.55
202300045460,3.47,1.62
202300045488,6.62,8.57
202300045491,6.28,7.7
202300045546,15.2,21.33
202300045547,2.87,5.7
202300045549,3.43,7.22
202300045550,2.26,11.61
202300045552,2.79,1.96
202300045554,4.66,8.11
202300045556,4.87,10.79
202300045566,6.6,13.02
202300045568,5.22,8.49
202300045570,7.35,3.81
202300045572,7.26,9.6
202300045582,5.9,9.52
202300045661,5.78,14.69
202300045707,3.32,26.69
202300045708,8.85,10.36
202300045716,6.73,13.99
202300045729,2.98,14.16
202300045750,8.39,16.44
202300045759,5.73,5.44
202300045815,5.7,5.71
202300045842,8.04,7.46
202300045882,3.6,7.7
202300045886,4.52,5.64
202300045934,5.17,6.87
202300045937,2.62,5.74
202300045940,4.69,3.18
202300045944,8.35,9.77
202300046004,3.77,5.46
202300046008,1.45,14.81
202300046014,5.85,13.55
202300046020,2.93,2.28
202300046023,4.2,8.01
202300046027,3.35,21.78
202300046036,2.2,4.0
202300046044,5.17,8.58
202300046047,3.24,9.19
202300046054,2.72,4.82
202300046058,1.67,7.65
202300046062,7.87,41.86
202300046063,3.6,1.53
202300046080,5.33,9.48
202300046081,4.31,21.15
202300046087,5.92,7.03
202300046097,6.11,4.49
202300046105,5.13,17.08
202300046136,2.22,14.07
202300046141,5.45,12.47
202300046143,3.99,4.03
202300046145,3.76,7.76
202300046186,4.22,6.63
202300046225,9.11,7.8
202300046229,2.38,8.62
202300046245,15.03,32.3
202300046270,7.81,23.02
202300046299,4.5,9.18
202300046302,4.01,5.68
202300046305,5.89,6.23
202300046323,5.25,10.94
202300046349,7.29,9.29
202300046351,7.07,22.67
202300046379,7.07,8.94
202300046383,5.43,7.86
202300046385,7.56,3.04
202300046390,1.01,5.36
202300046391,1.83,2.83
202300046394,2.83,7.27
202300046396,5.18,4.07
202300046399,5.53,5.06
202300046414,2.29,9.22
202300046416,3.58,4.1
202300046420,6.13,1.8
202300046458,7.28,22.97
202300046476,16.67,36.24
202300046478,4.94,61.75
202300046505,3.96,6.88
202300046536,4.37,14.73
202300046542,1.6,15.68
202300046559,7.54,6.23
202300046579,49.61,108.0
202300046583,2.9,4.66
202300046584,7.4,13.17
202300046585,10.66,28.83
202300046587,6.05,3.84
202300046590,6.22,3.15
202300046598,2.4,9.28
202300046600,5.22,7.02
202300046603,3.51,6.12
202300046606,1.4,13.1
202300046607,7.42,13.59
202300046610,2.21,5.52
202300046613,2.81,7.5
202300046635,7.48,16.11
202300046672,6.37,18.89
202300046705,3.05,18.02
202300046739,13.28,23.09
202300046742,4.64,7.83
202300046743,5.37,12.67
202300046745,5.27,13.71
202300046753,4.54,19.16
202300046780,5.84,11.65
202300046783,5.57,5.54
202300046785,4.98,5.44
202300046792,8.96,14.34
202300046813,2.43,8.66
202300046872,6.62,11.71
202300046874,7.36,3.82
202300046890,4.45,13.1
202300046898,13.13,18.17
202300046916,9.15,8.13
202300046918,10.25,10.99
202300046957,6.0,13.88
202300046967,7.92,19.22
202300046979,15.44,72.04
202300046989,7.59,9.28
202300046990,4.99,13.64
202300046991,0.44,11.79
202300047010,7.41,5.07
202300047034,5.24,7.33
202300047035,3.86,16.47
202300047064,8.33,23.15
202300047110,7.5,16.46
202300047120,5.83,4.14
202300047121,4.85,14.41
202300047147,9.1,10.61
202300047152,5.61,25.29
202300047153,2.88,19.16
202300047154,15.22,20.2
202300047155,3.83,13.57
202300047161,6.58,8.8
202300047194,3.17,4.42
202300047195,3.88,7.23
202300047196,4.69,9.26
202300047197,2.03,7.8
202300047198,1.52,4.33
202300047237,8.66,26.3
202300047277,2.34,8.98
202300047290,7.94,14.99
202300047292,3.4,9.65
202300047294,4.84,6.79
202300047296,3.2,6.38
202300047303,8.43,16.98
202300047313,2.95,6.36
202300047315,4.21,23.33
202300047316,3.91,10.7
202300047317,4.62,11.09
202300047319,7.23,6.4
202300047326,4.47,3.36
202300047363,11.59,20.91
202300047367,6.42,5.11
202300047388,4.09,14.88
202300047404,12.67,40.96
202300047410,1.59,18.52
202300047416,7.77,8.49
202300047485,2.35,6.32
202300047509,9.57,18.48
202300047518,5.84,11.01
202300047534,1.33,3.91
202300047539,1.7,8.68
202300047542,4.51,8.23
202300047544,1.46,2.46
202300047550,6.93,9.01
202300047552,3.07,11.55
202300047553,4.0,8.92
202300047556,6.18,6.94
202300047557,5.98,7.95
202300047559,2.73,7.98
202300047560,3.27,4.16
202300047563,3.25,1.62
202300047565,2.48,4.28
202300047569,3.08,5.56
202300047571,4.4,9.4
202300047572,6.25,12.23
202300047573,3.88,4.28
202300047575,6.52,9.45
202300047576,4.31,4.72
202300047577,7.33,3.99
202300047578,9.65,10.72
202300047579,7.03,3.29
202300047621,9.5,7.16
202300047649,13.35,21.93
202300047677,0.5,6.37
202300047682,1.18,2.17
202300047691,8.41,8.34
202300047697,6.04,4.57
202300047701,2.03,13.94
202300047725,6.13,11.18
202300047729,2.14,22.6
202300047752,3.62,19.08
202300047781,3.41,8.08
202300047786,4.97,3.75
202300047791,3.85,8.85
202300047793,9.7,8.72
202300047794,2.22,3.74
202300047797,9.58,9.79
202300047799,10.02,8.88
202300047809,1.77,24.67
202300047814,4.88,24.49
202300047862,3.54,2.85
202300047865,2.52,4.32
202300047867,4.16,6.56
202300047870,4.83,6.02
202300047874,4.69,18.69
202300047876,8.85,7.58
202300047879,7.82,7.61
202300047880,11.74,16.99
202300047883,1.27,6.13
202300047887,9.42,15.88
202300047907,9.68,25.5
202300047913,6.87,8.12
202300047929,3.69,4.45
202300047930,3.0,3.86
202300047931,4.1,5.26
202300048045,3.21,9.28
202300048049,2.93,3.15
202300048052,5.62,12.93
202300048053,2.56,4.36
202300048055,4.61,14.7
202300048061,6.33,9.94
202300048063,2.68,80.72
202300048064,9.42,4.71
202300048075,7.08,5.94
202300048078,6.18,12.24
202300048081,2.01,5.54
202300048085,5.78,4.72
202300048088,7.34,7.32
202300048089,3.15,12.55
202300048092,3.61,10.07
202300048095,8.81,17.72
202300048117,5.33,7.62
202300048120,9.85,8.71
202300048122,8.94,7.8
202300048192,4.43,7.36
202300048195,2.76,5.69
202300048197,4.53,4.76
202300048264,3.86,17.32
202300048280,5.53,5.98
202300048310,7.77,5.01
202300048313,3.57,9.51
202300048319,2.92,5.92
202300048327,10.09,8.95
202300048329,4.92,9.37
202300048335,3.53,3.89
202300048341,1.85,4.05
202300048345,7.47,13.56
202300048385,2.04,10.84
202300048390,3.31,5.9
202300048395,4.78,2.72
202300048399,2.06,6.79
202300048405,7.98,6.67
202300048410,4.4,6.26
202300048412,4.17,2.95
202300048418,10.05,24.71
202300048523,5.3,9.02
202300048556,3.44,3.41
202300048559,4.28,5.54
202300048567,4.92,13.19
202300048593,3.42,4.8
202300048598,9.74,6.2
202300048605,1.59,6.88
202300048616,1.87,4.04
202300048620,3.69,5.78
202300048624,2.59,8.55
202300048627,4.68,4.66
202300048631,3.56,10.0
202300048645,2.62,1.58
202300048648,3.56,5.77
202300048655,4.84,5.76
202300048812,6.46,5.83
202300048832,11.36,34.02
202300048856,7.58,5.68
202300048866,3.69,31.88
202300048869,1.8,30.56
202300048894,5.28,4.33
202300048898,5.39,7.89
202300048948,9.32,18.23
202300048966,5.09,5.75
202300048968,5.09,11.15
202300048978,8.34,8.92
202300048991,5.53,15.19
202300049007,10.15,11.4
202300049021,3.31,21.58
202300049026,8.76,16.73
202300049029,7.02,8.29
202300049046,6.02,8.23
202300049071,7.11,10.64
202300049072,5.3,5.64
202300049073,6.54,5.03
202300049094,2.68,4.54
202300049119,7.81,6.7
202300049120,3.16,5.37
202300049121,10.7,13.15
202300049125,6.65,3.31
202300049166,6.36,14.44
202300049177,15.6,35.17
202300049193,5.97,18.65
202300049197,4.02,4.87
202300049199,6.98,5.08
202300049223,0.85,28.93
202300049226,6.12,14.09
202300049261,4.77,9.48
202300049265,3.68,8.38
202300049270,5.93,10.93
202300049272,2.68,3.35
202300049275,4.75,7.11
202300049276,6.36,12.28
202300049278,12.43,23.75
202300049283,8.42,8.15
202300049328,11.28,27.92
202300049336,2.78,6.33
202300049339,10.03,14.2
202300049342,8.9,6.69
202300049343,8.82,44.24
202300049360,0.91,17.31
202300049374,2.57,5.57
202300049376,3.93,11.32
202300049380,6.93,8.2
202300049408,5.61,17.2
202300049447,2.51,4.92
202300049450,7.93,19.24
202300049475,2.35,6.08
202300049479,2.12,10.57
202300049492,2.67,1.78
202300049505,7.81,6.84
202300049576,2.36,9.12
202300049578,3.23,4.61
202300049647,3.69,3.36
202300049653,4.16,4.79
202300049661,6.5,13.65
202300049696,10.41,11.92
202300049722,2.72,4.53
202300049749,3.86,22.72
202300049750,4.31,15.3
202300049756,5.78,9.26
202300049761,7.09,14.79
202300049765,4.96,7.65
202300049768,3.84,15.68
202300049797,6.2,7.22
202300049830,6.66,15.1
202300049832,4.04,27.73
202300049838,7.73,19.0
202300049843,3.72,17.17
202300049872,4.5,11.68
202300049891,7.51,9.63
202300049901,5.94,16.26
202300049926,6.06,17.28
202300049941,9.24,19.56
202300049950,3.8,9.51
202300049965,3.89,2.18
202300049973,4.32,6.13
202300049976,4.9,20.87
202300049980,3.72,4.72
202300049983,4.6,6.66
202300049989,4.64,6.34
202300049997,3.28,20.48
202300049998,7.15,8.95
202300050033,1.98,3.01
202300050043,5.91,20.26
202300050049,3.23,6.92
202300050056,5.62,2.83
202300050074,4.17,4.4
202300050080,5.67,9.87
202300050086,3.98,2.18
202300050093,3.74,5.66
202300050220,9.62,8.6
202300050227,7.84,14.9
202300050231,3.92,9.99
202300050237,4.53,11.58
202300050267,2.62,15.6
202300050277,9.41,8.39
202300050282,5.2,5.34
202300050314,8.46,7.52
202300050319,2.86,13.88
202300050326,5.23,4.4
202300050331,5.35,8.15
202300050334,8.9,15.96
202300050340,4.27,6.68
202300050345,1.86,4.06
202300050391,6.8,9.34
202300050419,5.34,7.83
202300050440,4.37,13.9
202300050447,11.94,13.47
202300050449,1.48,4.37
202300050453,8.59,11.16
202300050508,3.7,1.86
202300050509,4.94,15.25
202300050520,5.32,7.26
202300050527,3.92,10.38
202300050531,2.74,9.72
202300050533,5.31,4.96
202300050608,3.96,6.26
202300050613,3.2,6.67
202300050669,6.38,10.64
202300050676,3.64,7.11
202300050680,1.09,3.82
202300050684,3.77,11.1
202300050685,3.92,6.2
202300050689,6.5,26.42
202300050691,2.99,2.47
202300050692,3.12,18.33
202300050693,1.31,5.1
202300050696,3.84,5.74
202300050697,6.5,11.11
202300050702,2.85,3.59
202300050704,5.26,3.14
202300050721,1.3,11.08
202300050728,5.97,7.78
202300050733,1.9,6.83
202300050742,5.83,5.62
202300050746,4.17,3.21
202300050749,1.93,8.16
202300050750,4.51,4.94
202300050758,8.9,7.77
202300050776,8.21,16.34
202300050830,1.98,15.78
202300050832,8.85,26.5
202300050836,2.42,30.01
202300050850,3.48,2.77
202300050852,2.72,5.38
202300050853,10.49,11.06
202300050886,5.58,18.87
202300050898,1.87,9.67
202300050917,0.31,30.41
202300050919,7.83,23.04
202300050920,17.42,74.03
202300050921,5.86,51.05
202300050931,5.74,11.48
202300050958,1.81,5.53
202300050959,3.51,4.65
202300050979,5.78,4.96
202300051000,4.22,6.16
202300051002,1.57,13.56
202300051004,2.45,15.02
202300051005,2.73,3.16
202300051007,3.93,6.0
202300051015,4.52,11.66
202300051016,3.96,16.65
202300051018,5.45,7.61
202300051019,8.28,20.58
202300051021,4.97,9.66
202300051022,2.44,17.32
202300051025,8.12,5.44
202300051060,3.61,6.52
202300051071,7.52,7.81
202300051137,4.81,14.04
202300051167,4.03,19.25
202300051184,9.08,11.64
202300051192,4.52,40.28
202300051193,3.67,6.61
202300051197,5.34,7.1
202300051199,6.15,2.03
202300051206,1.72,6.36
202300051207,4.05,8.51
202300051212,4.5,4.59
202300051214,2.28,2.95
202300051219,5.81,7.06
202300051226,5.9,6.0
202300051228,9.74,21.14
202300051251,4.33,3.69
202300051261,2.71,7.4
202300051287,9.86,8.49
202300051330,9.08,5.79
202300051336,4.08,16.01
202300051343,17.3,35.51
202300051345,5.15,25.35
202300051362,5.71,8.7
202300051369,3.85,9.35
202300051374,7.88,5.98
202300051377,6.03,17.06
202300051385,4.26,4.36
202300051386,10.73,25.59
202300051390,3.49,8.25
202300051393,3.26,16.72
202300051399,8.21,12.84
202300051415,1.56,5.84
202300051417,4.38,15.34
202300051423,5.46,10.0
202300051426,1.4,4.84
202300051427,3.37,8.01
202300051428,22.32,100.76
202300051433,3.63,5.56
202300051437,2.32,4.12
202300051444,10.14,10.73
202300051445,6.02,7.44
202300051466,3.58,6.55
202300051471,5.64,4.58
202300051472,9.77,44.87
202300051474,5.82,22.11
202300051479,8.26,6.66
202300051498,0.98,65.19
202300051516,1.63,16.14
202300051589,6.38,10.71
202300051599,6.6,4.98
202300051622,3.12,19.97
202300051631,9.75,9.79
202300051664,2.18,13.7
202300051692,12.02,12.02
202300051713,6.0,14.9
202300051720,12.48,20.06
202300051726,1.39,10.83
202300051730,4.99,5.89
202300051739,4.85,14.91
202300051746,3.18,5.29
202300051750,5.38,29.9
202300051751,3.37,3.42
202300051754,8.34,22.24
202300051759,4.37,5.78
202300051760,12.82,18.76
202300051763,2.83,57.96
202300051770,9.7,52.36
202300051777,3.58,2.96
202300051778,1.59,20.4
202300051787,26.14,61.46
202300051808,3.97,9.2
202300051821,5.2,16.72
202300051838,2.0,15.53
202300051858,16.03,40.82
202300051861,3.82,7.82
202300051868,1.4,4.83
202300051869,3.91,7.89
202300051876,2.17,2.82
202300051882,11.48,9.2
202300051883,4.04,5.84
202300051920,6.35,15.84
202300051927,7.28,3.94
202300051942,3.54,4.33
202300051966,6.46,6.77
202300051975,2.59,4.94
202300051982,5.39,5.1
202300051989,4.27,4.15
202300051993,2.95,2.34
202300052006,7.75,14.9
202300052013,4.62,32.22
202300052015,3.45,7.78
202300052023,7.17,20.43
202300052070,7.15,11.92
202300052095,7.5,14.46
202300052132,4.58,16.06
202300052143,3.01,23.38
202300052149,4.52,5.54
202300052156,2.27,7.93
202300052185,3.72,18.39
202300052193,1.59,16.03
202300052252,3.49,12.43
202300052287,5.5,4.6
202300052296,3.29,3.36
202300052305,6.19,8.64
202300052329,6.55,9.1
202300052331,5.28,12.52
202300052337,0.71,5.65
202300052339,6.05,8.0
202300052346,2.56,5.99
202300052354,3.7,8.11
202300052362,2.52,3.21
202300052369,11.64,12.51
202300052386,7.15,7.08
202300052388,16.93,35.14
202300052392,9.44,3.36
202300052393,4.23,32.82
202300052405,5.13,9.4
202300052413,5.04,7.24
202300052426,8.82,15.75
202300052434,4.43,2.77
202300052440,5.38,3.11
202300052453,4.54,7.18
202300052459,3.4,4.34
202300052464,8.95,20.48
202300052465,3.35,8.92
202300052474,1.6,5.22
202300052481,3.09,3.37
202300052485,8.44,20.05
202300052491,8.54,5.32
202300052527,2.13,4.86
202300052533,7.59,15.16
202300052561,7.6,21.52
202300052568,3.82,10.36
202300052570,3.22,26.1
202300052609,4.56,6.36
202300052614,4.14,7.6
202300052635,7.06,10.8
202300052647,6.01,7.57
202300052667,1.09,6.68
202300052671,1.33,3.56
202300052673,4.91,14.14
202300052674,3.22,4.79
202300052686,4.79,7.32
202300052687,7.11,6.89
202300052719,4.61,19.82
202300052793,4.66,4.64
202300052797,3.99,4.35
202300052810,2.71,18.29
202300052813,10.38,20.16
202300052827,10.17,9.15
202300052829,7.39,10.36
202300052842,7.1,21.98
202300052845,2.54,6.52
202300052862,4.44,7.98
202300052903,1.85,2.55
202300052905,5.8,2.72
202300052911,8.2,4.66
202300052951,4.62,12.0
202300053000,14.29,13.31
202300053008,3.43,19.1
202300053065,4.73,12.73
202300053070,3.4,2.8
202300053086,3.83,9.8
202300053109,4.89,13.8
202300053117,5.04,11.47
202300053130,3.78,32.52
202300053183,4.1,16.89
202300053191,2.76,22.29
202300053247,5.84,14.28
202300053248,4.16,4.99
202300053258,3.4,8.4
202300053299,9.22,11.43
202300053303,2.09,51.2
202300053304,8.82,20.32
202300053305,8.61,19.82
202300053352,7.75,3.89
202300053363,6.9,3.62
202300053364,4.24,4.89
202300053393,7.42,8.2
202300053402,3.19,12.53
202300053405,2.0,1.72
202300053416,6.92,18.35
202300053451,3.06,10.85
202300053452,4.56,18.01
202300053467,10.42,8.46
202300053468,6.21,13.56
202300053473,6.69,3.03
202300053475,4.33,24.25
202300053486,5.78,9.76
202300053496,6.6,4.29
202300053503,3.97,24.3
202300053532,5.27,8.82
202300053561,5.88,17.17
202300053589,8.84,7.7
202300053593,6.35,5.78
202300053596,5.27,5.17
202300053599,6.77,13.0
202300053605,8.75,11.78
202300053609,4.56,7.14
202300053612,10.92,13.96
202300053614,4.04,14.35
202300053616,3.68,3.33
202300053622,4.64,4.36
202300053630,2.3,8.37
202300053663,2.09,4.17
202300053673,4.93,3.3
202300053680,2.76,15.92
202300053684,8.42,31.33
202300053691,1.73,3.85
202300053795,2.93,8.12
202300053805,2.35,4.3
202300053810,5.39,12.95
202300053814,2.7,4.5
202300053819,6.52,17.54
202300053822,6.63,7.19
202300053825,3.58,6.31
202300053829,8.62,10.04
202300053831,9.13,6.79
202300053834,4.81,5.13
202300053841,8.23,10.61
202300053844,2.06,7.75
202300053848,3.91,12.46
202300053853,5.87,4.04
202300053855,2.14,11.66
202300053860,2.98,17.01
202300053869,4.77,32.73
202300053945,8.62,10.01
202300053956,4.35,5.29
202300053965,6.32,12.5
202300053980,1.56,13.02
202300053999,1.71,6.05
202300054007,1.41,18.5
202300054093,3.29,5.09
202300054101,7.09,12.24
202300054102,19.08,55.1
202300054113,7.08,9.65
202300054135,2.81,2.14
202300054145,3.75,9.54
202300054161,8.76,8.06
202300054175,8.0,11.92
202300054186,4.55,12.1
202300054194,7.3,2.65
202300054195,4.66,4.31
202300054200,2.9,5.63
202300054201,2.75,4.56
202300054203,1.27,8.04
202300054210,2.95,6.31
202300054214,7.0,7.16
202300054217,1.23,3.8
202300054231,6.5,5.51
202300054241,4.93,5.15
202300054243,6.58,10.32
202300054248,11.32,19.29
202300054251,8.58,5.05
202300054252,9.21,18.93
202300054254,5.86,26.1
202300054259,1.74,5.42
202300054260,7.52,9.39
202300054312,1.57,20.76
202300054319,9.9,9.61
202300054324,3.6,5.82
202300054335,5.21,7.16
202300054352,10.12,12.32
202300054359,3.69,4.73
202300054370,1.7,9.0
202300054406,10.57,20.59
202300054414,9.61,42.26
202300054433,14.56,22.63
202300054466,3.54,6.47
202300054472,3.08,19.23
202300054476,6.45,14.89
202300054489,6.12,14.56
202300054490,8.26,13.77
202300054498,7.63,13.38
202300054506,3.95,4.28
202300054514,5.07,5.81
202300054522,6.5,14.19
202300054526,4.97,9.6
202300054535,2.9,26.18
202300054569,5.31,3.3
202300054608,2.18,12.7
202300054616,4.25,5.91
202300054621,6.61,4.99
202300054645,8.7,7.59
202300054650,3.04,8.29
202300054657,7.35,10.89
202300054660,1.69,4.96
202300054664,5.82,8.27
202300054669,3.05,7.21
202300054673,4.15,10.38
202300054675,7.28,10.82
202300054676,2.65,4.88
202300054682,2.84,3.77
202300054686,8.02,13.54
202300054687,3.23,9.46
202300054689,2.48,3.6
202300054693,2.75,7.04
202300054699,1.49,11.39
202300054700,2.46,4.4
202300054705,4.05,5.75
202300054710,7.52,13.68
202300054744,3.02,9.49
202300054748,3.53,9.99
202300054761,8.2,20.17
202300054796,3.18,6.18
202300054812,8.65,10.4
202300054814,2.49,13.88
202300054815,1.59,27.79
202300054816,6.42,12.1
202400000005,2.88,7.59
202400000006,4.26,6.95
202400000007,3.26,5.39
202400000010,2.7,6.38
202400000044,5.98,14.42
202400000046,8.04,11.01
202400000059,7.62,22.24
202400000116,3.88,7.14
202400000117,6.52,9.33
202400000118,7.04,19.72
202400000135,2.28,3.97
202400000136,5.24,4.9
202400000137,3.36,22.7
202400000138,2.77,16.38
202400000139,9.71,6.17
202400000140,5.27,8.63
202400000141,3.82,10.29
202400000174,2.6,16.06
202400000223,4.71,4.36
202400000224,8.51,7.54
202400000251,3.86,6.55
202400000252,2.01,3.99
202400000281,6.24,11.97
202400000282,2.3,3.78
202400000283,1.66,9.26
202400000289,1.75,22.12
202400000358,5.07,4.24
202400000385,2.48,11.46
202400000392,3.91,12.85
202400000393,6.38,17.58
202400000411,5.11,7.34
202400000413,7.39,16.57
202400000415,3.94,4.27
202400000453,3.2,5.56
202400000455,3.93,7.78
202400000456,5.6,3.62
202400000458,5.82,3.78
202400000463,3.41,10.93
202400000479,5.29,10.73
202400000481,6.46,11.91
202400000518,3.1,4.05
202400000520,5.44,4.53
202400000536,1.59,8.82
202400000538,2.54,3.54
202400000540,4.86,5.83
202400000541,1.96,13.78
202400000555,5.58,5.5
202400000558,8.69,19.77
202400000560,11.91,12.26
202400000590,3.6,13.52
202400000592,6.14,3.73
202400000631,5.06,32.64
202400000684,2.69,5.42
202400000685,6.54,8.27
202400000689,1.55,11.79
202400000691,8.64,1.16
202400000693,2.56,9.97
202400000696,5.28,8.47
202400000698,1.12,4.84
202400000766,6.66,7.16
202400000786,4.51,11.34
202400000788,3.06,9.58
202400000790,2.87,8.49
202400000791,3.22,9.8
202400000794,8.17,4.7
202400000795,6.32,6.18
202400000800,7.18,5.13
202400000805,6.15,10.16
202400000810,5.58,4.22
202400000818,7.11,16.36
202400000829,5.78,9.46
202400000854,6.58,9.5
202400000880,6.47,14.62
202400000882,10.99,10.98
202400000914,5.52,7.32
202400000915,1.95,6.24
202400000916,1.5,7.82
202400000917,4.28,5.08
202400000942,7.41,10.99
202400000943,9.78,17.16
202400000968,0.84,6.91
202400000969,5.75,5.65
202400000971,1.78,3.42
202400000972,5.74,10.23
202400000999,6.06,23.89
202400001010,8.29,7.54
202400001011,1.56,0.55
202400001021,6.34,15.64
202400001023,3.75,20.09
202400001025,1.96,17.84
202400001115,4.42,6.22
202400001117,3.57,3.04
202400001141,1.06,15.24
202400001169,2.37,7.3
202400001175,6.12,9.15
202400001188,7.9,21.16
202400001197,4.05,20.0
202400001200,6.32,7.98
202400001203,7.89,16.79
202400001237,9.22,16.44
202400001242,4.82,7.74
202400001248,2.73,10.79
202400001264,2.76,5.69
202400001267,9.0,12.04
202400001269,7.14,14.16
202400001274,7.14,14.16
202400001275,9.15,8.18
202400001278,2.84,10.23
202400001281,4.5,9.88
202400001341,5.26,15.24
202400001348,15.0,106.02
202400001349,4.44,5.85
202400001350,6.59,6.02
202400001370,6.71,10.68
202400001371,3.56,13.3
202400001384,2.92,8.52
202400001386,7.21,20.86
202400001388,5.43,20.43
202400001390,4.28,16.66
202400001432,5.49,9.65
202400001531,9.25,9.14
202400001543,1.85,6.44
202400001544,4.71,6.15
202400001545,1.58,5.32
202400001547,3.96,1.93
202400001548,1.88,18.97
202400001608,2.38,29.41
202400001623,3.1,18.01
202400001627,11.92,25.39
202400001628,4.96,12.25
202400001645,6.36,16.34
202400001649,5.52,9.05
202400001651,4.69,9.01
202400001652,17.19,44.18
202400001710,5.23,14.64
202400001753,6.38,13.32
202400001755,9.43,8.86
202400001822,1.84,6.18
202400001823,4.63,7.04
202400001825,3.49,6.88
202400001827,2.36,6.51
202400001828,4.19,6.26
202400001832,3.67,20.64
202400001857,2.89,5.62
202400001858,4.01,7.59
202400001859,3.94,3.85
202400001860,2.47,3.42
202400001861,3.24,9.57
202400001862,5.16,7.08
202400001863,8.79,9.65
202400001867,3.98,3.25
202400001870,6.39,10.17
202400001873,6.81,9.4
202400001970,5.03,28.4
202400001974,8.83,16.25
202400001988,7.73,10.42
202400001993,9.5,13.29
202400001994,8.43,18.24
202400002000,8.65,8.65
202400002002,1.78,16.15
202400002003,6.59,11.67
202400002012,2.1,14.04
202400002017,5.38,7.78
202400002020,4.18,7.11
202400002022,5.33,32.25
202400002024,2.85,17.73
202400002026,11.2,30.84
202400002028,5.64,16.72
202400002043,4.1,8.29
202400002045,2.76,5.69
202400002075,4.23,6.03
202400002127,4.17,3.6
202400002130,5.71,3.16
202400002239,7.92,13.22
202400002242,6.82,19.13
202400002245,3.46,15.84
202400002255,7.63,13.38
202400002258,3.22,3.28
202400002273,0.46,9.15
202400002276,3.76,7.01
202400002279,2.62,6.63
202400002282,4.5,9.62
202400002285,3.66,3.64
202400002288,5.89,7.62
202400002290,5.49,10.0
202400002293,0.67,6.36
202400002324,3.89,1.68
202400002325,8.7,5.16
202400002328,5.47,10.0
202400002399,5.31,8.72
202400002450,2.55,6.82
202400002453,10.35,12.8
202400002459,4.81,17.8
202400002507,4.86,58.89
202400002561,11.07,26.15
202400002602,2.0,12.26
202400002603,4.62,5.43
202400002625,8.24,13.51
202400002627,5.53,3.12
202400002653,8.35,11.79
202400002655,4.16,5.2
202400002711,7.35,28.14
202400002714,13.68,21.66
202400002728,5.6,7.36
202400002747,11.15,11.22
202400002748,7.91,16.63
202400002767,5.66,11.61
202400002768,6.59,7.27
202400002769,1.73,10.99
202400002798,4.68,5.97
202400002800,2.6,16.64
202400002802,5.56,5.46
202400002805,7.91,18.43
202400002807,5.0,8.76
202400002809,5.95,13.23
202400002811,5.65,12.48
202400002813,3.01,12.19
202400002816,1.73,12.53
202400002818,4.12,14.11
202400002820,11.7,8.42
202400002822,6.66,12.5
202400002824,4.24,17.02
202400002827,1.42,13.11
202400002829,4.08,1.31
202400002855,2.98,3.97
202400002857,2.43,4.6
202400002859,5.65,7.45
202400002860,2.29,1.16
202400002870,6.74,6.52
202400002893,5.32,8.82
202400002900,7.58,5.47
202400002901,6.73,6.38
202400002916,4.59,16.41
202400002947,9.71,9.48
202400002951,9.22,14.74
202400002960,4.02,10.44
202400002961,16.36,40.88
202400002964,11.44,21.89
202400002976,4.94,9.65
202400002978,5.81,6.14
202400003031,2.97,3.65
202400003036,2.01,20.68
202400003039,6.23,12.58
202400003066,6.57,4.46
202400003107,6.5,4.36
202400003110,2.39,3.02
202400003112,8.01,13.39
202400003114,1.25,24.53
202400003186,2.23,3.9
202400003189,1.85,4.57
202400003196,3.85,10.67
202400003235,2.83,4.92
202400003237,2.67,3.4
202400003239,2.83,4.78
202400003241,1.59,3.39
202400003243,7.68,10.28
202400003245,8.66,2.84
202400003255,3.11,7.76
202400003257,3.67,3.95
202400003260,6.37,1.59
202400003262,8.65,7.18
202400003319,7.62,6.48
202400003320,6.94,12.63
202400003322,1.75,2.74
202400003324,3.28,14.74
202400003326,4.14,4.27
202400003337,5.53,18.57
202400003339,4.76,15.4
202400003340,2.76,15.19
202400003341,11.92,11.63
202400003393,5.86,9.83
202400003406,6.79,8.11
202400003413,14.21,21.69
202400003420,4.65,19.9
202400003443,4.75,4.81
202400003457,6.01,9.87
202400003465,3.72,14.89
202400003470,2.75,10.72
202400003471,5.63,16.42
202400003576,5.4,23.53
202400003597,6.76,11.76
202400003598,62.26,93.95
202400003599,26.06,82.67
202400003625,5.06,22.19
202400003627,3.78,62.16
202400003656,5.49,13.93
202400003658,5.51,7.27
202400003659,3.78,11.02
202400003711,4.3,4.14
202400003746,3.27,4.22
202400003748,1.36,9.54
202400003751,2.37,7.78
202400003752,2.37,5.08
202400003754,4.26,5.91
202400003759,2.8,3.08
202400003781,6.77,5.63
202400003783,4.09,8.97
202400003856,8.64,18.75
202400003859,12.16,11.15
202400003875,10.61,21.06
202400003876,5.57,66.03
202400003902,6.07,3.07
202400003926,5.26,17.87
202400003928,1.29,23.7
202400003930,6.3,4.08
202400003948,8.4,10.98
202400003950,3.22,9.06
202400003964,7.19,6.22
202400003965,4.04,6.27
202400003967,7.02,7.08
202400004022,1.54,18.64
202400004023,1.51,5.48
202400004025,5.11,4.61
202400004027,1.56,7.64
202400004066,9.3,17.64
202400004069,4.13,7.77
202400004072,0.96,4.97
202400004076,6.33,1.69
202400004077,2.38,5.18
202400004079,9.45,8.14
202400004080,2.93,3.74
202400004083,5.03,10.86
202400004132,6.49,10.88
202400004135,5.29,12.89
202400004169,2.85,3.64
202400004172,1.88,3.82
202400004178,4.28,4.5
202400004181,3.68,5.1
202400004204,3.66,5.51
202400004205,4.36,4.45
202400004214,6.18,9.45
202400004216,6.3,8.54
202400004250,3.23,11.61
202400004277,2.84,11.8
202400004291,6.32,22.06
202400004306,6.46,7.97
202400004341,3.31,17.72
202400004345,2.03,19.5
202400004351,3.91,13.54
202400004354,3.86,18.32
202400004369,4.59,9.29
202400004375,9.32,8.06
202400004384,1.51,26.81
202400004392,5.82,16.61
202400004393,2.56,6.78
202400004398,4.81,5.68
202400004400,4.28,3.93
202400004401,17.32,22.48
202400004405,7.0,9.21
202400004443,4.25,3.2
202400004445,5.2,7.32
202400004471,11.26,20.17
202400004472,22.32,22.97
202400004474,4.68,14.67
202400004476,4.04,18.24
202400004477,4.68,16.65
202400004478,11.76,23.28
202400004518,4.4,11.62
202400004523,4.74,4.67
202400004526,3.82,5.71
202400004588,4.52,8.99
202400004589,9.79,12.36
202400004590,2.41,5.46
202400004592,0.91,6.64
202400004593,6.61,5.17
202400004594,4.44,18.01
202400004675,3.61,19.1
202400004687,6.47,13.47
202400004694,11.79,26.65
202400004730,4.9,7.79
202400004738,4.44,13.85
202400004739,5.43,2.86
202400004741,7.73,8.01
202400004744,2.35,16.38
202400004746,4.8,6.66
202400004781,5.08,4.06
202400004782,8.71,13.76
202400004798,4.04,6.15
202400004800,4.42,8.32
202400004802,3.82,3.53
202400004803,4.66,17.94
202400004804,4.21,5.73
202400004830,1.14,13.99
202400004831,6.61,4.86
202400004833,3.14,18.57
202400004845,5.3,22.65
202400004847,12.16,19.74
202400004849,3.49,3.58
202400004861,1.88,8.01
202400004863,3.72,3.28
202400004873,3.56,3.02
202400004874,5.48,1.16
202400004876,16.38,22.59
202400004942,4.48,6.17
202400004955,5.22,7.02
202400004957,2.43,5.01
202400004958,1.98,7.18
202400004960,3.54,7.0
202400004961,1.83,4.39
202400004963,5.86,7.92
202400004965,2.04,6.09
202400004974,2.91,3.94
202400004976,5.6,8.88
202400004977,7.58,12.34
202400004978,1.14,18.23
202400004980,5.93,6.79
202400004994,7.48,13.5
202400004997,5.14,11.91
202400005000,5.69,13.73
202400005022,10.54,18.01
202400005024,3.13,11.06
202400005026,6.41,14.55
202400005053,4.2,23.4
202400005084,3.93,13.0
202400005085,1.19,4.91
202400005114,8.81,16.32
202400005140,2.55,9.83
202400005142,5.45,14.11
202400005143,4.42,5.21
202400005144,0.35,8.15
202400005211,4.25,40.55
202400005220,5.97,6.73
202400005221,5.55,4.79
202400005223,4.28,10.86
202400005225,6.54,3.47
202400005230,8.77,7.3
202400005246,8.42,19.7
202400005297,8.48,12.69
202400005299,6.87,22.2
202400005301,6.48,13.59
202400005303,8.01,26.76
202400005328,11.31,29.24
202400005345,5.21,7.44
202400005374,4.24,2.33
202400005375,5.88,2.31
202400005411,5.54,12.6
202400005412,5.63,4.56
202400005413,4.04,5.73
202400005414,2.06,3.86
202400005415,4.43,7.06
202400005416,4.36,6.77
202400005417,5.09,7.04
202400005418,4.02,3.52
202400005420,5.51,4.31
202400005421,5.19,2.12
202400005439,5.64,6.04
202400005444,8.56,20.06
202400005445,5.3,19.92
202400005461,5.69,18.01
202400005471,2.41,2.66
202400005472,4.13,32.12
202400005484,4.87,7.96
202400005495,4.38,7.36
202400005548,5.22,8.52
202400005549,4.36,9.6
202400005576,6.67,6.95
202400005578,3.61,3.64
202400005609,3.46,5.26
202400005610,6.98,10.19
202400005611,3.12,4.92
202400005612,4.86,7.52
202400005613,2.21,4.01
202400005617,3.03,4.61
202400005618,7.3,4.6
202400005619,4.34,4.63
202400005620,3.97,7.09
202400005621,8.04,14.5
202400005678,7.08,7.79
202400005685,2.44,33.02
202400005716,6.16,68.96
202400005721,8.24,25.54
202400005724,1.52,36.29
202400005731,7.28,20.54
202400005737,6.39,5.12
202400005738,1.68,9.29
202400005749,5.77,9.31
202400005817,1.92,5.05
202400005818,8.38,10.98
202400005820,6.11,4.4
202400005889,3.39,4.26
202400005891,6.78,17.57
202400005893,4.11,4.94
202400005896,6.5,4.2
202400005920,6.3,5.4
202400005922,1.31,4.06
202400005923,4.33,2.84
202400005925,4.63,3.98
202400005926,1.97,18.62
202400005927,8.23,6.64
202400005985,2.78,29.15
202400005988,0.84,2.67
202400005989,6.37,15.35
202400005992,3.12,5.82
202400005994,8.06,10.44
202400006020,8.94,19.43
202400006036,7.19,11.9
202400006062,2.83,14.26
202400006072,4.9,6.68
202400006074,3.76,2.94
202400006106,5.92,36.45
202400006130,1.72,3.52
202400006131,5.46,5.55
202400006134,1.91,8.24
202400006139,3.79,2.07
202400006142,4.83,3.1
202400006146,6.9,10.96
202400006148,3.38,30.88
202400006151,9.16,35.08
202400006152,3.9,13.08
202400006174,3.56,5.21
202400006177,4.53,6.79
202400006180,7.02,6.04
202400006186,7.2,8.27
202400006189,3.75,8.42
202400006193,5.36,10.37
202400006197,9.42,8.44
202400006199,3.94,3.99
202400006282,1.64,14.24
202400006287,6.71,16.05
202400006296,4.46,7.05
202400006299,3.2,5.44
202400006300,1.82,25.1
202400006301,1.74,0.92
202400006303,4.88,6.51
202400006309,2.49,6.43
202400006310,4.82,4.03
202400006311,8.68,7.7
202400006314,5.16,9.52
202400006317,3.53,1.32
202400006377,4.5,8.08
202400006380,1.76,11.27
202400006384,5.12,8.96
202400006387,1.01,4.34
202400006390,1.14,4.86
202400006392,9.38,13.1
202400006407,4.14,8.34
202400006411,3.92,6.84
202400006413,4.76,3.93
202400006416,4.21,6.48
202400006420,0.75,5.87
202400006423,3.83,8.53
202400006483,4.89,4.35
202400006491,4.85,10.73
202400006492,7.01,17.29
202400006494,11.66,15.86
202400006522,3.97,7.22
202400006524,5.13,10.81
202400006527,3.95,5.8
202400006528,6.27,11.62
202400006531,1.32,4.05
202400006552,7.44,8.7
202400006627,6.55,8.85
202400006634,4.85,18.88
202400006639,9.25,8.12
202400006647,4.45,38.26
202400006648,7.64,12.9
202400006649,6.88,6.29
202400006651,4.74,8.52
202400006652,2.65,7.88
202400006655,5.93,10.93
202400006661,6.24,22.03
202400006681,6.34,4.09
202400006684,1.65,7.98
202400006695,3.32,11.12
202400006700,4.78,4.14
202400006703,7.46,14.08
202400006705,3.71,6.99
202400006739,7.08,5.38
202400006742,8.55,8.59
202400006764,9.18,8.12
202400006790,4.34,4.31
202400006793,2.14,7.35
202400006821,5.02,4.39
202400006827,8.24,5.9
202400006838,5.4,8.03
202400006873,3.68,17.13
202400006875,8.42,7.76
202400006880,1.35,1.21
202400006896,1.22,19.31
202400006905,8.77,21.09
202400006907,13.3,21.72
202400006923,4.63,7.56
202400006962,3.57,8.53
202400006963,9.77,17.25
202400006965,2.59,3.44
202400007031,2.24,4.04
202400007032,6.38,8.51
202400007033,8.82,14.42
202400007034,3.88,11.85
202400007083,11.16,13.94
202400007095,3.16,17.25
202400007110,6.11,12.73
202400007114,2.44,25.81
202400007129,5.85,39.65
202400007138,2.92,5.58
202400007162,3.59,8.26
202400007164,5.01,7.49
202400007167,6.8,12.54
202400007169,9.29,14.81
202400007223,9.34,7.45
202400007225,8.07,16.73
202400007239,4.8,8.2
202400007243,5.23,5.2
202400007246,4.21,10.02
202400007248,2.95,4.47
202400007249,4.14,6.09
202400007251,3.71,6.72
202400007258,8.51,19.21
202400007263,6.06,9.63
202400007281,5.7,2.39
202400007282,0.76,4.36
202400007316,2.86,5.59
202400007317,2.56,7.2
202400007318,4.24,6.04
202400007319,4.4,12.36
202400007375,4.25,4.24
202400007380,6.6,18.98
202400007382,7.76,9.02
202400007388,6.04,7.84
202400007393,6.96,14.24
202400007402,6.1,8.4
202400007422,8.52,3.32
202400007423,2.76,1.94
202400007424,0.74,8.54
202400007425,5.98,6.54
202400007463,4.03,3.2
202400007465,3.48,3.37
202400007467,1.55,4.28
202400007468,5.6,7.24
202400007470,2.42,15.99
202400007475,3.99,19.62
202400007510,6.1,4.96
202400007513,3.68,9.47
202400007514,4.14,0.79
202400007516,5.61,13.17
202400007518,4.42,16.92
202400007520,8.77,8.12
202400007574,59.78,91.46
202400007605,5.25,23.86
202400007609,3.67,27.04
202400007610,9.4,16.64
202400007612,3.25,24.39
202400007630,2.26,11.66
202400007635,5.86,14.3
202400007637,7.11,15.55
202400007639,4.52,6.92
202400007642,6.96,17.05
202400007669,3.03,5.26
202400007671,10.38,10.44
202400007689,4.75,2.09
202400007690,4.72,11.32
202400007691,5.05,14.45
202400007692,5.46,13.93
202400007738,2.79,7.34
202400007739,4.89,8.34
202400007740,5.4,8.19
202400007741,2.57,5.57
202400007743,5.91,7.8
202400007744,3.54,11.02
202400007745,7.45,4.27
202400007746,10.06,8.46
202400007755,6.0,24.86
202400007756,5.24,5.52
202400007766,2.29,2.39
202400007767,1.72,5.36
202400007782,5.56,7.36
202400007783,7.15,12.9
202400007785,8.43,13.43
202400007787,4.95,6.72
202400007788,7.75,12.76
202400007804,3.41,15.58
202400007830,2.7,3.68
202400007831,2.49,13.52
202400007834,4.89,5.94
202400007838,1.95,12.19
202400007841,2.14,4.86
202400007844,5.84,3.59
202400007848,5.91,4.28
202400007857,7.34,11.82
202400007859,3.56,1.76
202400007860,3.14,5.98
202400007863,5.15,2.4
202400007865,7.49,12.34
202400007921,2.97,5.53
202400007924,4.37,4.27
202400007927,4.99,6.11
202400008025,1.59,73.2
202400008027,7.02,40.5
202400008034,8.79,7.77
202400008038,8.88,7.74
202400008041,3.92,5.72
202400008044,5.46,6.66
202400008046,2.88,17.57
202400008047,3.63,6.24
202400008051,5.67,9.13
202400008052,2.87,3.26
202400008055,3.3,1.58
202400008061,3.11,5.28
202400008063,1.74,8.33
202400008081,5.61,5.92
202400008083,2.02,4.42
202400008085,5.75,8.78
202400008088,0.64,1.63
202400008089,7.71,12.73
202400008091,3.31,8.84
202400008093,5.38,7.37
202400008094,2.46,8.3
202400008096,4.53,6.34
202400008101,3.89,9.04
202400008107,7.04,3.67
202400008124,4.76,8.95
202400008130,2.84,6.99
202400008208,5.04,13.18
202400008216,5.24,3.66
202400008274,9.22,15.07
202400008290,4.8,12.25
202400008294,6.68,9.07
202400008304,12.5,16.52
202400008306,5.82,11.7
202400008348,7.66,22.25
202400008352,3.67,15.59
202400008371,11.15,14.2
202400008374,6.52,5.69
202400008376,4.34,14.65
202400008380,2.81,1.99
202400008408,3.95,7.2
202400008411,4.46,5.1
202400008413,1.37,5.55
202400008419,6.01,12.76
202400008422,6.0,9.39
202400008423,2.8,5.86
202400008425,3.85,4.53
202400008432,1.25,1.54
202400008434,3.32,4.39
202400008435,6.24,12.86
202400008438,4.44,5.12
202400008491,3.86,11.09
202400008500,5.97,8.18
202400008535,3.44,3.51
202400008538,6.97,7.73
202400008542,4.18,5.67
202400008545,3.26,10.88
202400008547,6.18,10.34
202400008549,4.0,8.87
202400008553,2.88,7.57
202400008556,5.2,9.89
202400008598,0.93,9.78
202400008618,0.3,6.1
202400008644,7.92,17.35
202400008648,6.05,15.48
202400008659,2.94,4.89
202400008662,5.4,20.55
202400008663,5.66,8.25
202400008687,5.12,14.1
202400008688,6.93,14.62
202400008690,3.74,25.74
202400008691,2.58,17.81
202400008703,5.75,16.2
202400008706,1.89,18.63
202400008722,6.26,6.16
202400008724,4.54,7.02
202400008726,2.72,7.42
202400008728,11.02,9.88
202400008729,16.03,23.69
202400008730,2.65,5.58
202400008731,5.32,8.82
202400008732,10.26,9.24
202400008733,7.49,13.74
202400008734,5.07,8.71
202400008737,3.34,2.37
202400008739,3.49,5.42
202400008740,6.61,4.86
202400008742,0.53,15.72
202400008754,5.34,3.01
202400008775,5.11,5.15
202400008781,1.97,8.57
202400008849,4.62,5.68
202400008851,1.23,2.23
202400008853,3.38,5.96
202400008858,2.01,6.14
202400008860,9.9,6.36
202400008862,7.33,3.79
202400008900,4.52,4.99
202400008901,6.65,16.64
202400008913,3.05,8.61
202400008914,2.19,27.09
202400008961,5.2,4.18
202400008962,2.94,5.1
202400008963,2.48,4.28
202400008964,8.66,3.16
202400008966,2.8,5.91
202400009004,8.28,9.78
202400009015,10.35,17.82
202400009016,7.66,36.58
202400009017,1.22,9.1
202400009040,6.71,10.68
202400009046,4.34,12.99
202400009079,3.04,8.86
202400009100,7.85,10.71
202400009102,1.92,8.81
202400009136,2.95,1.65
202400009138,1.02,5.36
202400009188,3.13,5.62
202400009189,3.49,4.0
202400009190,0.93,29.33
202400009248,8.03,18.58
202400009249,8.04,18.03
202400009250,7.17,5.47
202400009253,8.06,10.62
202400009261,5.29,13.72
202400009324,2.54,11.94
202400009359,3.38,5.29
202400009360,7.44,10.0
202400009365,10.03,18.32
202400009367,7.03,13.66
202400009369,2.15,16.16
202400009371,0.71,22.39
202400009463,6.14,11.99
202400009472,6.14,12.01
202400009476,10.53,14.31
202400009481,3.98,19.41
202400009493,4.0,8.92
202400009495,4.11,7.79
202400009525,14.01,20.47
202400009533,2.49,12.37
202400009537,3.92,8.84
202400009544,9.43,10.94
202400009555,3.05,8.43
202400009557,5.41,12.22
202400009567,9.15,8.01
202400009570,4.21,7.84
202400009573,3.42,4.22
202400009577,2.1,3.04
202400009579,4.9,9.59
202400009589,4.83,7.76
202400009591,8.77,7.8
202400009593,6.27,5.44
202400009594,7.1,7.7
202400009595,5.69,4.07
202400009639,5.61,11.42
202400009640,5.61,3.9
202400009641,6.47,8.59
202400009642,11.22,14.96
202400009687,14.64,39.66
202400009688,7.53,17.35
202400009689,8.11,15.68
202400009690,4.82,6.31
202400009691,7.39,3.2
202400009776,3.86,6.0
202400009778,4.85,3.86
202400009782,2.74,10.44
202400009784,4.48,3.58
202400009785,5.74,9.46
202400009787,2.55,3.2
202400009789,5.02,7.5
202400009790,3.01,4.58
202400009805,9.9,16.52
202400009850,2.3,9.39
202400009853,3.3,5.38
202400009857,0.33,1.43
202400009876,4.72,4.95
202400009879,4.18,7.88
202400009884,3.49,7.5
202400009896,7.7,5.08
202400009949,2.12,18.1
202400009990,0.6,54.66
202400010032,5.03,19.91
202400010036,11.5,11.5
202400010043,7.12,13.74
202400010048,5.83,10.84
202400010051,2.84,4.74
202400010068,6.47,11.21
202400010075,3.78,4.62
202400010076,11.29,10.27
202400010078,5.34,9.68
202400010080,3.2,3.25
202400010081,8.79,25.43
202400010128,8.43,16.57
202400010155,7.98,8.1
202400010185,6.15,20.78
202400010189,2.26,6.07
202400010192,2.48,9.24
202400010215,4.89,7.57
202400010290,8.89,14.73
202400010294,5.8,11.68
202400010297,24.54,24.17
202400010340,3.59,32.47
202400010341,2.43,2.43
202400010345,3.08,18.13
202400010365,2.52,5.45
202400010373,3.88,5.68
202400010429,3.33,5.18
202400010432,6.91,10.94
202400010454,5.78,5.84
202400010456,4.62,11.27
202400010496,5.46,12.04
202400010498,1.93,8.22
202400010500,1.3,3.67
202400010503,6.91,3.37
202400010512,6.28,8.4
202400010520,9.47,6.45
202400010576,1.16,5.49
202400010586,10.22,9.97
202400010590,4.27,19.03
202400010592,12.67,12.08
202400010598,3.38,19.54
202400010607,6.7,40.69
202400010645,3.4,9.87
202400010647,7.6,9.9
202400010649,6.66,45.34
202400010659,5.22,20.9
202400010662,7.23,17.32
202400010680,2.75,5.68
202400010683,3.35,10.75
202400010710,6.69,16.0
202400010740,2.9,8.72
202400010743,5.33,11.15
202400010762,3.75,8.08
202400010764,2.51,3.15
202400010777,2.8,21.92
202400010778,4.49,4.28
202400010780,9.52,5.98
202400010782,6.03,3.16
202400010812,2.68,16.4
202400010848,8.06,17.75
202400010865,7.66,11.86
202400010867,2.62,4.13
202400010879,8.89,7.75
202400010880,6.0,14.44
202400010905,4.08,7.75
202400010907,4.64,2.93
202400010908,4.13,5.26
202400010938,2.83,9.76
202400010940,6.63,2.42
202400010997,3.57,6.74
202400010998,4.32,9.32
202400011000,1.24,9.18
202400011002,3.32,10.7
202400011004,4.68,7.87
202400011006,2.9,5.13
202400011008,6.26,7.96
202400011111,9.07,14.1
202400011118,4.34,12.3
202400011167,8.94,7.8
202400011209,5.2,4.82
202400011220,5.81,16.64
202400011237,2.1,10.75
202400011240,6.07,10.76
202400011245,8.13,21.4
202400011252,6.47,14.32
202400011284,3.08,3.29
202400011314,3.13,7.8
202400011317,4.71,7.63
202400011321,6.26,5.61
202400011323,2.52,8.32
202400011325,8.64,3.19
202400011332,2.85,3.84
202400011334,0.07,10.48
202400011335,4.72,4.88
202400011337,6.91,6.41
202400011339,5.17,4.92
202400011342,2.3,1.17
202400011426,6.81,17.4
202400011430,8.59,30.04
202400011432,31.96,16.44
202400011455,10.97,18.18
202400011458,3.86,37.91
202400011461,13.64,18.29
202400011474,2.84,3.17
202400011475,9.41,24.27
202400011508,1.47,12.26
202400011511,5.44,14.42
202400011515,9.49,19.82
202400011536,6.86,2.51
202400011538,6.72,14.0
202400011540,2.72,3.68
202400011541,3.3,67.49
202400011543,4.69,25.15
202400011544,1.92,24.33
202400011556,4.1,7.03
202400011557,5.93,10.93
202400011558,5.14,10.89
202400011559,10.34,8.04
202400011586,6.18,12.35
202400011587,5.94,6.0
202400011588,2.55,2.96
202400011612,5.38,12.44
202400011613,7.15,11.04
202400011614,2.27,4.07
202400011617,3.36,6.54
202400011646,5.36,18.34
202400011666,3.71,21.98
202400011671,2.08,5.51
202400011673,3.4,4.64
202400011675,4.55,7.53
202400011679,7.23,10.53
202400011682,4.57,9.08
202400011695,6.81,12.84
202400011719,4.86,13.34
202400011720,3.82,10.84
202400011723,2.31,7.02
202400011727,4.64,2.85
202400011732,3.94,4.27
202400011736,1.65,11.9
202400011739,4.64,7.92
202400011745,4.99,4.49
202400011747,4.03,6.13
202400011753,2.6,6.54
202400011756,9.21,5.43
202400011790,6.04,5.4
202400011793,5.98,12.41
202400011815,1.74,10.26
202400011829,4.42,8.62
202400011832,7.14,6.17
202400011836,4.09,8.73
202400011869,8.52,17.72
202400011871,2.69,9.67
202400011875,3.43,12.5
202400011924,6.81,4.67
202400011979,3.11,29.62
202400011988,22.51,16.26
202400011998,6.23,4.42
202400012002,5.14,8.1
202400012006,3.07,13.34
202400012015,4.87,5.38
202400012031,7.04,7.64
202400012034,8.46,7.63
202400012036,3.08,11.56
202400012055,0.46,19.5
202400012096,6.75,6.11
202400012098,4.46,5.21
202400012099,1.38,14.77
202400012126,1.47,2.43
202400012129,1.31,3.88
202400012134,5.09,6.88
202400012138,6.48,4.18
202400012186,2.44,2.41
202400012208,4.89,10.71
202400012211,3.62,5.14
202400012216,4.57,7.76
202400012220,0.86,7.64
202400012221,2.8,2.84
202400012223,7.56,9.94
202400012225,2.57,6.53
202400012226,0.88,6.67
202400012301,4.49,12.78
202400012305,4.02,5.41
202400012311,2.55,6.68
202400012314,3.32,4.82
202400012317,4.83,6.88
202400012371,9.41,24.27
202400012377,5.94,8.35
202400012379,4.1,3.89
202400012382,6.48,13.3
202400012384,8.28,15.54
202400012399,2.24,2.23
202400012410,8.12,9.38
202400012419,8.73,7.59
202400012423,2.35,5.08
202400012427,3.02,3.38
202400012429,3.34,4.61
202400012444,2.84,4.21
202400012447,6.16,3.07
202400012449,2.06,4.04
202400012452,3.51,5.52
202400012491,6.5,4.67
202400012528,3.06,6.91
202400012532,4.15,10.61
202400012534,9.09,30.54
202400012535,1.43,8.49
202400012537,6.24,6.82
202400012609,6.67,9.84
202400012613,6.8,16.89
202400012634,5.53,5.32
202400012635,0.74,7.6
202400012637,9.03,16.67
202400012643,2.03,7.98
202400012646,3.68,4.41
202400012650,3.54,10.92
202400012653,1.42,4.58
202400012657,2.85,3.9
202400012660,4.14,7.44
202400012663,4.41,2.79
202400012666,3.5,3.0
202400012668,7.81,19.26
202400012670,5.82,5.42
202400012676,11.0,18.98
202400012685,3.0,4.8
202400012688,3.75,4.99
202400012691,6.22,1.97
202400012693,5.54,23.0
202400012694,4.14,5.43
202400012696,0.63,57.65
202400012697,4.2,7.14
202400012698,3.36,10.35
202400012699,4.12,3.36
202400012700,5.41,5.43
202400012701,6.02,7.88
202400012703,6.14,10.53
202400012704,1.89,5.12
202400012706,5.54,5.81
202400012707,7.33,12.93
202400012709,3.83,5.93
202400012710,3.36,19.93
202400012711,3.73,18.79
202400012712,1.86,5.65
202400012754,0.74,5.15
202400012755,3.03,3.1
202400012756,6.97,8.93
202400012757,3.13,2.31
202400012758,7.86,11.36
202400012760,9.96,13.41
202400012785,4.18,7.46
202400012786,5.8,3.1
202400012787,7.48,14.48
202400012829,2.59,5.08
202400012830,3.11,2.97
202400012831,2.47,6.48
202400012832,4.74,5.68
202400012866,4.7,16.64
202400012867,9.87,47.45
202400012893,4.33,11.86
202400012907,4.9,10.72
202400012911,2.26,4.23
202400012913,4.94,1.66
202400012914,5.96,15.88
202400012915,3.64,3.37
202400012916,3.85,18.74
202400012926,5.54,13.98
202400012927,9.03,12.08
202400012929,4.68,9.69
202400012930,6.19,9.73
202400012932,5.71,10.98
202400012955,4.96,4.36
202400012957,1.1,8.69
202400013007,2.96,3.63
202400013010,5.21,11.68
202400013055,1.79,14.03
202400013056,10.17,12.28
202400013061,8.78,29.32
202400013126,1.51,3.19
202400013127,3.18,9.0
202400013128,6.44,9.25
202400013188,1.38,13.51
202400013189,0.85,3.83
202400013190,4.15,5.59
202400013191,3.34,1.84
202400013192,3.3,5.42
202400013193,4.15,12.2
202400013194,7.46,4.96
202400013195,5.37,3.16
202400013196,6.54,7.23
202400013251,8.78,9.16
202400013253,3.04,16.57
202400013254,5.77,18.76
202400013255,4.23,10.66
202400013257,1.75,8.73
202400013261,7.02,20.93
202400013263,3.97,12.51
202400013265,5.06,2.84
202400013294,5.28,7.08
202400013296,3.86,8.57
202400013320,5.62,21.82
202400013328,5.07,6.59
202400013347,3.35,44.09
202400013348,54.1,103.25
202400013350,9.04,6.01
202400013351,1.01,12.17
202400013370,4.42,11.34
202400013375,13.58,23.87
202400013394,2.04,6.2
202400013395,8.09,14.99
202400013397,3.99,6.21
202400013398,2.08,2.29
202400013421,3.39,8.04
202400013480,6.88,5.17
202400013482,6.34,9.96
202400013526,5.24,9.4
202400013527,1.92,6.62
202400013530,7.76,6.25
202400013540,2.46,3.14
202400013542,0.9,3.63
202400013543,0.62,3.59
202400013545,4.88,3.26
202400013548,4.79,5.43
202400013566,4.52,2.02
202400013567,4.92,5.12
202400013568,1.64,9.43
202400013643,3.59,3.26
202400013646,2.41,3.09
202400013648,3.64,3.5
202400013649,2.51,8.97
202400013650,10.95,9.93
202400013651,3.36,5.16
202400013652,3.65,5.6
202400013654,4.88,10.27
202400013656,3.09,5.36
202400013658,5.39,7.96
202400013660,2.73,6.5
202400013662,0.46,1.82
202400013663,6.78,12.45
202400013664,5.19,6.23
202400013665,4.45,4.74
202400013666,7.94,3.79
202400013667,6.25,8.24
202400013668,4.07,21.81
202400013715,3.04,8.18
202400013719,1.95,12.35
202400013754,10.93,46.01
202400013755,3.48,22.8
202400013766,5.46,4.69
202400013771,4.16,19.77
202400013778,7.76,5.42
202400013781,4.47,19.1
202400013782,6.44,22.14
202400013783,7.14,19.52
202400013800,3.25,24.59
202400013805,2.23,21.08
202400013808,1.1,5.48
202400013811,2.42,60.04
202400013836,2.95,3.78
202400013839,4.9,2.68
202400013841,7.94,18.74
202400013843,3.51,8.51
202400013846,7.03,3.37
202400013853,7.83,11.91
202400013869,8.23,20.52
202400013879,5.52,30.3
202400013894,4.71,11.0
202400013898,6.52,9.45
202400013902,3.33,6.87
202400013905,3.28,7.93
202400013909,6.77,11.77
202400013923,6.72,4.9
202400013925,8.87,12.59
202400013927,8.37,10.76
202400013928,1.35,9.51
202400014026,1.95,3.93
202400014028,5.69,5.11
202400014038,9.1,11.25
202400014061,10.15,17.26
202400014063,4.39,6.12
202400014066,1.5,13.37
202400014076,13.47,22.9
202400014079,3.61,2.92
202400014083,4.0,10.78
202400014130,5.06,9.26
202400014134,3.78,5.71
202400014197,0.74,7.93
202400014207,5.07,10.98
202400014210,8.26,11.8
202400014211,4.37,3.3
202400014213,7.89,13.64
202400014214,7.47,17.19
202400014216,1.61,13.74
202400014219,4.75,8.12
202400014229,4.04,3.68
202400014301,2.93,9.86
202400014307,3.63,7.93
202400014312,3.74,3.16
202400014313,3.26,6.72
202400014318,3.56,5.62
202400014323,5.66,7.33
202400014325,2.13,5.73
202400014332,4.82,3.11
202400014335,5.8,2.4
202400014336,2.07,8.21
202400014338,5.86,6.04
202400014340,2.63,1.8
202400014357,7.43,8.46
202400014360,3.34,10.46
202400014364,7.88,7.57
202400014366,5.37,16.87
202400014367,7.13,4.6
202400014370,5.19,2.12
202400014417,12.52,30.17
202400014421,8.91,22.11
202400014427,3.27,18.36
202400014462,2.69,14.13
202400014508,9.36,9.05
202400014510,2.89,2.06
202400014513,3.66,6.39
202400014515,5.33,5.96
202400014518,6.58,6.81
202400014521,3.52,4.07
202400014526,4.49,7.02
202400014554,4.54,7.47
202400014557,4.6,9.6
202400014559,1.66,6.85
202400014561,6.12,14.56
202400014564,3.9,5.82
202400014575,6.49,4.19
202400014578,6.69,5.07
202400014612,3.21,5.14
202400014653,2.52,4.47
202400014654,3.62,10.1
202400014657,3.35,2.74
202400014658,8.67,5.13
202400014659,2.69,7.57
202400014739,1.39,9.88
202400014740,2.8,5.86
202400014741,4.91,9.2
202400014742,3.01,5.0
202400014743,6.67,9.24
202400014744,10.94,14.4
202400014747,6.04,9.31
202400014748,7.84,3.98
202400014820,2.2,13.16
202400014821,12.8,10.8
202400014822,5.1,16.4
202400014835,4.68,5.73
202400014836,10.91,9.88
202400014837,7.12,6.98
202400014838,3.62,8.29
202400014839,3.92,10.22
202400014880,4.43,3.86
202400014911,3.48,5.32
202400014912,0.83,7.16
202400014913,2.15,4.55
202400014914,2.72,3.01
202400014920,1.98,6.27
202400014953,9.46,15.09
202400014981,7.05,12.51
202400014982,6.33,41.43
202400014993,7.1,9.39
202400014994,7.3,9.21
202400015017,4.78,11.37
202400015018,4.02,11.66
202400015049,3.16,8.25
202400015050,3.96,4.75
202400015051,2.26,6.48
202400015083,2.02,11.69
202400015085,3.79,5.63
202400015086,3.6,6.26
202400015087,1.76,5.24
202400015089,2.71,3.31
202400015091,0.33,1.37
202400015092,6.8,17.12
202400015107,2.9,28.68
202400015179,1.53,26.06
202400015255,4.65,18.19
202400015264,10.5,25.36
202400015266,3.46,16.43
202400015269,9.32,16.42
202400015281,7.54,9.89
202400015297,8.91,17.57
202400015299,13.82,48.92
202400015305,5.77,9.31
202400015307,4.94,8.49
202400015315,3.42,4.81
202400015317,8.43,13.43
202400015319,4.56,7.48
202400015371,2.52,4.37
202400015373,10.32,9.75
202400015385,2.02,6.69
202400015430,4.6,9.33
202400015432,2.32,3.35
202400015439,5.63,5.66
202400015441,2.35,6.13
202400015459,4.38,8.88
202400015460,0.98,8.43
202400015461,2.58,7.22
202400015462,4.2,5.19
202400015463,5.38,7.85
202400015496,7.56,14.46
202400015497,5.01,3.56
202400015543,2.88,2.14
202400015548,6.17,12.13
202400015579,10.18,25.47
202400015580,6.3,6.05
202400015585,18.38,32.36
202400015602,5.09,14.48
202400015621,1.09,10.1
202400015628,8.7,19.02
202400015658,3.58,1.78
202400015688,1.57,8.01
202400015689,3.72,2.51
202400015690,8.25,11.99
202400015691,9.19,17.32
202400015692,3.89,11.9
202400015694,4.53,3.79
202400015697,2.48,12.83
202400015721,7.6,12.07
202400015725,7.2,12.63
202400015729,5.22,8.49
202400015756,2.91,4.89
202400015757,6.82,6.72
202400015799,2.85,3.86
202400015824,8.35,11.66
202400015844,6.1,2.74
202400015848,4.47,4.09
202400015852,4.93,21.88
202400015857,4.6,10.28
202400015860,2.77,3.44
202400015861,2.6,3.27
202400015867,5.88,21.12
202400015870,6.82,4.61
202400015874,3.01,5.24
202400015876,2.52,4.5
202400015879,5.11,6.98
202400015884,6.43,8.03
202400015900,6.63,4.3
202400015967,8.83,11.94
202400015971,3.47,10.71
202400015983,2.85,17.47
202400015985,3.09,18.78
202400016023,1.55,15.73
202400016031,2.51,13.37
202400016080,8.98,11.18
202400016085,3.66,3.15
202400016087,5.01,3.52
202400016091,5.03,10.86
202400016108,5.14,6.89
202400016116,6.53,13.79
202400016177,2.75,0.91
202400016186,2.18,21.88
202400016220,5.04,20.09
202400016230,3.66,6.06
202400016233,3.53,3.69
202400016237,4.65,3.23
202400016240,8.99,8.98
202400016243,3.62,17.07
202400016303,2.89,9.17
202400016306,4.85,6.66
202400016309,6.51,13.34
202400016310,4.99,6.38
202400016313,5.54,6.93
202400016316,4.98,3.08
202400016365,4.51,12.4
202400016372,9.32,20.82
202400016417,3.11,9.03
202400016422,3.64,10.92
202400016425,9.32,8.01
202400016433,7.05,13.04
202400016437,6.21,17.44
202400016451,0.59,27.09
202400016465,5.3,11.78
202400016480,12.71,48.13
202400016488,2.11,7.9
202400016513,5.15,11.78
202400016545,4.89,21.84
202400016547,1.58,3.81
202400016551,2.87,7.16
202400016553,3.37,3.34
202400016558,2.12,3.16
202400016638,14.97,34.54
202400016664,1.96,4.69
202400016665,1.9,7.86
202400016667,8.8,15.05
202400016668,1.83,4.6
202400016708,5.54,19.36
202400016746,5.87,4.36
202400016762,4.31,23.53
202400016791,5.37,3.01
202400016793,3.37,9.9
202400016830,3.78,7.98
202400016845,4.04,15.61
202400016847,5.69,15.72
202400016849,4.09,2.6
202400016851,1.29,29.11
202400016853,2.36,15.0
202400016855,3.98,9.72
202400016868,11.41,13.56
202400016869,3.4,3.24
202400016893,5.06,17.96
202400016907,5.48,15.61
202400016908,7.72,5.15
202400016924,7.91,8.45
202400016925,1.54,8.68
202400016926,1.62,5.05
202400016927,2.38,7.78
202400016928,3.74,12.83
202400016960,3.45,20.67
202400016977,6.06,25.25
202400016995,2.81,13.21
202400016996,5.3,32.93
202400016997,3.6,13.11
202400016998,4.85,7.93
202400017007,3.9,7.9
202400017008,5.76,7.52
202400017009,2.33,5.33
202400017063,2.31,13.88
202400017085,7.95,17.73
202400017100,7.11,17.28
202400017139,0.7,14.88
202400017162,3.85,10.9
202400017163,7.56,7.3
202400017164,3.58,4.0
202400017165,27.28,44.54
202400017167,3.38,5.27
202400017170,3.81,62.19
202400017171,6.23,12.29
202400017221,6.61,9.96
202400017223,2.7,8.07
202400017224,1.51,0.69
202400017226,5.51,7.32
202400017228,6.06,6.3
202400017229,4.49,9.02
202400017231,6.4,6.96
202400017233,0.73,5.65
202400017238,5.17,19.58
202400017240,4.3,18.76
202400017243,6.04,3.82
202400017245,7.31,5.84
202400017251,5.46,3.79
202400017253,2.84,3.08
202400017285,8.46,15.52
202400017286,3.58,10.64
202400017288,4.73,4.84
202400017289,5.4,5.55
202400017291,3.77,16.26
202400017292,6.38,12.41
202400017294,4.81,8.14
202400017303,6.91,16.14
202400017333,7.88,10.46
202400017337,4.3,16.33
202400017394,2.36,17.45
202400017405,2.68,4.15
202400017407,3.53,5.49
202400017410,1.71,6.5
202400017412,3.87,22.94
202400017415,0.81,5.74
202400017436,3.36,11.39
202400017439,5.4,19.01
202400017442,10.77,26.16
202400017485,6.62,11.27
202400017512,3.18,13.58
202400017524,6.72,15.34
202400017565,1.24,4.56
202400017608,6.28,10.61
202400017610,17.64,22.68
202400017621,4.36,31.4
202400017626,4.72,9.18
202400017627,3.05,7.97
202400017628,7.62,17.34
202400017629,5.92,6.25
202400017637,0.8,5.22
202400017659,3.68,8.32
202400017661,1.48,9.28
202400017663,2.35,4.33
202400017666,6.5,3.38
202400017698,6.21,2.34
202400017733,6.36,10.75
202400017736,3.22,5.16
202400017788,0.31,9.96
202400017792,2.33,3.71
202400017796,3.16,5.9
202400017798,4.6,7.0
202400017799,3.62,4.55
202400017801,1.15,3.88
202400017803,1.32,3.76
202400017808,2.62,4.69
202400017819,2.46,21.82
202400017827,2.67,21.36
202400017837,3.7,10.98
202400017840,2.03,3.27
202400017843,10.5,11.19
202400017846,4.48,6.38
202400017869,2.41,7.74
202400017873,3.74,6.15
202400017877,2.34,8.63
202400017881,2.53,5.26
202400017884,5.02,2.85
202400017892,4.04,4.45
202400017896,3.63,10.28
202400017899,6.28,12.9
202400017903,5.2,18.9
202400017906,1.61,6.86
202400017923,7.51,6.53
202400017924,4.9,19.81
202400017927,3.51,4.38
202400017931,3.94,10.99
202400017947,2.12,5.28
202400017952,7.27,7.26
202400017956,8.63,14.88
202400017959,3.13,9.59
202400017970,5.89,15.06
202400017992,4.1,7.64
202400017995,4.84,5.39
202400018001,5.19,12.25
202400018029,2.34,26.04
202400018040,8.77,23.98
202400018086,0.29,19.04
202400018089,8.26,28.75
202400018120,4.04,12.0
202400018123,5.19,12.25
202400018129,10.68,9.54
202400018133,6.95,12.47
202400018198,5.97,5.97
202400018202,50.23,107.12
202400018204,1.77,15.58
202400018207,17.88,27.88
202400018236,1.42,9.8
202400018242,6.62,14.76
202400018246,2.49,4.07
202400018255,5.65,10.36
202400018261,3.68,7.22
202400018266,6.04,12.87
202400018300,1.76,19.04
202400018315,8.89,18.31
202400018329,14.13,13.86
202400018352,4.6,19.66
202400018353,2.39,9.67
202400018357,1.81,4.63
202400018359,1.31,2.26
202400018361,3.45,6.18
202400018364,2.72,4.82
202400018372,4.5,5.54
202400018407,3.38,9.72
202400018408,4.96,5.78
202400018411,5.61,6.44
202400018413,4.31,9.02
202400018416,5.43,11.5
202400018420,3.08,2.8
202400018451,2.38,5.18
202400018453,3.06,4.86
202400018454,2.94,3.27
202400018464,1.8,21.82
202400018465,6.49,10.45
202400018466,2.86,6.12
202400018511,4.19,3.57
202400018516,3.26,18.88
202400018545,1.28,57.89
202400018584,10.46,14.51
202400018586,10.34,32.7
202400018587,13.22,25.52
202400018610,3.01,2.8
202400018618,6.64,21.5
202400018620,7.66,8.52
202400018623,4.84,7.28
202400018636,4.44,3.9
202400018641,2.38,13.43
202400018642,2.94,10.63
202400018643,2.24,14.27
202400018648,5.27,7.57
202400018667,2.43,8.33
202400018701,5.47,13.47
202400018767,7.9,15.91
202400018770,1.12,5.34
202400018772,3.83,4.68
202400018791,5.84,7.1
202400018810,6.53,4.85
202400018812,7.53,17.32
202400018823,6.48,13.3
202400018825,6.1,9.64
202400018828,3.39,5.66
202400018830,3.99,11.96
202400018832,10.88,12.75
202400018868,8.09,7.61
202400018893,10.34,23.04
202400018894,7.63,73.17
202400018900,10.03,20.36
202400018907,7.37,21.39
202400018908,6.18,12.94
202400018916,4.41,12.38
202400018917,6.04,12.87
202400018918,8.87,11.92
202400018919,4.59,6.25
202400018941,5.03,5.08
202400018942,2.31,11.71
202400018943,9.85,11.99
202400018944,5.34,3.76
202400018965,0.3,22.71
202400018966,6.43,12.03
202400018976,3.52,9.82
202400018977,3.42,6.03
202400018978,7.63,13.38
202400018979,5.51,15.82
202400018980,4.69,15.0
202400018981,6.0,4.38
202400018989,5.71,8.15
202400018991,4.82,9.29
202400018993,9.31,8.17
202400018995,4.33,9.04
202400018996,7.36,10.9
202400018999,4.26,9.26
202400019000,5.45,6.23
202400019001,3.54,6.47
202400019003,5.32,6.18
202400019005,5.47,4.64
202400019008,7.01,14.03
202400019101,5.42,2.11
202400019102,3.43,7.0
202400019105,2.92,2.99
202400019107,4.73,8.29
202400019109,2.88,3.87
202400019112,4.12,13.01
202400019115,2.69,1.56
202400019158,7.8,10.61
202400019164,2.27,8.43
202400019173,7.63,7.04
202400019210,7.6,1.73
202400019213,3.96,2.47
202400019226,0.86,7.36
202400019227,10.19,15.35
202400019228,1.29,14.59
202400019229,1.72,5.54
202400019231,8.51,15.63
202400019234,5.03,2.82
202400019244,1.68,13.91
202400019282,6.39,12.87
202400019343,2.8,3.45
202400019346,7.2,12.5
202400019348,6.3,31.46
202400019355,4.07,19.58
202400019359,7.28,9.11
202400019362,9.36,35.52
202400019366,5.4,40.16
202400019367,2.36,47.07
202400019370,5.42,31.93
202400019383,4.53,2.04
202400019397,15.86,21.03
202400019414,10.28,45.6
202400019454,7.14,10.68
202400019465,3.18,3.81
202400019467,5.14,14.49
202400019469,5.69,8.96
202400019470,3.7,19.33
202400019473,6.46,3.22
202400019489,4.66,6.04
202400019510,3.88,5.98
202400019517,7.69,15.09
202400019527,8.25,9.8
202400019534,11.48,14.52
202400019545,7.07,4.19
202400019558,5.44,15.57
202400019559,2.7,9.15
202400019595,8.04,7.34
202400019597,10.35,9.21
202400019599,7.68,10.28
202400019601,5.84,5.77
202400019602,2.8,5.86
202400019609,7.26,6.86
202400019610,5.05,4.08
202400019612,5.26,1.19
202400019625,6.87,10.84
202400019637,3.44,19.29
202400019639,4.24,18.55
202400019667,0.92,2.0
202400019671,4.42,4.32
202400019674,3.2,3.25
202400019684,18.58,51.49
202400019693,4.15,13.54
202400019720,9.14,12.92
202400019741,0.7,21.62
202400019742,6.09,8.45
202400019747,8.51,18.26
202400019750,2.76,10.73
202400019752,9.8,34.18
202400019774,6.42,4.12
202400019822,4.84,6.37
202400019824,3.75,3.4
202400019827,3.76,13.3
202400019838,4.15,10.21
202400019843,3.15,3.88
202400019850,3.24,5.01
202400019854,3.47,5.34
202400019871,3.32,3.6
202400019876,6.42,9.62
202400019883,4.81,11.27
202400019927,3.23,8.73
202400019930,1.45,11.26
202400019934,3.22,5.05
202400019941,4.48,6.27
202400019945,3.17,9.2
202400019948,6.08,3.78
202400019982,5.11,11.08
202400019997,3.32,5.12
202400020002,3.0,4.63
202400020006,3.23,5.35
202400020010,6.4,9.67
202400020026,10.19,20.37
202400020046,5.49,10.76
202400020112,9.26,20.76
202400020113,7.18,3.06
202400020115,5.22,11.7
202400020121,1.63,18.9
202400020126,7.5,10.62
202400020144,3.31,10.59
202400020146,8.68,15.7
202400020148,6.12,6.52
202400020164,10.52,22.15
202400020176,9.38,8.24
202400020179,2.22,4.73
202400020218,4.86,16.18
202400020220,5.91,4.92
202400020225,2.13,4.86
202400020226,7.37,10.41
202400020229,6.33,2.92
202400020258,2.8,7.32
202400020261,5.2,4.63
202400020295,7.47,7.36
202400020299,7.42,8.97
202400020324,7.14,12.3
202400020346,2.97,6.26
202400020348,2.97,5.58
202400020349,2.93,10.32
202400020351,2.7,19.55
202400020357,0.56,1.82
202400020359,1.7,6.24
202400020360,6.4,10.78
202400020361,2.56,4.0
202400020374,3.35,6.36
202400020377,1.79,5.76
202400020379,8.6,14.12
202400020384,6.5,4.88
202400020446,3.55,4.66
202400020448,4.24,11.64
202400020451,6.18,18.86
202400020483,9.68,8.66
202400020486,5.46,4.48
202400020488,5.23,6.49
202400020489,6.77,9.53
202400020492,5.44,3.07
202400020549,3.47,19.1
202400020557,10.34,9.32
202400020559,4.45,7.2
202400020561,5.6,8.75
202400020563,1.24,14.11
202400020565,7.56,10.35
202400020574,9.33,14.01
202400020575,4.79,3.31
202400020577,6.28,5.8
202400020582,21.76,43.1
202400020589,9.24,29.21
202400020594,5.52,19.09
202400020595,3.23,8.34
202400020601,1.76,28.64
202400020616,3.57,7.77
202400020617,6.94,15.38
202400020618,3.62,6.54
202400020619,11.99,15.04
202400020620,4.96,13.44
202400020654,3.46,6.72
202400020656,3.76,5.82
202400020657,2.62,13.73
202400020713,5.36,8.15
202400020715,1.35,3.29
202400020719,6.02,3.17
202400020721,5.89,2.63
202400020742,5.92,6.68
202400020743,2.9,4.6
202400020744,4.75,6.55
202400020747,2.94,4.21
202400020748,2.44,4.23
202400020786,11.51,13.02
202400020789,1.45,13.27
202400020813,1.8,11.69
202400020817,4.52,19.93
202400020825,5.89,8.77
202400020831,6.27,11.53
202400020860,2.6,2.0
202400020861,5.36,2.68
202400020862,6.06,4.24
202400020863,2.97,4.82
202400020864,1.44,7.1
202400020865,5.79,7.89
202400020866,5.54,4.56
202400020903,5.0,13.14
202400020904,5.03,5.09
202400020966,4.25,2.82
202400020969,3.66,3.17
202400020989,5.1,9.66
202400020993,3.72,6.79
202400020996,2.7,9.68
202400021000,6.54,9.1
202400021003,2.66,3.24
202400021007,4.89,5.93
202400021123,10.94,17.11
202400021130,6.49,18.82
202400021135,6.62,20.05
202400021148,10.19,15.35
202400021176,5.95,13.62
202400021179,4.44,8.56
202400021193,18.65,51.24
202400021194,6.53,13.55
202400021195,9.98,50.1
202400021196,7.36,10.9
202400021198,5.49,12.32
202400021200,3.89,20.53
202400021202,12.28,24.57
202400021205,7.11,13.26
202400021218,6.04,6.6
202400021258,5.03,9.73
202400021260,5.88,22.28
202400021261,4.23,8.23
202400021264,5.31,6.18
202400021266,5.73,12.56
202400021269,5.15,9.86
202400021272,7.94,10.99
202400021281,7.58,11.15
202400021284,3.87,11.15
202400021292,4.83,12.29
202400021295,2.54,3.39
202400021378,1.76,5.79
202400021380,4.12,7.29
202400021381,4.2,7.71
202400021382,2.19,4.59
202400021383,1.28,3.85
202400021384,6.13,11.43
202400021385,6.11,12.28
202400021387,7.19,11.91
202400021458,0.98,19.25
202400021462,4.22,3.82
202400021499,2.94,5.11
202400021500,2.74,13.88
202400021501,5.79,5.57
202400021506,4.12,5.97
202400021507,5.79,8.38
202400021548,2.1,18.42
202400021585,4.16,43.28
202400021590,5.96,20.01
202400021628,5.23,15.11
202400021638,3.61,3.4
202400021640,3.3,23.77
202400021641,3.34,6.34
202400021652,3.4,8.4
202400021654,7.58,13.65
202400021656,4.42,7.36
202400021658,4.35,4.68
202400021679,2.24,4.72
202400021682,1.13,12.28
202400021686,1.59,3.96
202400021709,3.44,8.74
202400021714,0.48,10.17
202400021718,2.18,4.83
202400021722,4.83,2.62
202400021779,3.99,19.2
202400021811,7.86,9.8
202400021912,6.35,9.3
202400021914,6.33,74.13
202400021917,6.23,54.27
202400021921,5.74,11.88
202400021924,2.96,17.55
202400021925,3.09,7.98
202400021927,3.45,13.89
202400021929,6.03,8.6
202400021932,6.6,10.57
202400021937,4.1,4.51
202400021940,4.25,12.13
202400021944,6.88,4.66
202400021948,3.99,6.84
202400021959,4.52,18.42
202400021968,4.63,11.84
202400021969,7.48,22.1
202400021971,11.12,13.68
202400021979,7.1,13.88
202400021982,6.38,4.08
202400022040,5.62,7.41
202400022044,10.58,25.44
202400022059,1.02,10.91
202400022077,6.94,14.01
202400022081,8.12,10.5
202400022098,2.52,7.68
202400022108,7.33,13.59
202400022121,2.54,18.27
202400022123,7.1,25.86
202400022127,2.61,18.9
202400022131,6.73,13.75
202400022150,1.98,11.68
202400022153,7.23,5.92
202400022156,4.38,5.78
202400022167,3.76,8.09
202400022170,3.4,8.4
202400022173,9.38,8.41
202400022179,6.75,8.96
202400022245,5.44,4.47
202400022249,1.4,3.97
202400022256,7.73,5.52
202400022310,1.71,1.84
202400022315,4.76,10.46
202400022318,5.09,4.6
202400022320,4.51,4.87
202400022322,5.99,5.95
202400022323,2.25,11.66
202400022327,4.94,4.96
202400022328,9.84,7.53
202400022343,3.45,7.15
202400022439,8.4,7.5
202400022440,2.53,14.08
202400022441,5.44,10.8
202400022443,1.74,6.35
202400022446,2.68,4.61
202400022449,2.68,7.65
202400022450,8.1,17.34
202400022451,4.84,7.41
202400022455,2.78,17.45
202400022457,5.91,9.03
202400022458,6.93,5.23
202400022460,8.61,7.91
202400022473,2.01,12.92
202400022474,9.1,23.54
202400022530,4.97,5.43
202400022576,1.69,9.29
202400022577,6.32,7.78
202400022578,9.39,15.68
202400022582,8.42,15.54
202400022583,3.36,9.82
202400022660,0.8,1.8
202400022661,5.3,4.55
202400022728,7.36,15.05
202400022743,3.45,5.82
202400022744,6.42,11.53
202400022779,1.46,5.63
202400022780,1.87,11.17
202400022781,4.4,11.85
202400022782,7.4,6.09
202400022811,1.64,3.32
202400022812,9.85,10.0
202400022813,4.63,11.91
202400022814,2.67,4.57
202400022862,7.04,5.07
202400022863,2.32,8.29
202400022864,7.85,3.47
202400022867,1.72,17.23
202400022893,9.46,13.27
202400022895,2.67,4.47
202400022896,7.27,10.39
202400022898,7.3,9.81
202400022903,5.28,5.31
202400022904,6.13,10.52
202400022905,3.88,1.55
202400022906,4.81,6.36
202400022907,3.04,7.73
202400023010,4.2,29.92
202400023015,2.44,5.68
202400023017,5.94,4.12
202400023019,1.3,9.6
202400023020,1.08,6.73
202400023022,3.19,4.58
202400023025,5.2,15.52
202400023026,7.18,22.18
202400023048,1.14,13.66
202400023051,4.81,12.24
202400023052,3.43,15.26
202400023060,30.98,24.06
202400023073,4.1,8.84
202400023079,8.8,47.48
202400023082,5.92,30.63
202400023111,9.63,8.61
202400023115,5.5,10.51
202400023117,3.04,3.09
202400023138,3.09,12.5
202400023140,5.26,8.19
202400023182,1.98,4.71
202400023186,1.86,2.85
202400023188,7.49,1.89
202400023190,3.31,13.26
202400023192,4.08,4.24
202400023198,6.01,13.16
202400023201,7.83,13.92
202400023225,3.68,6.09
202400023227,1.82,3.99
202400023229,3.78,3.43
202400023231,6.68,7.66
202400023259,10.09,10.67
202400023265,5.14,19.76
202400023290,5.85,14.96
202400023295,2.75,18.74
202400023300,2.06,23.6
202400023310,6.19,5.65
202400023347,2.54,27.74
202400023356,4.94,8.48
202400023358,10.31,10.37
202400023365,9.01,13.32
202400023367,8.24,10.04
202400023370,3.26,4.26
202400023372,5.67,7.47
202400023375,1.8,2.76
202400023377,3.64,5.47
202400023384,3.52,21.49
202400023386,6.32,2.83
202400023426,4.0,6.14
202400023443,7.56,5.23
202400023470,1.41,15.73
202400023481,6.99,9.72
202400023485,10.06,8.17
202400023487,6.27,6.28
202400023488,4.96,12.6
202400023489,3.32,15.5
202400023527,4.04,6.97
202400023530,3.48,4.39
202400023532,5.35,9.55
202400023556,1.15,10.85
202400023558,6.31,6.13
202400023577,5.73,7.4
202400023579,8.51,14.84
202400023597,4.22,28.09
202400023656,5.32,24.19
202400023663,3.7,3.94
202400023668,3.54,4.74
202400023700,1.85,17.36
202400023703,5.01,8.64
202400023705,2.46,9.24
202400023709,1.74,5.35
202400023717,4.28,23.5
202400023719,1.72,21.06
202400023723,3.35,16.22
202400023726,2.98,5.7
202400023727,6.51,26.36
202400023729,3.26,3.29
202400023733,10.48,10.46
202400023737,7.14,11.23
202400023759,3.56,7.75
202400023763,3.89,12.85
202400023764,5.62,5.52
202400023767,8.24,22.83
202400023769,2.76,5.69
202400023772,3.85,23.69
202400023773,5.14,10.89
202400023789,5.37,7.86
202400023832,3.33,22.37
202400023833,3.96,31.53
202400023867,0.57,8.18
202400023878,4.0,11.28
202400023880,6.3,12.89
202400023911,9.23,10.94
202400023990,9.3,20.8
202400023999,2.56,5.85
202400024002,8.06,20.44
202400024003,3.33,2.59
202400024007,2.87,5.14
202400024009,15.55,14.06
202400024022,11.4,7.86
202400024029,6.0,41.48
202400024032,5.37,4.15
202400024037,8.47,8.69
202400024044,3.98,6.4
202400024060,5.31,19.3
202400024083,3.34,5.29
202400024086,6.85,14.68
202400024090,2.8,3.47
202400024103,8.18,3.54
202400024107,7.56,4.16
202400024114,2.76,7.3
202400024117,2.01,14.25
202400024146,7.21,5.99
202400024197,4.5,4.34
202400024200,8.86,8.91
202400024210,5.28,6.55
202400024213,11.66,27.35
202400024258,2.97,7.67
202400024261,9.38,9.32
202400024262,7.36,17.08
202400024266,5.76,3.79
202400024272,15.12,31.91
202400024274,4.41,15.46
202400024305,9.42,19.74
202400024307,6.08,3.86
202400024310,8.1,23.2
202400024312,3.32,12.37
202400024323,5.96,8.59
202400024330,0.87,12.54
202400024331,2.05,22.6
202400024332,5.25,7.04
202400024349,5.63,1.4
202400024373,8.85,12.15
202400024374,9.1,33.63
202400024403,3.19,8.34
202400024408,5.91,21.45
202400024422,6.04,12.87
202400024425,5.31,7.22
202400024475,6.55,7.31
202400024476,3.64,4.64
202400024477,3.08,10.46
202400024478,5.32,8.95
202400024480,3.01,2.39
202400024481,5.66,17.93
202400024576,1.29,5.28
202400024577,2.41,3.06
202400024578,3.2,8.46
202400024579,8.63,8.41
202400024581,0.99,18.08
202400024609,7.5,6.07
202400024614,2.83,30.43
202400024641,3.02,21.23
202400024691,1.08,9.45
202400024692,3.7,7.8
202400024736,7.48,6.34
202400024737,4.36,7.65
202400024738,5.17,8.62
202400024739,5.61,8.16
202400024740,4.78,4.7
202400024741,2.45,5.74
202400024742,5.36,6.52
202400024759,4.28,4.08
202400024760,3.76,11.77
202400024761,5.88,4.89
202400024804,3.13,6.56
202400024805,1.56,3.72
202400024806,2.66,11.29
202400024807,3.86,6.25
202400024808,3.95,2.34
202400024809,5.25,5.39
202400024810,8.75,5.77
202400024814,0.76,1.82
202400024815,4.24,5.81
202400024816,3.63,2.5
202400024823,17.35,21.1
202400024836,1.65,3.99
202400024838,6.74,11.44
202400024840,5.74,8.04
202400024841,4.68,5.73
202400024843,3.2,5.24
202400024845,4.94,8.48
202400024847,4.34,10.64
202400024849,4.69,5.03
202400024879,8.28,22.47
202400024921,6.39,8.1
202400024923,4.33,4.17
202400024925,3.23,5.06
202400024959,2.41,2.37
202400024974,11.64,36.28
202400025009,4.52,16.34
202400025017,5.44,9.41
202400025036,5.53,8.41
202400025038,8.3,16.0
202400025039,4.03,6.29
202400025040,2.3,5.9
202400025042,8.03,21.83
202400025044,2.75,36.98
202400025046,6.89,13.52
202400025048,5.63,24.94
202400025049,5.56,9.32
202400025090,2.86,6.64
202400025123,7.05,9.32
202400025124,6.15,23.98
202400025138,2.28,2.72
202400025141,1.54,11.78
202400025144,1.94,7.89
202400025145,6.76,6.55
202400025168,7.16,11.51
202400025181,5.94,14.37
202400025183,7.2,22.53
202400025194,5.19,12.25
202400025262,3.43,18.4
202400025265,3.74,20.27
202400025276,7.98,6.28
202400025278,7.23,11.2
202400025291,1.02,4.87
202400025314,2.69,4.92
202400025315,1.79,6.43
202400025318,6.04,6.06
202400025326,1.82,4.99
202400025328,5.64,18.4
202400025330,6.56,3.82
202400025407,1.9,14.1
202400025412,6.27,8.13
202400025414,2.02,7.79
202400025416,6.26,8.33
202400025453,3.95,3.5
202400025455,2.93,8.1
202400025488,11.74,13.0
202400025495,13.36,18.4
202400025541,4.53,6.76
202400025543,5.08,9.27
202400025546,6.4,11.5
202400025548,1.62,5.12
202400025551,3.53,5.74
202400025555,2.82,5.55
202400025556,4.22,10.18
202400025559,3.01,5.38
202400025561,4.25,4.39
202400025574,5.77,10.1
202400025577,11.83,10.23
202400025592,4.42,7.82
202400025644,4.51,11.54
202400025647,4.38,7.77
202400025653,5.21,5.93
202400025704,9.77,17.57
202400025737,7.65,7.16
202400025741,3.35,5.98
202400025743,10.07,11.62
202400025764,4.03,11.31
202400025768,3.9,3.71
202400025772,9.88,13.62
202400025792,9.29,35.77
202400025815,5.27,21.39
202400025832,8.1,28.67
202400025840,2.4,7.75
202400025843,1.96,8.18
202400025845,2.36,7.97
202400025846,4.01,13.16
202400025849,8.41,17.8
202400025852,5.45,11.39
202400025887,4.29,6.6
202400025889,3.84,10.14
202400025893,13.82,9.72
202400025897,5.34,8.27
202400025941,2.86,22.17
202400025956,2.95,5.98
202400025963,4.51,11.79
202400025968,1.24,6.45
202400025969,2.11,5.69
202400025972,7.74,9.13
202400025974,4.06,5.16
202400025976,3.35,2.78
202400026003,2.17,22.25
202400026024,1.9,29.01
202400026036,7.52,9.39
202400026039,11.02,10.05
202400026059,5.3,11.78
202400026063,4.3,16.45
202400026071,11.05,12.6
202400026074,8.44,26.09
202400026079,11.98,23.19
202400026084,3.77,9.14
202400026090,2.78,4.58
202400026095,3.03,9.9
202400026096,5.04,4.83
202400026098,1.94,7.13
202400026102,27.25,17.17
202400026103,4.72,6.52
202400026106,2.33,5.33
202400026107,2.33,5.31
202400026119,4.52,12.46
202400026120,4.89,8.16
202400026123,3.24,12.64
202400026126,3.53,6.69
202400026127,6.44,14.58
202400026132,2.65,2.27
202400026185,3.94,17.39
202400026216,4.24,9.7
202400026219,2.99,3.78
202400026220,3.82,1.98
202400026231,5.05,6.85
202400026233,3.71,5.02
202400026236,10.32,21.74
202400026238,3.78,9.01
202400026240,5.9,8.6
202400026241,7.11,13.26
202400026245,3.99,19.21
202400026250,5.14,7.99
202400026301,15.98,82.49
202400026303,7.79,20.66
202400026318,0.88,48.55
202400026345,7.88,16.02
202400026346,16.05,21.93
202400026348,8.13,18.88
202400026349,6.13,17.55
202400026370,2.0,8.13
202400026372,3.19,2.36
202400026378,8.29,27.08
202400026392,10.17,10.24
202400026446,5.4,3.82
202400026449,2.92,12.16
202400026532,6.38,21.88
202400026534,3.74,19.59
202400026560,5.41,72.37
202400026563,7.84,9.09
202400026569,4.2,4.95
202400026582,3.82,7.82
202400026583,6.06,5.78
202400026606,3.7,5.04
202400026632,3.45,3.28
202400026663,2.39,7.76
202400026664,1.62,22.83
202400026665,2.34,22.71
202400026666,4.94,3.19
202400026685,6.58,14.3
202400026686,2.46,2.68
202400026687,3.7,7.28
202400026688,4.57,3.87
202400026755,3.28,4.28
202400026756,0.46,0.88
202400026758,5.94,2.7
202400026831,7.72,8.79
202400026833,6.59,10.67
202400026888,17.51,39.38
202400026895,5.49,22.41
202400026906,7.95,19.44
202400026929,5.66,12.62
202400026930,3.7,21.93
202400026932,15.18,30.15
202400026934,7.12,17.82
202400026950,3.88,3.05
202400026951,5.16,9.86
202400026954,3.35,11.95
202400026956,3.18,2.09
202400026958,7.3,5.79
202400026961,10.26,12.03
202400026978,5.85,7.76
202400027045,4.75,13.42
202400027093,1.63,5.9
202400027094,6.36,3.4
202400027099,6.59,9.14
202400027188,5.36,15.29
202400027191,5.4,14.17
202400027193,2.99,4.92
202400027195,1.48,7.23
202400027199,4.39,4.1
202400027217,2.22,22.68
202400027230,5.69,4.07
202400027304,7.85,13.3
202400027306,3.75,4.6
202400027308,7.91,14.06
202400027349,2.46,3.66
202400027363,3.78,11.06
202400027367,1.86,5.58
202400027415,9.95,8.93
202400027419,3.53,7.33
202400027424,3.6,4.3
202400027427,3.35,9.65
202400027430,4.16,6.62
202400027433,3.51,9.8
202400027440,2.07,4.8
202400027444,3.19,3.9
202400027448,3.0,7.14
202400027466,5.93,10.62
202400027467,6.57,8.37
202400027472,3.57,2.74
202400027486,4.69,4.05
202400027501,2.75,4.69
202400027505,8.25,5.28
202400027508,5.93,5.98
202400027525,5.35,10.35
202400027564,3.99,5.97
202400027568,7.93,14.99
202400027572,4.98,6.78
202400027575,2.8,3.36
202400027580,5.3,8.06
202400027582,5.0,5.93
202400027585,4.8,7.16
202400027647,11.96,12.19
202400027681,6.6,31.69
202400027684,5.69,8.31
202400027691,4.49,10.92
202400027702,1.88,8.04
202400027706,5.17,10.98
202400027710,8.05,15.12
202400027725,4.6,12.25
202400027730,3.56,4.25
202400027733,2.68,4.49
202400027736,3.1,5.59
202400027740,4.16,6.08
202400027743,8.32,12.11
202400027749,0.85,7.33
202400027752,2.41,11.93
202400027796,7.47,3.22
202400027799,5.47,12.75
202400027800,4.42,6.55
202400027805,6.73,14.87
202400027809,2.93,8.83
202400027810,5.44,5.13
202400027812,7.26,5.95
202400027814,3.37,3.11
202400027845,4.34,17.13
202400027858,2.53,16.95
202400027884,8.21,7.4
202400027889,3.81,14.84
202400027894,2.92,5.65
202400027898,6.08,8.94
202400027903,4.69,3.78
202400027917,3.1,13.02
202400027929,8.31,9.82
202400027932,5.83,8.1
202400027936,5.48,6.59
202400027940,4.88,23.73
202400027944,6.81,2.94
202400027948,6.46,2.38
202400027966,4.44,5.5
202400027987,2.92,11.37
202400027990,10.41,18.54
202400027992,4.5,8.02
202400027994,6.05,9.07
202400027995,3.9,6.45
202400027999,2.85,5.92
202400028002,1.91,6.84
202400028004,1.36,4.34
202400028005,2.88,29.26
202400028006,4.09,5.14
202400028009,4.54,5.04
202400028011,4.72,7.29
202400028018,8.85,5.88
202400028024,4.38,4.66
202400028028,8.35,14.97
202400028032,5.31,5.51
202400028037,5.92,4.7
202400028039,10.93,14.71
202400028072,3.41,8.08
202400028189,7.53,18.27
202400028190,3.84,7.01
202400028193,2.01,16.1
202400028197,3.25,0.91
202400028199,6.54,10.1
202400028216,3.07,9.49
202400028218,8.43,22.95
202400028242,9.52,14.13
202400028260,10.4,35.47
202400028271,5.82,5.52
202400028277,3.08,5.62
202400028299,1.66,9.18
202400028302,7.49,12.0
202400028305,5.98,2.68
202400028308,5.61,0.86
202400028322,11.9,17.27
202400028330,5.4,11.16
202400028344,5.24,6.79
202400028348,4.45,11.73
202400028351,4.25,12.72
202400028353,2.29,3.87
202400028448,6.28,10.56
202400028450,2.76,13.2
202400028459,3.43,7.11
202400028494,3.45,4.46
202400028519,1.47,7.98
202400028520,5.74,4.95
202400028521,3.47,9.93
202400028566,12.37,20.82
202400028588,4.66,21.85
202400028596,1.86,20.12
202400028615,6.09,15.67
202400028627,4.49,11.95
202400028628,4.28,3.16
202400028656,3.48,4.92
202400028657,3.32,5.69
202400028658,2.33,5.81
202400028663,5.13,5.54
202400028664,0.34,2.88
202400028726,4.14,9.83
202400028729,2.71,7.0
202400028731,1.72,2.35
202400028732,2.06,2.91
202400028734,5.18,4.86
202400028738,2.13,2.58
202400028740,5.44,6.14
202400028756,8.23,19.81
202400028798,4.88,10.16
202400028800,3.92,10.69
202400028802,7.18,23.55
202400028804,8.46,25.1
202400028807,4.52,13.39
202400028810,6.87,6.96
202400028852,2.98,14.85
202400028855,2.23,8.69
202400028867,4.56,74.82
202400028870,5.9,16.23
202400028880,4.44,11.83
202400028887,4.8,4.53
202400028889,3.12,2.54
202400028891,12.93,19.57
202400028894,5.16,5.99
202400028896,8.81,12.19
202400028935,5.24,4.29
202400028944,8.42,15.48
202400028946,1.98,3.92
202400028948,0.92,5.59
202400028961,1.14,1.58
202400028962,3.61,9.4
202400028963,2.39,5.97
202400028999,7.96,19.46
202400029005,9.78,15.66
202400029012,1.67,12.48
202400029024,7.09,7.94
202400029025,1.77,14.46
202400029037,10.82,10.89
202400029038,8.87,11.92
202400029078,11.65,11.65
202400029080,8.82,11.38
202400029082,10.34,11.27
202400029115,6.54,20.65
202400029122,5.22,4.84
202400029124,4.08,10.51
202400029125,7.38,16.22
202400029126,6.16,3.75
202400029128,2.97,4.11
202400029131,6.28,5.55
202400029132,4.9,6.43
202400029135,3.14,5.99
202400029160,3.86,8.57
202400029163,4.26,9.26
202400029165,9.35,8.21
202400029168,3.83,3.62
202400029170,10.26,9.24
202400029172,5.26,12.08
202400029218,1.23,6.53
202400029220,5.13,9.66
202400029222,6.06,3.38
202400029229,5.19,20.73
202400029231,1.83,16.61
202400029248,3.17,8.99
202400029250,8.01,4.85
202400029302,9.22,7.0
202400029329,5.44,8.74
202400029332,3.06,4.06
202400029336,2.82,2.02
202400029340,6.16,12.01
202400029342,4.44,3.62
202400029362,4.51,4.24
202400029364,5.39,14.17
202400029366,2.64,4.6
202400029369,2.34,4.11
202400029414,6.57,9.1
202400029416,7.87,34.86
202400029434,7.08,16.05
202400029486,4.07,7.69
202400029487,2.89,6.02
202400029490,2.85,4.92
202400029491,1.84,13.88
202400029497,4.55,20.32
202400029517,8.03,20.9
202400029549,4.39,6.61
202400029567,4.88,11.34
202400029585,5.04,7.92
202400029588,4.67,6.53
202400029607,2.39,8.51
202400029609,10.48,10.68
202400029625,5.71,4.36
202400029628,5.6,11.83
202400029632,5.22,7.02
202400029635,8.73,13.36
202400029698,3.41,6.14
202400029701,8.7,15.75
202400029705,2.43,6.42
202400029708,3.43,9.51
202400029712,7.74,11.2
202400029714,2.4,5.79
202400029715,3.48,4.87
202400029717,3.89,10.35
202400029720,5.42,8.71
202400029757,4.11,8.3
202400029760,3.85,8.49
202400029764,4.93,9.94
202400029768,4.78,5.83
202400029825,12.12,17.34
202400029833,9.57,8.44
202400029834,5.69,7.21
202400029840,3.35,1.64
202400029846,4.36,3.29
202400029853,1.82,5.28
202400029857,8.22,15.28
202400029859,5.39,19.5
202400029861,3.27,4.21
202400029865,3.51,4.35
202400029869,8.27,2.81
202400029873,7.02,6.43
202400029874,4.91,3.87
202400029875,2.65,26.02
202400029877,6.19,3.23
202400029878,6.04,8.88
202400029879,5.33,13.76
202400029881,2.53,4.25
202400029883,2.05,5.67
202400029888,2.37,5.3
202400029894,5.39,9.14
202400029897,3.17,21.86
202400029901,2.6,9.07
202400029966,4.04,18.26
202400029981,2.26,5.76
202400029991,6.7,14.46
202400030022,9.07,26.5
202400030025,7.4,15.05
202400030027,1.83,27.03
202400030030,4.19,16.26
202400030031,7.7,23.48
202400030033,2.29,17.17
202400030037,1.4,24.68
202400030055,7.28,7.59
202400030065,1.8,9.77
202400030067,5.23,11.14
202400030070,2.8,5.73
202400030073,7.31,9.22
202400030078,8.6,18.67
202400030079,5.23,18.68
202400030092,4.9,10.55
202400030104,4.12,8.22
202400030107,5.19,1.95
202400030109,4.56,23.48
202400030112,1.85,6.33
202400030115,7.64,8.57
202400030126,4.44,7.37
202400030129,3.54,6.47
202400030148,3.89,7.89
202400030150,4.76,8.16
202400030152,4.41,7.81
202400030211,3.84,10.44
202400030213,3.36,7.66
202400030216,5.95,12.38
202400030218,3.47,4.73
202400030220,7.12,10.3
202400030222,3.33,7.71
202400030278,6.5,9.73
202400030279,3.28,5.86
202400030280,3.94,6.87
202400030281,3.56,6.13
202400030282,8.97,10.24
202400030283,11.07,9.94
202400030285,6.86,12.82
202400030287,5.46,8.73
202400030331,6.45,9.53
202400030333,14.89,16.24
202400030349,3.52,61.9
202400030377,2.38,5.31
202400030378,3.05,8.36
202400030379,5.86,11.78
202400030430,6.5,8.62
202400030460,1.78,5.21
202400030461,3.88,10.38
202400030462,2.94,16.68
202400030491,7.86,17.84
202400030520,4.27,18.02
202400030521,4.98,21.5
202400030538,4.66,2.44
202400030549,5.85,7.8
202400030550,2.11,8.37
202400030552,2.43,5.53
202400030553,3.55,4.16
202400030554,5.73,9.37
202400030593,3.12,34.93
202400030594,4.91,17.7
202400030604,8.03,12.0
202400030611,17.12,22.15
202400030614,0.28,22.08
202400030634,11.56,20.7
202400030636,18.72,31.46
202400030643,5.25,8.18
202400030644,2.76,5.69
202400030654,4.76,17.28
202400030656,1.62,27.81
202400030657,2.95,12.83
202400030681,4.04,6.27
202400030696,7.31,17.51
202400030697,3.48,4.49
202400030698,5.34,3.01
202400030699,5.81,14.87
202400030700,5.11,4.84
202400030701,7.09,7.3
202400030702,4.42,11.7
202400030703,4.83,13.84
202400030704,2.25,4.24
202400030763,4.74,6.96
202400030765,4.26,6.06
202400030766,1.36,2.32
202400030768,1.45,4.89
202400030791,5.28,4.29
202400030795,2.82,5.53
202400030817,3.76,3.8
202400030826,5.9,16.2
202400030852,1.49,14.48
202400030864,2.54,14.27
202400030872,9.55,12.6
202400030873,7.79,11.34
202400030874,7.36,9.12
202400030877,2.73,4.25
202400030878,3.36,18.6
202400030879,7.76,6.25
202400030880,6.54,11.95
202400030889,6.39,11.66
202400030891,4.47,7.4
202400030893,4.24,9.25
202400030895,4.21,9.21
202400030899,3.06,3.7
202400030901,4.43,7.36
202400030941,6.26,13.54
202400030963,19.82,29.35
202400031004,3.63,5.84
202400031005,6.7,12.52
202400031006,6.4,7.51
202400031013,2.35,11.58
202400031097,2.12,8.45
202400031098,5.1,2.88
202400031099,3.98,2.72
202400031118,5.1,11.52
202400031121,0.61,6.28
202400031123,4.92,16.22
202400031136,4.39,11.65
202400031143,7.83,9.18
202400031146,4.25,12.67
202400031147,3.4,22.44
202400031169,3.79,3.22
202400031182,3.11,9.49
202400031183,3.26,3.13
202400031229,10.57,10.61
202400031247,5.11,7.34
202400031249,7.14,12.66
202400031292,3.89,7.14
202400031296,6.0,6.55
202400031325,4.99,6.79
202400031349,5.28,7.23
202400031352,0.88,11.96
202400031367,5.52,4.88
202400031371,6.35,9.62
202400031376,9.43,15.68
202400031380,8.19,6.72
202400031386,1.76,4.49
202400031390,4.2,5.29
202400031393,3.57,4.54
202400031397,4.37,7.81
202400031400,5.28,9.25
202400031401,6.12,8.44
202400031403,8.92,4.21
202400031405,6.77,9.52
202400031406,2.54,5.87
202400031408,6.53,11.64
202400031416,5.53,8.81
202400031420,6.35,2.28
202400031424,3.9,5.32
202400031492,2.23,15.76
202400031514,13.89,29.18
202400031556,5.24,9.4
202400031557,2.12,15.76
202400031561,10.72,12.24
202400031571,5.11,38.42
202400031580,8.65,9.34
202400031583,4.9,19.36
202400031588,2.12,13.57
202400031596,3.24,9.3
202400031598,3.32,4.04
202400031605,4.86,4.51
202400031609,2.74,17.64
202400031631,5.73,15.69
202400031635,4.88,22.1
202400031662,5.1,4.75
202400031665,4.51,11.54
202400031669,5.38,12.2
202400031672,10.07,9.05
202400031675,4.83,8.51
202400031695,1.09,19.93
202400031698,3.78,8.24
202400031707,4.39,11.85
202400031710,7.39,15.04
202400031711,7.15,6.57
202400031713,3.5,6.29
202400031716,2.72,4.52
202400031719,3.96,4.28
202400031722,3.17,5.93
202400031726,8.93,12.97
202400031730,2.91,2.38
202400031734,5.81,5.5
202400031769,6.82,9.41
202400031772,3.22,10.18
202400031814,11.69,31.89
202400031849,3.47,15.29
202400031886,6.16,12.36
202400031898,8.48,31.27
202400031909,21.35,15.74
202400031921,9.23,15.72
202400031932,6.82,13.44
202400031939,8.71,8.44
202400031957,3.93,7.05
202400031960,2.25,4.98
202400031963,5.32,8.39
202400031966,5.28,8.86
202400031969,4.86,6.66
202400031978,3.27,12.43
202400031981,0.5,26.23
202400031993,6.98,8.55
202400031996,4.01,6.99
202400031999,3.54,6.47
202400032002,3.52,2.7
202400032006,1.86,4.86
202400032009,8.07,9.46
202400032012,7.26,7.31
202400032073,2.06,9.86
202400032116,1.27,3.22
202400032118,4.09,8.28
202400032119,2.91,8.78
202400032122,3.83,2.91
202400032126,4.22,12.16
202400032128,6.69,3.72
202400032145,4.93,5.56
202400032147,4.52,2.81
202400032148,3.16,5.14
202400032150,3.22,4.4
202400032152,4.17,6.06
202400032161,3.8,15.68
202400032215,5.68,4.85
202400032222,0.02,15.83
202400032224,4.06,16.85
202400032283,13.13,22.11
202400032284,14.17,56.83
202400032294,12.43,52.96
202400032295,7.66,22.04
202400032296,1.56,11.3
202400032310,3.66,3.31
202400032311,7.44,7.49
202400032341,2.13,11.39
202400032342,2.46,7.84
202400032343,5.47,11.28
202400032344,1.84,3.76
202400032345,3.84,3.17
202400032346,9.37,14.76
202400032406,5.29,10.4
202400032407,2.07,4.8
202400032408,3.33,9.79
202400032412,1.62,0.53
202400032413,4.73,3.32
202400032458,15.07,54.56
202400032471,3.33,4.84
202400032473,5.37,7.86
202400032502,7.45,42.41
202400032518,11.51,8.77
202400032536,5.96,6.23
202400032537,5.08,6.84
202400032538,8.87,11.92
202400032564,1.1,2.08
202400032566,6.94,5.63
202400032591,6.62,7.21
202400032596,12.71,10.82
202400032663,6.35,15.78
202400032665,4.24,8.53
202400032667,3.04,9.35
202400032669,5.07,9.43
202400032675,4.61,20.74
202400032677,5.36,5.82
202400032680,2.84,7.35
202400032681,5.14,9.9
202400032770,1.83,8.0
202400032772,6.72,4.89
202400032776,5.61,4.78
202400032780,2.91,4.89
202400032783,3.42,4.14
202400032786,2.92,1.78
202400032806,6.14,13.8
202400032838,11.73,10.71
202400032840,2.95,17.57
202400032841,4.01,6.94
202400032843,3.74,12.23
202400032845,5.4,7.8
202400032849,3.45,5.38
202400032852,4.69,4.75
202400032945,1.71,4.69
202400032948,5.71,8.41
202400032955,6.55,3.8
202400032959,3.73,6.85
202400032961,2.62,3.6
202400032963,4.1,4.26
202400032971,2.38,4.11
202400033030,4.84,46.26
202400033051,2.98,18.0
202400033052,8.83,10.09
202400033068,5.99,13.96
202400033099,4.36,13.79
202400033107,4.41,3.58
202400033108,6.24,13.04
202400033109,4.47,8.85
202400033110,3.39,7.68
202400033111,4.67,11.6
202400033112,3.73,6.48
202400033118,3.99,4.28
202400033120,5.05,5.74
202400033122,5.11,9.8
202400033124,4.1,4.01
202400033158,3.4,8.07
202400033213,5.56,11.37
202400033215,9.78,15.8
202400033220,10.27,7.19
202400033245,9.78,20.63
202400033248,4.64,3.52
202400033285,13.32,10.32
202400033289,5.96,15.4
202400033306,9.83,21.32
202400033377,2.53,6.11
202400033379,3.98,14.95
202400033384,2.3,8.38
202400033385,5.02,7.95
202400033387,9.55,12.56
202400033397,3.4,10.53
202400033429,2.66,1.68
202400033431,3.77,3.57
202400033433,6.59,7.23
202400033435,6.77,10.08
202400033436,6.23,13.0
202400033438,7.17,8.38
202400033439,2.1,12.17
202400033442,1.56,12.06
202400033466,8.41,8.99
202400033470,3.23,4.1
202400033559,7.1,12.51
202400033578,3.36,6.65
202400033580,5.17,3.42
202400033581,1.15,4.12
202400033584,6.27,3.86
202400033585,3.62,20.67
202400033586,3.24,4.03
202400033589,7.5,6.92
202400033592,6.83,3.55
202400033595,7.28,20.01
202400033605,20.3,32.59
202400033619,6.51,13.34
202400033621,4.33,15.12
202400033626,4.56,8.34
202400033649,6.8,14.87
202400033723,0.78,15.01
202400033728,8.79,14.82
202400033729,8.77,43.76
202400033734,4.28,19.65
202400033738,7.02,14.69
202400033742,4.91,10.69
202400033744,5.56,19.46
202400033748,2.01,56.23
202400033752,0.3,12.54
202400033766,1.77,5.22
202400033769,4.91,8.59
202400033780,5.32,7.88
202400033868,1.44,2.43
202400033872,0.22,5.73
202400033874,7.14,11.03
202400033878,6.54,8.31
202400033899,2.88,4.81
202400033965,2.56,3.59
202400033979,5.66,8.32
202400033980,5.41,11.42
202400033982,8.02,10.82
202400034045,6.57,19.29
202400034049,4.18,12.45
202400034055,3.6,17.06
202400034074,3.38,6.94
202400034076,1.96,5.6
202400034078,0.64,12.36
202400034085,6.45,12.78
202400034086,9.84,9.85
202400034087,0.91,17.26
202400034088,3.73,32.03
202400034158,4.86,12.15
202400034162,3.46,7.24
202400034232,4.61,5.44
202400034255,3.62,6.1
202400034256,5.84,6.17
202400034280,7.5,4.22
202400034284,6.95,6.99
202400034285,2.76,8.82
202400034288,5.53,6.29
202400034294,1.82,10.0
202400034297,7.73,4.76
202400034302,5.03,3.79
202400034314,6.46,6.61
202400034345,3.34,15.4
202400034369,3.42,17.87
202400034379,2.69,12.58
202400034384,14.3,25.61
202400034389,0.1,18.37
202400034390,3.6,42.28
202400034394,3.0,20.86
202400034396,5.59,66.01
202400034400,3.56,11.16
202400034425,4.9,9.1
202400034427,6.06,16.31
202400034436,3.31,10.06
202400034439,2.65,15.63
202400034464,5.31,7.92
202400034466,12.08,11.48
202400034585,7.44,6.54
202400034599,2.52,1.43
202400034615,2.24,3.93
202400034617,5.69,12.71
202400034620,4.11,4.94
202400034622,4.11,4.94
202400034626,4.29,7.84
202400034628,4.79,5.61
202400034630,4.09,7.49
202400034718,7.09,6.39
202400034726,7.68,9.36
202400034732,4.25,19.24
202400034749,1.86,14.47
202400034752,8.72,15.48
202400034756,10.02,14.74
202400034784,6.34,7.78
202400034787,2.1,8.12
202400034789,5.23,8.81
202400034791,2.6,9.88
202400034793,1.48,6.22
202400034795,5.99,10.66
202400034797,6.57,3.23
202400034818,0.98,5.4
202400034819,5.06,9.56
202400034825,4.43,8.87
202400034873,2.21,4.94
202400034876,4.86,6.01
202400034878,4.22,6.02
202400034880,3.74,6.04
202400034882,3.31,5.52
202400034887,6.04,7.16
202400034889,8.09,14.72
202400034891,6.32,4.22
202400034904,1.97,17.58
202400034906,2.49,25.86
202400034940,4.25,22.71
202400034983,4.4,8.08
202400035014,10.78,10.78
202400035025,5.58,6.64
202400035030,1.36,4.86
202400035035,7.76,5.55
202400035036,5.2,4.94
202400035065,3.4,9.77
202400035068,1.03,24.08
202400035096,2.79,29.3
202400035125,3.11,21.92
202400035126,8.4,18.85
202400035143,4.39,17.0
202400035146,4.1,14.04
202400035149,11.66,15.85
202400035178,7.23,12.27
202400035187,1.75,18.61
202400035191,4.94,8.48
202400035194,3.92,2.12
202400035196,4.8,11.85
202400035198,4.5,4.22
202400035203,3.79,20.43
202400035238,6.59,10.13
202400035242,3.01,1.92
202400035257,6.25,21.35
202400035273,2.49,4.3
202400035285,3.17,10.69
202400035321,7.77,14.19
202400035324,5.7,8.54
202400035327,4.56,6.82
202400035342,9.15,6.39
202400035347,0.96,2.7
202400035351,4.72,8.17
202400035377,3.05,10.33
202400035380,3.74,3.17
202400035385,3.85,5.24
202400035425,1.79,6.98
202400035429,3.83,7.11
202400035432,0.92,5.6
202400035435,3.74,6.42
202400035438,1.03,6.82
202400035442,3.29,5.21
202400035447,4.73,4.34
202400035456,2.31,4.11
202400035457,4.61,20.48
202400035460,6.28,9.52
202400035463,7.22,8.27
202400035581,0.94,10.01
202400035587,3.41,4.14
202400035594,1.5,4.81
202400035602,5.8,10.09
202400035604,7.39,7.23
202400035608,3.54,5.94
202400035612,3.78,20.35
202400035613,0.84,4.75
202400035617,4.04,21.01
202400035618,2.16,7.97
202400035623,7.57,6.1
202400035624,4.01,7.68
202400035739,9.93,8.8
202400035744,4.68,5.73
202400035788,2.84,10.55
202400035807,6.49,16.78
202400035846,3.56,5.54
202400035848,3.25,9.08
202400035851,5.95,12.24
202400035886,4.05,17.81
202400035902,10.37,25.78
202400035915,2.54,17.31
202400035933,2.36,5.79
202400035935,4.62,5.44
202400035937,5.32,8.61
202400035943,4.26,3.43
202400035947,5.88,3.54
202400036028,7.64,8.31
202400036030,4.52,17.59
202400036032,3.58,9.66
202400036033,5.72,4.4
202400036084,4.11,2.75
202400036086,2.97,8.92
202400036088,5.18,8.58
202400036093,7.85,14.87
202400036095,1.92,5.48
202400036096,3.9,14.38
202400036098,4.18,18.91
202400036100,2.53,22.9
202400036101,4.07,20.2
202400036103,7.16,11.84
202400036143,5.31,11.48
202400036145,2.06,3.32
202400036146,2.3,4.88
202400036148,4.16,3.06
202400036150,3.56,9.07
202400036152,2.32,4.55
202400036154,3.06,8.31
202400036155,4.88,5.94
202400036158,3.83,4.63
202400036164,2.85,22.93
202400036166,2.48,7.75
202400036168,6.53,2.45
202400036169,2.86,3.83
202400036238,7.88,6.91
202400036243,3.48,8.15
202400036262,6.03,10.72
202400036282,3.62,10.7
202400036283,4.75,9.75
202400036302,2.89,4.35
202400036303,11.33,28.5
202400036306,7.11,17.33
202400036317,3.79,13.04
202400036380,3.22,7.31
202400036382,3.22,3.95
202400036388,2.8,2.08
202400036391,5.44,3.81
202400036408,2.57,6.27
202400036411,3.08,12.49
202400036426,9.81,16.93
202400036443,7.67,17.24
202400036480,11.15,14.25
202400036486,2.86,2.65
202400036488,5.64,4.82
202400036577,10.13,11.06
202400036593,4.09,3.03
202400036596,4.2,6.36
202400036599,3.76,7.21
202400036604,3.6,5.81
202400036608,1.82,4.21
202400036613,1.87,5.3
202400036617,4.56,8.06
202400036704,3.02,3.7
202400036707,2.89,4.8
202400036710,7.37,6.06
202400036711,5.5,9.03
202400036713,3.3,1.58
202400036716,3.7,5.04
202400036719,13.8,11.59
202400036727,3.12,3.19
202400036729,5.81,16.38
202400036731,2.48,6.51
202400036733,1.32,5.49
202400036735,1.88,4.76
202400036738,1.54,4.11
202400036740,1.3,6.23
202400036779,4.25,17.6
202400036799,4.03,23.28
202400036842,5.32,7.11
202400036856,7.68,16.85
202400036886,5.69,6.56
202400036887,4.1,8.74
202400036888,7.53,6.3
202400036889,10.23,13.28
202400036975,3.57,6.6
202400036979,4.19,4.21
202400036980,0.23,4.97
202400036983,6.13,6.26
202400036987,4.04,11.68
202400036990,10.32,7.24
202400037004,6.03,30.22
202400037025,5.84,13.69
202400037028,5.39,20.91
202400037044,9.82,8.69
202400037047,7.59,3.08
202400037116,4.24,8.46
202400037117,4.75,8.59
202400037119,3.57,6.3
202400037121,6.81,4.66
202400037123,4.94,9.7
202400037125,3.74,5.13
202400037136,11.74,10.27
202400037161,3.0,3.85
202400037166,4.01,3.44
202400037169,5.38,5.28
202400037170,3.44,9.98
202400037176,4.8,18.26
202400037180,2.41,9.69
202400037183,2.26,6.63
202400037187,3.79,3.61
202400037191,6.19,6.89
202400037197,1.56,5.41
202400037201,3.42,7.62
202400037205,5.54,4.96
202400037208,9.16,10.55
202400037212,4.53,3.81
202400037217,7.31,2.72
202400037220,4.57,5.86
202400037225,4.23,9.16
202400037231,0.48,1.51
202400037289,1.91,14.21
202400037340,7.1,16.61
202400037341,9.95,13.4
202400037344,4.68,11.39
202400037346,3.96,7.74
202400037350,2.54,3.54
202400037356,3.19,7.26
202400037361,2.8,5.86
202400037363,3.98,6.7
202400037364,2.66,4.65
202400037368,3.84,8.39
202400037371,1.88,8.39
202400037372,2.35,17.73
202400037376,6.1,21.06
202400037379,4.24,8.92
202400037383,3.86,15.82
202400037392,1.73,6.19
202400037393,4.73,12.16
202400037396,2.82,7.69
202400037417,3.41,8.08
202400037420,5.55,8.48
202400037422,6.4,8.32
202400037433,4.82,7.74
202400037438,2.51,7.22
202400037471,6.17,2.86
202400037486,7.15,10.25
202400037488,4.57,4.07
202400037500,5.32,6.96
202400037503,1.43,14.79
202400037518,8.0,7.41
202400037530,6.49,15.47
202400037534,5.27,14.7
202400037540,3.07,24.64
202400037553,3.88,23.09
202400037557,5.14,20.3
202400037565,4.28,25.12
202400037581,1.39,13.21
202400037662,8.7,19.2
202400037665,10.3,37.13
202400037667,1.38,14.7
202400037712,2.86,17.32
202400037729,5.14,6.69
202400037730,3.53,26.59
202400037733,2.73,18.76
202400037756,4.68,9.69
202400037759,3.45,3.24
202400037782,1.83,57.55
202400037812,4.37,8.93
202400037886,4.78,3.76
202400037887,4.66,11.23
202400037889,5.51,4.07
202400037891,4.47,6.37
202400037895,3.7,19.28
202400037911,3.84,8.17
202400037913,5.28,7.51
202400037915,4.59,6.25
202400037918,5.32,7.11
202400037920,6.61,8.82
202400037948,10.49,17.97
202400037950,9.78,6.49
202400037983,2.89,6.85
202400037985,7.55,5.74
202400037988,3.77,12.25
202400037989,10.16,14.47
202400037991,2.45,11.09
202400037998,4.63,6.55
202400038008,3.28,2.15
202400038014,6.6,4.27
202400038018,5.65,3.44
202400038021,6.86,2.14
202400038079,11.42,13.36
202400038083,2.42,3.15
202400038085,0.74,10.14
202400038088,2.07,4.81
202400038091,2.65,20.12
202400038095,4.58,6.73
202400038159,7.6,35.94
202400038171,10.1,21.92
202400038188,9.94,8.05
202400038232,1.5,2.66
202400038233,6.71,9.22
202400038235,5.94,3.22
202400038238,4.32,2.1
202400038271,2.86,4.35
202400038323,2.84,10.35
202400038331,14.36,41.35
202400038348,5.82,8.09
202400038351,3.85,5.03
202400038399,0.63,11.4
202400038402,18.12,23.92
202400038430,9.27,8.25
202400038435,6.23,10.62
202400038440,4.11,4.94
202400038444,4.56,6.8
202400038448,7.6,9.51
202400038469,3.1,1.37
202400038473,4.31,4.29
202400038478,1.33,3.56
202400038486,2.84,9.15
202400038500,8.59,16.51
202400038503,4.8,16.28
202400038544,3.3,38.72
202400038584,4.76,8.75
202400038586,4.66,5.43
202400038588,3.03,3.76
202400038591,2.48,6.63
202400038594,4.46,8.65
202400038660,5.04,19.85
202400038672,5.64,9.1
202400038690,2.8,8.6
202400038691,6.44,16.9
202400038693,4.46,7.43
202400038694,1.28,11.58
202400038709,3.62,8.26
202400038778,5.33,5.97
202400038779,3.53,11.05
202400038780,1.76,6.75
202400038781,2.68,16.87
202400038848,6.52,18.75
202400038849,4.91,7.31
202400038850,2.46,10.43
202400038904,1.16,21.2
202400038922,4.48,7.63
202400038925,3.53,3.58
202400038941,3.9,5.7
202400038988,2.65,4.59
202400038990,3.68,2.19
202400039012,4.66,9.06
202400039015,2.06,3.3
202400039027,3.65,7.94
202400039029,2.77,5.8
202400039032,3.56,8.35
202400039034,1.14,4.57
202400039037,1.79,4.52
202400039040,1.66,5.73
202400039052,2.79,3.82
202400039118,3.1,4.33
202400039136,5.53,25.33
202400039187,2.41,54.5
202400039202,7.32,14.96
202400039206,0.81,3.54
202400039207,9.93,12.95
202400039210,4.44,6.25
202400039217,4.06,4.78
202400039220,3.2,22.22
202400039224,2.43,4.4
202400039255,7.09,3.22
202400039257,4.53,4.86
202400039293,7.0,9.21
202400039327,1.78,3.16
202400039364,26.63,54.09
202400039368,4.64,11.08
202400039372,2.78,3.28
202400039376,5.35,5.91
202400039419,8.06,8.81
202400039423,0.91,2.64
202400039426,3.16,1.45
202400039429,4.84,6.1
202400039432,4.08,3.34
202400039435,4.03,3.38
202400039436,7.46,6.63
202400039440,1.52,3.69
202400039443,1.86,4.03
202400039446,2.26,5.78
202400039448,0.92,5.05
202400039450,4.5,8.64
202400039453,4.84,6.64
202400039456,6.01,3.73
202400039459,4.24,6.34
202400039461,2.82,5.55
202400039462,3.47,1.74
202400039464,3.88,5.52
202400039465,5.19,5.08
202400039466,2.89,10.92
202400039467,3.17,6.46
202400039470,3.97,6.04
202400039471,2.32,11.84
202400039473,9.99,12.44
202400039475,6.3,6.19
202400039476,7.28,14.98
202400039477,5.33,8.59
202400039481,3.74,10.25
202400039517,1.47,6.01
202400039518,7.64,10.07
202400039521,1.45,6.08
202400039523,1.32,3.26
202400039525,6.3,9.23
202400039527,4.34,6.69
202400039528,2.51,20.58
202400039529,6.69,8.72
202400039531,9.94,16.56
202400039532,7.94,6.13
202400039533,3.08,7.79
202400039536,5.62,5.28
202400039550,7.58,12.58
202400039582,5.71,8.64
202400039586,4.93,31.36
202400039636,7.72,52.86
202400039648,13.27,28.13
202400039670,12.99,47.92
202400039675,5.77,13.09
202400039722,9.12,16.08
202400039723,6.78,13.29
202400039725,7.62,5.72
202400039726,12.53,9.78
202400039727,6.04,6.29
202400039748,14.21,77.93
202400039751,2.43,22.14
202400039796,2.84,8.02
202400039830,5.54,13.68
202400039833,3.49,5.93
202400039884,2.75,2.19
202400039886,3.44,9.69
202400039890,2.9,9.49
202400039903,7.35,6.21
202400039906,22.45,24.25
202400039908,2.78,4.26
202400039910,4.76,5.96
202400039913,4.93,6.73
202400039915,6.17,3.96
202400039957,7.82,6.71
202400039961,2.48,4.28
202400039965,3.17,3.22
202400039971,4.68,6.45
202400039972,3.74,7.47
202400039986,2.02,15.38
202400039987,5.72,11.69
202400039991,4.63,18.91
202400040013,9.15,12.93
202400040041,26.61,83.22
202400040077,3.27,5.07
202400040105,5.76,6.94
202400040114,12.85,47.96
202400040117,3.98,11.15
202400040120,3.38,9.23
202400040126,1.55,6.26
202400040161,5.49,10.76
202400040177,5.21,10.09
202400040182,3.4,9.06
202400040185,3.42,4.68
202400040188,6.96,5.97
202400040192,6.84,5.85
202400040222,3.81,7.74
202400040244,3.96,6.79
202400040246,3.48,6.66
202400040252,1.62,6.2
202400040253,4.69,7.24
202400040254,6.99,6.84
202400040255,3.91,5.71
202400040256,6.52,6.36
202400040258,1.39,6.64
202400040367,2.17,50.78
202400040370,0.7,52.14
202400040372,24.8,81.41
202400040376,16.91,17.62
202400040377,14.58,33.88
202400040378,3.98,11.98
202400040381,12.12,11.62
202400040400,5.89,15.06
202400040421,10.14,18.8
202400040425,3.77,12.25
202400040446,3.72,6.84
202400040448,3.99,3.16
202400040450,3.88,11.43
202400040451,7.63,13.38
202400040453,1.19,5.89
202400040454,4.77,9.48
202400040456,4.8,4.85
202400040459,5.78,5.49
202400040464,2.24,4.41
202400040468,7.5,13.67
202400040474,4.61,9.3
202400040477,6.3,10.98
202400040487,5.69,6.72
202400040491,16.19,17.12
202400040494,11.72,12.66
202400040563,0.45,1.42
202400040566,2.28,13.6
202400040579,7.64,7.88
202400040582,11.62,14.33
202400040585,0.3,12.54
202400040609,3.12,6.05
202400040642,4.7,8.16
202400040647,6.0,7.56
202400040649,7.6,11.99
202400040651,5.01,4.8
202400040653,2.38,4.11
202400040674,3.88,4.14
202400040676,4.6,5.36
202400040677,4.92,8.85
202400040679,4.61,10.8
202400040681,1.9,4.36
202400040683,5.35,6.22
202400040709,7.21,6.58
202400040750,6.68,7.15
202400040754,4.89,14.28
202400040774,12.11,17.05
202400040776,2.91,12.29
202400040780,3.62,14.34
202400040800,5.74,43.91
202400040801,1.89,10.97
202400040808,2.5,11.53
202400040809,5.5,10.51
202400040810,5.51,13.95
202400040865,3.21,8.51
202400040866,8.78,17.97
202400040923,10.81,15.85
202400040930,6.2,69.0
202400040931,5.49,10.46
202400040945,7.47,7.47
202400040949,5.12,3.76
202400040951,2.08,9.39
202400040970,5.53,14.04
202400040980,4.68,5.22
202400040982,4.29,10.04
202400040984,4.83,9.83
202400040987,4.99,15.3
202400040990,0.84,10.05
202400041037,9.91,8.78
202400041042,8.0,18.8
202400041046,0.31,8.79
202400041048,1.18,3.92
202400041049,3.82,3.61
202400041053,9.05,9.21
202400041056,1.51,5.24
202400041070,7.06,4.85
202400041074,3.48,1.14
202400041076,5.86,9.07
202400041080,3.97,10.44
202400041118,4.06,11.34
202400041122,3.92,7.13
202400041215,5.36,4.54
202400041232,8.09,19.91
202400041233,1.48,2.64
202400041236,1.44,6.11
202400041239,0.81,10.08
202400041245,1.01,4.65
202400041250,1.67,5.2
202400041255,3.15,1.65
202400041257,6.01,11.89
202400041260,6.58,14.21
202400041263,4.78,8.84
202400041267,7.56,6.09
202400041292,3.08,4.03
202400041302,2.96,9.54
202400041308,6.35,10.51
202400041316,3.58,6.31
202400041322,6.69,7.96
202400041340,4.99,10.03
202400041344,3.84,11.86
202400041350,2.4,11.41
202400041355,5.54,10.16
202400041366,18.12,28.15
202400041395,4.12,17.58
202400041398,5.04,20.66
202400041402,3.28,7.83
202400041407,2.56,15.04
202400041411,6.87,13.94
202400041413,4.74,10.58
202400041440,5.29,13.72
202400041446,6.4,14.53
202400041450,3.94,3.99
202400041456,7.32,7.37
202400041472,5.96,19.41
202400041475,10.99,28.51
202400041502,6.81,29.44
202400041509,3.54,3.58
202400041530,11.26,10.99
202400041537,6.74,14.19
202400041573,3.24,14.58
202400041585,12.15,8.86
202400041586,7.57,6.35
202400041588,4.51,19.84
202400041589,5.38,7.87
202400041592,7.93,21.96
202400041649,1.94,2.58
202400041650,14.07,9.97
202400041658,5.23,4.28
202400041664,7.55,12.55
202400041751,4.07,5.45
202400041753,4.58,9.07
202400041755,5.07,2.51
202400041757,5.62,2.9
202400041758,7.42,4.19
202400041760,8.95,9.16
202400041786,0.46,18.38
202400041813,1.3,8.47
202400041834,10.81,13.85
202400041837,3.24,6.24
202400041847,10.64,14.84
202400041874,0.84,7.26
202400041876,1.54,7.96
202400041880,13.63,17.37
202400041882,10.02,30.2
202400041895,2.29,16.19
202400041899,4.94,16.02
202400041902,5.65,13.04
202400041911,3.82,3.48
202400041915,3.62,6.53
202400041972,8.53,14.18
202400041977,2.01,3.81
202400041981,5.33,7.27
202400041987,4.64,6.73
202400041993,2.42,5.7
202400042001,3.96,2.9
202400042005,6.5,4.28
202400042007,4.07,3.5
202400042008,3.75,5.14
202400042010,0.75,5.63
202400042044,3.33,4.7
202400042047,2.94,5.1
202400042049,4.19,6.28
202400042052,2.34,5.78
202400042054,5.85,5.17
202400042056,5.62,6.03
202400042123,5.04,9.11
202400042124,5.32,7.06
202400042128,3.57,6.31
202400042132,4.15,12.76
202400042133,4.86,10.84
202400042147,4.45,15.78
202400042151,4.12,15.66
202400042190,3.11,14.68
202400042214,7.15,11.73
202400042233,16.08,55.57
202400042236,1.2,23.54
202400042238,3.85,30.33
202400042278,5.83,15.88
202400042280,4.76,17.1
202400042282,16.2,20.16
202400042285,4.01,18.89
202400042289,7.32,12.74
202400042292,9.02,26.12
202400042337,4.91,5.69
202400042338,5.98,7.84
202400042346,7.54,8.34
202400042348,4.02,18.44
202400042358,10.07,9.05
202400042373,5.56,13.99
202400042376,4.09,8.73
202400042409,3.92,2.99
202400042412,3.3,5.61
202400042415,6.34,3.25
202400042418,14.22,14.3
202400042421,3.88,10.93
202400042424,3.64,9.15
202400042428,4.49,6.56
202400042430,6.83,4.89
202400042434,4.18,19.42
202400042437,3.06,20.06
202400042439,2.78,12.22
202400042471,1.23,3.06
202400042475,5.52,2.95
202400042477,2.3,25.66
202400042478,7.17,13.9
202400042481,10.32,11.71
202400042484,3.85,3.14
202400042523,27.25,83.86
202400042545,6.82,9.76
202400042549,6.26,13.88
202400042565,5.38,17.99
202400042587,5.66,5.26
202400042589,3.26,8.18
202400042590,9.65,8.52
202400042591,5.25,5.88
202400042594,9.36,21.53
202400042602,4.73,5.14
202400042604,1.03,6.83
202400042607,3.78,8.47
202400042609,6.51,18.18
202400042649,5.77,9.31
202400042652,4.62,15.42
202400042655,1.97,7.16
202400042658,2.71,4.69
202400042669,3.94,11.22
202400042710,2.82,1.18
202400042712,4.28,11.83
202400042714,3.62,5.42
202400042716,3.44,2.92
202400042719,4.32,5.22
202400042744,6.27,16.87
202400042746,1.03,17.58
202400042761,2.64,11.64
202400042791,6.27,17.56
202400042816,4.11,42.79
202400042823,2.78,2.51
202400042838,1.32,5.88
202400042843,7.23,6.97
202400042845,10.6,17.76
202400042847,8.65,4.81
202400042894,7.71,8.39
202400042895,5.43,7.42
202400042897,3.4,5.58
202400042899,6.14,12.77
202400042900,5.19,7.88
202400042905,5.23,6.5
202400042912,2.47,2.36
202400042915,5.93,9.68
202400042975,3.64,7.93
202400042978,5.58,7.22
202400042979,4.37,4.74
202400042983,6.16,6.4
202400042986,3.48,2.01
202400042987,6.17,12.14
202400043005,8.92,16.12
202400043020,3.67,15.22
202400043021,6.75,8.01
202400043025,2.68,18.77
202400043027,8.76,30.72
202400043040,8.04,5.04
202400043056,2.56,5.29
202400043057,2.23,22.6
202400043058,20.02,76.62
202400043061,2.97,23.98
202400043093,6.73,12.13
202400043098,3.46,18.87
202400043105,2.76,5.69
202400043127,4.58,18.1
202400043157,7.2,13.08
202400043161,5.3,34.64
202400043166,2.36,5.29
202400043217,57.91,99.44
202400043222,7.4,16.8
202400043227,8.32,13.33
202400043229,3.13,3.51
202400043251,5.31,7.05
202400043256,3.88,3.31
202400043258,5.9,5.18
202400043262,7.98,9.37
202400043265,1.58,2.97
202400043288,3.19,12.59
202400043328,5.8,18.75
202400043347,2.24,8.75
202400043349,8.73,10.24
202400043350,6.48,8.42
202400043354,3.26,3.99
202400043356,3.93,3.84
202400043358,2.5,14.06
202400043359,4.64,7.23
202400043362,4.7,4.67
202400043369,9.73,15.89
202400043400,3.2,15.17
202400043410,5.14,11.77
202400043438,5.76,11.38
202400043471,0.6,1.04
202400043477,4.2,9.45
202400043480,2.8,5.86
202400043489,0.62,14.9
202400043491,6.45,9.43
202400043495,2.82,4.08
202400043497,8.1,5.99
202400043503,4.75,5.03
202400043506,10.35,8.06
202400043511,3.02,16.54
202400043514,4.24,11.37
202400043518,3.01,9.94
202400043519,0.78,5.08
202400043523,4.26,43.35
202400043525,2.75,4.49
202400043527,5.15,11.91
202400043530,1.4,8.17
202400043555,1.19,16.7
202400043559,4.55,11.64
202400043586,1.48,18.75
202400043602,5.45,10.97
202400043606,3.66,12.63
202400043666,8.75,8.96
202400043670,4.73,6.46
202400043681,5.22,8.15
202400043684,6.03,4.52
202400043700,4.15,16.84
202400043745,6.9,11.96
202400043749,3.48,1.74
202400043752,4.57,3.74
202400043756,5.32,7.79
202400043760,4.6,9.91
202400043766,4.22,7.67
202400043768,1.25,9.16
202400043773,5.36,7.84
202400043776,1.57,4.75
202400043780,7.37,7.23
202400043791,10.88,17.35
202400043809,7.57,6.98
202400043818,3.48,20.88
202400043922,7.26,11.42
202400043923,3.58,5.28
202400043924,3.06,3.71
202400043926,4.78,5.55
202400043930,4.58,8.81
202400043932,3.2,9.06
202400043936,9.09,19.29
202400043938,4.11,2.8
202400043939,1.25,6.71
202400043942,2.6,6.3
202400044012,6.08,4.16
202400044017,7.79,14.06
202400044044,3.9,3.64
202400044053,8.32,9.52
202400044098,6.78,13.48
202400044104,6.97,5.06
202400044119,26.7,83.3
202400044123,11.14,22.69
202400044128,7.95,20.57
202400044135,6.0,34.4
202400044137,6.23,14.9
202400044166,19.26,23.61
202400044200,4.33,8.49
202400044204,1.38,3.61
202400044205,2.58,10.06
202400044207,2.82,5.55
202400044211,1.46,13.45
202400044215,2.51,13.97
202400044216,14.53,36.89
202400044250,7.9,6.0
202400044275,4.25,21.25
202400044277,10.9,23.24
202400044281,3.53,18.12
202400044317,5.55,10.25
202400044329,7.63,14.05
202400044332,2.14,9.72
202400044333,5.72,5.3
202400044335,3.17,9.17
202400044472,3.31,8.4
202400044474,3.28,7.14
202400044476,6.26,6.05
202400044477,3.69,6.24
202400044479,6.64,8.58
202400044481,2.52,6.85
202400044485,3.56,12.04
202400044489,6.82,10.96
202400044490,5.27,8.93
202400044492,6.48,9.59
202400044498,4.52,4.68
202400044499,4.48,7.05
202400044502,5.24,5.14
202400044507,2.44,5.75
202400044510,7.1,13.27
202400044521,4.9,4.25
202400044524,6.11,21.35
202400044552,2.35,8.46
202400044554,2.43,11.83
202400044588,9.98,13.08
202400044602,3.25,17.62
202400044631,4.08,18.92
202400044632,11.06,18.9
202400044670,8.32,11.06
202400044682,1.95,7.8
202400044683,1.69,11.17
202400044693,4.74,11.76
202400044694,6.1,8.4
202400044697,4.1,9.15
202400044698,4.34,11.62
202400044739,5.53,5.5
202400044740,2.39,5.64
202400044746,3.94,10.4
202400044787,25.86,43.13
202400044788,8.73,18.04
202400044802,4.48,10.6
202400044804,11.56,9.35
202400044809,2.96,14.01
202400044812,4.78,12.43
202400044828,4.12,14.91
202400044831,5.11,6.16
202400044834,5.5,7.4
202400044886,4.54,17.7
202400044891,5.21,13.83
202400044894,2.17,4.99
202400044896,9.74,21.24
202400044899,1.62,13.73
202400044901,6.82,17.43
202400044923,7.16,14.66
202400044925,6.09,9.02
202400044926,1.78,2.78
202400044928,7.08,4.78
202400044976,3.8,7.2
202400044989,4.68,11.54
202400044991,11.96,8.89
202400045041,2.33,17.63
202400045043,4.95,13.43
202400045071,6.04,4.46
202400045083,1.36,4.34
202400045103,2.23,8.46
202400045123,6.92,13.51
202400045144,2.06,28.54
202400045148,1.66,26.18
202400045192,3.03,2.69
202400045196,3.88,3.68
202400045198,5.49,1.32
202400045203,10.91,9.88
202400045205,2.58,18.56
202400045211,4.22,12.02
202400045215,8.19,9.48
202400045222,3.44,4.14
202400045229,4.64,14.97
202400045236,5.32,4.28
202400045271,3.77,23.69
202400045341,4.56,6.96
202400045365,3.4,10.68
202400045395,5.89,12.04
202400045403,7.52,11.63
202400045425,7.48,13.91
202400045433,4.83,2.67
202400045446,3.34,5.06
202400045452,1.6,5.37
202400045457,6.62,3.29
202400045460,7.77,3.52
202400045468,6.57,2.33
202400045477,6.17,12.36
202400045483,5.01,5.03
202400045484,4.4,6.66
202400045489,4.56,6.77
202400045494,3.63,8.33
202400045578,4.23,10.21
202400045607,5.13,4.86
202400045611,5.49,15.67
202400045615,4.92,1.8
202400045621,9.29,8.27
202400045625,5.79,4.65
202400045628,4.89,6.0
202400045629,4.4,29.49
202400045646,1.46,6.11
202400045650,5.15,9.41
202400045655,5.34,9.7
202400045658,5.53,8.68
202400045670,8.42,19.35
202400045708,3.05,15.91
202400045713,3.42,4.51
202400045717,11.28,10.14
202400045733,4.86,4.87
202400045734,3.76,5.64
202400045736,5.79,6.66
202400045738,2.09,16.4
202400045739,0.52,10.64
202400045741,5.88,10.89
202400045745,2.86,3.84
202400045746,4.26,9.26
202400045749,5.71,4.19
202400045750,5.82,3.38
202400045754,4.4,8.08
202400045755,5.27,5.0
202400045793,3.89,17.36
202400045827,9.77,26.41
202400045901,4.81,8.98
202400045907,4.69,4.75
202400045943,8.05,15.32
202400045982,4.36,11.4
202400046021,6.88,18.26
202400046022,0.26,1.48
202400046026,3.06,5.61
202400046029,10.47,44.79
202400046032,6.21,7.48
202400046045,4.64,1.93
202400046050,1.1,6.83
202400046054,6.44,4.22
202400046058,6.26,2.72
202400046059,4.34,16.02
202400046066,9.1,18.88
202400046069,3.43,84.69
202400046117,4.14,7.07
202400046122,7.62,6.1
202400046135,7.35,6.85
202400046209,3.11,8.87
202400046225,2.15,7.99
202400046229,1.0,1.95
202400046233,4.31,5.75
202400046236,5.14,20.43
202400046237,5.99,5.78
202400046245,4.94,2.72
202400046265,4.87,6.04
202400046272,4.68,3.55
202400046276,4.74,2.53
202400046324,11.16,12.67
202400046325,7.86,7.04
202400046363,4.18,5.05
202400046366,5.35,11.26
202400046369,3.54,6.47
202400046373,4.76,4.99
202400046375,4.51,7.44
202400046378,4.73,5.07
202400046421,9.04,35.24
202400046442,8.49,23.11
202400046443,3.06,13.42
202400046447,2.39,14.3
202400046460,3.52,10.12
202400046471,5.0,7.98
202400046503,3.11,30.8
202400046508,2.48,16.29
202400046512,4.92,16.74
202400046528,3.95,12.71
202400046530,5.12,7.81
202400046533,4.74,11.68
202400046536,1.93,7.96
202400046539,9.84,20.26
202400046540,4.59,17.91
202400046543,4.28,11.14
202400046546,10.39,13.54
202400046549,8.64,10.34
202400046551,6.34,16.94
202400046553,17.58,25.45
202400046595,2.46,3.3
202400046597,4.6,12.45
202400046602,2.12,3.12
202400046604,2.83,9.16
202400046605,11.46,14.91
202400046621,2.68,1.77
202400046623,1.36,6.49
202400046625,0.54,1.06
202400046627,7.55,3.68
202400046651,6.13,3.86
202400046654,4.56,5.72
202400046657,3.14,8.96
202400046659,2.81,4.63
202400046661,2.56,8.93
202400046731,5.45,3.92
202400046745,8.54,14.39
202400046754,7.69,11.68
202400046761,5.76,4.86
202400046765,5.11,3.94
202400046767,5.1,8.1
202400046775,3.0,8.15
202400046779,5.63,6.72
202400046781,5.88,5.47
202400046825,6.12,14.56
202400046829,2.84,4.64
202400046833,4.46,9.16
202400046835,4.42,12.06
202400046838,2.65,4.45
202400046840,3.08,8.88
202400046843,3.34,6.8
202400046889,9.4,11.33
202400046893,6.37,15.35
202400046894,7.1,4.7
202400046917,6.04,33.64
202400046946,9.69,20.01
202400046951,6.22,27.0
202400046970,11.9,27.6
202400046974,2.36,4.58
202400046987,11.8,34.94
202400046990,2.78,10.02
202400046993,5.78,8.22
202400046995,4.87,8.79
202400047012,4.68,9.69
202400047014,2.89,2.96
202400047018,2.53,6.68
202400047019,3.04,2.83
202400047023,8.31,4.56
202400047028,9.34,13.68
202400047039,8.75,21.28
202400047042,7.68,4.54
202400047067,6.53,4.53
202400047073,4.98,6.84
202400047087,6.65,14.36
202400047094,10.0,13.54
202400047104,5.35,14.88
202400047110,6.5,11.76
202400047112,8.99,8.72
202400047119,5.4,5.11
202400047124,8.68,16.38
202400047127,6.66,4.95
202400047175,6.65,12.87
202400047190,5.12,4.85
202400047194,6.29,4.55
202400047197,0.54,10.24
202400047199,3.04,4.03
202400047205,3.44,8.26
202400047206,4.59,7.92
202400047213,3.18,10.1
202400047299,1.83,5.55
202400047306,2.33,5.1
202400047383,2.36,3.3
202400047392,2.69,3.54
202400047440,5.2,6.07
202400047449,6.0,7.07
202400047450,5.25,4.92
202400047452,8.63,19.24
202400047458,1.7,8.11
202400047459,1.82,3.99
202400047472,3.28,3.56
202400047481,5.22,9.75
202400047546,4.78,21.42
202400047636,4.1,4.97
202400047643,5.66,3.36
202400047656,8.21,7.08
202400047672,3.91,3.19
202400047678,6.0,5.73
202400047683,3.56,3.95
202400047684,6.43,19.89
202400047694,5.2,3.47
202400047703,3.09,3.46
202400047705,3.92,11.78
202400047709,1.08,6.78
202400047713,5.68,18.67
202400047714,1.43,7.11
202400047718,4.85,3.79
202400047722,4.78,4.52
202400047811,4.33,4.06
202400047868,5.41,7.06
202400047876,5.45,7.17
202400047881,4.92,27.93
202400047882,5.68,8.53
202400047889,3.22,5.95
202400047899,2.7,5.31
202400047943,3.87,3.17
202400047995,5.98,4.98
202400047998,4.69,10.38
202400047999,5.66,1.28
202400048004,2.82,4.63
202400048007,2.91,18.52
202400048010,1.65,28.24
202400048011,3.76,2.98
202400048014,3.54,2.98
202400048019,5.01,6.32
202400048021,1.48,10.34
202400048034,2.92,3.95
202400048093,4.59,14.72
202400048151,16.25,61.02
202400048154,2.45,6.34
202400048158,9.8,25.3
202400048160,8.19,66.14
202400048161,5.42,2.26
202400048165,3.21,4.6
202400048168,2.31,13.96
202400048178,8.55,39.99
202400048213,21.62,101.46
202400048214,5.34,11.18
202400048215,4.51,11.01
202400048223,9.09,14.35
202400048236,4.31,9.02
202400048242,3.09,3.82
202400048249,5.71,12.74
202400048253,3.76,6.89
202400048256,4.64,8.32
202400048258,2.88,7.59
202400048259,11.73,10.71
202400048264,4.62,9.26
202400048265,3.99,8.15
202400048269,2.76,5.69
202400048270,4.5,11.52
202400048271,9.84,13.9
202400048272,4.18,7.72
202400048277,6.55,12.47
202400048278,7.34,6.69
202400048292,14.53,66.29
202400048339,2.99,62.44
202400048346,3.62,8.89
202400048365,2.96,5.0
202400048368,2.15,7.38
202400048372,7.63,13.38
202400048393,4.27,5.39
202400048396,3.68,10.27
202400048399,4.1,12.86
202400048401,2.32,5.94
202400048403,0.88,22.68
202400048406,10.57,7.28
202400048409,5.87,13.15
202400048419,2.59,10.49
202400048455,1.07,9.23
202400048495,4.38,10.59
202400048529,4.42,3.59
202400048532,5.2,6.3
202400048534,5.55,8.32
202400048608,5.2,4.27
202400048610,4.53,12.39
202400048612,5.16,19.47
202400048614,7.7,4.25
202400048639,3.62,10.05
202400048642,3.75,12.51
202400048716,1.49,26.02
202400048730,3.76,6.49
202400048734,5.48,11.92
202400048743,3.02,3.81
202400048745,6.83,9.21
202400048750,6.02,13.92
202400048756,5.19,4.17
202400048760,5.92,13.57
202400048766,3.37,6.76
202400048768,5.42,10.42
202400048769,4.6,5.66
202400048772,2.22,7.1
202400048776,6.58,8.8
202400048844,6.11,20.93
202400048865,2.2,12.92
202400048868,4.3,17.4
202400048890,4.06,7.7
202400048895,2.35,7.06
202400048896,9.96,15.21
202400048902,3.4,8.4
202400048962,5.58,16.92
202400048965,4.82,7.23
202400048970,5.99,7.76
202400048980,2.56,14.02
202400048983,8.78,19.57
202400048984,7.44,3.78
202400048985,2.02,13.48
202400048987,8.26,5.5
202400048991,14.02,9.92
202400048993,5.59,18.54
202400048995,7.23,13.39
202400049029,8.06,5.72
202400049047,9.66,8.52
202400049054,3.09,9.55
202400049059,3.92,12.98
202400049062,7.4,15.54
202400049069,3.24,3.43
202400049079,4.27,3.66
202400049099,2.55,6.96
202400049156,6.4,8.52
202400049157,5.0,4.17
202400049161,10.68,8.87
202400049162,1.67,6.87
202400049167,2.68,16.14
202400049169,5.8,6.16
202400049205,1.39,30.4
202400049254,6.38,5.65
202400049267,3.06,1.76
202400049273,8.69,15.74
202400049283,4.63,4.8
202400049288,5.12,11.91
202400049339,2.7,10.92
202400049353,3.26,3.89
202400049357,5.53,7.8
202400049359,6.61,12.84
202400049371,3.65,6.58
202400049420,1.5,23.06
202400049434,2.19,12.45
202400049441,3.21,23.27
202400049454,3.34,11.44
202400049461,2.8,2.06
202400049466,5.18,13.62
202400049470,6.99,18.02
202400049473,2.56,5.22
202400049475,4.56,3.94
202400049476,15.23,12.48
202400049479,8.31,14.91
202400049491,3.28,6.28
202400049492,4.76,6.7
202400049501,1.58,5.72
202400049506,7.65,9.79
202400049514,6.43,17.21
202400049518,7.35,3.48
202400049524,2.72,11.61
202400049532,2.51,2.51
202400049535,8.38,23.0
202400049550,12.58,41.25
202400049569,9.43,33.95
202400049575,0.96,3.84
202400049582,3.12,25.71
202400049587,3.96,16.34
202400049597,4.94,19.42
202400049633,2.26,13.72
202400049634,6.18,21.96
202400049651,8.64,12.16
202400049661,11.34,8.05
202400049662,4.35,20.26
202400049700,4.92,10.57
202400049713,1.95,15.38
202400049715,5.41,12.43
202400049719,3.22,4.74
202400049722,5.14,9.3
202400049726,10.96,14.01
202400049729,3.08,4.54
202400049734,6.84,11.85
202400049739,4.95,11.98
202400049758,8.09,9.78
202400049765,2.25,6.79
202400049804,8.46,7.72
202400049806,7.12,17.91
202400049863,2.33,4.11
202400049881,3.4,3.2
202400049889,3.92,7.78
202400049904,5.04,4.43
202400049907,6.95,7.0
202400049910,3.2,12.5
202400049914,2.75,4.5
202400049916,5.03,11.49
202400049920,1.45,7.17
202400049940,11.02,24.34
202400049943,2.08,18.85
202400049998,6.63,9.56
202400050006,1.58,5.4
202400050012,7.25,5.09
202400050018,2.51,6.23
202400050023,2.57,4.89
202400050055,7.34,8.85
202400050096,4.1,3.81
202400050104,12.09,15.78
202400050106,11.08,26.58
202400050110,10.41,10.41
202400050224,2.53,1.92
202400050228,4.45,3.93
202400050231,5.91,13.56
202400050236,1.98,6.78
202400050243,2.17,3.99
202400050245,6.44,11.16
202400050250,2.46,4.4
202400050251,4.41,5.85
202400050252,1.78,2.45
202400050263,4.93,9.44
202400050264,5.96,17.56
202400050267,5.53,6.77
202400050268,3.86,3.37
202400050271,3.73,9.62
202400050272,9.65,11.16
202400050275,5.73,3.52
202400050277,2.44,8.38
202400050282,2.77,8.69
202400050285,3.49,20.84
202400050331,6.94,15.38
202400050334,3.76,8.09
202400050338,7.83,13.1
202400050344,4.24,11.26
202400050375,5.16,6.73
202400050419,3.32,21.95
202400050444,5.56,11.99
202400050475,4.89,4.51
202400050480,6.37,12.79
202400050482,1.99,8.75
202400050537,5.86,8.12
202400050539,5.07,8.34
202400050542,3.33,10.39
202400050544,2.72,5.3
202400050545,1.48,2.43
202400050597,3.4,2.1
202400050600,5.44,7.39
202400050603,4.06,5.98
202400050606,4.41,5.1
202400050609,4.72,3.1
202400050611,11.03,14.48
202400050614,3.81,20.54
202400050617,3.13,21.17
202400050626,0.33,11.5
202400050630,0.86,3.51
202400050632,4.22,7.85
202400050637,4.52,19.14
202400050652,5.6,4.56
202400050655,4.46,4.48
202400050674,2.86,9.61
202400050684,10.85,16.09
202400050686,3.58,7.25
202400050744,11.94,9.6
202400050749,6.56,7.32
202400050758,9.16,11.31
202400050765,3.16,9.95
202400050767,2.68,4.91
202400050773,1.44,4.87
202400050779,5.87,5.83
202400050782,3.49,11.46
202400050784,0.68,37.06
202400050786,4.45,5.5
202400050788,6.46,12.34
202400050795,0.9,3.94
202400050798,6.15,9.43
202400050810,3.66,10.33
202400050819,1.86,4.57
202400050823,10.16,14.81
202400050824,5.14,5.18
202400050826,4.98,5.81
202400050838,5.24,4.59
202400050840,10.73,7.62
202400050846,6.93,11.32
202400050848,10.89,20.35
202400050851,4.06,5.3
202400050853,3.8,7.85
202400050859,12.32,9.79
202400050861,4.27,12.49
202400050864,3.0,22.12
202400050870,12.85,17.87
202400050874,11.79,10.55
202400050946,0.21,10.46
202400050954,6.94,3.87
202400050957,6.58,4.76
202400050960,1.57,5.31
202400050966,5.5,6.63
202400050969,6.58,6.32
202400050975,8.58,11.7
202400050978,2.74,3.99
202400050983,5.36,40.31
202400050987,3.38,4.25
202400050992,8.78,11.83
202400051006,8.28,64.89
202400051007,6.5,4.19
202400051014,23.65,69.55
202400051015,3.92,2.12
202400051131,7.17,22.86
202400051167,7.34,6.36
202400051177,6.0,4.38
202400051217,5.94,20.56
202400051225,13.19,24.61
202400051242,2.05,2.72
202400051307,2.66,3.68
202400051317,1.9,8.23
202400051369,6.36,21.8
202400051400,60.1,97.26
202400051430,5.0,10.82
202400051439,1.86,9.14
202400051480,3.02,9.52
202400051492,6.57,5.28
202400051502,8.63,14.01
202400051516,11.75,17.42
202400051548,2.41,9.22
202400051575,4.44,7.54
202400051585,13.97,18.95
202400051596,4.53,17.97
202400051617,3.8,9.15
202400051625,6.52,9.09
202400051630,2.75,19.43
202400051640,4.32,9.33
202400051642,5.68,12.44
202400051644,7.86,7.27
202400051647,7.91,9.82
202400051648,6.31,11.0
202400051650,9.71,7.82
202400051658,6.89,9.86
202400051660,13.64,18.29
202400051676,4.44,9.14
202400051681,3.8,7.8
202400051695,6.4,3.15
202400051696,5.68,12.44
202400051701,13.98,18.84
202400051719,8.18,6.3
202400051725,3.3,3.38
202400051738,5.24,5.84
202400051754,3.12,3.17
202400051762,6.98,12.24
202400051766,6.8,3.14
202400051772,13.67,10.53
202400051777,3.2,3.0
202400051780,9.34,12.9
202400051781,4.69,9.33
202400051793,6.82,6.43
202400051803,3.59,8.23
202400051838,1.98,8.0
202400051850,4.47,6.93
202400051873,3.53,3.6
202400051882,2.26,5.69
202400051883,9.85,25.97
202400051885,7.7,22.91
202400051886,2.44,2.33
202400051887,2.0,3.0
202400051893,2.57,6.0
202400051897,2.09,5.34
202400051907,6.2,3.03
202400051917,6.54,24.19
202400051918,5.42,4.93
202400051928,1.95,16.83
202400051936,4.29,17.27
202400051960,3.95,5.21
202400051980,9.95,13.92
202400051990,9.82,28.22
202400052057,0.54,10.32
202400052063,8.87,26.04
202400052076,3.38,9.06
202400052084,5.7,8.26
202400052086,9.74,13.82
202400052089,5.98,5.33
202400052099,7.46,5.67
202400052109,4.3,15.08
202400052110,3.96,7.2
202400052116,1.68,9.08
202400052167,1.39,24.96
202400052172,1.74,5.86
202400052180,1.24,1.24
202400052183,2.92,5.41
202400052192,1.57,4.63
202400052202,6.85,12.82
202400052205,3.62,1.82
202400052208,6.0,3.66
202400052235,3.1,8.92
202400052259,13.13,18.17
202400052286,8.3,58.65
202400052296,1.44,18.2
202400052310,5.96,7.65
202400052316,5.15,5.64
202400052365,3.69,8.36
202400052367,8.3,8.05
202400052371,1.68,11.38
202400052377,3.23,5.5
202400052384,6.8,12.86
202400052389,3.78,5.14
202400052397,5.88,16.57
202400052400,4.89,9.02
202400052405,5.22,7.9
202400052410,1.12,4.55
202400052417,4.04,12.01
202400052426,8.9,15.15
202400052428,6.5,6.73
202400052432,4.0,12.76
202400052436,2.54,5.89
202400052437,6.72,6.78
202400052440,1.39,17.92
202400052498,5.56,6.3
202400052578,11.48,50.96
202400052604,3.49,3.56
202400052607,4.19,20.41
202400052610,5.42,7.22
202400052611,5.43,5.11
202400052619,5.17,8.62
202400052622,8.41,8.15
202400052629,3.56,16.18
202400052630,2.99,15.34
202400052638,16.58,28.41
202400052641,5.75,7.17
202400052663,3.67,1.95
202400052671,3.82,7.95
202400052673,1.27,3.22
202400052674,4.34,11.37
202400052678,2.83,11.18
202400052682,2.36,3.0
202400052686,3.26,10.75
202400052691,4.01,10.24
202400052692,4.4,5.22
202400052696,5.36,11.32
202400052698,4.43,6.5
202400052708,5.24,8.51
202400052713,3.27,4.65
202400052714,2.49,7.06
202400052717,1.5,25.44
202400052719,5.81,3.6
202400052723,6.98,10.58
202400052731,4.44,12.87
202400052808,3.98,6.07
202400052812,3.65,9.16
202400052820,5.22,8.14
202400052821,10.62,25.18
202400052827,5.29,13.72
202400052839,4.15,7.08
202400052857,5.98,60.71
202400052864,2.04,6.15
202400052866,13.27,48.2
202400052918,2.59,11.84
202400052929,0.32,6.36
202400052933,5.66,22.3
202400052936,3.89,4.61
202400052941,7.06,14.2
202400052945,2.32,4.17
202400052953,4.74,6.64
202400052973,12.33,17.71
202400052975,12.56,13.91
202400052994,11.27,10.25
202400053001,3.3,6.3
202400053014,2.57,5.57
202400053028,7.46,2.94
202400053056,2.9,14.96
202400053070,9.42,15.38
202400053083,6.96,13.55
202400053086,4.63,4.63
202400053092,6.47,16.05
202400053102,4.64,16.64
202400053107,4.44,3.37
202400053113,9.4,23.55
202400053115,2.58,6.87
202400053122,4.07,15.09
202400053129,5.33,7.43
202400053132,1.64,16.1
202400053138,3.65,11.5
202400053139,8.77,15.83
202400053149,6.63,2.97
202400053179,0.81,7.66
202400053180,2.27,5.19
202400053185,5.37,5.93
202400053188,2.3,7.49
202400053219,2.07,8.65
202400053283,8.47,6.14
202400053304,2.87,9.25
202400053319,5.85,5.28
202400053359,5.63,18.54
202400053370,8.14,7.87
202400053377,1.11,21.56
202400053479,3.68,9.92
202400053493,2.78,5.5
202400053496,5.66,8.79
202400053501,9.2,8.62
202400053503,1.27,6.46
202400053507,6.56,14.53
202400053510,6.01,13.52
202400053514,3.54,6.47
202400053515,6.17,13.59
202400053522,3.08,7.79
202400053526,5.62,16.82
202400053531,0.75,10.56
202400053535,5.24,13.68
202400053539,3.75,4.89
202400053541,7.05,10.08
202400053543,7.94,26.87
202400053545,4.41,7.65
202400053548,6.14,15.86
202400053552,6.12,12.93
202400053554,4.32,10.39
202400053560,8.29,9.22
202400053561,2.64,3.68
202400053562,5.38,8.01
202400053563,5.92,5.34
202400053568,6.2,5.55
202400053571,1.34,4.08
202400053576,1.79,2.33
202400053578,6.9,4.69
202400053586,8.22,15.27
202400053587,0.99,6.24
202400053594,3.69,4.42
202400053603,1.64,2.44
202400053630,4.29,19.71
202400053653,2.46,4.4
202400053661,1.8,5.26
202400053668,5.47,9.64
202400053677,4.85,5.69
202400053678,2.11,8.37
202400053685,3.82,5.65
202400053696,2.78,6.61
202400053701,6.53,3.17
202400053725,4.07,10.45
202400053732,5.24,18.94
202400053771,6.68,12.6
202400053779,5.93,9.47
202400053800,8.94,7.8
202400053810,3.14,7.81
202400053822,7.0,9.21
202400053850,6.91,17.05
202400053869,5.04,12.32
202400053879,3.04,7.84
202400053888,3.0,4.24
202400053914,2.11,16.26
202400053961,10.37,45.79
202400053986,3.77,8.63
202400053998,4.36,6.9
202400054004,8.2,9.46
202400054034,5.78,8.96
202400054042,3.18,22.02
202400054057,5.44,6.14
202400054064,12.01,39.55
202400054103,4.43,8.8
202400054115,2.54,2.11
202400054118,3.95,8.65
202400054124,7.18,10.11
202400054128,4.64,2.85
202400054136,6.04,5.77
202400054138,7.63,19.01
202400054144,0.4,2.08
202400054151,19.53,62.43
202400054159,4.19,8.29
202400054164,9.57,15.26
202400054165,2.42,19.03
202400054190,3.33,8.98
202400054198,3.69,4.42
202400054218,12.34,48.71
202400054221,5.9,10.01
202400054232,8.28,7.48
202400054237,9.87,16.84
202400054242,4.16,7.44
202400054244,23.45,58.78
202400054249,5.81,3.82
202400054257,10.81,9.34
202400054273,3.06,8.42
202400054276,0.76,6.41
202400054285,21.91,78.52
202400054286,2.49,6.52
202400054288,2.03,26.67
202400054294,3.09,9.04
202400054301,1.79,3.59
202400054308,5.78,13.85
202400054311,4.15,5.95
202400054318,3.93,3.84
202400054322,4.89,4.38
202400054328,6.63,6.71
202400054331,5.12,5.7
202400054338,1.79,20.91
202400054348,3.76,18.75
202400054377,13.91,10.63
202400054381,4.77,5.52
