Num_Acc,nearest_pompiers_min_osrm,nearest_sau_min_osrm
202200000094,2.1,8.54
202200000108,2.94,17.63
202200000165,5.45,12.1
202200000166,3.55,3.02
202200000169,11.23,5.57
202200000232,6.63,30.95
202200000268,5.37,12.02
202200000372,5.99,13.1
202200000378,5.24,3.44
202200000446,8.07,28.57
202200000490,9.9,19.9
202200000495,4.86,24.07
202200000509,13.73,29.75
202200000513,5.64,11.69
202200000571,3.72,25.13
202200000580,10.58,42.16
202200000582,8.15,33.18
202200000584,7.7,39.35
202200000633,1.81,4.3
202200000741,7.69,7.56
202200000749,7.5,6.08
202200000751,8.43,4.24
202200000776,2.97,6.28
202200000870,2.3,9.38
202200000872,1.57,12.27
202200000873,3.68,9.79
202200000891,5.86,4.65
202200000915,11.35,10.4
202200000917,2.54,29.74
202200000919,5.72,4.7
202200000972,23.29,33.1
202200001010,4.12,19.64
202200001011,4.4,22.67
202200001012,1.6,19.86
202200001018,5.16,18.35
202200001023,6.1,16.54
202200001074,5.07,5.93
202200001162,6.16,3.93
202200001163,8.83,3.87
202200001164,2.12,6.54
202200001326,8.78,21.15
202200001540,4.68,13.59
202200001541,5.28,8.32
202200001542,8.04,13.28
202200001543,6.07,6.26
202200001552,4.33,4.32
202200001635,12.54,9.04
202200001642,20.36,26.07
202200001676,8.69,12.39
202200001890,3.02,9.09
202200001916,7.53,5.81
202200001932,5.68,7.23
202200001953,6.68,33.14
202200001959,3.78,31.54
202200002117,3.55,26.21
202200002121,5.89,43.78
202200002126,4.78,41.88
202200002165,5.79,28.97
202200002209,3.0,11.53
202200002213,9.21,35.04
202200002214,2.4,11.05
202200002221,7.36,4.21
202200002228,4.65,6.95
202200002232,6.84,36.47
202200002238,8.53,29.4
202200002239,20.28,17.7
202200002246,3.39,22.33
202200002268,27.22,30.05
202200002309,11.88,8.63
202200002423,6.77,40.82
202200002427,8.56,32.61
202200002505,5.66,12.08
202200002509,7.1,6.91
202200002510,3.67,10.4
202200002546,8.24,45.58
202200002571,1.23,21.8
202200002575,11.43,7.93
202200002576,2.19,22.08
202200002656,4.25,10.14
202200002659,3.2,7.41
202200002660,5.97,5.23
202200002670,5.4,5.86
202200002731,11.5,13.42
202200002746,9.69,11.07
202200002987,6.09,7.33
202200003020,7.33,21.63
202200003024,9.24,8.85
202200003054,6.34,22.75
202200003065,13.93,43.17
202200003066,22.29,27.14
202200003072,7.97,34.23
202200003073,4.93,3.6
202200003223,5.69,10.58
202200003240,4.16,7.67
202200003246,8.14,9.06
202200003272,7.21,5.37
202200003301,6.62,10.12
202200003375,10.59,29.86
202200003446,7.82,20.61
202200003482,8.06,20.87
202200003483,2.78,4.73
202200003485,10.76,32.25
202200003529,0.67,16.9
202200003537,6.7,7.64
202200003548,6.65,28.74
202200003552,9.49,8.19
202200003679,2.64,7.53
202200003686,5.9,12.06
202200003690,6.94,7.92
202200003696,6.43,12.36
202200003713,2.75,30.33
202200003749,2.75,9.58
202200003751,8.43,10.97
202200003755,5.14,9.25
202200003757,5.89,23.07
202200003761,9.31,3.53
202200003766,4.06,5.62
202200003774,2.48,11.62
202200003817,2.77,9.12
202200003822,7.8,5.36
202200003843,5.36,8.7
202200003850,1.98,4.82
202200003923,3.02,16.29
202200003968,3.86,21.37
202200003972,4.48,6.28
202200003987,5.28,50.28
202200004072,3.16,4.27
202200004309,6.38,9.16
202200004324,7.7,5.36
202200004341,9.11,9.36
202200004425,5.65,24.88
202200004466,7.81,8.8
202200004473,6.44,18.13
202200004530,4.82,10.59
202200004531,8.85,4.81
202200004532,1.68,10.41
202200004533,9.54,6.65
202200004566,1.27,28.26
202200004603,1.53,15.77
202200004604,5.62,8.76
202200004617,4.41,20.44
202200004678,11.43,7.39
202200004726,37.52,25.21
202200004766,9.4,34.6
202200004780,1.95,14.58
202200004805,4.16,10.89
202200004808,4.16,10.89
202200004811,7.43,33.5
202200004814,6.05,35.38
202200004840,8.56,9.02
202200005042,11.39,7.89
202200005055,8.85,8.16
202200005058,6.27,5.8
202200005155,5.07,10.34
202200005160,5.22,10.87
202200005167,2.63,7.4
202200005172,4.83,10.0
202200005176,6.19,12.21
202200005180,3.91,8.02
202200005343,3.57,24.7
202200005345,8.04,9.86
202200005403,0.93,6.65
202200005497,9.49,21.64
202200005558,1.94,8.11
202200005562,5.08,4.17
202200005567,4.52,9.42
202200005575,4.04,10.19
202200005578,8.98,2.49
202200005638,5.92,17.65
202200005655,3.0,16.18
202200005690,4.84,8.22
202200005794,5.58,7.31
202200005801,3.76,9.61
202200005876,6.12,8.65
202200005902,9.86,28.46
202200005913,1.43,12.76
202200005977,0.68,19.29
202200005995,8.89,38.35
202200006013,4.74,30.46
202200006039,6.43,1.56
202200006111,4.57,11.24
202200006113,3.58,9.78
202200006115,5.36,6.82
202200006127,7.95,7.94
202200006204,3.89,28.91
202200006253,7.05,18.47
202200006312,6.49,8.97
202200006314,3.85,25.33
202200006371,1.95,6.5
202200006372,7.43,2.75
202200006422,1.61,23.96
202200006444,8.53,27.15
202200006621,5.3,17.5
202200006626,5.44,4.15
202200006635,6.33,7.31
202200006637,2.24,12.02
202200006651,5.14,7.89
202200006653,5.6,10.59
202200006657,6.46,4.85
202200006741,5.84,2.37
202200006743,9.62,3.57
202200006807,5.96,5.51
202200006828,3.16,10.15
202200006916,4.74,6.58
202200006917,4.13,13.04
202200006919,7.29,5.18
202200006921,3.59,5.97
202200006964,3.46,4.2
202200006977,5.27,37.11
202200006988,5.56,1.17
202200007065,7.96,33.29
202200007212,8.32,30.94
202200007235,2.8,28.2
202200007286,3.67,8.98
202200007290,7.28,3.78
202200007297,8.91,6.23
202200007300,1.93,13.22
202200007302,1.83,4.28
202200007336,4.24,18.78
202200007347,10.83,10.08
202200007594,4.56,7.8
202200007600,5.84,10.0
202200007603,12.56,11.05
202200007607,5.13,6.59
202200007612,7.94,3.62
202200007636,4.62,22.74
202200007645,8.43,37.24
202200007655,1.72,22.74
202200007683,18.94,28.28
202200007685,6.98,14.44
202200007694,0.79,16.37
202200007703,3.62,4.54
202200007789,9.51,41.5
202200007810,1.4,23.46
202200007811,7.16,14.94
202200007839,6.81,11.68
202200007901,5.78,7.62
202200007903,4.72,7.46
202200007957,7.4,9.9
202200007964,4.81,3.07
202200007966,7.71,17.37
202200008032,10.52,7.51
202200008078,9.01,18.46
202200008085,1.15,25.46
202200008088,3.16,21.02
202200008099,9.78,8.24
202200008100,13.25,9.6
202200008115,1.99,24.16
202200008269,3.93,8.64
202200008271,4.14,5.08
202200008272,5.3,12.4
202200008316,2.36,3.55
202200008324,7.31,8.56
202200008396,8.9,9.54
202200008411,2.66,27.79
202200008492,6.89,3.78
202200008574,7.23,8.8
202200008575,5.67,6.34
202200008576,6.86,10.54
202200008681,11.87,28.24
202200008753,3.55,11.96
202200008758,4.92,7.23
202200008925,3.07,9.12
202200008929,5.92,3.41
202200008931,6.74,7.34
202200008933,5.68,6.64
202200008943,5.71,35.21
202200008946,5.18,2.94
202200008968,2.41,11.83
202200008971,6.3,11.86
202200008995,3.87,28.01
202200009156,7.16,6.28
202200009164,7.04,34.35
202200009191,5.02,4.47
202200009237,5.26,6.78
202200009367,5.89,8.18
202200009379,8.13,17.22
202200009384,3.11,15.56
202200009391,12.26,43.01
202200009395,5.28,4.38
202200009428,14.14,20.8
202200009430,3.88,7.53
202200009509,7.16,26.56
202200009549,4.36,6.87
202200009563,3.62,16.71
202200009568,8.04,21.61
202200009586,9.96,35.78
202200009592,3.95,22.15
202200009634,2.97,6.48
202200009702,5.63,9.51
202200009704,0.76,9.91
202200009708,3.47,9.14
202200009711,7.28,14.09
202200009727,4.65,7.1
202200009734,1.3,28.58
202200009827,5.15,22.91
202200009838,4.78,16.23
202200009904,2.61,6.26
202200009906,2.02,6.3
202200009916,7.31,7.77
202200009927,3.14,9.35
202200010153,7.21,27.13
202200010244,7.8,6.04
202200010247,7.73,6.87
202200010258,8.02,5.14
202200010282,5.54,6.89
202200010285,6.28,32.36
202200010289,3.24,8.91
202200010513,9.33,13.21
202200010515,5.24,33.27
202200010547,9.16,14.91
202200010559,1.11,31.21
202200010575,4.36,5.56
202200010710,12.84,23.52
202200010714,4.56,7.73
202200010720,6.49,37.57
202200010941,5.11,6.14
202200010951,7.52,6.3
202200010955,4.86,4.84
202200010959,2.68,8.75
202200010963,4.31,38.78
202200010968,4.22,36.54
202200011020,2.35,10.56
202200011037,4.08,7.94
202200011040,4.74,6.74
202200011121,5.91,9.54
202200011157,7.81,9.05
202200011171,4.83,10.68
202200011174,4.18,7.84
202200011177,5.83,7.86
202200011193,9.2,6.6
202200011198,6.46,5.63
202200011203,7.82,4.24
202200011208,6.7,5.08
202200011210,2.53,9.24
202200011213,5.86,12.15
202200011232,3.59,5.54
202200011245,7.38,5.24
202200011246,3.03,29.26
202200011253,5.38,15.16
202200011270,3.1,25.45
202200011286,3.7,27.5
202200011288,10.63,3.44
202200011291,8.1,14.28
202200011408,5.31,2.68
202200011476,9.02,29.76
202200011511,9.08,33.33
202200011529,6.57,39.37
202200011544,6.84,25.11
202200011545,9.24,16.73
202200011569,6.71,38.49
202200011632,2.82,11.64
202200011695,5.84,12.14
202200011697,9.15,8.29
202200011703,4.55,6.98
202200011706,2.12,13.41
202200011717,8.35,10.97
202200011784,7.61,19.83
202200011816,2.33,23.12
202200011939,1.73,5.62
202200011945,4.36,12.39
202200011946,7.9,5.1
202200011963,5.97,6.96
202200011979,10.04,3.99
202200011981,3.71,8.44
202200012088,3.23,36.26
202200012111,5.83,2.57
202200012135,3.79,20.27
202200012198,5.79,9.96
202200012209,8.03,8.49
202200012243,5.52,7.09
202200012422,8.34,15.4
202200012478,3.17,12.17
202200012537,3.82,19.66
202200012547,12.25,8.27
202200012552,6.12,37.45
202200012553,4.97,4.7
202200012575,2.64,27.08
202200012683,3.86,10.92
202200012740,1.93,10.3
202200012817,4.86,35.88
202200012874,7.7,6.4
202200012890,4.69,4.92
202200012908,7.01,6.32
202200012932,2.06,25.06
202200012954,4.85,6.31
202200013027,5.24,33.32
202200013051,4.75,10.12
202200013052,4.5,7.69
202200013135,6.77,15.61
202200013179,2.32,13.33
202200013183,3.39,12.1
202200013186,6.81,5.93
202200013192,6.43,6.21
202200013209,9.45,2.96
202200013213,4.11,8.55
202200013216,6.44,7.9
202200013221,5.6,5.84
202200013231,4.39,14.85
202200013437,1.78,6.73
202200013438,5.1,7.13
202200013442,3.18,7.61
202200013446,2.71,35.38
202200013598,4.39,38.45
202200013645,11.84,29.48
202200013648,10.94,7.86
202200013652,10.69,25.81
202200013656,3.97,20.89
202200013711,1.98,27.44
202200013714,4.46,6.4
202200013716,4.15,17.92
202200013736,4.77,8.95
202200013737,3.1,11.47
202200013742,6.05,5.84
202200013747,5.61,8.92
202200013753,7.69,5.74
202200013832,6.51,3.72
202200013833,5.36,2.98
202200013856,1.44,5.3
202200013903,2.19,3.64
202200013918,2.16,25.03
202200013937,4.47,1.64
202200013939,5.26,26.28
202200013940,6.11,39.34
202200013979,5.1,24.34
202200014016,4.17,10.48
202200014029,4.98,10.65
202200014032,2.6,6.89
202200014065,8.26,16.96
202200014115,5.45,6.94
202200014117,4.6,38.7
202200014134,5.68,5.12
202200014147,9.85,14.83
202200014209,4.65,11.64
202200014217,6.54,22.38
202200014239,11.18,29.46
202200014259,2.58,31.18
202200014353,6.38,8.48
202200014438,6.01,16.4
202200014573,5.12,32.7
202200014610,7.48,27.5
202200014620,5.03,20.42
202200014737,3.9,10.04
202200014757,18.5,24.76
202200014810,5.09,4.3
202200014814,3.54,3.86
202200014890,4.83,10.68
202200014895,2.99,8.59
202200014899,6.37,9.13
202200014927,7.5,30.5
202200014930,5.75,34.81
202200014932,8.96,32.79
202200015027,4.84,18.24
202200015050,6.92,19.14
202200015059,7.03,18.42
202200015263,1.84,21.77
202200015283,2.22,9.26
202200015292,5.17,33.76
202200015301,1.47,8.18
202200015347,5.21,2.92
202200015413,8.77,6.94
202200015444,2.91,24.94
202200015445,2.74,14.65
202200015484,3.08,18.65
202200015544,1.9,13.58
202200015578,2.98,14.58
202200015603,4.72,5.76
202200015615,5.22,33.96
202200015629,2.1,19.41
202200015664,13.58,27.13
202200015673,2.96,12.51
202200015683,5.64,16.08
202200015758,6.89,29.59
202200015792,7.12,17.12
202200015849,4.14,9.0
202200015853,8.84,8.68
202200015855,7.31,6.93
202200015856,8.16,6.05
202200015873,6.06,10.73
202200015875,3.24,14.26
202200015997,6.85,12.01
202200015998,10.83,15.96
202200015999,2.06,10.14
202200016002,8.98,21.7
202200016019,9.44,14.25
202200016148,14.16,16.08
202200016174,4.78,6.78
202200016183,9.91,13.54
202200016260,17.11,32.0
202200016269,6.66,40.31
202200016279,3.83,45.87
202200016378,1.01,23.88
202200016415,7.54,12.78
202200016417,10.23,21.86
202200016419,7.46,4.83
202200016425,15.41,21.21
202200016439,2.12,22.27
202200016565,7.19,4.62
202200016576,6.84,7.13
202200016646,10.44,6.2
202200016650,5.14,7.01
202200016663,13.17,37.78
202200016681,6.05,11.17
202200016695,5.88,10.11
202200016705,6.26,10.99
202200016708,2.53,35.2
202200016710,2.12,17.43
202200016714,7.4,8.76
202200016781,5.91,11.03
202200016788,7.21,8.72
202200016791,3.56,9.69
202200016815,5.98,2.95
202200016828,1.83,8.04
202200016840,9.68,11.02
202200016977,6.85,2.58
202200016984,8.52,3.56
202200017070,9.22,20.19
202200017258,6.2,11.77
202200017290,6.94,1.43
202200017382,14.72,7.79
202200017383,3.26,12.39
202200017403,1.28,5.82
202200017435,4.41,11.46
202200017438,13.4,6.47
202200017441,7.76,3.76
202200017478,6.72,2.69
202200017479,5.76,4.93
202200017481,6.71,6.96
202200017488,7.7,6.97
202200017515,6.63,46.34
202200017518,6.27,34.96
202200017560,6.93,6.03
202200017584,3.94,2.75
202200017620,4.2,10.44
202200017622,3.49,10.16
202200017623,6.42,5.6
202200017626,3.54,8.79
202200017745,2.44,19.5
202200017756,3.09,37.84
202200017757,6.01,10.02
202200017759,25.98,37.62
202200017760,8.52,19.43
202200017786,5.61,16.54
202200017787,4.22,37.9
202200017789,6.83,24.99
202200017791,4.69,4.43
202200017794,5.48,35.38
202200017816,3.74,15.82
202200017915,7.32,10.0
202200017920,6.19,11.93
202200017922,5.54,6.88
202200017961,6.53,6.31
202200018067,4.58,5.05
202200018132,5.66,27.87
202200018183,3.26,8.72
202200018223,0.3,17.8
202200018347,6.65,15.65
202200018349,5.18,7.28
202200018372,8.25,10.16
202200018376,8.82,3.33
202200018438,0.32,11.94
202200018442,3.46,8.36
202200018452,2.14,8.15
202200018455,3.68,8.58
202200018462,5.78,3.22
202200018464,5.45,5.86
202200018468,6.17,5.12
202200018488,6.56,10.24
202200018492,5.15,36.45
202200018572,9.65,10.32
202200018597,2.02,25.83
202200018604,8.95,7.41
202200018655,7.52,10.01
202200018814,7.97,17.68
202200018869,0.89,20.67
202200018875,1.48,26.5
202200018879,8.22,15.25
202200018886,25.05,22.48
202200019006,8.93,30.98
202200019035,4.11,6.06
202200019148,4.21,9.7
202200019151,5.64,6.96
202200019152,2.12,6.84
202200019154,4.7,9.65
202200019188,5.81,31.52
202200019421,10.34,9.1
202200019435,0.74,15.47
202200019440,4.76,8.65
202200019521,6.44,5.77
202200019524,4.79,8.5
202200019525,2.2,9.7
202200019526,3.95,7.27
202200019527,6.97,11.08
202200019528,4.41,9.0
202200019539,5.0,3.2
202200019593,3.03,31.89
202200019594,25.26,20.61
202200019621,4.48,8.8
202200019630,9.45,25.15
202200019719,2.35,6.86
202200019752,2.55,8.46
202200019835,3.18,8.75
202200019856,6.1,20.67
202200019915,4.42,15.44
202200019930,4.5,14.33
202200019977,4.84,17.48
202200019980,5.58,18.55
202200020040,3.55,26.17
202200020046,3.97,10.64
202200020114,1.59,8.45
202200020115,7.03,7.44
202200020118,3.61,8.6
202200020225,7.21,10.08
202200020226,3.78,5.72
202200020230,4.24,14.42
202200020248,1.64,11.71
202200020253,3.79,5.24
202200020401,3.44,31.64
202200020419,4.82,20.82
202200020512,11.33,42.14
202200020515,11.5,28.77
202200020533,5.61,4.32
202200020569,9.75,1.86
202200020574,3.08,12.22
202200020643,2.84,9.83
202200020648,8.58,18.18
202200020650,3.42,2.73
202200020671,6.17,26.96
202200020683,7.24,10.42
202200020684,9.27,30.54
202200020697,38.8,32.52
202200020714,5.58,3.79
202200020858,2.47,22.23
202200020859,3.73,2.66
202200020860,11.31,22.86
202200020865,1.44,41.14
202200020882,4.03,20.9
202200020886,4.46,19.32
202200020887,8.1,21.29
202200020906,2.94,6.37
202200020907,4.18,8.39
202200020910,5.24,9.3
202200020916,6.2,6.05
202200020924,4.55,11.36
202200020926,2.54,11.68
202200020941,6.57,28.32
202200020962,6.04,7.06
202200021109,18.63,46.71
202200021123,4.21,8.6
202200021126,6.36,7.78
202200021159,8.67,22.89
202200021226,6.88,23.13
202200021280,7.51,13.56
202200021283,7.72,8.88
202200021286,2.38,34.77
202200021304,0.57,29.2
202200021319,6.03,29.36
202200021321,8.28,7.06
202200021322,5.89,20.71
202200021382,4.08,9.46
202200021422,9.6,29.21
202200021433,1.76,18.71
202200021482,2.02,8.14
202200021483,2.64,8.4
202200021521,8.63,16.56
202200021529,7.28,4.72
202200021548,4.42,40.07
202200021569,1.48,17.48
202200021572,4.36,20.95
202200021640,4.66,4.52
202200021682,5.63,23.25
202200021749,7.28,6.45
202200021753,13.57,6.64
202200021754,9.27,3.85
202200021755,3.74,8.42
202200021787,5.78,8.72
202200021790,6.99,6.48
202200021820,10.42,22.92
202200021822,8.48,19.31
202200021829,10.44,19.33
202200021954,6.33,20.26
202200021969,5.3,14.6
202200021977,2.39,26.1
202200022052,2.55,29.85
202200022146,5.5,11.99
202200022151,5.58,12.32
202200022170,5.24,4.86
202200022240,5.3,27.65
202200022294,2.08,16.33
202200022300,4.34,11.64
202200022303,6.19,4.92
202200022304,8.98,9.72
202200022360,1.89,8.02
202200022379,7.09,21.19
202200022433,7.47,18.88
202200022437,2.68,25.19
202200022445,3.71,6.28
202200022563,7.32,30.82
202200022565,7.44,35.4
202200022600,9.22,25.76
202200022613,1.66,27.76
202200022634,9.0,27.28
202200022702,9.61,31.5
202200022730,1.95,9.84
202200022778,14.32,36.37
202200022784,9.54,43.88
202200022854,1.73,27.22
202200022876,11.8,37.19
202200022914,6.84,6.65
202200022915,1.5,6.97
202200022916,6.61,3.26
202200022989,3.69,12.74
202200023023,1.96,25.37
202200023058,7.98,3.7
202200023063,6.96,9.03
202200023122,7.77,23.01
202200023254,9.57,31.79
202200023263,5.2,15.75
202200023286,5.48,2.56
202200023355,2.27,13.05
202200023360,2.75,9.82
202200023361,7.61,8.8
202200023375,2.6,7.89
202200023448,4.54,11.16
202200023454,9.72,6.61
202200023500,3.23,33.24
202200023517,21.37,33.52
202200023536,3.02,36.04
202200023577,1.72,25.86
202200023582,12.84,7.86
202200023588,8.24,7.3
202200023589,1.23,22.91
202200023681,2.43,9.36
202200023683,4.97,6.76
202200023702,4.78,6.78
202200023792,11.94,30.23
202200023793,4.07,28.56
202200023800,9.31,14.13
202200023896,6.69,8.96
202200023992,8.64,11.58
202200023996,3.2,8.64
202200023998,4.5,4.04
202200024153,2.47,23.02
202200024165,13.16,46.21
202200024179,2.68,4.69
202200024186,1.1,23.97
202200024191,5.41,11.44
202200024198,3.9,20.15
202200024199,9.78,20.18
202200024239,6.33,26.58
202200024247,5.82,7.72
202200024249,7.5,15.91
202200024251,9.44,29.14
202200024317,5.26,50.26
202200024511,6.55,9.75
202200024524,9.94,9.09
202200024526,14.09,27.9
202200024528,5.87,3.3
202200024530,9.62,11.13
202200024597,7.33,10.6
202200024603,5.58,29.52
202200024675,4.65,15.98
202200024722,8.68,11.2
202200024817,1.78,2.18
202200024818,5.32,6.19
202200024821,6.2,12.14
202200024822,4.96,1.65
202200024902,3.63,49.14
202200024914,3.31,18.39
202200024984,10.12,38.41
202200025005,13.34,14.06
202200025013,9.02,9.97
202200025089,3.94,5.54
202200025164,6.58,8.53
202200025171,8.96,14.66
202200025181,7.31,7.09
202200025254,4.46,6.05
202200025255,5.34,4.69
202200025257,9.5,5.88
202200025325,11.3,26.85
202200025327,4.06,25.95
202200025334,4.91,3.25
202200025352,6.52,27.1
202200025364,16.06,25.68
202200025410,23.54,20.96
202200025414,12.62,41.86
202200025542,5.72,7.52
202200025543,2.28,11.42
202200025547,7.2,8.81
202200025548,1.85,7.09
202200025551,2.46,13.26
202200025559,4.08,10.75
202200025564,3.52,6.44
202200025566,3.52,6.1
202200025692,7.2,20.04
202200025701,2.79,20.77
202200025713,7.26,19.08
202200025729,1.91,8.87
202200025730,4.48,12.32
202200025793,6.64,10.99
202200025797,4.34,22.1
202200025895,7.46,14.59
202200025896,5.51,7.36
202200025904,6.53,12.1
202200025938,4.34,22.3
202200025947,6.3,12.16
202200025970,3.71,30.91
202200026082,3.28,9.42
202200026084,4.97,2.74
202200026085,6.95,5.2
202200026100,8.65,9.04
202200026163,5.54,9.88
202200026175,7.13,15.08
202200026270,6.6,32.53
202200026393,6.28,7.74
202200026558,10.74,25.81
202200026638,6.78,10.94
202200026643,8.38,3.69
202200026646,5.59,10.58
202200026663,11.64,40.88
202200026782,2.3,8.49
202200026844,3.66,9.36
202200026911,0.57,7.46
202200026914,0.61,6.82
202200026952,4.38,26.79
202200026967,6.63,30.88
202200026968,8.14,32.58
202200026976,0.57,28.68
202200027028,7.07,11.96
202200027055,8.36,18.63
202200027056,11.91,8.69
202200027127,7.16,5.11
202200027128,6.6,2.27
202200027199,6.02,11.05
202200027212,4.04,16.71
202200027297,2.61,18.61
202200027301,8.99,14.82
202200027306,2.28,7.56
202200027358,5.11,4.98
202200027359,3.03,7.29
202200027361,8.79,10.91
202200027366,2.18,7.77
202200027383,8.97,5.86
202200027533,5.66,27.47
202200027549,4.3,6.93
202200027553,4.86,8.91
202200027566,5.24,6.67
202200027571,5.93,5.47
202200027720,6.14,5.34
202200027723,11.25,5.46
202200027724,5.76,12.87
202200027725,7.77,7.02
202200027726,8.24,6.08
202200027727,5.11,7.04
202200027787,6.86,8.44
202200027788,6.28,5.07
202200027790,5.96,7.36
202200027792,5.08,6.43
202200027805,4.39,6.57
202200027857,9.81,15.95
202200027900,3.7,2.15
202200027953,4.82,4.66
202200027982,7.61,2.74
202200028077,6.5,7.83
202200028080,8.06,4.01
202200028210,4.65,11.1
202200028212,6.09,4.71
202200028214,5.39,6.33
202200028225,5.13,8.62
202200028257,4.11,21.87
202200028287,3.81,2.83
202200028295,2.2,27.51
202200028297,5.29,14.79
202200028411,2.2,14.46
202200028426,14.38,45.2
202200028428,10.21,27.9
202200028444,5.02,8.04
202200028474,12.86,42.1
202200028628,9.81,2.62
202200028641,1.64,6.88
202200028643,6.69,5.14
202200028750,8.88,11.07
202200028751,1.95,11.65
202200028752,6.89,3.54
202200028758,7.91,5.04
202200028796,3.17,19.42
202200028806,11.06,39.04
202200028819,4.31,18.8
202200028912,7.5,11.87
202200028979,1.93,6.88
202200028988,10.06,4.01
202200028990,5.38,20.5
202200028991,7.3,5.94
202200029058,24.12,18.48
202200029059,9.59,16.99
202200029144,9.9,9.04
202200029147,4.09,11.16
202200029148,10.39,6.57
202200029170,7.14,41.2
202200029199,5.32,8.96
202200029200,4.39,11.48
202200029208,5.35,5.2
202200029209,5.74,11.31
202200029321,7.54,23.58
202200029328,10.42,24.02
202200029361,5.41,22.99
202200029370,6.22,31.1
202200029380,5.93,10.15
202200029382,6.29,12.0
202200029387,6.94,32.55
202200029436,5.46,10.14
202200029439,5.45,6.94
202200029455,3.95,25.43
202200029457,4.52,23.82
202200029607,6.59,15.22
202200029609,3.22,17.24
202200029630,4.54,5.01
202200029634,8.04,7.44
202200029635,0.45,12.6
202200029744,4.42,6.45
202200029746,4.75,5.41
202200029792,4.76,11.84
202200029793,5.68,8.18
202200029795,5.27,9.95
202200029804,3.53,4.28
202200029842,1.72,26.74
202200029864,6.15,24.72
202200029871,5.42,5.42
202200029969,3.77,25.23
202200030011,6.84,16.19
202200030067,6.17,9.98
202200030069,3.39,7.81
202200030114,1.64,15.89
202200030116,10.38,19.45
202200030120,7.08,6.06
202200030290,5.25,8.66
202200030293,3.88,11.61
202200030307,2.33,7.06
202200030401,6.16,5.98
202200030448,7.38,16.47
202200030454,1.49,19.7
202200030510,0.95,12.84
202200030515,6.6,2.62
202200030526,2.78,4.08
202200030576,6.32,9.72
202200030578,5.44,2.79
202200030583,9.22,2.81
202200030603,4.88,9.09
202200030605,7.13,10.0
202200030607,7.66,10.05
202200030613,3.71,4.17
202200030614,7.98,8.44
202200030675,5.77,35.82
202200030676,6.7,40.56
202200030689,4.21,21.89
202200030802,6.16,7.87
202200030851,1.42,18.83
202200030857,9.09,16.49
202200030889,11.67,24.37
202200030941,8.21,4.98
202200030987,10.24,7.16
202200030988,6.95,10.76
202200031031,7.74,33.59
202200031033,8.82,24.84
202200031059,6.94,16.03
202200031060,8.79,18.21
202200031061,9.83,23.99
202200031069,5.55,8.38
202200031170,1.87,14.95
202200031242,14.86,12.66
202200031244,10.8,12.3
202200031401,5.24,8.11
202200031420,6.01,12.35
202200031423,8.45,6.39
202200031426,8.77,3.0
202200031509,4.53,24.92
202200031527,7.2,13.89
202200031551,10.11,10.42
202200031554,1.75,20.67
202200031604,3.1,22.78
202200031650,8.3,8.06
202200031651,7.07,34.78
202200031653,3.31,16.11
202200031679,3.45,14.46
202200031687,6.96,6.75
202200031743,10.65,3.69
202200031779,7.95,9.19
202200031797,6.28,14.23
202200031801,10.36,39.6
202200031805,5.35,34.48
202200031925,10.25,50.34
202200031940,0.76,25.11
202200031998,6.66,15.38
202200032000,3.64,19.69
202200032135,11.34,12.7
202200032136,5.15,13.46
202200032141,3.19,32.6
202200032147,6.42,5.0
202200032149,6.84,7.24
202200032248,6.47,3.56
202200032253,1.95,8.49
202200032257,4.92,11.66
202200032259,7.36,1.86
202200032261,5.55,12.28
202200032325,8.73,26.14
202200032335,5.07,7.58
202200032337,10.87,8.99
202200032346,3.95,23.93
202200032434,5.18,24.76
202200032451,3.85,33.52
202200032514,9.32,2.42
202200032515,8.84,11.07
202200032517,5.64,12.37
202200032518,3.18,6.39
202200032527,5.79,5.78
202200032578,4.82,7.85
202200032604,5.14,28.78
202200032640,3.24,7.92
202200032641,4.49,10.51
202200032711,19.25,23.28
202200032730,3.57,12.74
202200032733,4.37,10.42
202200032801,3.54,15.59
202200032837,6.61,20.88
202200032849,9.74,16.38
202200032865,7.39,19.3
202200032900,3.89,5.85
202200032903,3.74,6.99
202200032906,4.56,11.17
202200032911,6.49,5.34
202200032914,6.46,32.05
202200032916,2.67,9.21
202200033007,5.79,10.91
202200033021,8.09,5.98
202200033023,5.44,3.9
202200033027,9.08,3.31
202200033041,12.85,30.76
202200033052,4.48,6.1
202200033076,6.73,5.56
202200033122,1.96,13.48
202200033197,5.39,10.76
202200033201,5.11,11.54
202200033210,4.79,9.01
202200033213,8.5,8.41
202200033227,1.82,18.57
202200033232,6.18,17.1
202200033274,8.64,9.02
202200033278,9.78,11.9
202200033444,7.33,5.16
202200033451,5.0,21.52
202200033497,4.76,24.0
202200033509,2.66,32.89
202200033511,4.31,26.31
202200033528,5.44,12.1
202200033598,3.68,3.23
202200033604,5.64,7.32
202200033646,9.74,38.02
202200033744,2.71,9.07
202200033745,8.49,5.77
202200033746,11.4,7.76
202200033877,3.69,22.19
202200033887,9.0,22.82
202200033888,8.62,12.09
202200033989,3.7,6.55
202200033991,3.59,11.7
202200034032,6.97,5.98
202200034054,1.22,19.01
202200034075,3.88,29.11
202200034164,9.31,3.26
202200034167,5.21,9.32
202200034169,8.1,8.01
202200034311,6.75,4.84
202200034313,6.94,2.62
202200034375,11.95,13.61
202200034377,11.57,13.54
202200034381,4.61,4.96
202200034433,1.08,18.08
202200034447,10.55,12.34
202200034452,7.82,8.07
202200034454,8.68,3.18
202200034456,2.67,8.01
202200034545,2.52,8.48
202200034656,11.35,7.11
202200034662,2.72,27.65
202200034675,6.18,21.66
202200034725,8.98,30.27
202200034726,10.81,2.61
202200034729,5.66,27.49
202200034736,5.36,5.41
202200034934,9.18,18.96
202200034965,6.02,45.59
202200034980,6.08,5.06
202200034983,4.86,4.89
202200035006,2.9,8.75
202200035195,1.3,31.64
202200035196,2.01,19.9
202200035213,12.15,25.78
202200035231,5.6,10.59
202200035233,7.44,40.34
202200035236,5.83,39.88
202200035270,5.08,31.32
202200035288,7.83,6.4
202200035289,3.53,26.17
202200035392,2.8,10.87
202200035397,3.52,9.1
202200035399,4.56,7.96
202200035446,4.64,19.21
202200035553,4.23,2.26
202200035559,1.32,11.62
202200035623,3.9,9.03
202200035628,0.75,6.88
202200035649,5.65,9.26
202200035664,4.62,4.38
202200035729,2.72,6.82
202200035731,4.35,9.91
202200035733,1.92,8.62
202200035745,8.28,4.16
202200035873,3.03,1.15
202200035912,8.21,13.07
202200035975,9.63,6.48
202200035976,10.3,3.75
202200035977,0.74,9.28
202200036061,7.72,11.53
202200036076,5.2,21.39
202200036083,9.76,28.36
202200036156,3.23,19.26
202200036308,1.74,27.43
202200036310,6.5,13.89
202200036311,4.86,10.04
202200036313,4.21,9.4
202200036314,7.62,5.5
202200036317,2.44,8.14
202200036319,5.84,2.81
202200036327,3.85,7.18
202200036358,9.96,20.03
202200036500,11.84,37.24
202200036517,0.68,19.75
202200036528,8.45,25.8
202200036577,6.91,7.44
202200036620,2.38,6.6
202200036708,0.72,5.61
202200036756,6.62,4.19
202200036793,6.08,6.54
202200036819,7.65,19.25
202200036836,3.61,13.58
202200036855,8.58,11.22
202200036882,5.03,27.51
202200036892,4.18,41.24
202200036967,6.76,25.99
202200036970,5.74,7.19
202200037048,4.15,13.33
202200037055,3.88,9.28
202200037065,2.84,32.36
202200037082,9.67,33.34
202200037163,2.87,9.66
202200037165,2.97,8.41
202200037167,1.78,8.79
202200037177,5.0,5.47
202200037325,8.06,4.43
202200037326,9.2,3.12
202200037437,7.84,27.1
202200037464,4.37,27.36
202200037477,2.63,36.91
202200037495,7.64,16.51
202200037564,4.59,5.91
202200037595,4.39,8.04
202200037602,5.05,15.55
202200037649,2.74,7.64
202200037650,0.94,5.88
202200037656,7.61,2.74
202200037698,11.33,27.36
202200037722,9.34,23.12
202200037725,6.39,5.42
202200037736,3.35,6.33
202200037805,6.74,11.64
202200037809,2.44,9.13
202200037876,7.2,14.97
202200037877,4.64,13.55
202200037878,5.43,6.95
202200037880,2.08,6.8
202200037881,3.03,8.7
202200037942,3.3,5.15
202200037943,5.64,10.54
202200037944,4.74,9.6
202200037946,6.25,7.96
202200038045,4.47,30.42
202200038091,1.94,23.46
202200038094,6.49,6.3
202200038098,5.11,17.31
202200038119,2.04,23.45
202200038177,8.22,11.96
202200038191,6.99,16.34
202200038253,6.69,8.0
202200038297,7.43,39.42
202200038300,5.5,24.32
202200038329,0.88,18.14
202200038330,1.92,29.8
202200038482,6.87,6.22
202200038483,10.0,3.52
202200038490,6.98,1.49
202200038558,1.33,16.68
202200038559,9.94,25.43
202200038561,6.38,4.5
202200038636,0.81,5.68
202200038646,7.94,16.4
202200038752,8.6,31.19
202200038835,0.08,22.78
202200038838,4.53,26.2
202200038850,5.47,6.82
202200038853,4.81,20.24
202200038872,8.4,25.26
202200038986,6.48,10.01
202200039044,4.74,6.96
202200039067,7.84,2.74
202200039126,4.51,5.95
202200039128,4.55,9.22
202200039134,2.17,8.55
202200039135,7.64,7.9
202200039214,5.69,6.82
202200039216,5.26,34.13
202200039217,2.19,8.33
202200039218,3.82,10.07
202200039219,7.93,3.74
202200039220,4.69,11.32
202200039221,4.17,6.78
202200039222,2.53,7.92
202200039223,4.7,10.09
202200039253,5.74,3.69
202200039263,6.21,5.52
202200039313,41.41,36.97
202200039354,3.19,19.04
202200039355,5.0,20.87
202200039368,15.05,26.1
202200039477,3.45,7.16
202200039479,5.04,8.94
202200039480,4.12,7.8
202200039492,2.77,3.97
202200039501,5.2,7.22
202200039504,6.5,8.61
202200039534,5.16,4.54
202200039574,3.26,12.42
202200039600,2.05,15.82
202200039617,9.12,5.72
202200039687,9.92,3.87
202200039688,8.78,17.3
202200039747,6.08,14.5
202200039862,6.33,14.81
202200039915,14.91,19.04
202200040033,2.2,8.91
202200040035,6.24,5.24
202200040036,7.97,34.05
202200040038,4.99,35.21
202200040046,10.8,11.26
202200040150,2.22,10.18
202200040172,9.97,5.97
202200040178,3.72,12.01
202200040180,3.86,7.97
202200040198,5.41,2.06
202200040326,6.73,6.59
202200040329,3.94,6.92
202200040332,9.08,3.31
202200040357,6.48,15.21
202200040364,4.84,31.69
202200040374,8.02,26.63
202200040450,5.47,16.34
202200040477,8.17,32.4
202200040553,5.95,15.95
202200040584,6.63,23.5
202200040652,11.65,10.8
202200040659,5.36,10.05
202200040660,5.58,2.08
202200040663,7.94,6.17
202200040777,4.08,26.58
202200040782,6.28,7.52
202200040848,10.89,26.37
202200040857,10.36,28.05
202200040904,10.38,9.03
202200040921,7.24,9.22
202200041054,5.55,3.84
202200041056,5.58,4.59
202200041060,2.92,8.48
202200041062,9.67,3.62
202200041064,7.1,7.72
202200041174,10.69,11.7
202200041187,0.38,30.12
202200041188,3.97,22.35
202200041271,6.72,11.62
202200041273,8.16,10.28
202200041291,4.82,4.03
202200041295,6.9,10.18
202200041390,2.25,4.2
202200041396,2.34,26.34
202200041426,9.6,11.68
202200041432,2.21,27.98
202200041621,2.0,5.65
202200041622,1.49,8.36
202200041623,7.86,5.2
202200041637,2.17,6.23
202200041788,6.68,16.52
202200041855,6.02,25.7
202200041864,5.1,13.71
202200041898,6.27,11.17
202200041900,4.88,10.02
202200041902,8.88,8.03
202200041903,9.5,8.65
202200041905,7.22,7.03
202200041907,0.78,6.9
202200041908,4.46,11.18
202200041911,8.21,6.09
202200041912,9.44,3.36
202200041994,7.28,26.91
202200042082,1.43,29.84
202200042115,7.58,8.83
202200042118,9.64,18.05
202200042127,3.36,10.53
202200042226,4.51,11.93
202200042227,3.91,8.97
202200042229,5.79,7.19
202200042236,2.34,4.98
202200042254,2.86,12.48
202200042274,4.32,4.15
202200042370,8.48,26.76
202200042445,7.42,26.96
202200042524,2.26,3.91
202200042539,11.36,19.17
202200042543,4.82,21.34
202200042567,7.74,6.8
202200042570,1.75,12.42
202200042574,5.55,5.55
202200042576,5.11,13.59
202200042719,10.89,3.22
202200042720,3.9,8.8
202200042722,3.01,12.81
202200042723,4.77,7.63
202200042728,6.45,5.16
202200042734,6.62,8.12
202200042752,7.58,5.46
202200042756,5.38,8.87
202200042879,1.92,14.51
202200042885,13.29,13.04
202200042900,5.88,15.63
202200042920,11.22,24.45
202200042926,3.99,18.65
202200042938,10.68,31.98
202200042939,5.68,16.61
202200042970,4.56,32.36
202200042977,4.98,8.41
202200043030,2.3,18.15
202200043032,6.35,13.25
202200043037,15.05,46.13
202200043048,0.81,19.92
202200043070,9.12,13.41
202200043078,4.72,15.26
202200043091,7.31,6.29
202200043209,7.51,24.24
202200043219,1.71,8.57
202200043254,4.65,20.37
202200043314,8.94,5.03
202200043320,7.56,26.04
202200043330,8.43,18.03
202200043392,2.56,6.56
202200043393,4.86,7.52
202200043423,10.72,19.71
202200043457,4.99,16.7
202200043535,3.32,6.68
202200043536,7.01,8.16
202200043544,0.6,7.49
202200043545,4.06,12.34
202200043546,3.86,7.98
202200043683,0.8,7.51
202200043684,8.56,3.21
202200043685,4.36,5.77
202200043686,4.34,15.63
202200043687,4.94,10.28
202200043688,2.5,7.27
202200043689,11.26,7.86
202200043690,5.52,14.05
202200043849,4.52,10.42
202200043853,2.93,9.72
202200043854,5.94,5.11
202200043903,8.35,19.63
202200043908,7.41,32.16
202200043942,14.8,19.41
202200043999,1.94,7.95
202200044001,6.27,13.44
202200044009,4.2,7.53
202200044012,5.29,8.99
202200044210,3.6,26.96
202200044211,3.72,28.75
202200044219,9.52,29.15
202200044227,7.91,8.5
202200044416,4.35,37.54
202200044446,7.19,8.07
202200044455,6.02,7.54
202200044470,2.67,17.07
202200044491,6.91,0.8
202200044492,5.19,7.83
202200044495,6.15,8.26
202200044500,6.63,5.21
202200044681,14.11,17.53
202200044731,7.69,35.57
202200044751,6.08,7.71
202200044754,18.16,24.42
202200044762,8.32,7.45
202200044786,3.16,24.53
202200044795,5.78,35.07
202200044837,4.11,25.78
202200044838,2.6,7.88
202200044870,5.11,28.36
202200044960,9.3,34.86
202200044966,12.2,23.72
202200045007,4.03,15.13
202200045027,8.9,2.41
202200045084,11.65,1.09
202200045152,2.37,17.62
202200045169,3.76,10.83
202200045206,4.44,25.29
202200045236,7.14,5.58
202200045257,7.77,8.23
202200045259,7.84,7.83
202200045359,0.42,18.2
202200045364,6.87,19.38
202200045387,3.29,15.05
202200045398,0.74,22.41
202200045486,5.6,9.22
202200045488,1.58,7.4
202200045489,4.3,9.02
202200045490,2.94,9.6
202200045600,12.15,10.26
202200045602,3.69,19.54
202200045603,9.81,8.3
202200045604,6.57,7.65
202200045710,5.26,25.75
202200045830,2.6,17.54
202200045834,8.88,20.92
202200045920,6.93,36.83
202200045921,3.49,30.4
202200045953,7.29,25.39
202200045970,6.64,20.52
202200045974,6.05,14.68
202200046138,6.69,8.0
202200046176,2.3,8.88
202200046178,4.56,12.36
202200046185,11.64,8.14
202200046291,3.33,2.78
202200046297,0.51,20.54
202200046351,2.62,19.86
202200046384,1.18,9.28
202200046393,2.55,12.35
202200046398,2.18,7.77
202200046438,3.87,3.06
202200046479,9.82,3.62
202200046494,2.55,13.84
202200046526,3.76,8.97
202200046594,8.88,6.19
202200046601,4.59,8.56
202200046686,7.4,28.24
202200046701,7.18,8.21
202200046727,3.5,25.73
202200046797,3.35,24.07
202200046838,13.53,21.28
202200046847,8.65,21.9
202200046895,1.3,15.77
202200046925,5.85,42.02
202200046956,0.79,11.59
202200047058,3.41,29.93
202200047106,10.01,9.78
202200047258,4.34,4.18
202200047263,3.69,30.78
202200047301,6.25,17.18
202200047304,12.12,13.04
202200047314,4.86,20.21
202200047413,2.88,8.22
202200047414,3.33,8.1
202200047415,0.86,7.57
202200047429,5.97,5.96
202200047491,4.28,5.81
202200047494,4.01,6.17
202200047512,1.3,29.78
202200047533,13.4,14.23
202200047542,7.47,24.79
202200047588,5.83,12.17
202200047591,8.78,3.19
202200047650,6.99,7.68
202200047740,6.12,13.88
202200047833,5.54,21.84
202200047903,6.16,10.33
202200047916,4.74,9.64
202200047954,6.16,11.06
202200047959,7.03,2.6
202200047960,4.14,10.81
202200047978,2.17,11.75
202200047985,4.96,9.86
202200047991,3.46,7.9
202200047995,10.06,5.68
202200048003,10.55,4.5
202200048011,10.44,22.95
202200048024,10.73,14.15
202200048032,8.76,5.87
202200048141,4.16,8.37
202200048146,5.54,4.75
202200048151,7.73,12.48
202200048157,4.9,13.31
202200048160,3.21,14.68
202200048190,7.92,11.42
202200048242,8.81,8.8
202200048253,6.1,3.1
202200048263,1.46,25.89
202200048269,38.0,25.69
202200048403,5.55,2.08
202200048413,4.47,9.92
202200048423,5.14,34.41
202200048428,2.88,8.48
202200048489,6.73,11.63
202200048518,5.84,6.3
202200048537,6.11,5.46
202200048562,5.0,10.03
202200048665,6.57,31.0
202200048682,10.4,13.82
202200048698,6.02,30.79
202200048721,2.49,8.5
202200048736,2.82,4.81
202200048773,12.05,39.76
202200048802,10.94,5.02
202200048825,14.35,43.59
202200048922,5.51,23.76
202200048975,5.52,10.73
202200049024,12.24,40.32
202200049070,6.0,11.74
202200049072,4.8,9.5
202200049077,4.59,9.62
202200049078,5.08,12.19
202200049213,4.53,14.6
202200049231,5.62,13.17
202200049278,10.31,26.53
202200049335,10.92,30.16
202200049366,6.43,2.96
202200049378,4.49,19.55
202200049443,9.58,1.3
202200049451,5.16,3.88
202200049498,1.75,13.75
202200049509,7.52,26.81
202200049510,8.81,8.35
202200049517,9.79,8.84
202200049583,2.66,8.09
202200049586,6.76,6.38
202200049608,9.48,11.32
202200049780,14.56,7.63
202200049786,11.21,5.58
202200049798,5.51,6.52
202200049999,7.47,30.98
202200050065,4.89,47.3
202200050074,4.16,3.17
202200050092,7.31,27.23
202200050097,2.85,8.14
202200050189,5.25,5.74
202200050196,4.49,6.93
202200050204,5.31,36.04
202200050210,8.3,32.36
202200050231,24.96,22.39
202200050251,4.97,20.37
202200050492,7.19,8.45
202200050511,5.63,11.86
202200050518,8.19,12.75
202200050519,7.35,5.02
202200050534,4.66,23.4
202200050536,6.4,6.21
202200050541,7.84,3.56
202200050542,9.34,28.08
202200050546,10.5,31.29
202200050549,2.62,6.87
202200050550,4.13,39.87
202200050560,4.99,25.78
202200050612,4.83,11.05
202200050626,7.49,35.4
202200050637,7.19,25.66
202200050686,5.83,7.32
202200050758,5.63,8.35
202200050763,12.2,34.26
202200050795,5.16,12.08
202200050959,8.6,33.15
202200050962,4.28,18.85
202200051080,3.79,10.52
202200051098,5.41,4.79
202200051193,5.22,26.12
202200051207,3.72,5.95
202200051211,5.93,4.87
202200051213,8.59,12.37
202200051216,8.14,10.68
202200051218,10.42,3.96
202200051220,5.47,4.05
202200051283,4.93,24.17
202200051286,3.41,12.14
202200051317,3.06,6.23
202200051398,1.18,15.86
202200051437,9.82,1.54
202200051438,8.58,2.34
202200051439,3.72,10.21
202200051479,8.82,19.17
202200051528,4.11,21.49
202200051533,6.31,12.85
202200051539,6.85,5.52
202200051540,9.27,30.54
202200051543,11.37,24.83
202200051563,4.51,8.68
202200051566,4.98,8.42
202200051571,5.57,11.17
202200051590,8.3,4.8
202200051609,8.9,18.62
202200051658,4.91,3.04
202200051702,4.99,9.11
202200051735,14.8,12.6
202200051808,2.54,3.99
202200051839,5.3,20.92
202200051848,3.54,20.8
202200051875,0.81,19.53
202200051883,9.46,28.34
202200051888,9.15,28.28
202200051909,9.67,27.98
202200051920,5.18,30.89
202200051967,4.05,22.39
202200052003,4.97,2.8
202200052019,1.92,34.6
202200052025,1.62,27.76
202200052061,5.48,19.52
202200052092,9.33,6.89
202200052142,15.64,29.03
202200052210,3.61,4.81
202200052213,6.1,7.62
202200052214,4.92,10.29
202200052215,5.5,7.82
202200052225,5.6,10.59
202200052230,6.42,2.43
202200052239,4.09,5.63
202200052257,9.14,12.74
202200052406,10.64,5.95
202200052422,7.96,17.82
202200052702,5.18,21.6
202200052717,5.83,12.93
202200052751,8.93,16.49
202200052781,9.62,10.11
202200052837,4.6,11.14
202200052893,1.59,5.29
202200052966,2.59,8.31
202200052974,6.73,36.43
202200052993,7.56,8.54
202200052997,5.68,7.89
202200053003,4.91,28.08
202200053023,2.34,17.66
202200053024,10.28,3.77
202200053053,4.97,9.87
202200053063,4.28,9.66
202200053069,2.2,9.25
202200053078,6.41,8.59
202200053083,3.76,6.37
202200053085,3.36,5.72
202200053087,6.3,9.16
202200053091,6.71,5.16
202200053107,2.98,9.12
202200053112,3.98,7.35
202200053122,4.42,11.15
202200053176,7.56,10.6
202200053186,3.86,4.22
202200053201,6.5,9.4
202200053266,6.16,4.48
202200053269,2.78,7.02
202200053301,5.24,17.62
202200053349,7.15,17.73
202200053470,9.32,41.1
202200053474,2.02,20.02
202200053499,5.37,5.37
202200053507,4.78,20.63
202200053512,3.12,11.79
202200053549,11.94,4.16
202200053574,5.14,3.87
202200053685,5.72,35.24
202200053709,6.02,6.66
202200053797,5.31,10.61
202200053925,3.88,13.17
202200053977,5.72,15.45
202200053997,5.06,6.51
202200054032,3.23,24.78
202200054142,6.88,9.32
202200054159,10.01,26.03
202200054190,13.7,23.05
202200054230,9.01,18.55
202200054232,4.89,4.09
202200054240,8.55,7.0
202200054258,8.07,9.64
202200054298,1.34,12.92
202200054304,10.71,38.74
202200054315,2.68,22.26
202200054317,7.42,6.54
202200054330,4.02,8.0
202200054339,4.1,2.82
202200054428,1.45,14.02
202200054431,4.66,28.69
202200054444,5.83,40.57
202200054459,1.52,19.2
202200054488,0.2,22.31
202200054494,8.48,20.39
202200054512,4.41,3.13
202200054523,3.71,6.63
202200054526,8.77,12.52
202200054571,9.13,28.26
202200054638,5.47,6.0
202200054663,2.1,7.03
202200054672,5.78,15.35
202200054685,5.08,18.95
202200054720,4.02,2.14
202200054884,4.67,12.28
202200054888,3.01,7.91
202200054905,4.65,11.11
202200054927,4.66,15.47
202200054950,8.63,5.02
202200055055,7.44,5.97
202200055061,5.37,4.85
202200055068,2.84,10.52
202200055077,4.72,10.11
202200055082,2.64,28.04
202200055090,3.58,32.33
202200055101,4.25,9.39
202200055174,2.55,8.9
202200055183,5.73,10.77
202200055200,10.08,13.97
202200055242,3.69,28.3
202200055258,2.98,6.4
202200055292,7.43,19.97
202200055302,3.2,7.89
202300000038,5.5,13.55
202300000141,3.63,26.5
202300000144,7.22,20.98
202300000151,0.95,9.09
202300000153,5.06,10.3
202300000155,4.45,9.5
202300000156,5.54,6.34
202300000158,6.46,34.98
202300000265,8.64,7.12
202300000272,5.6,4.32
202300000275,5.76,4.49
202300000316,4.98,5.91
202300000321,6.7,9.98
202300000350,3.03,25.66
202300000427,2.93,22.27
202300000569,8.18,4.68
202300000592,3.76,6.16
202300000593,8.3,3.47
202300000671,5.66,13.37
202300000703,4.79,8.25
202300000740,3.28,35.22
202300000766,5.52,9.68
202300000797,4.32,15.8
202300000825,7.15,9.35
202300000869,3.29,20.76
202300000874,3.02,21.37
202300000919,0.85,28.4
202300001002,5.54,32.74
202300001079,4.37,9.75
202300001090,4.14,10.87
202300001091,4.4,4.87
202300001094,2.5,7.66
202300001133,4.96,4.95
202300001166,5.97,9.21
202300001168,4.27,9.5
202300001183,4.51,7.5
202300001187,3.56,6.53
202300001196,4.66,18.75
202300001227,6.62,12.8
202300001235,8.26,4.33
202300001241,2.38,5.17
202300001343,3.12,5.07
202300001354,3.19,11.72
202300001358,5.74,7.08
202300001381,5.95,12.16
202300001451,2.15,32.58
202300001462,8.69,11.22
202300001485,2.26,24.33
202300001642,8.94,34.86
202300001643,5.76,8.12
202300001669,2.53,27.93
202300001682,6.84,19.85
202300001683,3.86,33.09
202300001712,6.14,10.04
202300001850,5.68,7.52
202300001855,4.08,10.81
202300001856,3.9,5.9
202300001939,8.94,14.52
202300001941,10.06,16.72
202300001943,7.55,24.64
202300001972,7.3,19.8
202300001979,5.4,16.18
202300001994,4.81,37.35
202300002099,10.79,24.26
202300002157,8.84,45.99
202300002210,13.1,23.54
202300002217,4.17,12.91
202300002218,2.78,7.82
202300002260,7.14,36.22
202300002384,3.96,8.29
202300002400,5.42,8.84
202300002401,2.46,10.08
202300002404,7.29,6.65
202300002408,4.35,34.12
202300002409,5.18,12.24
202300002430,2.28,12.28
202300002433,6.05,7.54
202300002444,2.35,6.79
202300002445,8.6,8.59
202300002447,8.46,3.53
202300002546,4.27,5.72
202300002575,6.71,3.92
202300002576,4.86,10.96
202300002578,3.85,11.7
202300002579,6.61,9.11
202300002583,10.78,6.02
202300002585,8.2,4.71
202300002638,2.3,8.34
202300002649,1.82,8.53
202300002651,8.08,38.91
202300002672,5.46,4.9
202300002878,6.0,21.85
202300002910,8.06,43.41
202300002943,6.52,23.38
202300002969,2.49,30.22
202300002975,4.61,29.01
202300002976,8.34,14.0
202300002981,9.28,33.59
202300002982,2.09,18.37
202300002985,7.81,35.52
202300002987,3.62,18.67
202300003001,17.34,16.65
202300003003,1.88,17.25
202300003016,3.28,36.14
202300003217,6.52,4.09
202300003219,5.76,10.07
202300003222,3.96,8.0
202300003224,5.16,6.4
202300003235,1.81,10.99
202300003247,4.59,2.72
202300003305,6.57,10.77
202300003311,4.01,8.84
202300003314,2.96,6.94
202300003316,10.39,3.56
202300003319,4.31,9.03
202300003323,3.73,8.06
202300003325,3.69,9.08
202300003331,4.96,3.08
202300003422,2.04,6.87
202300003479,6.37,4.88
202300003481,1.83,8.67
202300003487,5.6,7.01
202300003507,8.1,10.61
202300003509,3.78,6.91
202300003531,5.97,12.51
202300003546,9.01,20.86
202300003595,9.15,40.12
202300003603,11.12,30.37
202300003605,3.88,8.1
202300003639,2.18,31.07
202300003664,2.62,9.7
202300003668,5.06,7.15
202300003669,2.53,11.67
202300003671,12.08,14.91
202300003677,4.81,7.72
202300003680,7.8,7.42
202300003702,7.18,5.04
202300003707,3.55,21.98
202300003904,16.77,31.66
202300003918,7.03,37.08
202300003920,12.5,31.14
202300003955,3.68,16.58
202300003959,6.74,10.55
202300004049,5.68,9.05
202300004113,7.32,25.83
202300004181,7.03,4.07
202300004187,8.2,35.39
202300004205,6.21,8.12
202300004280,5.91,5.75
202300004315,1.12,2.75
202300004342,2.47,11.14
202300004354,6.72,9.82
202300004405,20.28,28.55
202300004440,2.28,7.66
202300004442,6.31,5.96
202300004549,12.04,20.02
202300004596,5.35,4.06
202300004603,3.98,8.1
202300004608,7.33,5.09
202300004612,6.2,7.81
202300004626,4.91,2.7
202300004698,6.16,3.49
202300004717,4.68,8.41
202300004872,8.96,28.55
202300004893,7.22,16.33
202300004930,6.35,8.47
202300004989,6.96,5.77
202300005120,7.77,9.72
202300005125,9.02,38.55
202300005132,7.22,15.15
202300005139,2.24,20.63
202300005149,39.63,35.19
202300005226,2.72,22.81
202300005396,5.38,36.77
202300005398,3.31,9.45
202300005401,7.87,9.53
202300005403,5.93,10.76
202300005404,3.33,33.93
202300005409,2.35,8.16
202300005411,10.41,3.65
202300005413,6.48,12.04
202300005414,0.68,7.48
202300005417,0.87,13.23
202300005418,2.46,7.84
202300005454,6.28,5.9
202300005612,4.89,12.52
202300005621,6.88,5.88
202300005639,11.14,12.3
202300005711,4.84,19.76
202300005834,5.61,9.23
202300005835,4.34,11.63
202300005836,6.22,8.07
202300005837,1.78,14.14
202300005853,5.34,4.06
202300005854,2.99,1.12
202300005875,15.6,46.93
202300005897,5.43,25.76
202300006041,6.92,13.13
202300006043,6.39,4.53
202300006045,4.21,4.28
202300006046,7.18,5.82
202300006052,5.22,4.76
202300006055,6.2,5.92
202300006068,3.52,28.05
202300006072,2.46,3.91
202300006167,5.19,37.4
202300006169,8.22,33.96
202300006200,4.72,6.31
202300006204,4.19,3.4
202300006207,7.12,23.61
202300006208,5.14,33.74
202300006212,10.71,4.26
202300006219,3.32,10.38
202300006418,11.87,28.3
202300006434,6.34,6.13
202300006487,5.29,3.89
202300006500,4.81,14.16
202300006567,4.86,8.91
202300006594,6.52,14.78
202300006596,4.18,36.85
202300006638,5.23,10.72
202300006642,7.73,11.66
202300006643,4.8,11.72
202300006654,11.38,23.13
202300006657,5.65,10.84
202300006660,7.54,9.35
202300006739,7.88,8.34
202300006749,4.44,20.48
202300006752,9.09,16.55
202300006793,8.2,5.76
202300006799,5.06,8.78
202300006871,4.42,4.47
202300006876,3.28,17.32
202300007107,3.2,22.0
202300007182,4.08,23.33
202300007254,4.52,16.31
202300007320,2.79,10.73
202300007322,4.52,2.2
202300007324,3.04,13.82
202300007326,5.05,4.98
202300007333,7.37,8.74
202300007335,8.88,2.39
202300007430,7.81,20.8
202300007432,2.43,3.7
202300007577,7.15,13.99
202300007578,13.0,29.72
202300007588,4.1,15.53
202300007653,3.95,11.0
202300007654,3.64,7.89
202300007655,8.66,2.43
202300007659,7.31,3.91
202300007703,6.99,32.59
202300007794,5.8,12.3
202300007864,3.22,1.94
202300007868,4.47,34.04
202300007875,9.4,17.03
202300007975,5.39,34.85
202300007978,5.43,14.51
202300007991,7.8,26.6
202300007997,5.46,5.27
202300008042,5.5,11.76
202300008051,5.72,7.82
202300008056,8.19,7.34
202300008062,10.8,8.92
202300008064,4.99,11.72
202300008068,5.23,6.57
202300008071,6.64,5.5
202300008078,8.46,10.58
202300008085,2.43,6.75
202300008104,6.15,6.61
202300008125,5.61,8.35
202300008295,0.59,28.98
202300008310,5.29,19.53
202300008325,8.8,24.83
202300008344,11.53,32.38
202300008349,5.79,5.49
202300008351,7.68,3.29
202300008382,3.33,4.06
202300008483,3.46,36.32
202300008502,9.7,28.95
202300008572,3.37,15.48
202300008638,7.98,12.85
202300008665,10.38,35.52
202300008740,13.62,42.56
202300008742,2.44,3.64
202300008746,8.67,3.77
202300008756,4.91,6.52
202300008763,4.47,19.14
202300008764,3.47,5.53
202300008768,9.25,7.29
202300008814,16.51,30.47
202300008821,9.31,7.76
202300008824,1.8,27.54
202300008837,9.35,7.19
202300008842,1.49,22.74
202300008846,7.59,4.37
202300008851,3.61,15.11
202300008887,4.56,5.5
202300008937,4.05,23.79
202300008950,7.9,5.94
202300009010,15.58,20.2
202300009023,10.11,5.72
202300009033,2.32,17.62
202300009059,5.52,9.69
202300009064,3.7,10.77
202300009065,1.26,25.35
202300009093,7.62,9.98
202300009205,4.42,3.62
202300009209,6.21,9.07
202300009213,3.87,11.61
202300009351,10.23,18.13
202300009423,4.42,6.89
202300009464,10.52,27.32
202300009492,4.95,11.11
202300009551,4.64,2.31
202300009553,6.88,8.18
202300009555,6.87,7.93
202300009561,8.32,1.83
202300009563,3.96,10.68
202300009641,6.23,5.31
202300009643,7.25,8.24
202300009648,4.74,7.04
202300009673,2.31,8.52
202300009772,5.3,7.4
202300009773,9.36,11.48
202300009774,4.64,9.49
202300009776,4.0,8.59
202300009777,4.47,6.87
202300009868,5.14,3.85
202300009875,3.06,7.38
202300009901,9.55,37.9
202300009903,3.17,19.71
202300009928,2.76,28.35
202300009931,2.91,7.69
202300009987,8.2,8.66
202300010013,5.61,9.6
202300010022,3.36,8.48
202300010024,3.9,5.9
202300010030,4.0,4.47
202300010082,9.96,33.3
202300010199,7.85,2.53
202300010221,7.31,14.0
202300010224,7.63,9.72
202300010235,1.9,29.71
202300010330,5.36,18.85
202300010392,0.87,13.23
202300010395,7.11,11.23
202300010401,5.12,7.41
202300010405,6.42,30.64
202300010430,5.28,5.28
202300010477,10.23,9.38
202300010487,5.41,34.02
202300010498,4.42,11.15
202300010503,2.72,6.26
202300010548,5.36,24.76
202300010607,6.28,15.88
202300010652,7.8,8.19
202300010664,2.37,6.6
202300010669,7.77,4.62
202300010691,6.13,21.98
202300010714,9.52,6.37
202300010719,2.22,1.23
202300010722,5.41,4.14
202300010726,6.55,5.85
202300010760,20.25,28.53
202300010775,2.33,21.6
202300011050,6.66,3.31
202300011066,2.83,9.54
202300011069,5.25,7.3
202300011236,10.8,23.03
202300011246,9.29,13.4
202300011363,4.51,4.36
202300011365,5.45,6.85
202300011366,5.66,11.22
202300011405,6.38,7.2
202300011465,11.16,11.52
202300011469,12.28,22.09
202300011580,8.38,14.04
202300011583,4.65,20.05
202300011597,1.35,20.21
202300011624,6.11,6.7
202300011630,2.38,7.14
202300011632,3.68,8.41
202300011633,8.74,6.04
202300011656,4.28,9.59
202300011658,9.75,7.54
202300011662,4.16,8.25
202300011796,4.25,30.0
202300011884,3.94,5.94
202300011943,2.72,7.68
202300011944,4.94,6.4
202300011978,8.03,7.33
202300011995,4.4,10.27
202300011998,7.61,10.22
202300012030,4.47,24.98
202300012049,4.87,4.92
202300012128,4.21,9.63
202300012150,5.79,5.28
202300012225,3.9,6.0
202300012243,6.1,9.6
202300012252,5.09,12.17
202300012288,4.85,5.88
202300012292,1.68,19.52
202300012293,7.25,12.4
202300012302,10.3,16.06
202300012358,3.08,16.62
202300012381,2.68,9.72
202300012391,2.16,14.14
202300012470,2.4,8.97
202300012474,5.89,6.88
202300012478,2.51,12.84
202300012483,14.16,7.22
202300012494,3.02,8.26
202300012502,9.44,16.61
202300012505,3.01,22.6
202300012522,5.34,6.68
202300012565,12.24,24.22
202300012570,10.33,14.75
202300012579,3.3,3.77
202300012585,5.37,4.36
202300012622,6.77,9.42
202300012626,2.38,7.15
202300012687,4.35,8.68
202300012691,3.11,11.48
202300012721,7.14,7.77
202300012853,4.93,4.39
202300012856,7.68,8.6
202300012861,3.19,6.38
202300012866,6.25,7.78
202300012871,5.52,7.49
202300012874,10.44,10.32
202300012891,6.65,3.3
202300012895,2.93,9.48
202300013003,5.32,22.92
202300013009,10.12,14.65
202300013030,3.19,10.79
202300013032,2.25,2.94
202300013045,2.54,35.65
202300013060,6.9,17.82
202300013094,3.82,9.51
202300013173,1.2,11.3
202300013175,8.53,1.85
202300013179,8.03,4.54
202300013203,3.94,2.86
202300013343,5.73,25.4
202300013349,7.99,8.58
202300013423,6.92,28.18
202300013454,8.34,12.65
202300013462,6.89,8.48
202300013557,4.76,6.07
202300013614,7.44,2.97
202300013615,5.55,10.54
202300013651,12.67,19.16
202300013713,4.64,29.9
202300013958,1.0,35.62
202300013995,4.55,44.45
202300013996,7.62,13.34
202300014042,8.96,31.07
202300014044,6.13,4.38
202300014052,4.15,21.77
202300014065,12.85,15.16
202300014068,11.88,25.48
202300014069,14.51,26.03
202300014073,5.71,5.71
202300014087,7.81,33.41
202300014102,4.49,15.59
202300014116,3.92,43.45
202300014189,9.0,9.0
202300014427,11.52,26.79
202300014428,6.4,13.72
202300014459,3.44,13.24
202300014465,4.09,8.6
202300014467,10.44,3.58
202300014482,8.26,10.91
202300014513,4.95,13.36
202300014515,8.0,13.37
202300014516,9.12,8.67
202300014517,6.15,31.85
202300014518,5.48,12.55
202300014519,6.7,34.41
202300014523,6.25,14.93
202300014536,4.39,8.98
202300014543,8.02,17.29
202300014549,5.97,11.57
202300014553,2.86,8.56
202300014565,6.5,8.52
202300014709,5.91,15.45
202300014722,10.16,25.63
202300014788,2.79,7.67
202300014813,5.12,17.33
202300014836,8.6,27.21
202300014840,7.86,15.6
202300014876,2.76,21.63
202300015017,4.6,11.14
202300015023,1.84,10.44
202300015037,8.92,6.24
202300015070,9.56,33.09
202300015081,36.42,24.1
202300015153,5.7,20.28
202300015162,5.62,12.78
202300015179,8.0,11.6
202300015180,4.5,31.54
202300015220,3.78,4.28
202300015325,4.67,26.35
202300015391,7.19,8.28
202300015404,5.9,2.64
202300015407,3.52,2.82
202300015411,6.41,6.4
202300015422,0.5,20.2
202300015468,3.45,9.59
202300015534,6.6,7.46
202300015535,3.86,6.0
202300015536,6.15,9.28
202300015546,5.42,3.55
202300015600,7.25,10.74
202300015616,13.23,20.98
202300015630,8.12,10.99
202300015638,12.8,19.29
202300015671,2.18,4.94
202300015689,10.1,10.69
202300015698,2.79,14.78
202300015699,2.75,19.92
202300015752,2.84,9.2
202300015965,5.05,34.16
202300015968,4.24,13.92
202300015971,9.35,17.62
202300015991,4.46,9.84
202300016002,15.21,20.94
202300016007,10.33,22.55
202300016016,8.23,6.12
202300016019,7.07,40.09
202300016046,4.6,7.01
202300016051,6.58,35.1
202300016063,9.39,9.38
202300016064,8.96,8.96
202300016068,5.82,14.68
202300016073,2.83,17.44
202300016077,0.53,28.44
202300016098,9.56,6.45
202300016099,4.71,31.04
202300016114,2.34,37.24
202300016116,9.16,5.7
202300016221,7.42,1.79
202300016396,2.73,3.7
202300016417,4.7,11.35
202300016423,2.93,11.22
202300016503,4.75,15.0
202300016507,7.98,31.35
202300016509,5.95,4.29
202300016510,3.11,39.31
202300016525,4.5,29.86
202300016608,5.13,6.15
202300016613,25.43,19.22
202300016701,5.46,13.99
202300016846,4.86,44.08
202300016847,4.94,5.43
202300016849,3.79,8.12
202300016871,3.24,5.5
202300016966,2.49,9.57
202300017079,9.22,18.38
202300017089,7.43,13.22
202300017098,5.72,16.54
202300017105,9.46,9.46
202300017113,11.52,8.27
202300017205,7.52,25.82
202300017215,4.99,16.08
202300017232,3.87,20.8
202300017289,4.35,4.11
202300017291,4.41,9.0
202300017298,5.36,5.82
202300017301,4.65,13.33
202300017338,8.22,16.64
202300017352,7.11,14.61
202300017353,5.42,31.91
202300017447,4.27,9.25
202300017448,5.82,8.33
202300017456,4.68,3.69
202300017594,5.29,4.77
202300017648,7.74,27.9
202300017652,9.2,21.43
202300017655,5.99,33.65
202300017693,4.16,12.83
202300017739,3.7,23.84
202300017786,5.38,3.96
202300017814,5.03,32.84
202300017846,6.91,18.83
202300017878,6.48,12.04
202300017882,2.97,10.04
202300017883,5.39,9.73
202300018011,7.34,4.96
202300018037,11.58,42.39
202300018045,3.02,6.97
202300018089,10.92,30.33
202300018159,5.11,32.41
202300018166,3.48,8.45
202300018169,7.47,8.1
202300018190,4.96,14.05
202300018321,2.6,25.46
202300018369,10.89,23.11
202300018375,3.71,16.35
202300018400,5.95,5.66
202300018408,6.03,2.34
202300018410,5.65,11.88
202300018467,6.21,8.36
202300018487,3.93,5.7
202300018493,11.1,6.15
202300018574,2.45,11.59
202300018579,7.35,10.65
202300018588,5.39,11.53
202300018640,7.11,41.34
202300018746,5.25,7.34
202300018755,3.77,7.88
202300018759,9.88,3.31
202300018761,5.96,9.3
202300018764,5.42,8.83
202300018767,4.78,11.5
202300018786,6.87,5.6
202300018798,7.53,9.64
202300018916,5.28,10.94
202300018931,3.22,13.21
202300018937,4.38,4.73
202300018994,1.19,22.02
202300019020,4.84,4.5
202300019027,2.92,31.33
202300019081,1.02,28.73
202300019138,8.15,8.14
202300019145,3.74,8.94
202300019147,5.66,8.01
202300019203,18.87,25.12
202300019320,3.45,5.88
202300019323,1.25,8.12
202300019360,2.52,37.65
202300019361,2.64,23.93
202300019362,4.06,11.29
202300019389,7.91,9.94
202300019401,8.7,25.11
202300019646,10.61,3.84
202300019648,4.76,10.24
202300019667,6.55,9.97
202300019738,4.67,14.38
202300019745,8.39,20.61
202300019750,32.95,45.51
202300019777,8.4,24.21
202300019802,7.62,6.98
202300019815,5.21,7.28
202300019850,6.48,10.3
202300019851,8.14,4.98
202300019866,7.79,6.52
202300019910,8.43,9.66
202300020004,2.23,5.65
202300020022,4.32,16.08
202300020087,9.41,25.45
202300020127,0.93,20.28
202300020167,6.66,28.67
202300020170,6.9,23.38
202300020175,7.68,7.11
202300020177,10.17,3.68
202300020184,6.06,17.96
202300020188,5.65,14.26
202300020281,1.21,24.9
202300020298,2.82,7.72
202300020405,7.71,9.1
202300020410,4.89,6.72
202300020413,5.35,13.83
202300020437,2.97,25.79
202300020466,6.1,8.52
202300020493,6.28,11.84
202300020497,4.61,6.91
202300020499,9.96,3.92
202300020538,2.88,11.4
202300020541,3.3,8.11
202300020550,6.91,3.42
202300020553,5.34,12.45
202300020560,3.58,9.94
202300020561,7.02,7.82
202300020565,6.23,8.26
202300020660,5.28,11.21
202300020669,7.68,9.63
202300020671,2.28,16.44
202300020673,9.21,6.98
202300020834,4.91,16.15
202300020928,1.97,2.27
202300020932,2.75,12.83
202300020937,5.04,10.16
202300020961,3.86,7.59
202300020979,13.88,32.17
202300021144,6.68,46.7
202300021145,8.59,34.91
202300021153,7.15,20.0
202300021158,6.87,13.54
202300021172,15.14,16.12
202300021205,9.31,10.59
202300021271,7.26,24.02
202300021373,5.36,27.14
202300021396,6.47,8.57
202300021398,5.22,8.65
202300021402,3.05,32.9
202300021403,5.02,21.57
202300021404,8.2,15.75
202300021405,4.51,2.11
202300021406,2.26,7.3
202300021407,11.18,5.39
202300021408,11.01,39.95
202300021418,3.67,7.32
202300021478,6.72,35.23
202300021555,5.6,10.59
202300021569,6.59,6.94
202300021588,2.83,0.73
202300021627,9.57,28.8
202300021691,11.11,18.87
202300021780,4.35,22.8
202300021923,6.28,17.62
202300021949,8.08,32.67
202300021958,6.42,2.95
202300021962,5.47,8.26
202300021965,2.44,6.8
202300021969,9.34,3.3
202300021998,5.6,7.44
202300022000,5.75,12.53
202300022004,9.46,6.82
202300022013,5.6,10.59
202300022016,8.68,7.12
202300022118,6.1,3.19
202300022126,2.06,8.93
202300022154,5.03,5.33
202300022160,4.9,34.33
202300022164,1.5,9.11
202300022173,7.67,7.57
202300022177,7.36,3.77
202300022214,5.62,6.08
202300022249,2.29,10.87
202300022311,6.39,24.71
202300022351,14.88,12.32
202300022384,2.39,23.93
202300022387,2.85,36.08
202300022407,4.3,15.08
202300022408,6.66,9.89
202300022526,4.12,10.84
202300022594,11.39,9.51
202300022616,8.74,32.98
202300022651,3.38,9.75
202300022724,31.96,44.51
202300022754,2.23,6.78
202300022757,5.16,6.04
202300022761,4.25,10.98
202300022764,3.99,11.83
202300022805,4.03,12.31
202300022811,5.0,8.22
202300022816,3.99,5.39
202300022818,3.48,9.72
202300022821,6.65,32.73
202300022828,9.08,7.57
202300022861,5.64,9.81
202300022862,4.58,9.18
202300022864,3.47,9.16
202300022865,6.49,10.7
202300022870,4.57,4.41
202300022877,9.97,3.95
202300022879,6.02,8.49
202300022908,3.23,9.66
202300022983,4.94,27.29
202300023000,6.26,37.74
202300023089,5.61,10.16
202300023228,5.53,6.68
202300023230,4.84,6.11
202300023232,5.6,9.71
202300023250,6.74,27.53
202300023296,5.25,27.8
202300023329,2.15,10.53
202300023330,10.74,23.49
202300023339,7.15,6.26
202300023345,12.32,10.82
202300023365,2.92,13.31
202300023447,6.53,8.63
202300023449,5.32,8.02
202300023531,4.22,23.12
202300023633,4.84,5.15
202300023637,9.8,7.0
202300023642,6.08,5.57
202300023958,3.58,9.15
202300023965,11.61,12.49
202300023981,3.35,8.94
202300023985,7.26,3.77
202300023988,4.3,6.3
202300023994,5.56,14.09
202300023997,2.56,6.68
202300024000,7.99,7.9
202300024006,8.29,4.1
202300024105,2.62,16.56
202300024113,3.25,30.67
202300024114,5.05,10.21
202300024116,4.88,6.39
202300024118,7.67,19.68
202300024208,3.46,7.67
202300024213,5.7,6.06
202300024264,2.81,25.85
202300024271,8.03,9.61
202300024302,4.63,34.96
202300024313,4.45,20.93
202300024315,2.12,14.62
202300024336,7.97,9.38
202300024340,4.07,18.32
202300024346,5.52,9.24
202300024350,5.26,22.72
202300024360,17.95,23.63
202300024388,3.89,35.9
202300024392,4.78,19.7
202300024409,2.36,18.7
202300024538,5.22,2.58
202300024542,2.74,8.44
202300024553,2.64,5.57
202300024698,4.18,9.49
202300024701,4.04,10.77
202300024712,1.57,30.64
202300024757,1.8,3.64
202300024797,2.03,1.29
202300024800,1.0,11.71
202300024809,6.41,7.89
202300024811,7.08,5.57
202300024815,3.3,8.63
202300024818,5.34,9.04
202300024821,10.8,8.92
202300024947,6.88,18.68
202300024953,6.86,7.92
202300025033,8.7,6.48
202300025097,3.79,11.24
202300025178,5.1,12.15
202300025183,8.82,9.89
202300025184,3.08,7.11
202300025185,3.62,5.64
202300025200,4.07,6.59
202300025323,10.73,12.91
202300025356,1.31,14.08
202300025362,10.94,7.44
202300025542,9.16,37.53
202300025551,6.57,10.71
202300025554,7.0,5.57
202300025561,3.81,9.4
202300025562,4.99,6.45
202300025570,5.94,21.33
202300025572,8.98,21.62
202300025579,8.24,8.23
202300025580,7.56,16.89
202300025581,5.26,9.58
202300025582,7.86,14.93
202300025584,10.34,13.03
202300025667,11.57,19.76
202300025689,4.48,8.78
202300025717,6.81,11.71
202300025725,7.15,11.37
202300025728,4.72,11.45
202300025731,7.8,4.51
202300025732,6.87,28.78
202300025737,4.89,9.31
202300025748,5.51,15.34
202300025877,4.53,8.35
202300025934,4.69,4.68
202300025938,8.01,8.0
202300025947,8.61,4.42
202300026000,5.88,5.37
202300026026,4.99,33.47
202300026045,5.27,17.06
202300026067,14.81,24.43
202300026171,6.34,16.04
202300026189,11.68,11.44
202300026199,0.68,22.27
202300026204,1.92,15.65
202300026224,5.68,15.37
202300026293,4.1,1.94
202300026316,6.43,9.02
202300026443,5.13,7.87
202300026459,5.3,4.03
202300026611,6.02,4.1
202300026613,6.57,5.03
202300026625,7.99,7.9
202300026629,9.37,6.57
202300026631,2.27,6.68
202300026634,4.5,8.62
202300026713,8.38,27.42
202300026722,7.92,17.26
202300026742,6.71,26.79
202300026744,0.34,18.8
202300026868,6.07,11.14
202300026877,4.01,7.7
202300026879,1.89,7.49
202300026908,5.76,8.52
202300026931,13.07,20.1
202300026943,9.83,11.67
202300026994,7.94,7.67
202300027063,5.51,30.85
202300027073,2.74,8.03
202300027150,8.39,30.54
202300027213,3.88,22.93
202300027220,5.33,27.66
202300027239,5.22,20.76
202300027344,3.6,6.43
202300027345,6.56,11.46
202300027387,6.5,3.03
202300027426,5.46,7.3
202300027427,6.18,7.87
202300027429,10.4,4.73
202300027487,2.88,6.48
202300027522,7.23,26.92
202300027530,12.79,26.43
202300027590,1.47,18.99
202300027664,7.92,21.04
202300027730,5.82,9.62
202300027738,6.72,5.49
202300027740,5.3,7.15
202300027744,5.56,7.08
202300027756,3.21,8.96
202300027761,6.4,5.57
202300027768,3.87,10.52
202300027883,1.65,2.94
202300027943,4.72,15.6
202300028063,6.2,19.15
202300028102,3.53,28.28
202300028130,7.36,19.27
202300028178,3.56,23.44
202300028180,2.61,4.56
202300028187,1.84,24.75
202300028192,11.49,19.95
202300028218,3.72,18.71
202300028403,5.99,7.22
202300028465,4.05,8.78
202300028484,2.27,9.35
202300028497,6.64,5.95
202300028507,0.41,10.66
202300028518,6.44,21.06
202300028640,11.21,24.67
202300028692,3.97,2.08
202300028756,7.6,14.27
202300028806,9.53,32.22
202300028818,6.75,3.29
202300028830,9.3,9.93
202300028851,2.36,8.08
202300028937,6.1,8.59
202300028941,3.11,11.62
202300029032,5.62,19.82
202300029033,9.54,27.3
202300029040,3.9,18.25
202300029075,3.77,9.65
202300029076,5.0,10.57
202300029154,7.25,26.37
202300029182,6.23,21.76
202300029188,3.74,20.79
202300029232,3.07,11.55
202300029284,8.98,21.7
202300029288,12.17,32.2
202300029320,6.64,12.96
202300029349,3.44,10.85
202300029366,5.51,10.8
202300029434,6.84,26.38
202300029456,2.07,6.16
202300029473,9.82,9.81
202300029507,7.5,31.82
202300029557,5.83,25.06
202300029632,7.32,7.44
202300029650,3.46,21.18
202300029655,1.82,34.63
202300029662,7.16,23.24
202300029784,4.47,10.4
202300029789,4.82,10.18
202300029791,10.84,32.01
202300029851,2.25,7.64
202300029856,2.96,10.97
202300029882,5.01,3.51
202300029886,2.08,11.91
202300030028,5.26,9.68
202300030095,2.32,10.61
202300030226,4.79,47.21
202300030298,7.34,8.69
202300030364,0.86,11.57
202300030368,5.65,10.91
202300030371,7.24,6.45
202300030381,2.31,6.64
202300030384,5.46,5.74
202300030387,5.43,5.74
202300030391,4.24,7.96
202300030394,7.14,6.95
202300030396,9.2,6.6
202300030399,3.91,8.02
202300030401,8.5,8.41
202300030403,6.54,38.03
202300030424,3.96,9.15
202300030427,2.91,7.24
202300030434,4.27,2.4
202300030456,3.01,5.17
202300030585,3.6,17.44
202300030646,1.31,14.32
202300030668,4.24,41.82
202300030673,3.51,9.8
202300030679,12.41,33.67
202300030680,6.33,10.18
202300030683,6.35,1.92
202300030700,8.58,3.61
202300030881,6.09,16.61
202300030884,7.45,22.87
202300030963,8.23,11.8
202300030972,4.42,4.77
202300030974,3.37,10.78
202300030975,5.34,9.03
202300030977,6.5,3.01
202300031026,4.58,35.22
202300031027,1.96,22.06
202300031084,5.81,7.83
202300031089,4.25,8.98
202300031148,2.58,10.45
202300031252,5.24,9.39
202300031253,3.2,14.21
202300031350,4.07,5.0
202300031392,8.71,37.62
202300031394,10.49,33.16
202300031417,11.57,8.75
202300031470,4.5,19.54
202300031473,4.08,12.04
202300031489,5.49,22.11
202300031563,4.17,5.29
202300031564,6.48,12.04
202300031566,5.99,38.85
202300031577,3.79,7.2
202300031579,5.33,4.5
202300031581,8.35,7.97
202300031585,8.04,10.55
202300031696,7.96,26.27
202300031745,3.26,6.73
202300031756,3.56,19.41
202300031764,9.75,5.34
202300031791,4.36,17.33
202300031841,7.46,7.44
202300031849,5.86,19.27
202300032047,5.28,12.11
202300032054,9.9,21.44
202300032056,5.66,9.36
202300032062,7.37,36.74
202300032088,2.19,2.25
202300032133,7.81,12.93
202300032137,4.44,9.34
202300032138,3.51,9.1
202300032163,5.76,9.0
202300032185,10.45,10.2
202300032198,8.62,10.74
202300032279,2.93,7.18
202300032284,4.77,9.27
202300032319,5.25,7.75
202300032322,6.2,5.6
202300032325,5.56,10.46
202300032327,4.75,6.27
202300032333,3.02,7.23
202300032500,10.42,27.35
202300032596,18.37,27.99
202300032600,5.36,10.97
202300032679,8.67,15.11
202300032684,2.43,31.51
202300032733,8.8,8.64
202300032825,2.44,7.77
202300032827,5.92,10.03
202300032829,11.05,9.17
202300032833,1.38,3.0
202300032888,2.92,7.18
202300032889,7.12,9.26
202300032892,6.26,5.74
202300032911,8.56,8.18
202300032938,9.05,12.05
202300033041,3.77,11.0
202300033042,2.25,11.01
202300033069,9.88,9.16
202300033213,6.1,11.19
202300033216,9.29,3.13
202300033217,2.1,8.8
202300033388,4.48,9.37
202300033389,4.36,7.39
202300033394,6.93,5.23
202300033406,5.24,8.07
202300033467,8.33,24.36
202300033505,12.56,15.96
202300033507,4.14,19.37
202300033619,4.05,23.12
202300033635,8.93,19.43
202300033646,7.97,11.05
202300033648,3.48,9.7
202300033658,3.13,16.43
202300033667,2.62,35.48
202300033682,7.53,24.23
202300033703,3.16,8.57
202300033744,7.09,8.84
202300033745,6.76,28.11
202300033751,6.1,21.77
202300033782,1.23,2.84
202300033786,1.97,37.74
202300033791,10.92,11.39
202300033801,4.6,7.61
202300033816,4.3,35.08
202300033821,8.46,1.82
202300033825,3.62,7.87
202300033853,6.46,6.92
202300033927,6.41,4.24
202300033932,10.56,11.05
202300033979,3.49,26.1
202300033981,19.54,39.01
202300034018,6.44,19.45
202300034022,11.92,38.43
202300034030,15.84,37.06
202300034046,2.81,28.77
202300034135,1.52,10.25
202300034167,8.43,3.33
202300034196,7.08,24.3
202300034252,0.79,22.07
202300034262,8.06,25.83
202300034267,6.14,35.12
202300034281,7.29,15.06
202300034290,8.38,8.46
202300034370,6.38,3.72
202300034378,4.33,7.54
202300034380,8.46,8.38
202300034383,6.79,4.51
202300034387,6.47,31.04
202300034437,5.04,22.56
202300034453,12.73,31.33
202300034502,6.38,10.19
202300034505,2.18,7.99
202300034518,7.98,10.6
202300034583,3.17,28.97
202300034596,13.3,42.53
202300034597,9.81,28.42
202300034635,5.73,25.7
202300034732,4.06,9.28
202300034757,4.69,11.04
202300034764,2.79,13.83
202300034765,6.15,35.17
202300034841,5.12,12.17
202300034842,8.16,36.36
202300034858,5.07,14.42
202300034886,11.32,42.65
202300034902,4.6,16.52
202300034992,8.05,3.95
202300035007,2.55,2.54
202300035010,3.79,4.25
202300035019,6.19,7.89
202300035028,4.03,7.87
202300035030,4.94,9.05
202300035053,3.16,4.39
202300035131,4.38,4.84
202300035181,2.3,27.57
202300035273,1.75,29.07
202300035360,3.35,9.57
202300035361,6.48,10.29
202300035362,6.88,6.8
202300035372,8.12,8.59
202300035373,5.95,4.74
202300035374,3.31,2.37
202300035380,10.92,9.58
202300035381,6.46,8.98
202300035424,5.09,8.29
202300035441,3.11,1.23
202300035543,3.1,7.19
202300035576,5.77,5.25
202300035584,4.84,11.76
202300035616,8.72,6.97
202300035650,5.14,7.68
202300035756,9.98,28.4
202300035760,7.01,27.16
202300035853,10.84,8.63
202300035856,5.44,20.04
202300035885,4.74,33.57
202300035895,5.38,12.05
202300035898,2.67,11.49
202300035902,5.15,6.06
202300035927,9.74,23.2
202300035928,11.81,31.59
202300035983,5.64,6.06
202300035989,4.4,11.47
202300036001,9.05,7.5
202300036006,9.26,11.14
202300036044,11.52,43.29
202300036080,19.91,26.75
202300036161,2.76,4.22
202300036166,3.66,22.27
202300036193,8.99,32.0
202300036385,8.18,29.45
202300036454,8.66,23.72
202300036458,5.36,10.97
202300036537,3.75,11.86
202300036541,10.17,8.74
202300036542,4.13,11.23
202300036543,4.89,9.0
202300036549,1.8,2.19
202300036551,2.86,3.32
202300036632,8.46,10.38
202300036633,10.18,23.65
202300036668,5.55,35.61
202300036700,4.74,10.64
202300036701,4.28,12.37
202300036747,2.26,7.21
202300036749,4.75,7.17
202300036750,2.68,6.3
202300036751,3.39,9.15
202300036909,4.05,41.55
202300036924,1.41,9.0
202300036945,4.67,13.58
202300036948,3.23,12.34
202300036950,4.06,13.56
202300036958,7.92,4.43
202300036961,7.14,9.16
202300036964,3.81,10.53
202300036992,26.36,20.15
202300037006,11.9,15.53
202300037027,3.54,20.59
202300037125,0.72,9.9
202300037130,3.49,8.92
202300037132,3.8,9.69
202300037149,4.24,6.75
202300037176,8.53,28.18
202300037274,6.21,3.95
202300037276,9.1,4.13
202300037319,18.95,28.57
202300037339,13.38,17.99
202300037417,4.67,10.51
202300037418,2.49,9.57
202300037419,7.04,5.18
202300037423,10.71,2.65
202300037435,8.94,3.97
202300037436,11.34,7.49
202300037440,6.56,7.59
202300037577,6.18,9.15
202300037581,2.15,9.99
202300037584,5.93,10.82
202300037587,1.82,10.79
202300037590,8.68,7.83
202300037600,3.75,9.61
202300037611,2.21,9.26
202300037648,6.18,6.16
202300037650,9.25,9.41
202300037822,2.08,10.5
202300037829,4.44,16.13
202300037832,3.94,5.94
202300037857,4.3,4.35
202300037859,2.26,18.22
202300037872,8.77,11.42
202300037906,12.04,45.98
202300037928,5.98,7.95
202300037995,9.5,31.35
202300037999,9.76,19.6
202300038025,9.65,21.56
202300038107,5.6,7.37
202300038147,5.28,9.88
202300038168,0.46,20.37
202300038218,11.62,23.63
202300038254,8.51,33.91
202300038255,7.63,34.02
202300038283,5.44,7.19
202300038287,9.03,3.42
202300038377,8.35,35.64
202300038402,8.22,18.22
202300038405,6.47,28.62
202300038406,7.86,19.38
202300038414,5.34,27.96
202300038438,4.81,6.62
202300038442,9.59,16.26
202300038462,2.94,12.26
202300038465,4.7,18.72
202300038520,3.18,8.08
202300038528,3.44,10.43
202300038533,3.03,7.03
202300038535,5.0,32.2
202300038548,5.97,7.46
202300038613,3.69,38.98
202300038658,9.71,1.9
202300038665,7.81,4.93
202300038670,3.53,3.99
202300038675,3.45,21.17
202300038700,3.62,9.57
202300038755,6.64,14.16
202300038786,7.04,6.77
202300038938,5.17,11.26
202300038940,6.36,3.44
202300038986,5.98,3.61
202300038989,6.55,8.67
202300038991,6.48,10.29
202300039151,2.77,2.82
202300039207,3.1,32.56
202300039208,6.64,35.92
202300039222,3.81,22.49
202300039223,2.72,16.02
202300039281,5.01,10.74
202300039282,8.34,7.46
202300039285,4.77,4.75
202300039286,9.2,3.12
202300039295,3.5,36.3
202300039372,8.57,6.35
202300039373,6.98,5.02
202300039381,8.81,8.8
202300039490,14.45,15.76
202300039502,3.71,8.44
202300039513,7.17,19.23
202300039515,1.56,23.23
202300039537,5.93,3.83
202300039588,8.59,10.88
202300039618,3.05,4.5
202300039682,3.94,18.34
202300039690,6.99,29.12
202300039755,6.88,12.86
202300039768,3.46,6.09
202300039778,6.8,8.65
202300039782,6.27,4.46
202300039788,5.35,10.92
202300039790,5.64,5.02
202300039792,3.6,9.79
202300039910,10.44,3.58
202300039912,9.81,3.14
202300039913,8.05,7.61
202300039915,8.09,9.6
202300039940,8.9,12.61
202300040068,3.51,9.02
202300040080,3.12,6.77
202300040134,7.72,7.71
202300040154,6.33,3.96
202300040345,4.97,5.44
202300040460,10.36,22.58
202300040563,4.84,4.84
202300040657,3.68,5.78
202300040670,10.97,12.2
202300040684,8.58,8.57
202300040742,4.22,17.47
202300040749,6.01,30.6
202300040768,4.91,6.06
202300040770,8.31,2.07
202300040773,3.48,6.11
202300040775,5.54,12.64
202300040776,4.29,7.72
202300040778,5.25,11.28
202300040780,4.32,7.7
202300040782,8.75,6.53
202300040796,10.18,10.18
202300040902,4.72,12.0
202300040903,2.48,8.48
202300040905,5.76,7.6
202300040913,4.58,8.8
202300040918,9.44,6.41
202300040921,3.27,8.73
202300040983,21.27,33.43
202300041034,5.28,14.6
202300041046,5.64,9.85
202300041047,3.81,10.54
202300041049,3.56,9.69
202300041059,3.58,2.77
202300041128,6.56,30.56
202300041129,5.89,29.89
202300041130,7.22,3.63
202300041131,2.12,6.93
202300041152,11.16,39.44
202300041189,7.33,33.55
202300041309,5.99,9.32
202300041311,4.28,8.01
202300041312,8.75,5.8
202300041313,5.11,7.04
202300041314,4.43,11.16
202300041386,6.81,2.57
202300041388,2.98,26.08
202300041402,5.88,14.56
202300041408,8.22,15.97
202300041429,9.98,14.54
202300041510,8.26,13.97
202300041563,2.72,3.71
202300041566,6.1,12.08
202300041567,3.05,8.43
202300041575,4.46,7.86
202300041678,3.32,9.46
202300041684,0.95,20.29
202300041703,5.58,4.31
202300041770,5.08,13.5
202300041776,3.99,8.14
202300041779,8.7,35.3
202300041803,7.62,5.18
202300041806,2.78,14.78
202300041890,6.15,18.02
202300041922,4.85,23.04
202300041932,6.7,34.87
202300041934,16.93,31.59
202300042013,8.44,4.43
202300042027,12.65,13.96
202300042028,7.57,12.95
202300042039,5.59,10.58
202300042042,4.87,9.36
202300042046,7.57,8.49
202300042050,9.22,42.12
202300042121,6.84,7.89
202300042219,3.74,26.46
202300042255,2.72,26.87
202300042257,10.54,15.24
202300042272,3.16,20.85
202300042276,5.08,28.23
202300042286,2.97,17.73
202300042292,6.39,22.8
202300042296,10.65,25.64
202300042342,4.32,28.72
202300042486,5.09,5.39
202300042490,6.04,8.55
202300042491,7.01,3.56
202300042493,7.38,4.69
202300042523,4.9,7.93
202300042527,5.58,9.28
202300042528,7.28,11.4
202300042577,9.56,6.45
202300042580,0.28,6.62
202300042604,6.85,11.58
202300042609,12.7,17.17
202300042769,7.81,6.82
202300042770,7.02,10.11
202300042773,5.12,15.18
202300042782,8.54,9.0
202300042787,6.17,6.98
202300042845,1.64,6.58
202300042849,8.32,5.54
202300042851,3.86,12.37
202300042981,3.7,12.18
202300043024,9.75,23.32
202300043129,7.51,7.9
202300043156,11.04,46.26
202300043169,8.44,13.84
202300043269,6.74,6.47
202300043271,8.65,3.99
202300043398,2.41,12.97
202300043402,5.31,32.0
202300043405,4.74,10.88
202300043407,5.48,8.81
202300043437,3.9,10.14
202300043503,11.45,42.26
202300043513,6.45,37.26
202300043516,3.02,17.78
202300043553,3.78,18.52
202300043561,2.37,17.81
202300043690,6.29,10.43
202300043692,1.7,11.23
202300043703,9.45,9.91
202300043705,8.56,8.96
202300043788,6.77,6.58
202300043801,4.44,7.26
202300043893,3.2,21.85
202300043911,8.12,28.72
202300043946,6.72,29.73
202300043952,8.78,37.86
202300043966,13.49,21.25
202300043971,3.67,19.05
202300043975,10.45,26.3
202300043995,14.91,10.62
202300044020,2.35,17.57
202300044030,5.5,2.04
202300044193,3.25,13.68
202300044250,7.74,23.04
202300044255,14.51,13.08
202300044257,7.31,9.42
202300044260,3.45,10.42
202300044366,5.16,10.12
202300044412,5.68,32.35
202300044466,6.87,9.41
202300044474,3.57,10.97
202300044479,4.53,27.68
202300044535,6.42,5.48
202300044538,6.11,3.1
202300044608,4.09,8.64
202300044675,4.0,5.97
202300044701,6.93,5.66
202300044734,5.45,7.52
202300044762,7.11,8.86
202300044846,7.47,18.88
202300045003,6.8,4.29
202300045004,3.84,3.05
202300045005,7.32,6.04
202300045010,1.52,1.58
202300045094,6.51,22.66
202300045104,2.03,14.76
202300045139,7.44,15.92
202300045310,2.58,18.62
202300045330,8.06,20.89
202300045364,3.76,19.75
202300045370,6.82,17.67
202300045371,6.35,17.44
202300045373,6.04,36.19
202300045375,8.85,25.34
202300045386,3.13,23.02
202300045470,4.49,4.96
202300045518,7.88,4.38
202300045548,13.54,42.82
202300045575,4.06,14.33
202300045589,8.05,26.44
202300045590,7.94,23.97
202300045622,5.75,21.71
202300045639,3.0,28.27
202300045690,1.72,23.03
202300045692,2.9,20.36
202300045696,9.85,16.68
202300045699,3.64,16.53
202300045700,7.96,18.67
202300045705,12.81,42.05
202300045850,6.1,44.97
202300045873,12.89,21.64
202300045922,6.23,9.07
202300045926,6.9,5.62
202300045929,6.57,25.36
202300045935,8.92,7.36
202300045938,2.18,7.77
202300045943,5.31,12.04
202300045957,8.66,3.16
202300045961,5.82,8.45
202300046000,2.82,3.96
202300046005,5.68,8.19
202300046061,13.49,38.39
202300046066,6.16,27.81
202300046098,10.34,10.18
202300046266,7.72,13.86
202300046268,2.51,9.3
202300046297,3.84,2.91
202300046342,2.6,17.46
202300046344,3.68,7.6
202300046348,4.26,11.33
202300046350,8.15,7.71
202300046453,10.94,41.75
202300046456,14.48,18.23
202300046496,0.39,15.58
202300046513,5.11,5.16
202300046516,6.32,8.74
202300046518,6.44,9.1
202300046525,5.79,11.86
202300046528,4.99,10.99
202300046539,3.72,13.44
202300046570,4.67,5.13
202300046611,5.47,25.58
202300046632,13.49,42.73
202300046728,0.71,25.46
202300046746,12.09,33.48
202300046851,6.13,11.02
202300046853,3.1,8.8
202300046858,3.55,3.61
202300046859,5.16,32.24
202300046879,3.64,31.62
202300046882,3.13,6.78
202300046896,10.4,13.22
202300046981,5.91,16.42
202300046983,5.58,24.13
202300047029,6.59,23.46
202300047102,6.8,10.4
202300047107,8.81,38.64
202300047108,9.15,7.1
202300047117,5.71,12.87
202300047118,1.97,23.65
202300047135,12.42,11.56
202300047149,4.59,8.5
202300047243,13.76,23.38
202300047248,6.34,7.33
202300047251,4.03,11.1
202300047254,2.77,7.69
202300047258,1.22,26.09
202300047397,3.13,7.44
202300047454,6.7,3.94
202300047456,7.83,42.99
202300047457,3.53,4.72
202300047462,4.76,4.4
202300047463,7.09,15.95
202300047465,8.49,1.85
202300047470,2.99,9.43
202300047497,5.82,7.35
202300047505,7.01,6.83
202300047512,8.98,9.72
202300047531,4.08,2.8
202300047543,4.58,8.95
202300047627,3.46,11.99
202300047629,9.52,11.64
202300047633,3.36,10.36
202300047642,4.72,5.35
202300047710,9.69,5.63
202300047723,4.35,14.6
202300047726,12.7,10.96
202300047736,3.23,10.96
202300047805,13.56,34.42
202300047846,4.6,7.97
202300047909,6.5,14.86
202300047917,4.29,13.02
202300047951,4.02,35.69
202300048004,2.9,9.25
202300048007,2.83,9.65
202300048044,7.43,22.53
202300048073,7.37,35.08
202300048196,6.29,35.76
202300048252,3.73,12.27
202300048255,4.56,19.86
202300048257,3.88,16.36
202300048279,3.54,8.79
202300048301,6.02,7.68
202300048438,3.32,10.38
202300048444,4.32,10.32
202300048458,5.48,11.51
202300048472,6.62,6.22
202300048477,8.6,4.39
202300048482,11.06,3.42
202300048506,1.92,24.21
202300048541,4.08,10.18
202300048544,7.11,12.0
202300048548,6.34,8.99
202300048563,2.74,8.13
202300048585,1.82,46.45
202300048587,5.87,6.86
202300048600,3.97,8.55
202300048638,9.92,4.41
202300048785,1.34,22.41
202300048818,1.79,39.46
202300048874,4.28,23.36
202300048914,5.08,13.84
202300048932,5.85,16.92
202300048940,3.67,23.24
202300048943,2.16,17.88
202300048977,4.69,12.59
202300048984,2.56,21.51
202300049005,2.21,30.91
202300049008,10.2,32.34
202300049017,10.08,16.66
202300049111,4.32,10.32
202300049114,7.89,9.55
202300049115,11.13,5.34
202300049117,4.77,3.78
202300049118,0.56,6.28
202300049150,9.79,41.82
202300049167,2.78,40.58
202300049259,1.2,30.34
202300049311,7.48,22.88
202300049332,14.54,17.44
202300049337,12.46,25.62
202300049345,4.75,15.76
202300049372,8.96,13.46
202300049409,2.29,3.82
202300049424,5.28,6.8
202300049429,1.48,2.4
202300049622,6.18,4.78
202300049635,8.62,38.83
202300049720,2.74,14.42
202300049775,4.6,5.79
202300049796,7.73,11.5
202300049810,6.75,6.92
202300049899,8.74,9.2
202300049903,3.8,3.01
202300049977,3.0,4.6
202300050131,3.94,6.96
202300050146,0.76,10.12
202300050157,7.32,8.79
202300050173,10.0,1.75
202300050177,11.27,5.36
202300050184,8.21,6.09
202300050221,9.44,5.25
202300050226,10.34,7.54
202300050265,8.02,7.51
202300050296,4.53,17.74
202300050380,3.02,18.46
202300050384,7.67,5.64
202300050468,10.72,10.93
202300050472,7.51,6.33
202300050477,10.87,3.24
202300050516,5.7,12.47
202300050532,6.43,5.66
202300050538,4.15,30.57
202300050541,1.59,8.8
202300050559,7.04,7.13
202300050563,7.9,3.91
202300050632,6.05,26.23
202300050637,3.82,7.81
202300050641,4.8,9.83
202300050642,7.15,2.91
202300050645,4.87,6.98
202300050650,3.62,9.51
202300050655,1.64,5.1
202300050674,5.96,10.85
202300050678,3.4,11.22
202300050988,10.39,23.86
202300051074,3.72,22.95
202300051139,2.69,8.83
202300051154,4.69,3.51
202300051204,3.7,33.26
202300051210,6.26,31.99
202300051238,5.26,4.22
202300051250,6.96,16.96
202300051255,29.13,24.58
202300051260,5.34,6.58
202300051267,4.53,6.39
202300051276,6.78,42.1
202300051281,1.86,28.8
202300051288,5.72,4.44
202300051291,8.3,38.61
202300051317,4.07,21.39
202300051337,3.04,8.64
202300051346,5.44,9.97
202300051353,3.04,6.12
202300051361,8.49,4.3
202300051402,6.56,5.7
202300051422,6.85,15.06
202300051429,4.03,1.98
202300051431,6.85,29.98
202300051490,6.9,19.73
202300051670,0.42,16.0
202300051683,6.14,7.38
202300051684,10.5,23.32
202300051695,8.76,6.86
202300051715,3.49,15.16
202300051737,3.93,11.16
202300051766,4.34,37.53
202300051895,12.12,14.05
202300051902,8.51,30.04
202300051946,7.97,7.16
202300051973,3.98,6.07
202300052052,0.5,26.14
202300052084,4.5,4.04
202300052119,1.72,13.75
202300052230,1.52,10.66
202300052288,3.57,8.4
202300052290,8.26,19.08
202300052298,3.05,13.05
202300052307,5.34,12.9
202300052351,4.36,31.56
202300052353,9.38,7.66
202300052412,7.66,7.98
202300052443,2.42,6.88
202300052467,7.3,8.16
202300052478,6.23,5.17
202300052487,8.75,7.9
202300052515,2.29,6.36
202300052541,3.22,16.17
202300052555,5.73,24.95
202300052629,5.26,2.75
202300052634,8.33,7.45
202300052759,1.26,10.4
202300052768,8.08,7.01
202300052782,2.87,19.69
202300052785,3.76,13.07
202300052787,1.8,24.13
202300052808,1.6,25.85
202300052812,10.82,29.48
202300052817,3.05,29.28
202300052984,7.56,4.76
202300053030,7.0,8.24
202300053047,2.52,40.05
202300053051,15.15,22.18
202300053076,8.52,24.54
202300053102,1.56,27.83
202300053197,1.58,10.06
202300053222,4.25,15.32
202300053234,1.31,20.43
202300053237,12.04,45.76
202300053243,7.05,33.03
202300053257,1.02,23.79
202300053262,6.73,6.25
202300053275,2.07,28.87
202300053288,9.72,13.68
202300053297,2.76,21.42
202300053328,3.92,15.78
202300053349,5.44,7.28
202300053404,7.1,4.76
202300053407,5.62,4.4
202300053414,1.48,12.18
202300053426,6.28,13.78
202300053428,2.35,6.99
202300053435,1.19,10.38
202300053455,5.92,7.23
202300053460,4.93,21.83
202300053477,7.3,4.86
202300053491,0.78,9.04
202300053688,6.82,16.83
202300053716,14.92,8.0
202300053741,6.95,8.68
202300053750,7.79,4.18
202300053787,8.19,7.33
202300053840,7.28,19.09
202300053842,6.98,11.1
202300053852,5.77,3.53
202300053863,5.98,5.15
202300053871,7.02,35.52
202300053935,5.47,9.11
202300053944,4.49,8.7
202300053952,13.25,6.32
202300053966,4.02,12.4
202300053971,3.64,3.96
202300053979,2.34,10.79
202300053998,7.92,31.71
202300054002,3.87,41.15
202300054017,4.87,7.14
202300054024,5.06,10.09
202300054034,8.04,4.54
202300054106,5.9,7.08
202300054110,5.07,15.97
202300054111,6.58,6.94
202300054131,4.36,10.52
202300054154,0.68,27.43
202300054158,7.3,9.87
202300054173,12.72,22.34
202300054314,10.12,9.89
202300054435,7.36,8.23
202300054442,2.7,9.66
202300054445,5.26,6.95
202300054475,6.7,32.78
202300054539,1.1,20.5
202300054568,3.44,4.74
202300054585,2.4,7.21
202300054668,12.25,35.52
202300054694,4.59,37.56
202300054734,5.58,17.5
202300054739,6.84,14.25
202300054742,3.78,15.32
202300054747,8.42,19.21
202300054749,4.64,12.6
202300054752,8.89,16.0
202300054755,8.84,8.6
202400000025,7.58,5.46
202400000026,5.18,12.22
202400000030,8.81,2.93
202400000039,4.76,4.42
202400000082,10.2,5.61
202400000090,3.96,23.91
202400000128,9.98,5.98
202400000132,3.99,9.94
202400000171,7.86,25.78
202400000207,6.59,19.76
202400000214,4.56,12.77
202400000272,1.9,8.86
202400000273,3.92,9.62
202400000359,2.59,45.0
202400000377,5.67,5.4
202400000382,6.24,23.37
202400000489,6.95,7.94
202400000522,6.44,9.54
202400000537,3.31,16.5
202400000597,6.4,17.54
202400000612,5.22,36.85
202400000637,5.47,2.0
202400000639,5.08,7.15
202400000641,4.17,8.84
202400000643,3.66,9.36
202400000650,8.67,8.31
202400000660,2.22,6.64
202400000745,7.58,7.97
202400000747,3.8,14.82
202400000749,2.53,37.51
202400000959,2.68,8.34
202400000960,1.03,7.83
202400001096,3.0,11.41
202400001099,1.39,8.1
202400001101,2.59,10.76
202400001104,4.21,5.22
202400001106,2.73,11.53
202400001108,5.45,6.54
202400001116,3.11,8.7
202400001187,18.89,27.16
202400001191,4.53,3.92
202400001288,10.95,37.26
202400001439,3.83,11.31
202400001500,3.05,13.1
202400001541,8.01,8.0
202400001588,8.01,26.38
202400001603,7.93,23.89
202400001605,5.21,42.77
202400001720,5.56,9.72
202400001783,5.59,10.48
202400001785,7.15,7.18
202400001788,3.76,8.9
202400001792,8.63,6.73
202400001793,4.39,35.42
202400001821,5.68,3.93
202400001896,5.1,25.83
202400001998,8.33,8.33
202400002139,12.56,30.46
202400002206,6.99,5.35
202400002217,4.16,24.34
202400002218,4.05,9.64
202400002416,7.28,6.39
202400002420,2.89,7.61
202400002519,2.18,21.96
202400002535,3.44,17.15
202400002541,9.46,24.95
202400002548,3.55,23.54
202400002560,6.74,25.99
202400002644,4.71,33.84
202400002699,4.15,15.99
202400002703,7.72,17.72
202400002708,15.23,15.56
202400002709,3.19,18.65
202400002730,1.94,12.76
202400002731,4.49,15.59
202400002732,1.31,35.42
202400002736,5.29,19.54
202400002737,3.2,19.22
202400002832,2.81,10.34
202400002848,4.21,3.19
202400002850,8.38,8.84
202400002897,6.58,24.13
202400003026,8.34,2.85
202400003028,4.49,15.59
202400003080,8.88,24.91
202400003100,3.37,28.5
202400003104,1.31,27.27
202400003116,7.22,12.11
202400003130,0.5,7.4
202400003206,3.71,10.1
202400003222,4.32,5.33
202400003226,6.09,2.98
202400003304,4.09,11.89
202400003329,9.56,3.77
202400003330,8.6,7.65
202400003370,2.78,17.26
202400003374,4.56,35.78
202400003381,5.66,22.62
202400003417,4.97,21.89
202400003446,9.42,6.2
202400003449,5.15,13.57
202400003560,12.2,10.01
202400003712,2.61,12.38
202400003714,6.46,9.06
202400003718,3.77,9.36
202400003742,1.01,7.22
202400003755,12.5,5.57
202400003757,6.66,9.99
202400003760,6.05,8.3
202400003761,3.98,8.09
202400003763,10.07,4.28
202400003770,2.84,7.3
202400003834,5.39,5.89
202400003869,10.34,14.76
202400003870,9.78,18.83
202400003918,9.73,19.74
202400003919,5.44,14.57
202400003940,10.82,9.82
202400003968,5.98,7.65
202400004078,3.99,10.66
202400004082,7.71,7.07
202400004085,5.58,7.7
202400004088,2.67,9.74
202400004119,2.39,8.6
202400004254,11.37,12.68
202400004309,4.66,18.75
202400004313,3.76,14.14
202400004332,1.52,35.84
202400004333,10.32,5.48
202400004348,6.54,10.68
202400004350,3.01,13.68
202400004494,3.84,5.81
202400004498,5.09,11.12
202400004500,2.98,8.37
202400004509,6.07,6.06
202400004569,5.0,5.57
202400004572,5.86,29.86
202400004574,2.51,6.16
202400004581,1.18,37.85
202400004626,7.28,8.51
202400004677,2.61,31.02
202400004679,4.4,4.45
202400004681,5.7,11.93
202400004684,6.98,19.19
202400004720,3.91,32.16
202400004745,8.71,46.27
202400004785,8.03,8.02
202400004788,9.38,9.37
202400004791,6.73,5.45
202400004794,5.4,3.52
202400004805,4.47,34.71
202400004929,3.8,11.37
202400004932,6.25,8.29
202400004934,4.69,8.24
202400004935,3.46,13.53
202400004952,3.24,3.51
202400005111,5.11,4.89
202400005115,5.9,35.69
202400005193,6.55,8.87
202400005195,4.42,15.12
202400005197,6.65,5.86
202400005199,8.52,8.25
202400005268,9.2,24.68
202400005273,3.49,18.87
202400005274,4.7,23.18
202400005284,3.79,27.37
202400005305,3.51,19.64
202400005306,11.9,39.62
202400005317,5.19,30.82
202400005323,2.57,12.96
202400005393,14.14,7.2
202400005394,1.88,9.91
202400005395,5.42,6.77
202400005396,6.72,36.22
202400005437,8.74,12.63
202400005438,4.88,32.85
202400005469,10.27,47.08
202400005580,4.74,5.22
202400005593,3.39,3.85
202400005600,2.52,11.69
202400005602,8.54,3.64
202400005677,7.29,8.53
202400005686,1.8,41.46
202400005725,6.23,38.77
202400005732,5.96,5.74
202400005733,8.0,8.13
202400005863,6.28,3.72
202400005903,5.13,4.87
202400006078,1.01,9.09
202400006081,2.25,8.38
202400006088,16.33,28.24
202400006092,9.0,2.59
202400006096,4.56,8.78
202400006123,5.03,7.29
202400006127,8.89,14.7
202400006254,5.58,7.21
202400006258,3.29,6.47
202400006260,10.7,8.82
202400006293,6.1,5.5
202400006442,7.06,34.53
202400006470,7.53,41.59
202400006472,4.03,36.34
202400006479,4.57,26.81
202400006486,8.89,11.72
202400006635,6.58,11.48
202400006642,5.66,11.79
202400006662,6.95,3.81
202400006712,7.98,12.27
202400006717,5.26,14.95
202400006829,11.08,29.36
202400006872,7.28,7.75
202400006874,2.95,3.01
202400006876,8.91,9.37
202400006877,3.63,1.76
202400006879,2.89,13.56
202400006881,3.05,9.17
202400006883,5.21,11.9
202400006885,5.68,9.05
202400006897,4.1,19.68
202400006900,7.78,17.31
202400006906,6.52,5.82
202400007008,6.28,24.44
202400007026,6.36,5.16
202400007088,2.1,25.54
202400007130,3.5,16.75
202400007131,3.19,2.92
202400007133,10.09,18.98
202400007193,1.68,26.93
202400007264,2.78,11.23
202400007303,4.56,4.07
202400007305,5.48,9.59
202400007306,2.44,9.1
202400007366,4.19,24.57
202400007369,6.52,20.12
202400007386,7.46,34.56
202400007387,11.3,36.7
202400007390,11.66,9.1
202400007477,3.47,8.82
202400007484,5.21,9.54
202400007576,4.12,20.53
202400007583,3.09,47.97
202400007638,11.12,25.73
202400007720,6.7,5.97
202400007721,4.73,12.26
202400007722,7.14,6.48
202400007724,1.51,9.53
202400007725,3.48,8.91
202400007726,8.38,1.75
202400007727,6.88,35.9
202400007795,2.31,6.61
202400007797,8.29,6.5
202400007956,6.99,7.98
202400007958,3.4,8.77
202400008007,2.83,6.48
202400008020,5.57,35.57
202400008022,5.75,5.55
202400008026,5.73,10.76
202400008032,5.41,25.41
202400008053,5.37,7.11
202400008071,13.46,22.81
202400008073,4.37,19.13
202400008260,6.78,26.92
202400008262,5.21,38.87
202400008321,0.8,19.75
202400008340,1.43,20.9
202400008343,1.18,29.1
202400008347,1.82,29.75
202400008372,7.18,11.26
202400008375,7.76,6.32
202400008414,7.92,2.4
202400008476,7.6,6.72
202400008487,6.76,40.92
202400008495,4.0,32.29
202400008520,3.94,21.22
202400008528,7.06,24.46
202400008559,3.47,23.46
202400008617,12.58,28.61
202400008632,3.51,14.11
202400008635,5.17,7.12
202400008641,12.46,13.36
202400008699,5.33,23.47
202400008712,4.97,43.2
202400008829,7.76,7.19
202400008832,10.54,3.53
202400008911,3.99,9.3
202400008912,4.62,32.1
202400008941,9.52,8.67
202400008945,4.84,11.67
202400008955,5.49,4.22
202400009133,10.0,4.49
202400009158,4.07,10.74
202400009343,2.74,6.39
202400009344,3.44,13.25
202400009345,3.65,8.42
202400009352,3.13,3.19
202400009447,2.14,25.5
202400009500,5.93,14.1
202400009505,9.26,5.61
202400009508,3.82,19.7
202400009549,6.28,36.58
202400009552,6.26,33.35
202400009556,7.25,5.72
202400009614,3.78,24.57
202400009676,5.97,6.44
202400009677,4.09,12.5
202400009678,4.08,13.05
202400009719,4.59,6.56
202400009725,4.28,7.58
202400009726,1.93,5.81
202400009771,3.54,1.67
202400009829,6.01,13.12
202400009832,7.28,41.44
202400009839,6.91,10.32
202400009845,3.86,7.59
202400009955,5.72,5.48
202400009997,2.72,22.08
202400009999,7.92,17.24
202400010015,10.29,5.6
202400010246,3.2,29.99
202400010250,5.45,29.47
202400010260,0.32,22.75
202400010301,3.82,25.57
202400010303,4.75,3.96
202400010307,6.83,8.13
202400010308,4.87,32.85
202400010310,2.62,6.27
202400010368,3.24,7.92
202400010407,10.18,10.34
202400010411,8.06,7.68
202400010415,4.92,8.42
202400010416,10.08,7.28
202400010420,2.05,9.77
202400010423,9.09,5.59
202400010482,10.76,4.2
202400010488,6.19,6.66
202400010549,6.0,41.13
202400010682,7.42,29.08
202400010739,4.02,9.14
202400010741,8.33,10.51
202400010744,5.97,12.06
202400010776,0.71,11.8
202400010785,7.38,1.75
202400010838,6.58,27.14
202400010839,6.96,26.75
202400010855,4.28,12.05
202400010968,2.81,11.22
202400010971,4.84,8.93
202400010972,8.25,5.67
202400010974,2.13,11.32
202400010976,6.24,6.24
202400010977,5.44,6.85
202400010979,2.02,9.82
202400010982,2.42,9.93
202400010990,4.61,5.85
202400011078,7.39,20.58
202400011134,4.01,24.17
202400011223,4.77,30.69
202400011230,7.36,10.53
202400011246,2.86,16.67
202400011272,4.06,31.94
202400011275,2.43,9.86
202400011277,6.79,36.08
202400011298,8.65,9.12
202400011315,7.36,8.34
202400011386,2.37,13.1
202400011434,4.31,22.9
202400011452,7.54,19.45
202400011491,4.34,12.31
202400011502,5.52,10.85
202400011517,6.42,36.32
202400011578,4.07,11.54
202400011641,4.62,19.18
202400011663,17.57,15.22
202400011665,6.09,11.81
202400011697,3.49,9.36
202400011701,4.0,7.69
202400011704,4.65,4.41
202400011837,2.79,12.87
202400011840,5.36,9.25
202400011843,7.46,4.34
202400011860,7.88,8.35
202400011884,4.41,9.15
202400011977,5.77,10.88
202400011986,5.67,15.53
202400012009,0.66,22.54
202400012177,3.67,9.81
202400012181,5.14,6.6
202400012203,6.92,5.64
202400012288,5.52,23.94
202400012373,4.78,8.24
202400012376,5.32,9.22
202400012383,0.3,9.5
202400012385,6.52,3.57
202400012403,4.24,7.36
202400012521,5.74,34.81
202400012577,1.2,10.35
202400012614,4.25,6.76
202400012617,5.11,6.78
202400012639,4.03,5.97
202400012647,6.52,51.09
202400012659,6.09,33.42
202400012662,2.22,23.32
202400012664,6.7,11.45
202400012667,3.55,12.41
202400012682,3.48,19.82
202400012810,3.94,10.04
202400012813,4.28,33.65
202400012814,4.63,11.3
202400012821,3.96,4.02
202400012863,6.54,38.37
202400012898,9.44,34.73
202400012900,4.25,31.17
202400012908,3.82,31.02
202400012982,5.9,3.26
202400012984,5.42,10.32
202400012988,3.86,9.56
202400013064,4.41,31.47
202400013069,5.17,17.35
202400013174,2.38,39.44
202400013220,5.82,6.8
202400013222,4.21,12.49
202400013227,3.75,5.57
202400013228,7.43,4.86
202400013231,3.06,36.56
202400013260,5.54,25.08
202400013315,2.28,22.63
202400013363,4.78,14.85
202400013384,5.4,7.67
202400013451,7.94,6.3
202400013453,3.17,34.01
202400013457,6.84,3.25
202400013459,2.21,8.02
202400013519,5.93,9.98
202400013521,7.44,4.09
202400013603,3.41,9.16
202400013628,7.37,6.06
202400013632,4.42,11.15
202400013770,6.83,35.09
202400013775,8.3,18.65
202400013830,4.35,3.89
202400013845,2.37,26.68
202400013873,6.58,27.87
202400014015,4.97,10.09
202400014024,7.65,3.37
202400014093,5.43,9.44
202400014161,6.22,8.25
202400014164,10.46,4.12
202400014167,4.26,8.98
202400014188,6.83,6.16
202400014289,7.48,4.69
202400014426,8.34,4.08
202400014428,5.29,6.76
202400014475,6.04,24.53
202400014492,3.35,7.18
202400014495,6.29,14.0
202400014503,27.35,30.18
202400014514,6.73,5.09
202400014650,7.94,4.84
202400014724,2.76,11.16
202400014791,14.8,43.28
202400014808,5.56,8.37
202400014879,5.7,11.18
202400014882,5.57,6.92
202400014884,3.59,10.31
202400014968,9.1,32.49
202400014969,1.51,2.86
202400015037,6.85,6.62
202400015039,8.45,6.33
202400015173,9.46,3.97
202400015215,4.43,32.78
202400015224,2.48,42.27
202400015249,1.17,23.69
202400015251,9.71,6.22
202400015270,8.38,12.66
202400015271,7.62,10.52
202400015399,5.53,7.05
202400015402,9.8,8.95
202400015427,5.35,4.97
202400015431,4.24,11.32
202400015451,8.08,8.07
202400015524,3.73,8.82
202400015525,7.66,6.57
202400015529,2.55,7.71
202400015530,3.41,7.85
202400015531,4.4,6.69
202400015606,4.66,20.03
202400015617,1.44,38.11
202400015620,4.08,22.37
202400015633,7.15,9.98
202400015634,6.6,7.19
202400015648,4.47,7.67
202400015683,8.49,9.08
202400015828,6.85,4.39
202400015831,3.99,9.38
202400015835,10.15,5.85
202400015866,4.52,5.79
202400016044,7.82,26.3
202400016052,6.62,22.81
202400016057,6.64,5.62
202400016187,4.85,11.48
202400016252,4.34,11.41
202400016256,7.66,9.0
202400016260,6.64,40.69
202400016287,8.44,7.61
202400016338,2.86,26.44
202400016407,8.1,27.28
202400016426,2.26,30.09
202400016436,11.36,22.69
202400016439,1.99,23.23
202400016458,9.71,4.88
202400016478,5.71,27.21
202400016499,5.66,37.05
202400016596,4.88,32.45
202400016639,3.09,9.1
202400016651,4.9,16.2
202400016653,10.3,33.74
202400016706,6.25,16.26
202400016821,13.24,8.27
202400016840,5.62,12.35
202400016897,4.35,21.95
202400016968,1.51,31.85
202400016987,13.05,43.64
202400017143,1.5,45.52
202400017150,4.32,22.74
202400017152,2.57,32.87
202400017154,5.52,12.58
202400017209,4.85,9.85
202400017213,3.03,14.05
202400017271,7.57,13.65
202400017273,7.14,8.8
202400017281,2.72,4.02
202400017306,4.84,6.3
202400017316,1.85,6.11
202400017320,4.49,8.7
202400017355,4.72,9.61
202400017370,11.97,28.0
202400017372,10.32,43.51
202400017397,5.13,5.59
202400017401,8.4,8.86
202400017409,3.57,13.61
202400017474,7.43,12.44
202400017517,3.43,32.94
202400017518,8.37,16.99
202400017523,11.37,23.6
202400017604,5.73,18.57
202400017615,1.54,14.78
202400017732,3.66,8.59
202400017735,3.85,7.68
202400017742,7.83,11.29
202400017749,4.67,11.4
202400017851,4.08,8.81
202400017875,8.73,10.56
202400017893,8.56,4.18
202400017894,4.5,9.22
202400018007,2.42,42.19
202400018043,7.05,11.27
202400018055,1.63,14.26
202400018070,5.69,16.51
202400018180,3.33,33.7
202400018183,5.67,4.65
202400018211,3.95,8.06
202400018230,10.71,13.02
202400018238,7.24,25.32
202400018328,4.61,8.5
202400018331,6.9,6.26
202400018340,2.64,9.43
202400018430,2.97,7.92
202400018432,6.33,6.32
202400018435,4.27,9.0
202400018442,8.69,3.18
202400018512,8.36,24.39
202400018559,1.67,4.73
202400018579,4.79,23.92
202400018627,5.96,2.73
202400018632,3.84,38.32
202400018659,9.12,19.94
202400018688,1.64,10.52
202400018690,3.1,34.37
202400018695,5.76,6.22
202400018764,4.14,35.72
202400018780,7.81,16.9
202400018784,3.48,27.8
202400018785,12.39,33.45
202400018787,13.14,16.26
202400018795,8.48,16.1
202400018803,2.34,10.79
202400018804,2.24,27.37
202400018806,4.77,15.52
202400018819,7.98,10.6
202400018886,7.14,11.75
202400018888,3.26,35.51
202400018890,3.63,1.6
202400018891,0.91,26.46
202400018895,6.77,7.16
202400018902,4.87,20.72
202400018961,9.03,4.39
202400018962,5.62,23.65
202400019049,3.1,9.14
202400019051,8.39,6.35
202400019054,7.5,9.07
202400019143,3.5,6.42
202400019157,4.95,7.16
202400019168,7.2,40.1
202400019209,0.82,23.68
202400019217,8.25,12.48
202400019357,13.2,14.07
202400019374,2.43,30.64
202400019384,7.56,20.4
202400019386,1.96,25.22
202400019429,8.33,9.46
202400019519,4.73,16.8
202400019526,10.1,18.01
202400019571,2.45,8.65
202400019572,0.5,12.45
202400019574,4.83,6.89
202400019576,6.57,8.37
202400019666,5.36,10.67
202400019703,6.03,18.63
202400019708,2.03,44.4
202400019727,8.54,14.6
202400019728,10.81,28.93
202400019765,7.34,1.83
202400019800,4.81,7.6
202400019820,4.09,8.69
202400019946,4.19,32.36
202400019964,1.98,12.6
202400019968,2.62,9.67
202400019994,1.96,8.17
202400020022,5.67,7.75
202400020054,6.48,21.78
202400020057,10.06,25.65
202400020078,9.97,36.06
202400020084,4.34,20.83
202400020088,13.88,16.34
202400020137,6.79,5.5
202400020151,8.17,38.23
202400020201,6.6,3.81
202400020204,4.99,4.7
202400020285,9.65,31.22
202400020288,5.01,18.13
202400020296,3.2,34.05
202400020315,2.9,12.68
202400020319,3.21,11.5
202400020322,6.72,6.72
202400020344,11.48,36.33
202400020518,5.1,7.69
202400020524,5.71,9.42
202400020526,4.39,8.98
202400020694,6.46,35.6
202400020695,4.19,8.4
202400020697,3.22,10.3
202400020699,4.0,12.05
202400020701,8.98,8.12
202400020704,9.01,8.78
202400020723,4.2,4.73
202400020781,13.37,13.37
202400020956,3.27,7.63
202400020958,3.27,8.73
202400020960,6.77,8.23
202400020961,3.89,1.63
202400020977,10.24,13.65
202400021004,2.78,30.8
202400021076,3.76,22.88
202400021096,4.69,2.81
202400021115,2.35,12.46
202400021121,3.91,36.36
202400021166,5.45,5.26
202400021168,5.05,33.62
202400021171,3.48,5.91
202400021224,10.35,26.71
202400021228,3.73,3.27
202400021237,5.84,20.81
202400021425,4.75,12.51
202400021428,4.49,11.77
202400021431,4.11,9.01
202400021455,8.68,17.51
202400021485,10.62,7.5
202400021494,8.81,8.8
202400021539,11.93,27.96
202400021730,3.44,28.04
202400021808,5.42,44.98
202400021840,3.9,8.79
202400021847,5.13,15.16
202400021876,1.96,8.68
202400021887,7.41,25.28
202400021899,7.83,17.15
202400021908,5.72,6.19
202400021922,9.46,19.26
202400022095,7.65,8.72
202400022100,8.15,4.03
202400022116,0.48,28.28
202400022198,6.25,5.5
202400022202,6.02,5.64
202400022205,2.4,9.18
202400022235,7.26,5.4
202400022237,6.6,5.81
202400022241,3.4,13.73
202400022244,5.74,10.64
202400022246,7.3,4.27
202400022255,10.46,6.34
202400022257,4.37,38.43
202400022304,5.2,3.88
202400022366,11.5,16.45
202400022419,8.18,10.3
202400022563,5.36,4.57
202400022564,2.22,7.92
202400022627,2.98,7.78
202400022635,3.35,10.42
202400022636,4.54,36.13
202400022658,6.68,6.16
202400022706,4.43,26.49
202400022846,6.79,8.63
202400022848,10.0,3.55
202400022855,9.2,7.7
202400022879,3.98,6.14
202400023126,7.36,6.71
202400023129,3.96,12.24
202400023135,4.12,8.24
202400023136,4.61,11.42
202400023139,7.0,34.32
202400023194,5.75,5.72
202400023200,7.09,41.15
202400023334,5.03,17.54
202400023335,3.66,45.03
202400023493,12.29,20.7
202400023612,9.14,16.64
202400023641,7.08,10.47
202400023659,5.48,25.48
202400023690,4.64,21.95
202400023691,7.13,6.71
202400023710,7.5,12.07
202400023714,2.26,6.26
202400023742,9.89,17.64
202400023850,3.17,19.42
202400023913,27.86,30.55
202400023936,4.94,12.14
202400023981,4.29,6.32
202400024027,3.76,5.66
202400024046,7.19,26.94
202400024050,3.5,19.35
202400024077,6.45,21.67
202400024088,8.09,8.33
202400024100,5.16,28.04
202400024126,34.66,22.35
202400024166,5.24,4.62
202400024204,5.3,5.85
202400024237,7.27,7.25
202400024285,3.77,3.22
202400024295,4.88,24.85
202400024297,6.91,8.5
202400024346,7.8,34.1
202400024381,6.96,14.5
202400024388,1.79,15.57
202400024401,1.71,23.92
202400024459,4.94,10.28
202400024460,7.96,8.36
202400024461,2.05,9.77
202400024539,5.82,8.86
202400024541,8.66,2.47
202400024550,4.31,7.55
202400024553,6.92,10.2
202400024612,6.0,25.03
202400024627,9.73,20.04
202400024628,7.76,19.25
202400024629,8.47,5.24
202400024630,0.95,16.7
202400024638,0.36,9.44
202400024640,5.53,34.11
202400024715,6.31,8.41
202400024716,5.13,4.87
202400024717,2.66,3.77
202400024718,1.76,11.29
202400024719,0.32,12.28
202400024720,7.81,9.93
202400024721,4.46,12.18
202400024723,8.81,2.93
202400024724,9.22,3.37
202400024725,11.2,5.41
202400024726,6.04,32.11
202400024793,6.31,4.89
202400024896,1.18,23.54
202400024900,9.23,29.82
202400024960,7.99,36.01
202400024990,3.82,9.63
202400025024,2.23,2.7
202400025047,4.23,4.7
202400025074,6.92,5.65
202400025125,4.48,14.14
202400025129,6.28,7.82
202400025139,8.87,29.22
202400025150,3.97,14.89
202400025153,8.16,23.74
202400025155,4.77,21.57
202400025263,9.16,5.16
202400025271,8.98,2.56
202400025273,4.14,10.96
202400025275,4.3,38.35
202400025284,2.47,17.91
202400025476,4.54,30.42
202400025499,7.02,15.93
202400025515,5.36,7.22
202400025795,3.46,8.22
202400025802,8.19,6.6
202400025825,1.24,30.38
202400025905,6.75,15.6
202400025915,8.62,6.72
202400025918,6.51,12.08
202400025920,7.29,37.82
202400025950,2.74,9.14
202400025960,10.79,23.29
202400025967,1.55,14.59
202400025973,10.17,15.12
202400025975,6.36,13.54
202400025979,8.48,11.97
202400026042,3.55,2.76
202400026046,10.02,3.02
202400026047,8.75,11.84
202400026050,2.93,8.47
202400026180,4.13,9.22
202400026184,4.23,33.6
202400026193,9.61,6.12
202400026194,3.69,13.16
202400026235,8.18,24.72
202400026252,5.2,35.21
202400026322,5.48,25.11
202400026323,9.29,13.64
202400026324,10.55,13.82
202400026373,9.14,11.78
202400026414,1.22,32.5
202400026415,4.32,12.75
202400026561,6.26,16.03
202400026568,0.36,4.28
202400026610,5.22,15.05
202400026654,3.55,5.74
202400026723,3.98,6.85
202400026726,5.47,6.84
202400026728,5.35,8.68
202400026822,5.94,7.48
202400026826,6.86,8.7
202400026896,10.52,11.47
202400026953,4.44,33.8
202400027067,10.9,10.88
202400027075,2.77,8.98
202400027077,3.69,5.47
202400027079,2.33,31.26
202400027081,2.01,6.1
202400027206,4.97,11.44
202400027302,4.58,15.28
202400027303,4.73,6.65
202400027305,4.17,9.59
202400027319,3.4,4.33
202400027321,5.83,5.37
202400027439,5.08,2.65
202400027442,5.45,8.08
202400027473,5.26,6.16
202400027506,5.61,9.73
202400027510,6.96,4.27
202400027513,3.27,8.7
202400027563,0.8,33.03
202400027629,6.84,30.92
202400027679,3.65,19.09
202400027686,2.56,6.21
202400027807,1.31,5.27
202400027881,7.82,7.11
202400027886,5.61,28.23
202400027946,4.92,10.95
202400027955,4.28,6.28
202400027960,6.59,6.15
202400027963,7.1,41.26
202400027967,2.49,27.92
202400028034,7.79,22.67
202400028084,7.26,31.0
202400028127,8.86,42.74
202400028158,5.25,28.12
202400028195,11.15,18.58
202400028198,7.51,27.42
202400028208,7.36,28.74
202400028245,8.41,17.24
202400028262,18.55,24.8
202400028307,10.39,24.53
202400028315,4.62,35.71
202400028379,2.52,11.69
202400028405,3.08,9.37
202400028412,7.15,36.16
202400028442,5.48,9.98
202400028507,4.88,6.47
202400028508,2.16,10.53
202400028510,6.35,11.91
202400028511,7.24,9.81
202400028550,2.56,13.46
202400028556,16.14,18.67
202400028561,5.61,4.1
202400028590,2.56,25.57
202400028591,5.47,22.39
202400028592,5.42,29.22
202400028593,3.66,4.14
202400028597,3.84,22.81
202400028598,9.61,15.44
202400028599,5.13,23.45
202400028604,10.46,11.45
202400028605,7.02,9.85
202400028611,10.73,11.19
202400028648,5.69,9.66
202400028649,5.38,7.52
202400028650,7.62,4.37
202400028688,1.9,5.78
202400028706,7.28,20.46
202400028758,6.11,25.22
202400028762,2.95,25.05
202400028818,5.82,26.36
202400028836,10.66,17.63
202400028922,5.64,11.13
202400028924,1.83,11.93
202400028930,5.58,11.14
202400028953,3.84,5.99
202400028991,8.72,29.51
202400028992,12.13,13.37
202400028995,6.78,27.76
202400029069,7.38,9.66
202400029098,6.72,13.16
202400029100,8.39,19.13
202400029104,3.22,36.19
202400029185,3.36,9.37
202400029186,3.18,11.71
202400029190,6.01,11.14
202400029192,8.95,3.45
202400029193,7.92,34.02
202400029303,4.78,7.96
202400029314,2.27,3.95
202400029418,9.0,24.48
202400029453,10.76,4.78
202400029455,3.13,13.27
202400029457,4.05,8.78
202400029459,5.99,2.87
202400029604,2.06,3.9
202400029610,10.4,3.57
202400029678,2.41,12.24
202400029694,9.37,19.71
202400029925,5.09,17.35
202400029972,9.85,20.27
202400030023,4.94,7.14
202400030071,4.05,22.58
202400030084,7.09,21.12
202400030094,1.59,36.6
202400030171,6.86,7.92
202400030174,4.12,7.9
202400030177,9.46,7.92
202400030246,2.72,9.04
202400030248,4.74,9.64
202400030255,3.22,8.91
202400030259,3.6,9.47
202400030260,3.43,13.43
202400030338,9.15,26.42
202400030449,3.81,8.02
202400030450,5.6,10.59
202400030505,6.76,13.43
202400030533,9.83,12.3
202400030606,9.52,17.28
202400030609,14.42,36.47
202400030621,6.0,12.11
202400030622,5.46,45.03
202400030635,8.41,11.06
202400030740,5.19,8.9
202400030746,1.64,10.14
202400030747,3.05,9.18
202400030753,4.67,5.13
202400030764,4.98,6.49
202400030820,1.58,29.39
202400030832,11.04,24.68
202400030866,5.0,22.98
202400030974,4.9,5.24
202400030976,3.83,6.18
202400030977,12.25,12.82
202400031003,3.87,25.64
202400031089,6.05,9.04
202400031140,6.54,9.06
202400031174,3.18,8.78
202400031175,2.53,8.24
202400031180,4.4,4.39
202400031217,1.32,9.41
202400031275,4.47,6.83
202400031280,4.94,4.61
202400031283,2.93,6.34
202400031285,7.53,10.01
202400031288,4.1,5.03
202400031309,8.14,8.61
202400031311,3.27,6.35
202400031314,2.84,6.46
202400031345,1.46,8.26
202400031347,6.3,8.98
202400031378,0.76,6.48
202400031511,3.08,28.25
202400031516,7.57,36.26
202400031520,10.24,5.85
202400031530,4.7,6.38
202400031577,7.35,12.98
202400031666,2.58,7.53
202400031674,3.52,8.82
202400031677,8.99,6.19
202400031761,4.46,30.19
202400031802,11.23,31.38
202400031818,8.49,30.07
202400031833,8.51,11.04
202400031850,11.89,12.22
202400031854,7.59,11.09
202400031871,0.65,27.94
202400031897,3.11,9.3
202400031900,4.45,7.41
202400031904,2.45,7.79
202400031926,8.9,9.36
202400031929,4.68,6.35
202400031934,22.38,19.81
202400032086,7.64,6.24
202400032115,5.83,10.0
202400032121,6.94,8.13
202400032232,9.28,14.11
202400032233,11.58,36.88
202400032382,4.43,9.82
202400032383,8.28,17.37
202400032389,5.59,10.58
202400032390,5.08,10.68
202400032391,8.02,3.98
202400032460,3.02,14.34
202400032494,5.18,26.95
202400032506,8.04,26.6
202400032507,2.49,24.02
202400032544,3.39,11.69
202400032590,6.29,11.86
202400032594,3.24,33.25
202400032641,3.01,8.44
202400032651,6.18,24.37
202400032653,10.32,7.77
202400032654,9.66,10.13
202400032664,4.84,13.51
202400032876,7.98,13.24
202400032879,7.59,8.05
202400032907,10.37,4.17
202400032909,8.68,7.83
202400032922,6.47,5.05
202400032924,5.88,36.42
202400032926,5.66,29.49
202400032928,4.64,10.74
202400033048,8.67,22.69
202400033077,11.57,19.76
202400033097,1.28,28.64
202400033287,10.31,11.62
202400033316,1.45,6.4
202400033321,5.05,9.94
202400033327,8.48,11.42
202400033330,6.33,6.14
202400033334,5.3,7.26
202400033354,7.6,14.26
202400033358,4.43,9.82
202400033368,5.92,11.98
202400033373,1.9,32.5
202400033390,9.26,15.86
202400033393,3.36,21.17
202400033398,10.8,17.26
202400033417,2.89,1.94
202400033503,8.09,30.8
202400033530,7.14,51.8
202400033547,7.07,9.88
202400033653,2.92,32.0
202400033675,6.93,17.86
202400033677,8.06,20.9
202400033685,10.89,45.61
202400033686,2.9,8.04
202400033690,15.52,24.86
202400033696,4.42,11.53
202400033698,3.24,16.98
202400033702,6.83,6.64
202400033708,7.1,37.35
202400033832,6.86,10.13
202400033912,11.53,27.56
202400033945,6.69,3.87
202400033954,8.85,3.26
202400034012,7.25,15.0
202400034015,29.92,23.65
202400034043,3.15,10.2
202400034044,6.4,8.18
202400034050,3.24,10.61
202400034056,7.05,41.1
202400034060,4.22,27.23
202400034065,7.12,10.62
202400034165,11.33,26.81
202400034227,4.97,15.42
202400034261,5.51,7.15
202400034279,11.96,8.74
202400034362,3.24,17.9
202400034363,4.92,15.17
202400034365,14.75,15.39
202400034377,9.9,19.5
202400034385,4.76,23.27
202400034386,5.0,16.7
202400034387,1.46,3.05
202400034485,3.43,27.67
202400034557,2.96,7.4
202400034562,4.62,6.46
202400034563,11.78,39.69
202400034569,2.1,24.62
202400034586,1.82,21.82
202400034649,0.37,20.96
202400034693,6.98,18.4
202400034703,4.83,10.42
202400034785,2.67,3.86
202400034794,10.03,7.88
202400034796,3.48,35.6
202400034811,7.28,10.4
202400034813,2.79,3.88
202400034854,5.69,6.83
202400034900,5.73,7.69
202400034963,2.82,17.87
202400034971,13.7,42.94
202400035193,3.71,26.1
202400035305,6.48,11.12
202400035366,4.77,6.77
202400035370,9.07,6.39
202400035394,5.94,11.42
202400035434,4.3,2.42
202400035490,0.3,20.84
202400035516,1.74,10.31
202400035517,8.14,9.65
202400035519,3.23,5.89
202400035522,3.0,29.94
202400035524,3.44,9.14
202400035527,5.07,36.27
202400035542,5.97,33.99
202400035566,3.59,30.16
202400035567,4.81,4.43
202400035586,3.99,4.54
202400035589,3.39,5.79
202400035593,9.01,8.64
202400035716,3.12,36.14
202400035769,11.34,12.16
202400035784,7.44,22.29
202400035805,2.98,3.16
202400035827,11.45,18.11
202400035907,6.7,11.6
202400035909,6.14,11.04
202400035910,5.04,7.96
202400035916,6.78,4.32
202400035918,3.36,8.78
202400035919,7.53,4.04
202400035986,5.77,5.14
202400036031,5.29,22.67
202400036068,5.36,4.57
202400036070,7.27,7.26
202400036072,1.94,11.13
202400036080,4.34,2.53
202400036113,3.84,6.33
202400036122,8.26,14.6
202400036124,9.62,6.88
202400036210,4.39,3.6
202400036234,6.14,7.61
202400036240,8.66,12.26
202400036288,4.58,21.07
202400036291,2.94,43.98
202400036345,5.2,1.9
202400036364,8.67,4.08
202400036367,7.17,4.84
202400036549,7.19,17.08
202400036558,8.88,20.92
202400036559,3.36,6.13
202400036561,2.44,8.41
202400036582,1.53,1.99
202400036653,6.72,11.74
202400036655,5.99,4.11
202400036658,7.36,16.97
202400036669,7.36,4.66
202400036672,5.64,12.38
202400036697,5.56,7.08
202400036699,4.36,7.79
202400036801,10.59,19.43
202400036868,10.22,2.48
202400037017,2.97,30.02
202400037051,5.35,8.82
202400037054,5.57,4.46
202400037070,3.78,9.2
202400037072,4.41,6.94
202400037188,5.83,7.86
202400037190,6.76,7.6
202400037271,4.05,7.47
202400037285,2.42,22.21
202400037297,5.57,12.3
202400037349,4.19,38.79
202400037653,4.03,9.15
202400037745,10.38,36.69
202400037757,10.54,18.49
202400037873,7.04,25.47
202400037875,1.54,20.0
202400037956,6.29,4.66
202400037958,10.62,4.42
202400037980,4.44,3.09
202400038048,5.1,9.2
202400038053,3.48,9.75
202400038076,7.13,28.83
202400038184,5.17,5.56
202400038201,9.45,7.24
202400038203,6.92,3.33
202400038409,8.41,4.29
202400038496,5.78,15.3
202400038513,4.22,9.11
202400038528,4.93,23.68
202400038548,4.08,28.4
202400038550,9.75,21.29
202400038552,3.58,1.99
202400038589,7.74,13.64
202400038592,8.6,7.75
202400038599,4.39,5.95
202400038617,3.01,12.15
202400038661,3.3,28.22
202400038670,4.07,21.31
202400038680,1.55,29.47
202400038840,4.77,5.6
202400038846,6.3,3.19
202400038900,10.8,29.48
202400038902,0.56,21.94
202400038916,3.86,19.24
202400038917,4.59,44.72
202400038973,6.32,8.44
202400038981,6.87,6.9
202400038993,4.52,9.9
202400038996,10.05,6.98
202400038997,4.7,11.78
202400039001,3.62,2.83
202400039033,6.72,7.9
202400039038,6.0,4.15
202400039054,7.96,7.67
202400039059,6.65,10.76
202400039062,11.15,5.36
202400039067,6.24,4.92
202400039070,5.08,7.31
202400039075,8.88,3.47
202400039079,5.65,12.38
202400039085,2.86,8.5
202400039089,4.14,8.98
202400039093,8.11,4.96
202400039096,3.28,14.58
202400039101,2.73,36.95
202400039122,12.73,14.96
202400039137,6.78,18.7
202400039139,7.41,6.69
202400039142,9.23,5.23
202400039166,2.09,8.96
202400039185,2.16,16.36
202400039190,4.8,4.79
202400039194,6.11,3.94
202400039200,6.36,13.54
202400039204,16.19,22.0
202400039222,8.75,19.18
202400039310,9.42,9.88
202400039313,4.61,4.6
202400039382,2.56,8.28
202400039417,2.6,7.4
202400039421,5.66,10.77
202400039454,11.15,11.61
202400039542,8.52,31.77
202400039548,6.08,15.29
202400039555,10.4,15.29
202400039631,1.2,22.95
202400039664,1.66,44.08
202400039682,5.81,18.42
202400039719,7.05,8.46
202400039721,7.55,39.18
202400039739,8.16,11.03
202400039867,6.83,34.71
202400039869,4.62,36.05
202400039895,2.65,7.08
202400039898,6.87,6.26
202400039952,10.78,29.06
202400040021,6.93,6.49
202400040051,8.17,38.15
202400040069,6.32,23.31
202400040088,3.46,28.09
202400040095,8.41,17.24
202400040155,5.5,24.57
202400040231,6.89,9.99
202400040233,6.76,13.15
202400040235,4.36,4.61
202400040236,1.9,6.6
202400040315,13.27,49.81
202400040328,3.85,29.25
202400040380,15.23,46.94
202400040386,4.95,24.63
202400040390,2.72,22.08
202400040393,9.58,6.47
202400040407,5.58,13.92
202400040417,8.79,4.39
202400040433,2.44,29.9
202400040455,8.21,8.2
202400040483,5.56,4.94
202400040555,6.78,17.7
202400040557,18.63,18.29
202400040616,4.5,38.56
202400040618,4.63,4.92
202400040621,4.63,6.63
202400040659,4.98,6.69
202400040661,6.66,32.74
202400040775,4.3,36.84
202400040786,6.89,7.6
202400040842,4.24,9.22
202400040844,3.26,6.44
202400040845,3.01,7.43
202400040902,3.55,29.19
202400040903,9.01,15.77
202400040941,7.25,7.74
202400040944,7.08,11.98
202400041006,3.44,25.06
202400041017,7.64,5.95
202400041151,4.33,13.49
202400041198,8.05,13.03
202400041205,9.01,8.16
202400041217,5.03,7.32
202400041221,14.67,28.65
202400041222,8.69,0.99
202400041224,2.77,20.15
202400041227,4.93,5.42
202400041235,14.49,24.11
202400041297,3.77,19.73
202400041311,3.19,21.01
202400041314,3.49,3.87
202400041335,13.32,25.99
202400041357,9.13,26.06
202400041363,9.06,29.86
202400041371,1.1,25.18
202400041385,9.87,34.38
202400041470,5.5,21.5
202400041484,3.87,1.87
202400041497,6.98,17.17
202400041504,2.35,30.52
202400041634,6.57,5.96
202400041640,5.34,3.87
202400041718,4.89,3.57
202400041736,3.51,24.3
202400041767,5.37,6.83
202400041849,6.47,23.72
202400041855,3.36,10.53
202400042006,2.89,10.57
202400042009,9.07,8.22
202400042078,9.37,7.31
202400042079,4.4,9.13
202400042127,17.93,21.2
202400042142,20.86,30.48
202400042243,7.31,17.31
202400042306,4.12,18.46
202400042382,7.05,3.23
202400042396,4.97,5.46
202400042397,10.72,11.16
202400042400,7.67,9.18
202400042413,5.62,3.32
202400042558,7.99,8.48
202400042566,3.44,9.19
202400042575,4.53,4.9
202400042577,11.37,7.45
202400042606,4.09,11.33
202400042756,3.49,33.54
202400042757,8.08,23.2
202400042810,8.43,25.75
202400042872,6.42,4.15
202400042874,6.96,36.79
202400042941,5.74,7.55
202400043038,2.93,26.05
202400043049,3.35,21.15
202400043077,6.66,25.67
202400043273,6.36,20.9
202400043304,3.85,10.09
202400043306,4.83,11.75
202400043309,8.8,10.31
202400043311,4.58,36.56
202400043315,2.81,38.12
202400043357,6.44,4.07
202400043372,5.31,10.68
202400043376,9.13,3.97
202400043393,2.37,23.85
202400043430,5.77,21.35
202400043449,6.08,42.62
202400043504,3.61,28.88
202400043512,4.71,25.5
202400043604,7.53,27.51
202400043617,2.27,19.67
202400043667,2.46,4.31
202400043671,3.7,6.12
202400043688,3.6,10.56
202400043881,2.84,11.25
202400043885,6.54,15.26
202400043892,3.18,11.7
202400043898,0.95,7.51
202400043901,1.8,10.37
202400043904,7.54,1.05
202400044016,4.5,34.68
202400044019,6.28,27.52
202400044033,8.41,19.32
202400044125,5.53,5.07
202400044140,8.39,20.7
202400044181,8.45,11.27
202400044182,5.58,24.1
202400044217,2.8,20.67
202400044263,4.74,7.78
202400044334,6.01,32.83
202400044396,6.31,6.67
202400044402,4.09,42.45
202400044426,16.42,23.9
202400044428,8.83,4.05
202400044439,4.57,4.41
202400044443,11.16,5.37
202400044446,8.0,7.62
202400044448,5.6,8.59
202400044449,6.81,3.32
202400044675,4.64,10.29
202400044676,6.03,5.54
202400044680,2.51,9.94
202400044720,1.08,12.12
202400044721,6.13,13.43
202400044770,7.79,43.69
202400044778,3.79,9.38
202400044790,4.44,20.02
202400044835,8.86,14.35
202400044855,6.69,20.54
202400044935,2.48,11.66
202400044938,6.21,7.82
202400044972,9.64,29.03
202400045064,3.22,10.29
202400045081,9.37,34.51
202400045086,7.11,17.35
202400045145,4.82,5.76
202400045149,8.57,23.71
202400045150,3.8,11.57
202400045153,5.23,6.69
202400045156,6.69,36.33
202400045374,6.98,31.6
202400045382,5.65,25.48
202400045401,3.62,5.25
202400045414,12.79,26.37
202400045450,2.77,14.2
202400045496,5.01,10.74
202400045503,8.38,5.58
202400045514,2.08,9.59
202400045562,3.2,7.29
202400045572,4.29,8.4
202400045665,3.27,8.16
202400045682,4.3,9.5
202400045690,9.84,4.14
202400045695,5.51,23.93
202400045700,3.68,5.2
202400045858,10.77,12.0
202400045928,12.63,28.11
202400045964,9.91,28.16
202400046025,11.74,12.34
202400046036,6.09,36.01
202400046038,5.07,20.1
202400046085,7.11,22.58
202400046092,5.55,11.07
202400046213,4.32,3.94
202400046231,7.34,6.66
202400046243,5.07,13.55
202400046244,7.86,4.25
202400046249,3.1,9.3
202400046254,5.31,34.76
202400046306,10.76,4.72
202400046310,6.76,8.37
202400046331,5.02,28.96
202400046427,5.29,14.96
202400046440,8.3,12.05
202400046564,3.64,5.09
202400046565,6.77,5.26
202400046568,4.27,20.81
202400046571,5.09,5.44
202400046573,5.18,19.27
202400046575,2.82,7.15
202400046709,8.42,31.3
202400046724,3.88,23.11
202400046730,2.35,9.06
202400046800,7.26,8.7
202400046813,4.6,11.14
202400046899,4.68,31.4
202400046905,6.77,46.48
202400046958,9.87,20.69
202400046971,3.76,16.05
202400046973,2.32,22.37
202400046985,10.94,32.07
202400047159,2.63,7.71
202400047286,5.68,25.12
202400047471,7.84,25.86
202400047476,4.26,10.01
202400047539,8.52,26.14
202400047575,5.48,9.21
202400047580,6.6,7.79
202400047589,9.24,7.02
202400047590,9.26,4.79
202400047597,6.38,3.46
202400047616,2.66,6.52
202400047623,5.2,9.31
202400047663,5.58,7.11
202400047665,1.78,10.75
202400047676,8.51,5.44
202400047704,5.41,4.61
202400047858,6.12,7.66
202400047927,4.73,29.27
202400047948,7.4,40.29
202400048032,4.79,11.46
202400048069,1.36,33.61
202400048074,0.9,17.6
202400048078,6.3,34.72
202400048157,9.57,8.58
202400048163,9.7,39.89
202400048185,5.56,7.54
202400048192,2.92,32.06
202400048290,12.2,10.69
202400048331,1.52,17.79
202400048457,9.09,3.43
202400048460,4.48,9.51
202400048462,8.46,8.37
202400048466,4.83,11.12
202400048477,4.11,2.25
202400048502,6.48,10.29
202400048504,2.02,9.82
202400048568,6.74,26.17
202400048605,8.37,6.68
202400048700,5.31,8.44
202400048701,4.89,8.87
202400048710,11.82,18.47
202400048722,5.84,23.74
202400048821,3.17,20.89
202400048859,3.21,7.42
202400048870,7.19,35.66
202400048883,3.32,10.4
202400048889,6.12,10.54
202400048893,7.19,10.26
202400048898,3.21,8.42
202400048900,1.27,26.8
202400048904,6.35,23.3
202400048913,7.56,39.49
202400048917,0.75,29.18
202400048934,4.56,10.14
202400048944,5.77,10.89
202400048945,13.89,43.12
202400048946,4.53,6.53
202400048976,5.86,4.35
202400048982,4.74,10.22
202400049003,7.6,34.2
202400049033,5.11,47.52
202400049186,6.38,42.25
202400049201,8.8,18.4
202400049242,6.79,41.87
202400049255,6.67,4.03
202400049258,2.74,13.31
202400049269,6.93,7.99
202400049286,2.68,12.45
202400049299,9.01,5.54
202400049335,3.93,21.39
202400049344,5.58,7.1
202400049410,7.99,10.61
202400049446,3.18,7.31
202400049487,1.72,36.05
202400049494,4.62,41.29
202400049499,3.14,21.25
202400049508,9.61,28.84
202400049549,8.14,16.62
202400049611,2.86,21.78
202400049654,11.0,8.71
202400049689,5.37,19.7
202400049697,10.41,21.28
202400049741,7.19,9.02
202400049764,3.51,21.54
202400049808,4.23,9.88
202400049883,4.58,5.32
202400049888,6.2,13.49
202400049898,1.56,20.54
202400050100,7.84,28.7
202400050131,3.56,8.75
202400050138,4.8,10.69
202400050153,2.76,10.9
202400050161,5.5,8.84
202400050170,9.17,3.89
202400050179,6.78,40.94
202400050215,3.78,9.12
202400050230,2.85,7.62
202400050244,9.28,32.91
202400050265,15.66,23.13
202400050413,7.24,8.11
202400050423,1.34,12.05
202400050428,6.86,15.39
202400050429,10.21,33.65
202400050474,22.07,16.75
202400050505,2.09,12.87
202400050506,2.34,8.47
202400050513,4.56,7.96
202400050514,3.4,8.69
202400050525,8.96,7.24
202400050526,4.82,2.94
202400050595,7.28,11.12
202400050634,5.35,7.83
202400050697,7.69,29.21
202400050721,2.93,1.06
202400050816,5.39,4.56
202400050825,2.97,7.51
202400050842,3.79,8.0
202400050852,3.24,37.71
202400050899,2.1,23.61
202400051020,8.37,25.28
202400051023,7.0,6.48
202400051047,10.57,11.03
202400051086,4.97,31.33
202400051094,2.23,7.57
202400051382,5.14,6.18
202400051395,7.49,30.51
202400051424,8.22,32.28
202400051428,2.28,5.4
202400051483,4.62,23.7
202400051489,6.41,31.74
202400051536,3.78,14.22
202400051539,5.15,7.17
202400051543,9.65,7.93
202400051555,4.4,4.39
202400051560,7.2,7.91
202400051589,6.05,24.03
202400051639,5.49,5.72
202400051646,3.96,8.8
202400051656,6.75,6.56
202400051668,7.19,10.46
202400051672,4.8,20.65
202400051705,3.96,8.33
202400051759,5.27,8.59
202400051845,4.4,4.39
202400051954,8.3,24.49
202400051955,4.34,28.19
202400052062,4.74,2.94
202400052083,4.87,5.9
202400052091,9.04,2.55
202400052190,7.91,27.53
202400052288,8.44,3.6
202400052293,2.09,9.85
202400052318,2.91,7.24
202400052323,10.56,4.17
202400052339,4.84,11.0
202400052351,4.77,7.6
202400052359,3.7,6.19
202400052363,2.85,7.62
202400052398,4.41,3.14
202400052427,0.7,7.41
202400052431,2.03,8.89
202400052435,6.29,9.03
202400052443,8.45,9.06
202400052570,4.17,8.38
202400052573,3.35,9.05
202400052581,8.62,7.77
202400052583,6.5,8.26
202400052592,3.48,25.11
202400052600,6.98,17.22
202400052602,4.77,8.46
202400052605,5.3,9.0
202400052608,5.88,3.44
202400052615,4.64,12.7
202400052624,12.6,25.18
202400052642,4.52,12.94
202400052658,10.22,13.05
202400052822,1.69,32.57
202400052830,6.15,25.7
202400052867,6.6,24.8
202400052877,16.86,13.2
202400052920,4.96,31.56
202400052927,5.92,31.13
202400052935,8.73,38.66
202400053008,6.0,37.67
202400053016,9.34,39.15
202400053020,3.28,9.06
202400053030,4.94,5.11
202400053040,4.48,43.15
202400053071,7.6,5.91
202400053186,5.03,9.35
202400053192,6.19,5.16
202400053238,4.74,12.71
202400053255,6.33,38.76
202400053271,6.14,13.89
202400053291,15.23,22.53
202400053300,7.42,8.6
202400053301,4.06,11.72
202400053311,6.96,11.07
202400053318,5.28,8.98
202400053386,5.54,7.06
202400053401,8.9,25.06
202400053418,6.16,10.45
202400053430,11.23,13.07
202400053448,1.84,8.55
202400053462,6.82,9.99
202400053500,2.63,8.84
202400053553,3.31,31.02
202400053564,9.61,11.45
202400053584,5.52,6.86
202400053591,5.01,35.22
202400053601,7.46,35.25
202400053670,2.29,18.13
202400053676,5.76,7.22
202400053692,3.78,5.73
202400053703,9.84,22.55
202400053712,6.0,7.52
202400053721,10.27,39.51
202400053730,7.7,15.67
202400053740,3.07,9.19
202400053749,7.36,8.61
202400053759,8.13,15.89
202400053818,5.43,34.06
202400053829,2.51,9.78
202400053851,8.3,3.66
202400053860,9.89,15.6
202400053963,6.41,12.55
202400053973,7.62,8.86
202400053974,2.71,24.58
202400054036,39.61,33.33
202400054121,1.5,10.69
202400054135,7.03,6.02
202400054156,8.02,3.97
202400054161,9.12,6.91
202400054183,6.06,24.26
202400054211,6.76,5.74
202400054227,6.0,15.32
202400054263,4.96,14.05
202400054365,7.22,7.94
