Num_Acc,nearest_pompiers_min_osrm,nearest_sau_min_osrm
202200000071,6.68,15.58
202200000161,2.9,3.96
202200000162,2.84,10.11
202200000163,1.85,3.58
202200000256,0.36,12.28
202200000257,4.01,19.19
202200000266,6.92,5.36
202200000296,9.45,4.47
202200000365,4.83,7.33
202200000442,7.37,18.06
202200000444,13.3,15.58
202200000450,5.16,21.15
202200000663,3.22,8.44
202200000720,7.36,6.22
202200000722,5.81,7.51
202200000725,2.02,3.97
202200000727,2.3,11.54
202200000742,6.4,15.06
202200000772,3.98,0.79
202200000775,10.14,11.51
202200000778,7.17,8.47
202200000781,6.78,12.42
202200000816,6.05,12.08
202200000850,6.62,11.01
202200000853,9.47,6.01
202200000856,2.97,5.36
202200000920,8.45,9.41
202200000934,10.22,19.33
202200000936,4.03,12.26
202200000978,6.39,22.11
202200001151,11.61,14.98
202200001152,2.24,2.63
202200001242,2.55,25.54
202200001306,10.99,20.88
202200001354,7.57,17.22
202200001365,4.76,13.15
202200001386,7.27,3.72
202200001387,3.22,13.78
202200001388,4.97,8.74
202200001389,6.43,5.25
202200001390,2.16,6.2
202200001521,8.33,4.96
202200001522,5.29,7.92
202200001523,3.14,7.59
202200001524,5.94,5.1
202200001525,5.16,4.51
202200001595,10.23,8.47
202200001670,10.85,10.03
202200001691,3.86,16.81
202200001692,5.61,12.61
202200001693,4.14,13.46
202200001696,7.8,11.69
202200001702,3.03,6.06
202200001704,6.9,20.36
202200001705,8.83,12.0
202200001719,6.01,5.51
202200001857,3.32,4.37
202200001859,4.5,5.3
202200001861,2.72,5.01
202200001864,3.45,6.17
202200001881,5.01,3.07
202200001885,3.01,5.4
202200001892,2.66,13.7
202200001997,5.14,2.42
202200002075,1.19,10.2
202200002098,6.0,7.57
202200002124,0.3,9.02
202200002129,6.98,6.82
202200002133,5.13,8.15
202200002138,5.0,6.94
202200002145,8.34,4.89
202200002151,5.58,7.28
202200002157,2.0,4.86
202200002187,1.59,17.46
202200002284,4.86,9.22
202200002386,1.32,4.26
202200002400,7.1,9.97
202200002470,1.47,10.24
202200002473,4.92,7.66
202200002638,5.49,11.42
202200002639,5.17,18.28
202200002640,7.08,10.06
202200002641,2.62,4.16
202200002642,1.9,4.71
202200002643,5.12,5.64
202200002732,8.5,11.44
202200002736,14.46,19.4
202200002770,21.65,24.81
202200002771,4.55,20.36
202200002772,5.59,19.29
202200002837,3.79,6.09
202200002838,3.75,4.05
202200002839,3.53,6.16
202200002840,7.98,5.89
202200002916,5.76,22.35
202200002936,2.69,14.64
202200002971,5.24,5.36
202200002972,8.33,4.88
202200003107,8.17,15.92
202200003136,4.36,4.26
202200003195,6.78,12.82
202200003202,5.53,5.65
202200003204,5.32,1.86
202200003207,3.87,11.73
202200003209,2.35,3.64
202200003219,2.84,20.1
202200003373,2.68,2.22
202200003401,8.08,25.9
202200003402,3.82,6.88
202200003492,5.12,8.52
202200003524,11.43,18.33
202200003536,9.96,24.21
202200003544,4.28,4.79
202200003547,4.92,10.16
202200003551,3.95,12.15
202200003562,5.9,5.11
202200003567,2.27,10.81
202200003583,5.58,19.39
202200003598,16.75,14.66
202200003617,5.64,12.38
202200003621,5.28,7.9
202200003664,5.37,6.58
202200003667,6.98,7.68
202200003689,15.87,23.88
202200003698,3.11,18.44
202200003700,4.34,5.56
202200003704,3.3,10.9
202200003707,7.28,9.51
202200003741,6.2,7.75
202200003746,10.24,7.05
202200003793,9.76,19.98
202200003802,4.99,3.12
202200003849,2.38,9.52
202200003929,6.92,9.14
202200003931,6.98,9.66
202200003933,8.14,6.52
202200004056,7.17,22.67
202200004066,9.54,7.51
202200004179,6.33,11.21
202200004181,8.57,21.63
202200004183,6.45,14.99
202200004185,5.34,20.11
202200004198,9.6,10.41
202200004286,4.76,4.27
202200004290,3.23,9.87
202200004308,6.65,6.41
202200004311,0.94,1.8
202200004395,6.4,4.45
202200004397,6.01,22.02
202200004399,2.4,12.54
202200004401,6.77,5.98
202200004432,9.86,25.54
202200004449,6.17,23.14
202200004498,7.67,8.48
202200004499,6.68,5.57
202200004500,7.58,16.69
202200004525,5.18,5.35
202200004659,6.44,3.25
202200004660,6.27,6.39
202200004730,4.06,27.35
202200004733,9.94,10.94
202200004781,0.47,3.79
202200004882,6.76,7.33
202200004885,5.4,15.27
202200004890,4.27,11.27
202200004893,8.58,21.74
202200004895,3.82,4.53
202200004899,5.03,15.62
202200004937,10.65,33.57
202200005018,9.0,14.83
202200005119,5.62,16.2
202200005124,7.85,6.52
202200005126,6.06,1.81
202200005152,6.72,8.54
202200005169,6.81,5.18
202200005174,3.48,14.59
202200005301,6.61,3.06
202200005311,8.04,10.02
202200005318,3.22,11.33
202200005321,5.43,3.49
202200005324,7.75,10.69
202200005329,7.44,19.33
202200005333,4.34,4.09
202200005410,7.99,12.1
202200005415,6.94,10.57
202200005546,2.61,20.23
202200005550,3.37,7.13
202200005555,4.51,7.04
202200005611,5.99,5.96
202200005615,5.14,6.69
202200005619,3.36,5.44
202200005621,5.54,2.17
202200005624,5.99,5.84
202200005712,4.14,6.14
202200005786,5.99,7.22
202200005790,5.29,9.03
202200005837,6.44,32.58
202200005838,9.6,29.99
202200005841,10.18,18.3
202200005843,2.66,33.59
202200006000,2.32,12.35
202200006004,9.03,9.35
202200006030,4.16,6.32
202200006041,4.86,7.36
202200006069,4.82,21.81
202200006073,7.78,8.34
202200006075,6.02,4.89
202200006083,4.46,8.09
202200006085,5.4,6.95
202200006170,3.54,11.62
202200006269,8.19,11.34
202200006304,8.86,16.11
202200006306,8.03,23.22
202200006363,8.46,4.35
202200006364,8.87,5.42
202200006432,8.75,23.6
202200006493,8.19,17.43
202200006729,4.33,9.47
202200006732,6.94,3.39
202200006735,12.5,11.65
202200006737,4.2,7.3
202200006871,5.31,8.94
202200006876,4.77,10.75
202200006878,4.14,3.78
202200006951,8.9,14.28
202200006953,3.18,5.6
202200006955,3.61,5.45
202200006957,5.52,8.14
202200006959,5.72,7.27
202200006961,3.96,2.81
202200007138,1.36,23.4
202200007185,7.34,11.79
202200007232,2.86,4.68
202200007236,4.8,10.12
202200007240,5.16,7.89
202200007244,5.83,5.47
202200007288,13.86,18.32
202200007310,4.55,13.5
202200007403,4.55,23.31
202200007563,7.53,16.88
202200007565,5.56,9.2
202200007569,4.55,5.77
202200007573,3.19,9.44
202200007588,9.72,20.62
202200007593,12.51,16.94
202200007648,4.88,8.22
202200007752,3.03,20.35
202200007753,8.28,9.78
202200007894,2.12,11.06
202200007925,1.75,5.38
202200007927,5.83,8.66
202200008048,6.94,25.62
202200008241,7.2,7.32
202200008285,7.14,8.83
202200008288,4.83,7.86
202200008561,6.95,5.0
202200008562,2.7,3.24
202200008744,7.45,10.08
202200008745,7.11,5.49
202200008746,2.01,12.21
202200008747,6.04,7.28
202200008896,2.43,8.16
202200008898,2.9,10.82
202200008899,5.19,7.76
202200008939,7.94,6.38
202200008944,6.04,7.91
202200009057,1.24,3.92
202200009069,5.02,6.56
202200009073,7.03,7.59
202200009135,1.68,4.37
202200009211,5.25,5.29
202200009319,6.45,5.39
202200009329,3.11,21.8
202200009341,5.04,23.61
202200009405,2.63,17.44
202200009486,8.9,11.58
202200009531,4.71,16.61
202200009629,2.96,13.54
202200009679,4.8,4.7
202200009683,5.1,13.36
202200009685,13.64,24.95
202200009686,8.22,29.49
202200009747,8.08,12.43
202200009817,8.9,10.7
202200009847,8.56,12.6
202200009871,6.76,6.27
202200009900,0.87,6.42
202200009901,5.12,4.59
202200009902,2.39,5.4
202200009903,4.01,3.02
202200009994,7.34,16.51
202200010005,2.28,22.14
202200010059,8.85,16.46
202200010124,5.29,8.31
202200010127,13.05,13.07
202200010223,3.74,5.49
202200010226,1.14,6.84
202200010236,5.42,7.72
202200010240,5.23,8.45
202200010248,7.29,5.34
202200010251,5.06,8.94
202200010254,1.49,6.16
202200010279,5.92,8.41
202200010404,6.86,5.23
202200010411,4.77,4.93
202200010476,3.81,15.74
202200010481,12.76,17.16
202200010483,9.8,11.12
202200010603,5.11,12.26
202200010604,2.72,8.45
202200010645,2.41,3.46
202200010647,0.66,3.37
202200010648,1.6,6.99
202200010649,1.92,9.56
202200010675,5.96,6.94
202200010815,2.61,3.67
202200010826,2.78,6.24
202200010886,2.07,10.33
202200010892,3.9,6.92
202200010894,3.68,12.92
202200010957,3.02,20.32
202200010962,4.1,3.46
202200010964,2.91,4.24
202200010967,0.3,6.38
202200011070,9.68,14.24
202200011074,2.88,8.47
202200011078,6.25,4.24
202200011086,10.06,17.26
202200011091,3.73,6.76
202200011096,4.05,2.47
202200011179,9.91,9.69
202200011251,12.05,10.77
202200011255,3.45,12.46
202200011393,2.76,3.82
202200011396,5.0,2.0
202200011398,3.72,4.39
202200011401,5.48,6.66
202200011405,4.87,7.61
202200011512,8.41,18.93
202200011535,8.7,14.36
202200011629,1.02,4.63
202200011644,4.4,8.44
202200011675,0.82,10.09
202200011676,7.45,12.42
202200011684,3.57,6.58
202200011687,4.28,2.65
202200011840,11.62,15.06
202200011921,5.89,4.31
202200011926,6.0,6.66
202200011927,4.92,4.66
202200012026,5.91,15.02
202200012075,16.15,15.84
202200012154,1.07,14.84
202200012160,5.36,7.85
202200012163,5.07,8.1
202200012179,4.14,14.8
202200012190,4.62,11.97
202200012247,8.46,7.86
202200012249,3.03,11.04
202200012252,7.16,4.63
202200012360,2.88,18.81
202200012373,6.79,5.8
202200012376,3.65,11.55
202200012472,5.17,3.72
202200012473,4.94,15.32
202200012670,1.77,5.39
202200012713,1.93,9.97
202200012715,5.48,8.84
202200012718,3.56,6.34
202200012720,9.29,6.7
202200012724,4.91,4.66
202200012726,3.25,6.27
202200012759,4.17,19.99
202200012778,6.78,9.3
202200012827,7.46,11.49
202200012851,5.26,5.3
202200012854,5.69,5.44
202200012857,1.43,4.48
202200012860,6.56,6.19
202200012969,3.99,7.62
202200012998,8.28,8.41
202200013092,10.17,18.9
202200013095,7.58,11.47
202200013097,3.59,6.38
202200013107,3.56,5.15
202200013111,4.89,7.92
202200013139,10.03,16.95
202200013198,7.46,13.03
202200013215,15.15,16.3
202200013280,3.76,11.38
202200013394,4.36,6.68
202200013397,3.04,9.86
202200013400,4.9,7.64
202200013403,5.94,5.76
202200013404,4.16,5.18
202200013406,10.01,7.71
202200013408,5.3,2.19
202200013409,3.57,3.68
202200013431,4.77,1.72
202200013440,1.1,4.15
202200013443,2.4,8.97
202200013445,4.79,5.37
202200013523,3.81,14.42
202200013554,5.81,8.04
202200013559,5.92,8.57
202200013562,8.44,11.59
202200013613,5.66,11.52
202200013698,7.66,7.6
202200013699,11.58,10.1
202200013701,8.48,9.41
202200013704,4.03,4.07
202200013707,5.09,8.72
202200013710,5.38,9.0
202200013712,4.03,5.61
202200013717,6.64,6.64
202200013820,7.11,3.66
202200013821,1.44,5.23
202200013822,7.16,6.21
202200013863,8.84,19.35
202200013975,5.27,6.06
202200013978,5.4,6.44
202200013981,5.21,6.43
202200014008,5.06,5.65
202200014047,1.38,2.11
202200014052,7.86,13.24
202200014053,2.4,5.41
202200014055,1.39,2.28
202200014078,5.74,9.18
202200014081,9.14,13.41
202200014085,2.54,6.17
202200014090,2.3,11.54
202200014247,10.11,11.42
202200014321,5.02,15.78
202200014323,2.38,4.86
202200014324,4.5,12.63
202200014327,7.12,9.62
202200014329,4.4,8.48
202200014330,7.36,9.05
202200014482,1.59,18.81
202200014524,3.65,17.79
202200014526,3.74,7.71
202200014822,3.4,13.44
202200014825,8.95,19.08
202200014827,8.67,13.5
202200014848,8.62,8.74
202200014850,4.99,8.1
202200014935,6.3,31.83
202200014991,13.27,30.38
202200014996,5.02,3.48
202200015073,4.11,8.95
202200015119,6.17,13.32
202200015217,4.92,4.66
202200015222,5.54,5.73
202200015295,10.94,15.81
202200015306,4.53,17.84
202200015378,4.42,1.47
202200015379,7.02,7.02
202200015388,11.02,26.31
202200015391,4.04,13.24
202200015528,7.62,11.02
202200015530,1.27,11.92
202200015700,7.18,16.94
202200015701,4.22,26.17
202200015759,4.64,19.43
202200015838,6.63,8.78
202200015840,8.88,14.26
202200015842,1.7,3.7
202200015965,9.28,6.83
202200016052,7.62,23.23
202200016054,2.4,13.02
202200016150,10.3,24.94
202200016157,4.47,13.68
202200016216,5.85,14.96
202200016217,3.53,11.15
202200016218,6.24,6.13
202200016219,6.71,8.9
202200016220,3.22,6.25
202200016264,8.36,14.56
202200016305,9.3,25.15
202200016309,7.18,5.55
202200016416,14.3,16.16
202200016422,11.5,10.14
202200016476,3.66,21.28
202200016607,4.22,1.18
202200016608,4.84,4.89
202200016610,7.54,9.34
202200016612,6.1,25.55
202200016614,3.74,5.11
202200016617,4.56,3.96
202200016643,0.59,3.5
202200016769,2.31,4.5
202200016771,6.14,11.1
202200016773,2.81,6.58
202200016775,3.57,2.94
202200016777,4.89,8.37
202200016958,4.16,7.56
202200016962,4.54,5.92
202200016969,3.37,5.93
202200017021,3.12,14.2
202200017112,7.74,10.15
202200017129,3.28,19.32
202200017221,6.05,6.21
202200017225,3.39,4.0
202200017231,4.19,9.47
202200017234,8.39,7.92
202200017239,4.99,3.34
202200017280,6.29,13.68
202200017289,3.96,6.82
202200017292,6.06,7.76
202200017305,4.85,12.89
202200017308,1.62,7.17
202200017312,2.81,3.83
202200017316,5.79,6.41
202200017337,6.5,18.4
202200017341,4.02,8.44
202200017345,5.19,7.16
202200017349,2.89,6.73
202200017351,5.9,7.18
202200017355,4.86,3.23
202200017359,5.17,7.31
202200017360,1.8,5.56
202200017364,3.84,3.08
202200017367,7.68,10.26
202200017371,3.97,14.21
202200017419,10.28,11.57
202200017545,5.1,8.95
202200017612,5.28,8.9
202200017613,9.56,11.77
202200017864,0.72,13.1
202200017900,6.59,7.84
202200017953,0.56,4.53
202200018055,0.42,10.53
202200018056,2.93,5.36
202200018058,6.38,11.93
202200018138,7.85,23.27
202200018175,4.27,4.31
202200018176,5.13,8.75
202200018177,4.87,7.84
202200018251,2.37,6.89
202200018316,4.64,5.74
202200018319,3.9,3.31
202200018375,1.45,2.34
202200018386,5.45,6.91
202200018389,3.36,4.05
202200018391,3.36,1.9
202200018394,3.16,5.67
202200018396,4.12,3.15
202200018399,3.08,4.87
202200018402,3.25,8.19
202200018626,3.63,13.46
202200018639,7.21,21.29
202200018642,5.65,5.16
202200018926,2.84,7.06
202200018933,6.34,4.28
202200018939,4.49,8.11
202200018943,3.16,3.74
202200018982,8.96,18.29
202200019001,4.81,12.04
202200019019,6.26,11.62
202200019126,4.93,7.39
202200019128,4.08,7.18
202200019129,3.56,3.01
202200019222,7.2,7.38
202200019254,5.1,8.32
202200019347,6.28,10.89
202200019358,8.18,25.33
202200019451,0.99,18.14
202200019468,11.46,15.05
202200019509,6.77,7.37
202200019511,6.38,6.69
202200019512,8.38,8.5
202200019513,8.32,4.86
202200019514,4.77,5.2
202200019586,4.11,15.14
202200019607,11.97,33.17
202200019678,5.03,4.54
202200019687,6.99,7.88
202200019731,3.38,7.33
202200019732,7.93,2.55
202200019733,3.58,4.66
202200019735,5.04,8.16
202200019844,9.91,9.63
202200019854,5.03,4.78
202200019862,6.72,9.66
202200019941,7.1,10.73
202200020010,2.6,7.14
202200020012,4.17,19.44
202200020034,3.96,7.01
202200020096,9.75,7.16
202200020097,7.39,7.69
202200020098,2.15,6.9
202200020099,3.14,4.69
202200020100,2.42,4.93
202200020101,4.43,5.11
202200020242,0.71,17.72
202200020245,7.2,7.79
202200020246,3.88,6.39
202200020373,7.26,15.84
202200020420,9.88,15.18
202200020431,3.99,9.34
202200020435,8.44,7.34
202200020546,13.04,30.03
202200020550,8.9,9.53
202200020609,7.61,8.93
202200020757,9.07,10.68
202200020826,3.23,5.66
202200020828,1.74,4.53
202200020830,7.52,7.64
202200020861,2.12,7.99
202200020864,3.8,8.79
202200020867,2.64,8.95
202200020869,3.94,6.24
202200020874,4.19,2.74
202200020920,7.84,11.88
202200020982,4.07,7.95
202200020991,4.33,5.61
202200021032,1.81,4.1
202200021035,1.28,18.5
202200021058,8.82,7.2
202200021060,10.85,14.22
202200021101,2.42,4.53
202200021103,5.68,4.06
202200021108,5.98,2.75
202200021117,3.14,7.68
202200021258,3.1,2.68
202200021260,7.84,17.85
202200021268,9.96,16.12
202200021341,6.25,2.06
202200021377,3.22,9.85
202200021380,4.48,1.02
202200021436,10.15,20.01
202200021458,6.41,7.36
202200021476,4.38,4.28
202200021477,6.36,9.15
202200021478,5.19,7.63
202200021508,2.81,11.0
202200021510,5.9,5.95
202200021513,7.15,7.19
202200021528,4.3,9.11
202200021537,11.38,8.2
202200021584,18.73,17.75
202200021708,3.97,10.66
202200021710,9.22,15.63
202200021716,4.78,8.41
202200021718,4.0,6.72
202200021720,1.78,4.45
202200021751,8.37,6.81
202200021752,2.25,5.3
202200021796,10.52,14.85
202200021943,12.24,23.1
202200021944,8.32,21.83
202200021990,8.96,16.57
202200021991,9.36,27.6
202200021992,3.25,13.87
202200022041,7.74,8.72
202200022081,10.02,15.22
202200022082,5.46,9.44
202200022087,7.84,8.65
202200022129,9.0,8.39
202200022130,6.68,9.51
202200022131,2.77,7.98
202200022134,6.43,5.25
202200022136,5.07,7.53
202200022195,6.9,15.02
202200022239,3.97,19.16
202200022242,9.95,13.6
202200022291,4.04,8.1
202200022293,3.25,3.83
202200022570,6.16,9.7
202200022656,6.1,18.95
202200022729,3.4,10.57
202200022731,6.08,4.95
202200022821,4.26,15.33
202200022872,3.79,16.1
202200022899,6.96,2.78
202200023036,16.88,21.33
202200023046,5.33,8.06
202200023048,3.11,4.94
202200023053,14.57,9.59
202200023056,9.25,15.91
202200023181,4.71,5.59
202200023209,10.0,22.37
202200023216,11.04,7.85
202200023259,3.97,8.39
202200023261,7.11,7.42
202200023264,5.24,12.27
202200023265,2.75,14.81
202200023282,5.48,12.14
202200023284,4.51,19.65
202200023349,0.99,8.99
202200023444,7.12,10.52
202200023445,4.46,2.12
202200023446,3.38,5.4
202200023502,1.99,10.45
202200023531,3.65,23.0
202200023612,6.92,18.93
202200023614,6.2,19.06
202200023659,6.29,5.98
202200023699,3.04,8.7
202200023799,5.16,23.81
202200023942,6.12,18.32
202200023945,3.96,3.01
202200023953,7.43,9.94
202200023958,1.87,14.94
202200024032,2.94,6.18
202200024086,4.97,12.86
202200024148,5.53,2.52
202200024152,2.75,2.15
202200024159,12.41,17.78
202200024171,5.85,9.52
202200024259,3.98,6.45
202200024261,9.59,10.21
202200024264,6.31,19.26
202200024265,7.11,16.22
202200024344,7.82,8.12
202200024350,10.19,23.18
202200024705,8.94,18.05
202200024708,3.7,4.79
202200024790,1.42,9.38
202200024793,8.66,5.11
202200024796,3.98,8.63
202200024798,3.94,5.51
202200024855,5.29,10.54
202200024881,4.87,17.88
202200024885,7.89,26.57
202200025020,9.53,11.71
202200025021,1.58,19.27
202200025080,3.34,2.17
202200025081,3.93,6.5
202200025082,2.44,11.68
202200025122,19.33,26.5
202200025197,9.92,28.76
202200025203,7.36,10.73
202200025236,7.18,5.35
202200025237,6.84,7.15
202200025238,6.33,9.34
202200025240,5.87,5.51
202200025336,5.37,7.24
202200025421,21.99,25.16
202200025423,10.4,14.42
202200025425,2.14,16.5
202200025428,9.85,6.89
202200025456,12.18,13.72
202200025527,7.08,6.98
202200025529,4.63,6.09
202200025531,4.25,4.56
202200025537,4.25,8.24
202200025685,5.13,8.56
202200025721,9.07,6.11
202200025722,4.26,7.34
202200025830,2.82,16.6
202200025835,8.18,11.56
202200025885,6.45,2.59
202200025887,4.26,4.23
202200025888,0.14,9.31
202200025924,3.09,13.73
202200026067,2.02,10.74
202200026071,0.68,11.26
202200026074,3.92,5.02
202200026075,4.27,5.94
202200026132,7.24,19.02
202200026135,2.61,5.18
202200026138,2.15,4.83
202200026326,3.38,17.18
202200026371,2.98,9.23
202200026392,1.69,5.75
202200026411,4.85,7.48
202200026416,7.53,20.07
202200026475,10.46,14.53
202200026478,3.02,13.79
202200026490,5.02,7.27
202200026606,4.36,20.93
202200026618,5.63,5.59
202200026699,5.96,22.2
202200026701,8.49,12.37
202200026710,7.0,9.22
202200026768,1.44,9.01
202200026770,2.92,6.52
202200026788,12.26,21.49
202200026791,6.85,15.02
202200026795,7.07,13.71
202200026833,7.16,7.32
202200026834,9.05,6.96
202200026835,9.05,5.5
202200026836,10.91,9.61
202200026839,5.9,10.07
202200026840,2.26,5.05
202200026853,8.03,12.98
202200026877,10.84,11.26
202200026878,8.15,5.86
202200026984,11.46,18.37
202200027022,6.29,8.97
202200027024,7.71,7.06
202200027090,1.43,5.68
202200027091,1.57,5.3
202200027119,5.52,8.5
202200027214,2.52,21.21
202200027217,3.49,18.43
202200027342,4.13,7.71
202200027344,6.86,4.41
202200027346,5.22,17.98
202200027386,8.22,10.72
202200027389,7.21,10.18
202200027408,8.39,7.74
202200027507,7.25,23.79
202200027527,6.09,2.34
202200027529,4.28,8.04
202200027531,4.11,6.47
202200027534,3.01,4.01
202200027537,5.63,5.03
202200027625,9.21,7.06
202200027707,6.26,6.38
202200027708,6.53,8.67
202200027800,2.49,6.55
202200027860,2.23,17.04
202200027920,5.65,3.71
202200027922,7.6,8.77
202200027928,3.88,6.5
202200027931,2.35,21.75
202200027933,2.92,4.2
202200028061,4.97,6.3
202200028176,7.57,4.31
202200028178,2.44,2.86
202200028180,7.36,3.51
202200028183,3.88,5.1
202200028392,5.29,10.96
202200028430,2.88,12.76
202200028439,1.53,16.32
202200028502,0.58,24.05
202200028621,6.55,11.15
202200028622,2.15,8.18
202200028624,5.77,8.36
202200028627,6.62,5.94
202200028629,5.36,1.19
202200028653,9.9,19.02
202200028665,5.88,6.74
202200028667,4.99,8.08
202200028746,5.03,8.66
202200028842,6.05,6.72
202200028881,6.71,13.19
202200028883,5.09,5.79
202200028884,1.32,8.43
202200028901,5.54,6.02
202200028904,1.61,9.11
202200028906,2.14,6.18
202200028971,5.52,9.64
202200028994,7.43,11.52
202200028995,5.7,10.31
202200029137,6.95,9.79
202200029138,5.88,9.08
202200029139,3.34,1.28
202200029158,8.72,23.97
202200029196,6.22,6.74
202200029315,7.74,8.69
202200029341,11.68,17.23
202200029344,9.34,16.91
202200029438,7.33,7.08
202200029545,4.51,11.66
202200029550,10.35,14.96
202200029561,4.66,12.92
202200029568,8.69,17.03
202200029608,2.88,8.52
202200029612,2.44,12.66
202200029695,7.88,3.69
202200029734,7.3,11.16
202200029735,3.55,4.42
202200029784,13.34,22.76
202200029786,7.1,7.23
202200029787,4.02,9.46
202200029887,0.2,13.1
202200029896,4.64,8.27
202200029897,5.73,8.39
202200029898,8.13,6.5
202200029899,9.43,10.11
202200029918,4.78,23.1
202200029919,1.95,17.94
202200029940,4.93,2.12
202200029941,6.15,9.19
202200029947,6.26,16.59
202200029952,9.06,19.18
202200030045,2.56,9.4
202200030047,5.48,4.82
202200030049,2.95,6.23
202200030059,3.55,17.33
202200030244,9.25,13.28
202200030273,4.32,6.79
202200030288,5.93,8.19
202200030304,5.84,6.74
202200030422,2.3,20.9
202200030471,4.03,5.57
202200030473,2.76,8.41
202200030505,2.21,5.0
202200030506,3.79,6.61
202200030507,6.05,9.52
202200030546,3.82,4.92
202200030549,5.15,4.42
202200030552,2.42,5.82
202200030595,5.26,14.45
202200030663,2.34,12.98
202200030747,8.21,22.54
202200030748,4.24,17.83
202200030790,4.75,9.22
202200030791,3.71,5.75
202200030792,7.39,7.69
202200030793,5.01,3.66
202200030794,3.96,7.72
202200030874,2.67,22.32
202200030907,8.15,8.33
202200030915,2.76,5.7
202200030920,6.0,10.59
202200030963,3.79,15.72
202200030964,3.39,22.2
202200030983,5.24,6.04
202200030984,4.79,8.42
202200031155,2.91,7.73
202200031246,4.26,7.84
202200031248,4.95,7.3
202200031251,7.05,11.99
202200031271,2.16,4.79
202200031278,0.57,11.1
202200031386,1.8,2.34
202200031413,2.26,5.88
202200031415,5.74,13.35
202200031515,6.17,15.0
202200031568,9.26,6.3
202200031703,7.22,12.68
202200031704,0.29,18.29
202200031711,12.32,16.72
202200031737,6.19,5.49
202200031738,4.13,3.15
202200031739,5.73,7.88
202200031740,3.44,4.95
202200031813,5.25,12.4
202200031855,1.82,4.53
202200031856,3.48,6.21
202200031857,3.32,6.05
202200031911,4.91,3.28
202200031950,5.27,6.82
202200032053,5.64,20.56
202200032055,5.33,1.16
202200032079,2.22,7.32
202200032114,5.92,11.39
202200032116,8.06,6.82
202200032118,4.72,4.46
202200032120,2.83,4.62
202200032122,5.27,9.27
202200032123,4.02,4.13
202200032125,2.28,5.37
202200032241,3.22,9.07
202200032243,2.89,9.46
202200032269,4.2,12.34
202200032316,4.9,7.33
202200032317,0.46,3.78
202200032319,6.2,5.07
202200032507,2.28,6.32
202200032508,6.79,13.88
202200032574,9.78,8.27
202200032579,3.08,13.72
202200032582,3.31,18.64
202200032630,4.34,3.78
202200032673,4.46,9.59
202200032678,1.99,4.19
202200032717,5.59,2.99
202200032719,3.26,3.8
202200032721,3.05,6.68
202200032786,4.89,12.02
202200032813,5.33,22.9
202200032871,6.21,6.81
202200032895,6.45,10.57
202200032929,7.87,15.12
202200032976,5.38,5.42
202200032979,10.56,7.49
202200032983,3.91,5.46
202200033035,2.44,3.28
202200033036,3.25,9.09
202200033037,5.72,5.21
202200033062,7.47,10.58
202200033134,2.75,6.78
202200033139,1.1,5.57
202200033143,6.65,6.94
202200033151,4.38,4.97
202200033155,5.7,7.25
202200033158,3.13,10.74
202200033181,9.1,12.02
202200033189,3.02,18.62
202200033243,8.39,17.76
202200033261,9.46,9.58
202200033265,8.16,6.81
202200033268,6.2,4.17
202200033313,10.71,13.85
202200033415,4.8,5.39
202200033417,5.39,4.09
202200033507,8.89,20.14
202200033585,3.59,7.39
202200033586,3.64,5.47
202200033650,4.07,23.23
202200033655,10.0,25.07
202200033698,1.97,21.02
202200033699,13.47,30.88
202200033700,9.53,12.04
202200033736,9.47,11.3
202200033737,6.52,10.76
202200033849,6.43,24.31
202200033905,4.24,10.06
202200033982,4.4,7.75
202200034001,6.28,10.52
202200034004,3.55,6.6
202200034005,7.58,3.39
202200034126,5.66,6.72
202200034129,4.57,7.7
202200034299,4.02,10.27
202200034301,2.06,7.61
202200034424,3.54,9.6
202200034425,1.26,4.88
202200034427,6.05,6.39
202200034490,8.32,11.61
202200034491,9.85,17.76
202200034492,4.86,11.56
202200034534,6.16,14.59
202200034537,8.03,8.09
202200034600,5.2,18.51
202200034685,10.52,12.08
202200034792,3.24,13.44
202200034895,4.42,16.15
202200034907,4.08,4.67
202200034913,5.69,6.48
202200034916,4.72,1.46
202200034917,8.2,6.27
202200034920,7.11,7.19
202200034923,8.91,6.46
202200034925,9.68,6.23
202200034927,6.59,6.36
202200034932,0.99,3.3
202200034935,3.39,14.69
202200034939,2.49,5.42
202200034946,5.08,5.82
202200035146,5.19,14.73
202200035178,2.82,6.56
202200035183,4.94,15.32
202200035187,4.38,9.69
202200035191,3.97,6.82
202200035193,6.58,7.42
202200035219,6.55,18.36
202200035234,6.76,7.94
202200035282,11.7,16.16
202200035338,6.16,7.48
202200035378,5.04,6.26
202200035380,3.53,8.76
202200035448,5.94,21.92
202200035537,11.34,12.96
202200035554,7.93,9.65
202200035584,4.57,2.55
202200035610,4.07,10.34
202200035612,1.61,6.24
202200035716,5.11,10.97
202200035718,7.05,7.76
202200035802,1.4,20.57
202200035833,4.19,15.72
202200035834,2.64,12.84
202200035835,7.16,14.65
202200035970,5.54,8.51
202200036121,6.5,2.53
202200036122,5.36,7.86
202200036137,5.75,16.74
202200036208,10.96,10.83
202200036211,9.74,14.69
202200036288,7.52,8.43
202200036291,5.28,2.32
202200036293,7.36,6.92
202200036296,3.6,9.28
202200036424,7.66,18.8
202200036426,1.25,18.95
202200036490,10.48,11.16
202200036495,5.2,13.84
202200036501,8.34,7.46
202200036507,13.52,16.54
202200036531,5.29,2.33
202200036534,8.0,4.81
202200036539,3.24,5.43
202200036545,1.64,9.12
202200036561,4.43,16.16
202200036613,2.34,11.65
202200036716,7.47,8.81
202200036720,2.49,3.47
202200036723,7.19,6.6
202200036894,1.28,11.23
202200036980,3.86,21.39
202200036981,4.63,22.65
202200036993,10.09,18.99
202200037125,1.81,14.39
202200037142,4.42,5.29
202200037145,5.72,5.85
202200037147,7.31,7.43
202200037149,9.66,6.31
202200037416,1.48,15.51
202200037453,13.74,19.88
202200037455,5.62,9.06
202200037537,8.46,10.49
202200037554,5.37,4.88
202200037573,5.22,7.12
202200037634,6.56,10.43
202200037645,7.07,7.19
202200037646,3.27,5.66
202200037704,2.03,24.28
202200037753,4.21,7.19
202200037754,7.14,9.36
202200037800,3.79,4.59
202200037801,2.06,5.69
202200037868,7.14,12.78
202200037870,6.57,9.54
202200037930,5.72,8.21
202200037931,5.59,4.63
202200037932,4.56,2.94
202200038026,2.71,11.84
202200038028,10.15,17.1
202200038069,2.2,7.37
202200038072,5.3,9.38
202200038077,6.64,17.22
202200038169,4.71,8.7
202200038171,7.97,9.78
202200038269,12.3,9.12
202200038431,4.19,11.01
202200038433,4.99,7.31
202200038435,3.73,6.34
202200038438,2.74,5.79
202200038509,6.94,3.45
202200038516,12.88,34.36
202200038571,12.93,15.21
202200038602,2.83,3.88
202200038605,5.69,5.78
202200038659,14.33,10.5
202200038662,15.1,14.8
202200038665,5.45,10.11
202200038730,5.71,7.97
202200038777,2.3,14.3
202200038779,3.9,2.74
202200038829,10.12,8.16
202200038831,7.35,19.34
202200038931,5.82,14.67
202200039106,4.75,9.99
202200039108,2.18,6.33
202200039113,4.16,4.93
202200039114,3.19,5.7
202200039116,6.88,13.88
202200039117,4.07,6.63
202200039199,6.19,11.58
202200039201,8.63,8.75
202200039230,9.01,9.06
202200039234,7.07,7.37
202200039235,0.88,11.64
202200039237,6.79,6.91
202200039239,7.53,3.01
202200039241,4.86,17.98
202200039242,6.26,7.47
202200039244,3.14,6.53
202200039245,4.49,7.11
202200039247,4.81,9.03
202200039249,3.75,6.53
202200039387,0.8,12.92
202200039458,3.48,5.23
202200039460,3.99,6.41
202200039487,6.75,6.88
202200039580,5.11,19.73
202200039581,1.38,13.16
202200039666,6.08,16.65
202200039681,1.3,4.89
202200039750,10.34,15.36
202200039758,8.41,10.59
202200039759,5.88,15.86
202200039781,1.79,7.82
202200039782,3.66,6.82
202200039887,13.9,14.0
202200039979,5.95,10.76
202200040009,3.31,4.86
202200040011,4.89,7.65
202200040012,6.13,2.68
202200040014,4.98,9.89
202200040152,6.44,8.26
202200040245,5.99,6.51
202200040246,4.22,7.22
202200040248,3.45,3.71
202200040249,8.65,7.08
202200040296,4.56,5.78
202200040302,3.23,6.85
202200040393,1.58,14.66
202200040394,6.76,7.26
202200040621,8.24,17.65
202200040623,8.55,6.67
202200040638,5.74,22.56
202200040703,8.28,21.61
202200040860,7.07,7.01
202200040863,7.38,11.24
202200040866,3.74,4.45
202200040935,9.3,19.11
202200040939,10.72,16.6
202200041015,4.12,26.15
202200041212,4.81,9.62
202200041253,5.9,12.03
202200041254,7.06,8.51
202200041256,6.19,10.23
202200041282,5.05,5.88
202200041400,15.18,21.69
202200041449,2.68,18.67
202200041493,1.4,7.24
202200041496,14.11,18.74
202200041606,4.59,11.77
202200041607,7.04,10.4
202200041608,2.6,6.23
202200041609,1.98,4.6
202200041610,6.12,8.79
202200041770,5.2,2.54
202200041865,2.13,7.97
202200041866,7.16,5.91
202200041869,5.07,9.06
202200041870,6.69,2.36
202200041872,6.71,2.7
202200041873,5.72,7.66
202200041875,3.04,2.36
202200041910,3.52,9.62
202200041916,1.38,13.5
202200042004,6.6,5.49
202200042013,8.51,20.64
202200042017,0.84,13.53
202200042150,8.42,10.9
202200042214,2.62,3.51
202200042215,9.5,7.88
202200042216,4.98,4.04
202200042219,3.02,9.33
202200042221,3.7,4.28
202200042452,13.63,19.86
202200042455,11.47,24.98
202200042464,0.44,19.12
202200042632,8.65,4.47
202200042639,6.67,20.13
202200042665,8.6,8.7
202200042671,4.42,3.89
202200042674,3.02,9.19
202200042682,10.26,7.96
202200042689,2.21,3.73
202200042714,5.88,8.63
202200042731,3.48,5.73
202200042873,4.16,23.7
202200042878,3.39,12.6
202200042923,8.06,20.03
202200042948,8.74,17.87
202200042954,1.42,20.1
202200042959,2.45,21.76
202200042971,8.08,2.71
202200042974,3.58,3.22
202200043024,9.58,24.38
202200043034,9.05,7.54
202200043044,6.37,10.4
202200043107,5.64,7.46
202200043211,7.94,18.97
202200043214,4.74,18.61
202200043287,8.97,17.87
202200043289,5.73,14.55
202200043313,9.01,10.94
202200043384,2.89,6.37
202200043385,5.56,5.68
202200043386,6.95,17.7
202200043387,2.89,5.06
202200043431,7.6,17.42
202200043471,3.51,6.53
202200043472,2.63,5.0
202200043519,9.15,10.52
202200043520,3.72,3.75
202200043521,1.64,7.49
202200043522,4.54,5.64
202200043523,1.9,3.81
202200043604,10.43,12.36
202200043667,4.78,3.94
202200043668,4.16,8.15
202200043669,4.49,7.27
202200043771,7.32,5.92
202200043796,3.91,6.45
202200043840,2.42,3.42
202200043841,2.51,6.93
202200043842,2.14,7.54
202200043843,1.84,5.47
202200043918,4.14,12.94
202200043921,4.88,8.24
202200043923,3.68,6.84
202200043930,6.55,2.48
202200043935,3.81,3.44
202200043938,3.16,9.22
202200043940,4.42,2.8
202200043944,2.55,5.38
202200043947,3.63,2.48
202200044072,4.96,10.41
202200044074,4.26,9.99
202200044186,9.65,7.53
202200044188,4.83,7.75
202200044190,4.91,6.6
202200044191,7.01,5.0
202200044286,5.12,7.05
202200044368,4.5,8.99
202200044374,3.88,19.6
202200044415,3.96,14.54
202200044443,4.83,4.18
202200044448,7.56,7.68
202200044558,9.81,20.38
202200044688,10.72,23.2
202200044692,4.98,6.94
202200044697,4.21,12.73
202200044703,6.07,3.58
202200044752,0.18,20.12
202200044903,7.27,7.8
202200044909,3.27,16.57
202200044930,4.57,13.89
202200044985,4.91,18.29
202200044990,2.75,16.88
202200045008,2.33,9.56
202200045015,2.94,4.03
202200045026,10.2,13.21
202200045094,3.36,9.15
202200045204,9.09,5.67
202200045208,5.65,6.87
202200045211,3.84,8.79
202200045215,7.17,7.66
202200045217,4.67,7.35
202200045222,7.99,7.88
202200045237,3.02,3.11
202200045304,5.85,7.24
202200045307,7.57,7.69
202200045309,2.4,9.55
202200045311,4.01,7.18
202200045313,7.08,4.9
202200045314,3.83,2.94
202200045317,5.89,14.9
202200045369,3.45,3.45
202200045371,1.2,13.18
202200045472,8.37,6.68
202200045473,8.31,14.44
202200045474,5.88,11.91
202200045476,1.75,5.92
202200045524,2.43,4.97
202200045525,4.25,2.95
202200045586,1.62,20.27
202200045622,6.68,5.8
202200045663,1.0,6.56
202200045666,5.17,7.06
202200045667,4.59,1.13
202200045711,10.82,8.34
202200045715,3.15,11.27
202200045884,7.85,9.6
202200045888,3.31,9.95
202200046021,6.96,22.48
202200046025,6.11,7.52
202200046028,5.03,5.67
202200046031,3.93,11.79
202200046133,8.36,7.18
202200046136,6.22,6.74
202200046144,1.05,11.27
202200046146,1.0,21.28
202200046270,3.25,6.02
202200046306,5.72,4.98
202200046322,6.67,14.54
202200046386,1.69,16.56
202200046433,1.2,5.74
202200046439,14.33,11.75
202200046518,2.04,2.31
202200046612,0.14,26.03
202200046619,1.54,12.82
202200046623,4.87,10.68
202200046633,4.31,14.61
202200046826,7.66,9.88
202200046830,3.55,6.35
202200046841,15.18,16.36
202200046844,6.11,18.96
202200046848,9.37,12.8
202200046852,4.78,15.48
202200046855,7.64,17.12
202200046879,11.15,21.71
202200046945,1.3,7.14
202200046946,2.48,13.13
202200046950,5.81,13.68
202200046953,4.73,8.36
202200046963,6.75,6.25
202200047046,3.48,4.57
202200047050,7.16,5.88
202200047052,2.08,2.61
202200047227,1.29,11.12
202200047236,10.87,8.28
202200047239,1.74,16.0
202200047242,4.78,24.92
202200047335,4.36,31.9
202200047337,2.82,5.33
202200047338,6.31,9.94
202200047396,7.64,5.59
202200047397,4.08,17.19
202200047398,2.14,3.91
202200047464,6.93,19.89
202200047468,2.58,2.34
202200047469,8.07,8.49
202200047489,5.87,5.27
202200047521,14.71,14.06
202200047684,7.73,11.23
202200047726,4.56,4.73
202200047742,5.49,6.99
202200047743,3.43,2.95
202200047746,6.35,4.72
202200047750,6.98,9.49
202200047754,5.16,4.87
202200047757,4.37,0.91
202200047759,4.12,7.88
202200047764,5.57,17.1
202200047912,10.46,18.71
202200047917,6.6,9.4
202200047918,1.43,18.24
202200048045,0.41,18.17
202200048050,3.14,22.3
202200048065,2.62,9.47
202200048067,2.7,4.18
202200048075,4.28,5.82
202200048078,2.97,4.07
202200048083,6.88,6.59
202200048091,4.77,6.91
202200048123,4.03,4.72
202200048145,3.48,5.13
202200048289,5.19,3.9
202200048313,6.37,7.91
202200048334,4.36,3.72
202200048356,15.81,12.38
202200048422,1.83,10.38
202200048427,6.22,7.17
202200048431,3.03,11.86
202200048433,5.95,2.94
202200048437,7.32,9.31
202200048439,3.71,4.84
202200048456,6.15,12.08
202200048469,2.46,15.36
202200048488,8.4,20.02
202200048655,3.79,5.99
202200048766,6.6,10.04
202200048771,6.13,5.13
202200048776,3.12,10.02
202200048800,9.04,21.3
202200048826,4.8,20.5
202200048929,5.66,7.47
202200048934,5.9,15.01
202200048990,6.43,6.1
202200048991,8.27,17.83
202200049035,2.25,2.56
202200049036,1.18,5.85
202200049240,12.94,15.03
202200049243,7.33,26.58
202200049337,8.22,11.66
202200049344,11.38,8.2
202200049401,2.35,3.2
202200049436,4.34,3.06
202200049437,2.53,6.93
202200049438,4.84,7.47
202200049714,6.06,8.74
202200049746,9.74,12.87
202200049766,2.32,6.5
202200049857,5.92,18.44
202200049863,3.73,19.64
202200049869,8.19,11.38
202200049967,3.07,9.0
202200050010,0.27,35.12
202200050095,13.21,30.74
202200050157,2.09,3.31
202200050289,9.14,7.52
202200050296,8.34,13.72
202200050304,3.27,6.9
202200050312,4.49,5.53
202200050317,6.96,6.81
202200050362,5.88,5.28
202200050366,5.46,12.27
202200050374,3.58,7.58
202200050377,11.26,24.36
202200050413,8.22,9.06
202200050524,5.58,4.39
202200050533,2.85,7.98
202200050545,2.12,6.98
202200050601,8.96,21.31
202200050709,5.09,15.67
202200050716,7.2,7.75
202200050725,4.59,9.38
202200050729,2.94,4.7
202200050839,8.51,7.57
202200050885,5.44,9.48
202200050904,6.64,4.39
202200050966,3.02,35.68
202200051055,3.99,15.8
202200051065,7.99,8.56
202200051068,5.69,3.74
202200051123,6.34,4.55
202200051126,2.12,8.88
202200051129,4.46,2.09
202200051138,4.59,10.26
202200051166,9.03,10.45
202200051202,5.61,5.24
202200051276,7.22,7.87
202200051296,5.98,12.3
202200051338,1.78,21.28
202200051370,7.92,12.53
202200051432,4.3,11.29
202200051484,3.67,14.31
202200051485,9.16,22.49
202200051551,4.51,20.23
202200051559,10.94,22.72
202200051639,5.61,17.49
202200051640,4.16,10.62
202200051846,19.04,14.2
202200051859,8.89,8.89
202200051903,9.47,8.18
202200051954,9.23,17.7
202200051998,10.24,15.06
202200052018,4.17,3.29
202200052028,6.34,8.24
202200052033,0.44,24.19
202200052187,5.13,13.36
202200052198,2.88,6.56
202200052256,5.38,6.84
202200052276,6.67,5.08
202200052286,7.82,6.18
202200052294,4.86,7.89
202200052300,7.82,7.88
202200052359,5.04,1.9
202200052364,13.19,16.73
202200052413,6.42,11.1
202200052465,2.37,7.17
202200052571,12.45,15.01
202200052598,9.22,6.33
202200052732,7.97,8.54
202200052737,7.31,5.15
202200052743,3.86,5.4
202200052754,6.11,8.04
202200052761,8.01,7.58
202200052772,4.26,2.64
202200052821,1.03,4.65
202200052859,5.67,24.43
202200052876,4.67,20.17
202200052881,6.88,26.01
202200052946,2.64,6.04
202200052962,6.49,9.29
202200052970,5.5,7.62
202200052984,4.82,8.56
202200052996,3.96,2.34
202200052999,3.72,5.55
202200053002,7.44,11.99
202200053033,3.01,22.31
202200053034,7.73,6.6
202200053036,6.83,6.36
202200053043,7.93,6.38
202200053054,4.31,4.94
202200053236,5.67,14.68
202200053244,1.02,6.42
202200053250,0.86,13.42
202200053403,13.17,28.5
202200053483,2.31,7.86
202200053492,5.3,5.79
202200053625,6.92,17.37
202200053699,8.34,6.46
202200053711,11.36,27.86
202200053725,15.85,30.41
202200053753,8.45,6.77
202200053761,4.62,4.46
202200053762,5.79,4.85
202200053771,5.62,9.66
202200053868,7.32,17.94
202200053902,13.72,15.58
202200053996,3.15,8.99
202200054021,3.42,12.53
202200054060,7.96,7.54
202200054105,17.33,22.7
202200054107,3.92,6.89
202200054109,3.61,12.85
202200054116,7.89,6.34
202200054125,5.9,2.51
202200054139,3.94,2.79
202200054158,1.48,6.39
202200054162,2.18,12.89
202200054173,8.82,14.78
202200054184,6.49,11.45
202200054208,4.24,15.97
202200054217,9.68,13.08
202200054227,9.65,18.39
202200054234,8.6,24.68
202200054249,8.1,18.3
202200054260,9.67,17.9
202200054366,8.95,30.58
202200054386,1.2,28.31
202200054401,4.78,15.5
202200054478,8.85,6.4
202200054486,8.72,15.88
202200054491,14.21,16.77
202200054499,8.84,18.21
202200054507,8.79,19.0
202200054509,7.2,19.67
202200054540,5.75,10.11
202200054549,4.43,9.24
202200054558,3.19,12.43
202200054575,5.68,8.68
202200054582,7.5,7.81
202200054592,3.54,4.65
202200054606,3.89,3.99
202200054636,2.34,21.12
202200054645,2.14,14.49
202200054652,5.93,12.7
202200054789,4.83,3.2
202200054796,3.99,7.62
202200054807,10.56,13.71
202200054883,6.18,10.48
202200054893,4.05,10.3
202200054909,5.71,9.78
202200054985,6.18,7.4
202200054997,2.24,5.69
202200055133,3.49,6.43
202200055141,6.01,21.73
202200055148,3.53,16.08
202200055151,3.74,4.97
202300000050,14.7,14.8
202300000068,2.01,19.0
202300000138,6.64,5.45
202300000242,7.93,6.38
202300000245,3.48,6.5
202300000299,6.55,7.27
202300000363,8.55,6.32
202300000391,7.33,7.42
202300000392,8.88,13.86
202300000393,5.91,12.99
202300000430,4.72,4.88
202300000431,7.33,7.42
202300000482,7.48,11.6
202300000483,3.71,7.71
202300000484,4.06,11.05
202300000533,4.74,12.97
202300000535,6.14,4.06
202300000537,5.88,8.61
202300000568,7.43,9.27
202300000570,2.44,8.69
202300000571,6.52,4.94
202300000688,10.86,13.14
202300000692,4.74,9.66
202300000694,7.92,8.04
202300000695,6.99,3.5
202300000696,3.88,4.18
202300000745,11.9,14.1
202300000887,5.62,5.76
202300001020,4.33,12.65
202300001040,3.17,5.64
202300001045,9.86,13.43
202300001113,3.55,11.22
202300001116,4.44,7.89
202300001120,3.82,18.44
202300001124,1.9,10.45
202300001190,11.89,18.12
202300001268,8.43,9.75
202300001284,7.05,10.98
202300001306,4.83,12.87
202300001341,3.35,6.15
202300001368,6.45,23.22
202300001540,4.77,4.81
202300001621,4.64,13.76
202300001623,4.37,13.18
202300001633,1.62,14.9
202300001723,8.76,17.4
202300001762,8.05,11.07
202300001764,4.08,6.7
202300001827,7.98,13.21
202300001829,10.65,8.11
202300001834,3.22,5.93
202300001837,4.22,7.98
202300001840,6.86,8.56
202300002000,6.24,12.15
202300002002,1.74,13.58
202300002089,4.68,17.58
202300002098,6.47,4.71
202300002144,4.32,26.98
202300002235,11.81,8.97
202300002238,4.28,14.77
202300002250,4.72,5.58
202300002252,11.42,10.14
202300002350,1.18,3.18
202300002353,4.42,7.9
202300002355,5.15,5.32
202300002357,2.98,10.33
202300002359,7.37,11.17
202300002361,4.76,7.81
202300002363,5.08,3.02
202300002390,4.4,11.23
202300002564,3.44,5.91
202300002589,6.74,5.12
202300002593,2.18,8.44
202300002600,7.78,6.43
202300002603,6.44,7.6
202300002605,5.62,11.59
202300002830,9.77,17.21
202300002929,8.28,23.49
202300003109,10.84,9.59
202300003120,2.9,5.0
202300003123,5.6,8.29
202300003136,5.38,4.78
202300003138,7.96,7.32
202300003141,8.71,8.6
202300003212,4.66,4.17
202300003290,4.96,7.28
202300003291,1.78,8.36
202300003293,2.76,2.74
202300003294,4.11,7.83
202300003445,8.89,18.3
202300003446,4.58,7.7
202300003448,5.84,5.6
202300003470,11.77,20.73
202300003519,2.98,4.04
202300003521,7.7,13.08
202300003522,3.97,3.26
202300003524,3.66,3.05
202300003776,4.47,15.9
202300003805,4.43,2.81
202300004131,7.57,15.86
202300004139,9.19,15.97
202300004167,10.6,19.72
202300004266,6.69,10.22
202300004275,4.94,1.65
202300004279,1.89,3.72
202300004285,5.59,7.49
202300004291,9.29,12.91
202300004293,4.48,11.8
202300004295,2.52,5.92
202300004298,3.37,5.4
202300004302,4.85,7.35
202300004396,1.95,17.67
202300004411,3.3,9.4
202300004414,6.98,3.98
202300004417,3.57,4.79
202300004420,1.69,4.36
202300004541,2.5,5.21
202300004544,5.99,3.73
202300004551,6.69,6.93
202300004555,8.01,4.46
202300004567,1.72,3.72
202300004573,3.44,7.06
202300004659,9.43,7.93
202300004667,10.49,8.09
202300004672,2.27,4.2
202300004849,10.81,18.58
202300004886,7.46,7.45
202300004891,4.82,3.2
202300004901,11.11,30.47
202300004983,6.93,19.89
202300005211,4.5,11.19
202300005219,9.47,9.49
202300005223,6.75,19.29
202300005228,7.66,11.29
202300005229,6.14,12.95
202300005355,7.02,8.2
202300005356,8.04,6.04
202300005357,7.0,5.95
202300005358,4.88,10.5
202300005359,7.11,4.52
202300005360,1.39,4.69
202300005361,5.88,5.64
202300005362,3.97,2.4
202300005363,3.24,6.29
202300005514,14.0,18.94
202300005573,3.37,13.45
202300005606,5.86,3.12
202300005651,7.25,6.95
202300005694,7.98,12.22
202300005737,6.0,5.02
202300005738,10.2,11.52
202300005773,2.25,4.68
202300005774,2.26,5.89
202300005824,6.14,5.0
202300005930,7.94,15.44
202300005933,13.64,14.0
202300005944,6.24,9.26
202300005964,3.68,7.72
202300005999,5.16,6.13
202300006020,5.7,5.46
202300006021,7.08,7.14
202300006139,12.14,12.54
202300006144,13.88,10.69
202300006171,6.75,13.15
202300006173,3.38,3.65
202300006179,5.69,6.78
202300006375,5.46,8.64
202300006380,8.96,5.35
202300006386,7.23,6.56
202300006390,4.72,7.22
202300006395,4.2,5.88
202300006399,6.13,3.48
202300006481,9.24,11.87
202300006486,2.83,10.58
202300006488,5.04,14.92
202300006492,4.98,7.14
202300006497,4.09,5.31
202300006502,3.88,13.12
202300006511,4.25,14.73
202300006515,6.92,11.27
202300006516,7.54,8.11
202300006521,2.19,22.39
202300006570,8.7,9.11
202300006600,4.93,4.0
202300006734,14.13,17.3
202300006747,8.29,14.02
202300006787,7.14,9.87
202300006792,5.7,11.73
202300006801,4.24,4.75
202300006844,4.12,6.74
202300006867,1.87,9.26
202300007001,7.39,4.8
202300007008,1.95,5.56
202300007056,4.38,3.83
202300007085,6.42,9.51
202300007092,5.68,12.24
202300007096,4.5,6.09
202300007113,1.14,5.72
202300007175,2.68,7.35
202300007212,13.6,18.6
202300007218,5.48,12.43
202300007224,8.47,6.92
202300007265,9.49,12.35
202300007281,4.99,14.6
202300007289,3.78,21.53
202300007295,3.25,2.51
202300007297,6.14,6.0
202300007454,7.77,6.94
202300007455,6.46,11.06
202300007477,6.83,16.25
202300007512,5.68,7.13
202300007597,3.4,10.47
202300007644,9.04,11.29
202300007705,6.28,18.63
202300007728,2.28,17.32
202300007783,4.86,8.3
202300007784,7.36,5.61
202300007785,7.36,9.54
202300007786,6.16,4.22
202300007852,1.97,9.45
202300007902,6.82,6.26
202300007903,8.86,19.16
202300007927,3.98,7.31
202300007928,6.22,9.06
202300007964,2.79,9.41
202300007970,6.69,8.29
202300008012,10.26,11.81
202300008013,0.76,3.19
202300008070,6.58,4.58
202300008311,9.33,8.16
202300008315,6.52,3.98
202300008331,7.6,13.63
202300008407,8.03,12.79
202300008476,12.94,22.79
202300008538,6.17,22.16
202300008551,7.72,11.58
202300008707,8.44,6.6
202300008798,8.01,10.86
202300008804,2.92,2.29
202300008808,5.73,5.03
202300008811,3.34,6.56
202300008822,5.02,15.24
202300008823,12.25,9.06
202300008829,7.19,3.74
202300008965,7.87,8.1
202300008966,7.59,9.83
202300008973,9.29,11.8
202300009041,2.85,4.99
202300009044,1.75,4.93
202300009047,8.61,8.65
202300009174,4.54,9.78
202300009212,2.95,6.72
202300009372,8.5,12.85
202300009373,9.26,12.41
202300009375,7.1,6.85
202300009376,3.7,4.41
202300009415,4.07,3.18
202300009524,4.67,4.0
202300009525,8.54,5.96
202300009527,6.42,9.24
202300009528,5.51,6.72
202300009529,3.35,10.96
202300009530,7.94,11.3
202300009611,7.56,8.37
202300009615,6.5,19.3
202300009617,2.24,2.63
202300009757,1.78,7.16
202300009758,2.86,8.57
202300009759,3.3,19.55
202300009760,1.94,3.94
202300009761,5.81,8.83
202300009829,10.92,12.44
202300009860,5.98,5.54
202300009861,2.36,6.52
202300009862,5.1,7.9
202300009907,4.74,14.81
202300009944,6.98,10.38
202300010074,2.04,22.7
202300010151,10.74,16.47
202300010155,10.19,16.91
202300010183,8.94,22.97
202300010191,7.57,6.92
202300010227,4.1,17.15
202300010232,3.7,9.63
202300010353,5.92,8.35
202300010357,2.41,19.64
202300010360,2.06,18.16
202300010364,10.47,16.03
202300010371,9.9,11.51
202300010375,9.4,12.55
202300010414,1.76,4.79
202300010419,6.24,5.13
202300010428,3.31,8.23
202300010433,7.36,5.42
202300010439,6.8,9.89
202300010445,7.35,3.8
202300010448,1.82,8.63
202300010452,3.48,1.43
202300010453,10.51,24.72
202300010596,2.76,4.6
202300010602,3.86,7.26
202300010608,6.2,9.04
202300010614,10.19,8.13
202300010619,8.28,4.54
202300010625,3.35,5.86
202300010632,0.91,3.58
202300010708,9.1,29.48
202300010712,5.12,15.12
202300010731,4.68,18.03
202300010738,2.49,7.34
202300010742,3.12,6.66
202300010746,4.06,5.84
202300010762,4.01,4.82
202300010868,3.19,5.88
202300010893,3.05,20.84
202300010897,6.56,9.22
202300010930,2.62,3.66
202300010936,5.26,8.8
202300011031,6.98,10.07
202300011052,4.17,7.29
202300011114,7.26,9.26
202300011158,10.81,17.92
202300011186,6.46,23.69
202300011192,1.37,20.55
202300011196,14.57,20.63
202300011265,12.77,12.79
202300011354,4.25,8.89
202300011355,4.98,6.48
202300011356,3.39,3.03
202300011357,2.31,7.48
202300011399,10.45,8.82
202300011416,6.86,22.47
202300011420,6.68,4.22
202300011422,8.38,13.04
202300011428,5.47,8.15
202300011466,8.7,12.73
202300011486,4.4,15.88
202300011553,9.3,27.01
202300011557,3.11,15.79
202300011561,12.32,28.51
202300011587,6.13,9.48
202300011589,1.98,10.12
202300011592,2.74,6.31
202300011594,5.41,4.87
202300011595,7.39,7.62
202300011610,5.56,9.62
202300011649,6.18,7.38
202300011651,3.12,8.24
202300011705,11.38,20.01
202300011707,4.33,4.37
202300011872,4.63,3.5
202300011873,4.43,5.53
202300011874,5.12,7.63
202300011954,7.25,8.59
202300011957,8.3,6.54
202300011958,4.22,5.32
202300012026,12.38,15.78
202300012027,7.49,8.73
202300012031,11.58,16.09
202300012071,4.27,21.05
202300012084,8.41,9.73
202300012140,13.34,13.2
202300012144,10.85,16.71
202300012160,12.36,12.92
202300012169,6.56,4.42
202300012176,2.31,10.69
202300012180,2.68,5.91
202300012187,5.02,12.2
202300012244,7.0,5.43
202300012305,1.07,10.1
202300012354,2.33,4.57
202300012357,2.03,19.82
202300012430,10.34,9.56
202300012435,0.89,12.34
202300012441,3.5,4.28
202300012591,4.35,7.38
202300012598,2.51,10.15
202300012604,2.72,6.34
202300012629,2.02,3.62
202300012633,4.6,7.31
202300012771,3.29,5.68
202300012782,7.66,11.02
202300012783,3.23,3.57
202300012902,7.31,21.15
202300012912,9.93,11.25
202300013053,13.0,13.37
202300013109,3.1,17.35
202300013116,6.91,14.88
202300013118,14.06,18.08
202300013152,4.91,4.81
202300013176,2.17,10.4
202300013178,7.67,11.53
202300013180,3.9,11.22
202300013182,4.86,8.26
202300013183,5.18,9.22
202300013188,5.72,4.81
202300013263,4.75,15.7
202300013327,5.34,15.0
202300013328,9.96,20.28
202300013400,10.91,15.3
202300013405,2.82,10.94
202300013461,7.15,12.99
202300013474,11.1,24.02
202300013535,7.29,6.71
202300013539,5.3,1.29
202300013540,3.55,5.13
202300013541,7.02,5.45
202300013604,7.1,5.06
202300013605,2.07,6.82
202300013708,9.95,7.82
202300013805,5.5,27.05
202300013844,5.99,4.93
202300013845,4.28,3.88
202300014001,11.51,2.86
202300014002,6.5,7.5
202300014016,5.02,20.74
202300014162,9.59,13.18
202300014208,12.01,21.86
202300014244,10.66,25.98
202300014266,11.51,14.88
202300014269,5.82,6.68
202300014273,7.89,19.74
202300014297,14.78,34.81
202300014431,3.3,7.06
202300014433,3.34,10.68
202300014437,9.2,8.41
202300014442,8.1,4.55
202300014446,10.52,22.03
202300014460,6.82,8.27
202300014464,5.38,8.22
202300014471,5.27,12.88
202300014477,3.88,1.64
202300014503,1.71,7.09
202300014601,8.01,14.16
202300014613,8.5,11.65
202300014784,1.96,9.21
202300014801,4.02,9.62
202300014814,3.31,3.78
202300014818,1.61,9.77
202300014900,3.36,5.98
202300014905,0.6,6.05
202300014907,7.73,8.29
202300014909,3.04,9.43
202300014913,6.24,5.92
202300014918,3.03,5.42
202300014927,4.18,7.28
202300015011,4.22,4.26
202300015014,3.35,9.99
202300015022,6.74,8.82
202300015026,4.5,13.74
202300015029,6.35,5.34
202300015204,8.06,11.28
202300015216,7.44,5.17
202300015383,6.32,7.56
202300015384,1.44,5.41
202300015385,3.87,5.15
202300015524,7.14,5.51
202300015525,4.65,5.92
202300015526,6.32,3.73
202300015527,6.36,7.91
202300015529,2.37,6.41
202300015635,12.22,13.35
202300015712,1.97,20.38
202300015745,5.07,9.31
202300015746,6.23,5.16
202300015873,6.92,4.83
202300015876,2.55,27.79
202300015907,15.72,15.68
202300015909,0.55,13.97
202300015934,0.54,16.83
202300015943,10.17,25.89
202300016014,7.67,8.2
202300016032,2.01,5.77
202300016206,6.36,5.71
202300016369,6.25,23.06
202300016382,9.21,5.99
202300016535,3.92,8.85
202300016542,7.51,9.33
202300016594,2.86,5.72
202300016596,1.64,18.63
202300016600,4.44,2.82
202300016661,7.34,10.49
202300016666,3.21,20.43
202300016671,5.18,7.87
202300016803,9.12,23.92
202300016806,6.44,11.38
202300016813,4.17,5.22
202300016896,5.81,15.32
202300016948,4.17,8.81
202300016950,7.21,3.46
202300016954,1.0,2.54
202300017030,8.46,17.21
202300017033,3.4,15.24
202300017122,10.58,28.0
202300017147,11.63,14.88
202300017149,0.68,10.43
202300017190,8.71,19.15
202300017244,7.65,7.6
202300017278,5.86,6.48
202300017279,5.3,1.29
202300017280,9.61,9.56
202300017434,9.15,6.99
202300017435,5.67,4.92
202300017436,5.27,9.26
202300017438,5.16,6.99
202300017439,4.14,16.92
202300017505,14.32,22.35
202300017509,15.01,16.17
202300017532,7.66,8.97
202300017692,3.37,9.78
202300017803,1.44,21.02
202300017819,10.6,10.67
202300017900,8.94,27.18
202300017982,5.96,9.32
202300017985,3.3,5.3
202300018122,5.15,4.32
202300018125,7.89,9.14
202300018301,6.05,11.6
202300018303,4.01,6.0
202300018306,2.67,21.35
202300018374,2.51,15.9
202300018425,4.99,5.56
202300018435,5.86,4.21
202300018438,6.43,3.9
202300018529,11.68,11.8
202300018534,9.12,9.55
202300018535,10.82,8.53
202300018682,4.19,11.37
202300018687,2.6,1.53
202300018688,10.86,12.8
202300018690,6.39,12.42
202300018694,4.18,9.04
202300018697,4.36,3.9
202300018709,5.39,4.28
202300018712,3.21,11.32
202300018716,2.88,10.93
202300018718,4.32,2.25
202300018781,4.04,7.09
202300018921,13.7,21.95
202300018940,10.71,18.9
202300018941,2.63,18.35
202300018997,4.13,7.15
202300019072,5.06,9.09
202300019074,8.2,7.95
202300019077,4.14,8.15
202300019102,2.73,4.28
202300019105,8.26,13.3
202300019107,3.72,6.27
202300019112,2.27,6.48
202300019115,10.32,7.2
202300019118,5.54,13.39
202300019235,7.2,20.32
202300019236,5.81,13.3
202300019243,1.9,10.72
202300019266,2.55,3.64
202300019267,5.32,6.87
202300019268,5.36,12.54
202300019283,7.29,5.41
202300019316,2.09,6.3
202300019317,12.74,10.59
202300019364,12.16,13.28
202300019365,3.24,13.34
202300019426,1.71,3.73
202300019428,1.13,3.95
202300019430,5.73,2.72
202300019482,4.85,3.66
202300019483,5.82,4.77
202300019485,1.82,20.76
202300019486,3.77,7.76
202300019488,7.1,9.48
202300019494,11.19,20.09
202300019633,2.94,1.86
202300019902,8.45,26.69
202300019926,7.9,5.64
202300019933,9.93,20.83
202300020068,6.98,14.74
202300020165,4.66,7.76
202300020168,4.08,4.45
202300020234,8.56,11.72
202300020237,5.39,22.91
202300020297,3.37,3.78
202300020441,3.78,10.83
202300020444,4.0,2.24
202300020471,3.14,15.2
202300020473,2.67,17.11
202300020502,8.98,10.79
202300020557,6.26,16.85
202300020636,3.72,11.86
202300020642,3.12,5.5
202300020645,4.73,4.44
202300020648,7.12,4.47
202300020698,12.4,15.56
202300020804,3.36,8.94
202300020873,4.69,5.84
202300020888,5.98,8.46
202300020890,10.1,20.72
202300020898,3.27,7.36
202300020902,1.82,7.66
202300020908,4.78,16.67
202300020919,3.08,10.94
202300020921,8.06,7.41
202300020986,4.93,20.51
202300021152,7.44,5.68
202300021247,6.24,8.71
202300021452,2.25,16.7
202300021455,8.01,11.17
202300021477,4.58,14.09
202300021479,5.21,7.14
202300021481,3.91,6.72
202300021550,3.51,13.34
202300021630,5.37,16.32
202300021770,4.07,16.55
202300021823,1.87,4.69
202300021921,7.04,4.47
202300021922,8.13,15.12
202300021925,2.52,3.04
202300021926,3.77,10.76
202300021934,5.68,5.2
202300021936,7.48,6.01
202300021938,4.72,7.2
202300022100,8.97,9.7
202300022105,3.67,7.17
202300022110,2.27,4.11
202300022236,3.93,7.73
202300022290,4.96,7.89
202300022374,6.87,12.03
202300022457,14.84,19.2
202300022484,10.93,21.09
202300022489,2.73,29.31
202300022493,10.93,11.05
202300022496,6.13,9.75
202300022498,5.09,10.94
202300022502,7.83,3.68
202300022507,5.03,13.43
202300022703,7.68,14.28
202300022706,10.0,13.33
202300022710,11.23,14.06
202300022723,2.17,6.42
202300022728,7.41,8.4
202300022732,5.15,7.6
202300022737,5.95,2.85
202300022777,1.76,4.92
202300022780,1.4,6.95
202300022784,4.57,7.39
202300022787,4.52,3.92
202300022789,7.4,4.36
202300022807,4.43,7.64
202300022810,8.48,11.11
202300022813,6.12,20.42
202300022817,4.67,7.18
202300022819,4.34,5.04
202300022823,7.23,4.9
202300022826,6.06,12.3
202300022829,3.14,2.56
202300023035,5.65,5.25
202300023061,11.49,14.02
202300023086,6.58,9.15
202300023220,2.17,8.92
202300023428,3.43,6.44
202300023429,6.11,13.78
202300023431,3.82,4.12
202300023433,6.22,5.39
202300023434,2.27,7.44
202300023489,4.31,9.46
202300023491,4.08,9.31
202300023493,9.43,15.03
202300023496,1.36,6.92
202300023499,3.94,7.71
202300023501,4.78,5.58
202300023505,5.22,13.91
202300023507,0.93,7.68
202300023509,3.9,2.79
202300023518,2.75,11.77
202300023574,7.53,11.06
202300023578,4.14,5.71
202300023619,6.95,6.12
202300023620,5.1,2.92
202300023621,1.84,4.91
202300023809,7.6,20.48
202300023918,9.55,15.35
202300023944,5.08,21.32
202300023952,3.64,6.53
202300023957,6.35,7.8
202300023960,4.67,2.86
202300023963,2.04,6.14
202300023968,6.16,5.8
202300023986,4.54,22.52
202300024102,6.51,9.54
202300024219,11.21,20.94
202300024236,5.97,25.9
202300024257,1.26,14.23
202300024380,7.93,9.32
202300024383,5.54,9.1
202300024411,3.83,12.83
202300024434,13.21,15.67
202300024466,7.51,11.78
202300024479,3.21,16.83
202300024506,6.39,4.44
202300024558,10.35,9.07
202300024568,5.7,9.04
202300024608,8.26,16.16
202300024610,2.44,10.67
202300024656,3.48,6.92
202300024659,5.22,7.51
202300024663,6.62,4.75
202300024755,7.72,5.56
202300024832,7.22,7.87
202300024834,6.22,9.56
202300024837,8.58,12.21
202300024906,5.28,14.41
202300024908,9.89,11.96
202300024939,8.47,5.02
202300024964,8.92,17.87
202300025022,8.3,8.97
202300025023,3.35,6.68
202300025025,2.38,3.97
202300025026,1.66,10.04
202300025027,5.74,10.06
202300025028,5.26,13.6
202300025084,5.35,22.12
202300025129,1.16,15.81
202300025136,8.76,7.13
202300025173,1.81,7.66
202300025174,7.19,4.71
202300025427,7.57,13.03
202300025428,2.9,9.54
202300025459,4.54,5.92
202300025461,7.07,6.82
202300025465,2.52,9.9
202300025523,2.18,9.16
202300025529,3.26,7.44
202300025530,2.46,6.64
202300025533,2.1,4.81
202300025696,5.57,7.26
202300025699,2.26,9.49
202300025701,6.55,4.84
202300025747,5.58,7.31
202300025818,8.55,5.18
202300025823,4.69,3.73
202300025824,6.45,4.11
202300025826,1.48,5.33
202300025953,3.5,18.62
202300026013,6.58,10.2
202300026053,7.87,15.02
202300026060,15.91,24.43
202300026210,10.1,18.3
202300026278,3.53,16.15
202300026295,8.24,8.34
202300026404,5.62,11.22
202300026407,1.64,9.68
202300026410,5.1,4.42
202300026412,3.41,3.99
202300026415,2.96,5.46
202300026424,3.01,7.82
202300026442,5.69,5.77
202300026549,4.75,3.23
202300026553,7.19,10.12
202300026567,5.58,8.3
202300026582,5.9,25.06
202300026586,7.18,22.68
202300026589,3.98,4.65
202300026591,4.52,4.07
202300026699,9.38,15.11
202300026795,5.05,9.08
202300026797,7.58,11.21
202300026807,4.59,6.14
202300026808,7.55,6.69
202300026810,7.16,5.54
202300026852,6.01,5.77
202300026855,5.65,5.0
202300026856,3.88,12.11
202300026858,2.0,4.07
202300027009,11.68,28.74
202300027016,10.52,11.84
202300027017,10.66,10.6
202300027055,7.65,7.05
202300027126,6.9,9.4
202300027244,8.96,8.14
202300027257,7.13,5.44
202300027258,6.73,9.42
202300027259,7.72,11.35
202300027262,10.33,6.4
202300027274,12.14,16.05
202300027336,0.97,4.33
202300027337,4.79,3.02
202300027338,6.32,7.56
202300027339,6.97,8.22
202300027383,0.55,3.17
202300027421,5.56,3.93
202300027422,5.65,4.24
202300027539,4.54,16.42
202300027602,13.41,15.87
202300027691,3.06,3.69
202300027695,6.62,3.4
202300027721,4.2,12.3
202300027723,7.35,11.26
202300027725,7.1,11.62
202300027765,10.11,13.26
202300027794,3.0,13.55
202300027796,4.57,9.0
202300027896,4.63,8.79
202300027909,7.02,7.15
202300027912,2.97,9.07
202300027962,2.42,27.95
202300027969,12.42,9.84
202300028109,6.58,11.2
202300028117,9.34,18.06
202300028118,2.45,23.46
202300028122,3.68,26.34
202300028127,8.09,17.2
202300028132,10.2,22.85
202300028144,5.45,8.16
202300028265,6.17,5.6
202300028289,7.34,8.39
202300028345,4.74,5.6
202300028347,4.96,7.32
202300028427,5.35,19.01
202300028433,1.58,8.34
202300028437,4.65,6.06
202300028467,4.12,7.24
202300028475,6.37,3.07
202300028477,8.61,5.16
202300028625,7.23,13.31
202300028629,8.87,6.81
202300028631,6.06,21.44
202300028633,5.0,19.43
202300028645,8.67,12.44
202300028669,4.18,5.2
202300028672,3.52,14.01
202300028675,1.58,14.08
202300028755,8.73,33.78
202300028770,5.5,3.78
202300028777,6.4,6.13
202300028780,3.97,1.59
202300028782,5.81,4.23
202300028849,7.09,17.07
202300028923,9.35,9.47
202300028924,3.15,6.08
202300029011,8.76,13.0
202300029066,7.56,9.91
202300029161,12.45,14.46
202300029205,2.32,17.09
202300029327,0.72,4.12
202300029329,5.98,9.99
202300029414,7.94,17.06
202300029444,1.22,18.64
202300029445,6.47,12.07
202300029510,4.18,15.21
202300029544,12.61,21.15
202300029577,10.34,21.32
202300029620,6.44,9.13
202300029703,7.03,6.98
202300029754,4.47,4.86
202300029758,5.99,9.25
202300029761,4.94,5.06
202300029834,4.54,3.4
202300029838,2.71,5.25
202300029895,6.02,21.28
202300029939,4.49,13.4
202300029983,2.2,2.96
202300030026,5.57,9.15
202300030029,3.62,10.16
202300030035,6.92,8.12
202300030092,3.4,21.26
202300030096,9.37,19.21
202300030124,3.22,2.86
202300030131,4.94,3.74
202300030228,4.64,5.52
202300030255,1.81,9.71
202300030258,2.9,11.12
202300030261,5.14,11.57
202300030264,9.32,11.0
202300030267,3.22,6.12
202300030269,3.49,3.34
202300030271,0.87,2.24
202300030274,2.1,4.7
202300030288,4.04,14.62
202300030292,5.03,4.23
202300030295,3.11,6.16
202300030297,3.79,4.32
202300030359,7.58,10.98
202300030397,4.33,5.89
202300030400,6.24,6.4
202300030404,7.21,19.2
202300030407,6.44,6.7
202300030471,8.23,7.12
202300030596,7.42,12.03
202300030624,6.47,13.48
202300030626,5.12,13.44
202300030634,3.25,17.2
202300030635,7.12,6.12
202300030638,4.14,2.84
202300030674,7.3,17.16
202300030733,3.7,7.69
202300030746,6.15,9.25
202300030751,5.49,5.0
202300030826,14.58,21.08
202300030913,3.19,3.76
202300030922,6.56,7.8
202300030926,4.68,8.43
202300031079,8.74,7.11
202300031131,8.05,21.43
202300031150,11.6,13.08
202300031155,2.2,20.5
202300031159,4.48,13.12
202300031239,8.06,11.34
202300031240,3.65,6.12
202300031241,6.36,6.96
202300031341,1.26,9.15
202300031377,3.7,6.71
202300031382,10.98,14.35
202300031384,7.24,9.14
202300031507,5.02,12.38
202300031536,5.86,7.85
202300031539,1.95,4.62
202300031570,6.05,16.91
202300031572,2.32,5.24
202300031641,6.55,11.16
202300031668,8.84,16.7
202300031765,8.78,7.87
202300031770,4.4,6.07
202300031773,4.41,13.65
202300031777,3.36,16.74
202300031795,5.57,14.7
202300031847,0.35,12.28
202300031918,4.25,6.73
202300031931,7.21,8.9
202300031933,7.72,5.27
202300032018,7.11,10.51
202300032097,5.47,7.97
202300032103,2.97,4.52
202300032134,4.38,12.0
202300032140,3.09,16.0
202300032145,9.29,17.61
202300032146,1.0,5.05
202300032148,7.72,5.13
202300032154,7.14,8.43
202300032158,2.09,12.29
202300032187,4.22,2.08
202300032223,7.24,9.1
202300032236,4.11,2.93
202300032242,6.78,9.21
202300032247,3.14,5.82
202300032250,4.74,14.23
202300032309,7.18,10.61
202300032453,8.26,5.48
202300032458,7.62,5.67
202300032498,3.46,17.76
202300032580,5.09,14.68
202300032878,2.66,5.13
202300033034,3.7,9.15
202300033035,5.9,4.32
202300033036,8.79,7.7
202300033037,4.22,2.68
202300033202,2.86,2.26
202300033203,5.37,7.88
202300033282,6.13,3.54
202300033305,4.83,3.99
202300033306,4.92,7.4
202300033307,0.93,9.94
202300033308,6.57,3.12
202300033374,4.4,4.46
202300033472,9.56,18.46
202300033474,1.96,13.63
202300033534,5.84,9.87
202300033536,5.9,5.33
202300033613,5.04,8.36
202300033761,13.55,12.99
202300033874,7.31,11.18
202300033920,3.64,18.43
202300033931,0.85,12.65
202300034057,8.0,14.42
202300034064,6.77,24.09
202300034068,8.16,13.56
202300034079,2.56,9.53
202300034084,4.31,8.4
202300034088,4.58,13.69
202300034142,13.96,19.01
202300034156,15.15,17.77
202300034242,8.22,9.12
202300034250,4.78,8.56
202300034331,7.77,9.45
202300034336,4.28,5.51
202300034340,0.78,6.64
202300034465,0.9,4.97
202300034468,4.12,4.04
202300034469,7.71,7.96
202300034473,5.09,7.56
202300034536,2.36,15.27
202300034545,2.62,13.27
202300034595,4.99,9.6
202300034634,3.86,4.89
202300034641,10.68,6.74
202300034643,1.88,4.38
202300034645,6.6,5.95
202300034733,2.45,9.95
202300034734,3.01,6.02
202300034735,6.13,7.96
202300034739,5.38,8.06
202300034824,2.52,10.75
202300034825,3.97,4.03
202300034826,6.76,13.14
202300034828,5.21,3.88
202300034829,2.13,5.76
202300034924,1.54,12.19
202300034986,7.29,8.98
202300034987,8.87,8.99
202300034988,2.65,4.64
202300034989,4.8,7.08
202300035101,4.05,5.87
202300035104,7.08,5.49
202300035213,4.88,7.9
202300035214,3.09,4.18
202300035215,2.36,4.83
202300035338,8.22,7.13
202300035339,6.05,4.12
202300035340,1.44,7.7
202300035341,6.23,4.13
202300035343,7.18,2.41
202300035344,4.62,13.08
202300035445,7.17,6.92
202300035503,5.5,6.36
202300035535,6.38,4.51
202300035538,6.53,6.61
202300035541,3.32,3.76
202300035545,3.04,2.09
202300035548,4.5,5.25
202300035551,4.8,6.95
202300035555,3.41,9.6
202300035649,14.18,30.53
202300035661,11.3,14.67
202300035676,9.99,9.84
202300035688,10.04,15.87
202300035696,8.28,21.6
202300035869,9.03,4.85
202300035914,8.95,11.45
202300035918,4.88,11.33
202300035923,8.13,24.73
202300035926,1.95,9.45
202300035930,2.15,8.4
202300035932,4.38,12.04
202300035936,2.0,8.85
202300036095,4.05,16.53
202300036130,10.78,7.59
202300036197,6.92,7.56
202300036206,7.81,12.41
202300036231,10.58,13.95
202300036365,10.32,14.36
202300036394,1.76,12.52
202300036411,12.26,12.28
202300036422,9.96,28.74
202300036423,9.34,22.33
202300036463,6.95,13.56
202300036484,13.76,21.78
202300036485,9.55,12.21
202300036489,6.09,5.84
202300036490,6.16,13.56
202300036676,1.46,1.93
202300036738,7.44,6.15
202300036739,2.58,9.76
202300036920,1.63,4.77
202300037002,6.46,13.18
202300037003,3.25,11.9
202300037061,2.07,15.85
202300037116,7.33,6.35
202300037118,6.89,3.44
202300037168,3.74,9.6
202300037217,1.2,18.9
202300037401,5.56,10.91
202300037404,5.5,2.24
202300037405,4.34,5.55
202300037501,5.42,8.6
202300037504,3.35,9.6
202300037508,6.23,5.13
202300037518,6.92,18.91
202300037521,5.52,2.5
202300037527,6.89,2.7
202300037595,5.42,2.93
202300037701,7.03,5.56
202300037704,5.18,8.8
202300037705,3.48,9.14
202300037730,12.56,21.46
202300037738,10.48,26.83
202300037751,5.25,18.96
202300037760,7.0,13.46
202300037767,7.72,17.59
202300037804,7.11,7.23
202300037807,5.83,5.88
202300037998,3.78,22.92
202300038020,10.24,4.05
202300038087,7.63,7.75
202300038091,4.15,4.81
202300038097,1.48,10.85
202300038194,5.61,9.11
202300038196,6.07,7.36
202300038248,1.94,17.97
202300038259,10.93,21.39
202300038264,3.5,11.45
202300038265,6.05,7.83
202300038268,4.33,6.84
202300038270,9.52,9.03
202300038272,6.59,5.05
202300038333,2.61,12.79
202300038437,4.73,11.88
202300038596,2.84,19.91
202300038598,0.51,24.12
202300038600,5.13,16.28
202300038630,8.04,8.76
202300038651,4.88,5.5
202300038654,7.12,4.7
202300038828,5.2,4.38
202300038906,7.84,8.72
202300038908,2.29,2.06
202300038910,8.63,8.42
202300038912,4.51,8.51
202300038916,5.44,9.48
202300038968,6.56,8.24
202300039095,7.45,18.08
202300039101,7.71,11.08
202300039194,9.61,19.23
202300039195,6.29,14.93
202300039236,3.41,21.21
202300039241,5.32,10.99
202300039273,2.93,6.56
202300039309,9.28,9.89
202300039310,8.83,19.42
202300039316,9.83,8.55
202300039354,4.92,12.24
202300039355,3.94,4.39
202300039356,2.57,3.82
202300039358,3.47,4.75
202300039359,3.56,14.0
202300039475,4.86,7.96
202300039497,3.97,19.96
202300039593,6.44,18.03
202300039597,5.03,22.65
202300039657,7.13,7.08
202300039681,12.47,23.45
202300039711,3.37,4.39
202300039712,5.54,11.67
202300039719,4.1,7.15
202300039722,2.74,3.28
202300039726,6.2,4.58
202300039727,2.72,2.95
202300039766,6.1,6.43
202300039784,5.08,21.67
202300039787,8.95,13.46
202300039789,6.54,11.16
202300039882,3.68,10.52
202300039884,8.52,6.23
202300039887,7.16,6.66
202300039890,6.06,7.43
202300039893,4.84,3.21
202300039908,6.21,19.1
202300039914,4.18,17.66
202300039989,1.83,3.13
202300040043,4.11,9.49
202300040047,4.08,7.1
202300040052,3.68,4.38
202300040094,11.11,4.25
202300040099,7.35,8.71
202300040110,2.42,6.63
202300040144,3.9,4.39
202300040147,7.38,19.37
202300040253,3.38,18.52
202300040266,0.94,7.93
202300040268,2.22,9.72
202300040271,6.51,17.09
202300040273,3.98,4.65
202300040276,3.99,17.1
202300040278,7.56,5.93
202300040280,5.54,2.89
202300040288,6.36,13.31
202300040294,4.98,8.5
202300040363,2.37,10.67
202300040366,6.07,23.82
202300040509,3.15,7.62
202300040513,0.91,5.09
202300040516,4.97,3.34
202300040519,5.39,6.6
202300040522,3.35,5.56
202300040638,6.77,6.23
202300040689,0.87,15.79
202300040693,3.8,12.75
202300040743,6.38,11.76
202300040744,4.03,18.23
202300040746,4.77,6.01
202300040748,5.67,8.46
202300040750,4.44,12.14
202300040751,5.13,8.47
202300040753,5.62,7.09
202300040755,6.44,4.87
202300041027,6.68,7.48
202300041029,2.65,11.89
202300041045,8.11,17.22
202300041073,6.59,5.46
202300041105,3.49,5.04
202300041124,6.48,4.32
202300041125,7.63,6.05
202300041155,0.28,20.04
202300041226,3.85,20.92
202300041227,3.73,20.31
202300041228,6.15,1.96
202300041229,3.18,18.4
202300041244,2.47,8.72
202300041247,4.19,5.18
202300041292,5.62,7.19
202300041295,4.49,13.72
202300041492,7.13,9.22
202300041498,4.02,8.38
202300041550,2.9,8.06
202300041744,1.47,7.34
202300041802,11.48,17.12
202300041982,4.43,6.96
202300041984,5.17,4.33
202300041989,4.85,12.13
202300042181,5.72,19.49
202300042271,4.66,28.71
202300042329,7.5,6.48
202300042332,7.19,9.68
202300042348,0.94,25.57
202300042366,3.59,18.12
202300042391,3.74,4.45
202300042453,6.84,6.3
202300042459,7.26,7.57
202300042461,9.66,6.63
202300042463,6.04,12.97
202300042485,3.34,4.4
202300042487,0.78,8.08
202300042489,4.24,11.61
202300042492,1.71,5.5
202300042494,3.48,5.29
202300042496,5.03,4.08
202300042499,8.6,9.28
202300042549,7.03,9.02
202300042620,5.69,10.61
202300042630,6.45,17.18
202300042632,14.24,23.47
202300042636,1.71,10.57
202300042639,8.34,8.28
202300042750,1.65,4.78
202300042785,12.85,24.78
202300042788,6.55,9.53
202300042965,2.54,15.94
202300042967,4.24,15.31
202300042971,5.23,18.54
202300043050,8.29,8.82
202300043068,7.99,11.54
202300043120,5.49,2.8
202300043182,4.53,20.01
202300043183,6.96,12.68
202300043189,5.09,10.76
202300043254,2.54,9.27
202300043257,4.44,6.27
202300043258,8.07,8.19
202300043374,1.91,9.81
202300043376,6.33,7.58
202300043378,5.56,8.06
202300043380,3.04,5.43
202300043382,5.94,3.33
202300043593,3.51,15.41
202300043611,9.24,10.22
202300043681,8.28,10.12
202300043765,3.09,6.16
202300044102,0.35,10.98
202300044149,5.74,3.08
202300044175,1.98,9.34
202300044177,6.88,9.06
202300044179,4.51,8.14
202300044192,2.12,13.9
202300044388,13.89,21.93
202300044422,5.28,6.43
202300044426,2.74,11.28
202300044433,4.99,2.16
202300044439,6.73,9.97
202300044485,2.34,6.86
202300044488,5.2,9.77
202300044492,4.35,11.37
202300044562,9.55,29.22
202300044576,4.17,7.53
202300044645,6.81,21.54
202300044647,5.07,5.11
202300044650,4.23,7.01
202300044653,0.94,2.33
202300044722,7.78,20.08
202300044725,3.66,1.44
202300044754,9.82,23.21
202300044937,2.28,17.32
202300044967,6.69,13.32
202300044997,7.07,12.3
202300045060,2.87,25.52
202300045066,3.02,2.81
202300045117,8.84,9.52
202300045119,2.81,5.84
202300045120,7.08,7.67
202300045195,12.3,13.85
202300045213,5.5,22.7
202300045242,5.32,4.59
202300045243,1.88,8.69
202300045244,3.93,4.73
202300045245,5.39,6.11
202300045306,4.14,27.1
202300045404,7.13,22.32
202300045406,2.59,16.42
202300045410,10.55,15.76
202300045412,7.8,25.08
202300045461,1.74,5.95
202300045494,4.19,10.57
202300045551,3.19,15.73
202300045613,1.33,14.62
202300045773,6.44,9.31
202300045812,9.7,18.34
202300045863,6.45,4.45
202300045865,6.22,12.19
202300045919,3.35,3.87
202300045924,5.05,8.49
202300046041,11.6,15.02
202300046135,5.64,8.05
202300046158,11.05,17.99
202300046243,3.14,4.22
202300046246,2.85,2.42
202300046281,11.83,14.12
202300046298,3.07,2.8
202300046300,3.32,4.37
202300046303,8.18,8.72
202300046313,5.37,5.12
202300046500,3.29,5.56
202300046571,3.66,4.92
202300046575,5.09,5.81
202300046577,4.9,2.08
202300046654,11.31,21.81
202300046811,5.8,7.09
202300046814,5.98,6.68
202300046828,9.23,11.07
202300046831,4.35,5.58
202300046833,5.27,4.91
202300047002,14.41,12.38
202300047013,8.16,18.53
202300047050,3.08,21.26
202300047176,5.74,5.09
202300047217,5.33,2.58
202300047218,5.4,9.41
202300047219,6.82,9.32
202300047220,3.16,6.5
202300047242,10.46,20.92
202300047299,2.12,4.63
202300047422,2.12,7.28
202300047600,8.73,8.85
202300047634,7.99,15.5
202300047638,7.86,8.03
202300047751,5.23,7.91
202300047778,4.56,3.98
202300047807,2.92,6.15
202300047817,5.15,11.15
202300047821,3.72,7.16
202300047826,0.68,5.35
202300047828,4.04,3.44
202300047866,6.68,18.16
202300048028,10.22,14.74
202300048160,0.17,16.75
202300048187,14.24,11.46
202300048191,5.16,13.92
202300048250,4.23,5.53
202300048253,5.14,3.02
202300048258,3.04,2.36
202300048261,4.27,8.26
202300048263,8.94,2.74
202300048332,11.73,9.14
202300048352,5.18,15.94
202300048356,5.22,7.47
202300048362,1.74,5.92
202300048368,5.09,5.81
202300048466,7.49,3.94
202300048481,3.03,8.69
202300048505,3.56,5.47
202300048508,4.93,7.98
202300048512,5.41,3.65
202300048513,3.75,8.62
202300048516,9.11,5.18
202300048518,8.45,19.2
202300048522,6.54,9.34
202300048529,1.67,7.52
202300048805,6.27,3.11
202300048817,1.41,14.65
202300048838,12.09,20.05
202300048846,11.7,15.14
202300048889,1.37,1.37
202300048895,7.71,18.17
202300048897,7.62,10.18
202300048936,10.24,8.62
202300048976,8.07,8.01
202300049044,6.22,11.55
202300049045,2.47,10.63
202300049053,6.39,11.94
202300049076,5.12,8.27
202300049194,0.38,10.84
202300049209,5.15,3.53
202300049212,4.86,12.91
202300049213,6.76,12.23
202300049246,7.2,17.3
202300049369,4.04,11.36
202300049391,4.18,4.59
202300049395,8.41,6.78
202300049403,2.51,5.47
202300049405,3.62,12.78
202300049457,7.06,5.44
202300049499,7.5,17.18
202300049500,3.0,6.16
202300049695,4.44,2.77
202300049703,7.02,1.98
202300049716,3.76,1.69
202300049852,5.13,3.65
202300049879,7.3,5.68
202300049996,6.11,11.39
202300049999,7.18,3.5
202300050014,9.01,9.14
202300050016,3.4,9.68
202300050022,6.22,5.79
202300050030,4.61,5.83
202300050031,3.91,3.02
202300050037,5.07,8.19
202300050039,4.41,3.95
202300050041,8.55,8.58
202300050057,7.83,8.33
202300050065,5.76,7.96
202300050069,1.67,8.42
202300050151,6.3,9.1
202300050159,3.23,4.22
202300050238,4.52,24.45
202300050260,6.08,6.86
202300050266,2.51,5.43
202300050274,5.2,6.44
202300050281,3.38,2.62
202300050409,6.4,6.36
202300050415,3.67,5.38
202300050442,4.59,1.64
202300050448,3.0,2.41
202300050451,5.1,2.59
202300050455,5.7,3.04
202300050502,4.54,16.6
202300050519,10.37,9.09
202300050535,5.37,13.44
202300050569,5.17,6.94
202300050573,5.64,6.44
202300050577,3.45,4.7
202300050635,0.86,6.41
202300050745,7.59,17.96
202300050772,7.0,39.32
202300050859,1.63,20.26
202300050867,7.21,14.02
202300050871,4.15,14.22
202300050930,5.33,13.44
202300050969,1.45,4.57
202300050970,4.39,10.38
202300050986,1.76,12.4
202300050987,7.11,5.35
202300051110,0.46,20.33
202300051180,6.36,12.7
202300051189,7.77,16.68
202300051191,3.09,10.06
202300051201,3.86,1.82
202300051308,5.43,9.35
202300051420,2.15,17.63
202300051468,2.31,22.34
202300051541,3.45,15.97
202300051614,4.42,13.3
202300051709,8.2,17.18
202300051725,7.71,30.36
202300051859,0.69,12.81
202300051923,1.79,10.52
202300051924,7.88,22.8
202300052130,12.07,7.82
202300052135,5.71,15.1
202300052137,4.12,6.12
202300052140,11.84,14.3
202300052146,0.89,9.9
202300052147,6.0,9.63
202300052155,7.43,10.8
202300052211,2.72,5.15
202300052234,4.96,4.47
202300052242,5.66,4.83
202300052250,2.52,8.77
202300052340,3.85,9.55
202300052344,6.36,7.04
202300052359,6.83,6.95
202300052361,5.39,9.04
202300052366,4.37,2.74
202300052367,5.99,3.35
202300052379,5.17,4.33
202300052442,4.79,17.7
202300052451,4.95,4.46
202300052469,2.32,9.05
202300052482,8.23,21.42
202300052595,5.86,9.4
202300052615,4.56,1.81
202300052642,3.66,3.74
202300052713,8.33,29.41
202300052729,1.3,5.48
202300052734,3.74,19.76
202300052735,3.45,18.32
202300052771,9.38,14.09
202300052860,1.68,22.89
202300052955,1.43,6.98
202300052961,2.54,14.73
202300052998,8.06,16.94
202300053004,8.56,14.89
202300053123,8.08,2.84
202300053158,5.1,24.02
202300053217,7.09,16.56
202300053241,9.81,11.83
202300053280,10.1,16.3
202300053286,7.14,7.16
202300053301,1.81,11.18
202300053316,8.09,7.52
202300053327,11.96,9.37
202300053344,3.49,8.6
202300053354,3.72,5.55
202300053361,8.32,4.87
202300053440,7.13,22.32
202300053457,6.19,21.94
202300053476,6.59,13.24
202300053574,4.07,23.56
202300053582,4.04,16.15
202300053588,4.15,19.87
202300053595,3.27,12.91
202300053685,9.85,7.82
202300053698,5.99,5.83
202300053710,2.68,7.43
202300053715,4.6,15.55
202300053720,8.19,7.24
202300053724,8.23,11.88
202300053726,8.15,4.7
202300053727,5.55,8.57
202300053729,7.61,3.64
202300053737,5.02,2.22
202300053746,4.64,7.14
202300053803,2.22,9.72
202300053807,6.12,8.95
202300053821,5.6,6.65
202300053838,0.18,6.4
202300053858,3.89,10.14
202300053877,0.83,5.52
202300053969,7.89,12.59
202300053973,5.72,11.68
202300054044,3.16,4.26
202300054052,3.72,3.12
202300054062,4.22,13.73
202300054207,6.65,10.59
202300054211,6.94,7.18
202300054221,3.61,7.3
202300054229,12.71,10.12
202300054244,8.17,15.4
202300054257,8.27,5.99
202300054264,1.2,9.53
202300054271,5.44,7.3
202300054280,6.04,13.64
202300054288,7.19,3.23
202300054385,4.87,8.06
202300054395,4.03,8.44
202300054407,4.1,5.33
202300054428,2.76,8.91
202300054436,5.63,6.87
202300054456,8.63,12.66
202300054462,3.86,5.41
202300054477,5.52,8.41
202300054483,13.96,17.4
202300054491,8.4,19.98
202300054499,4.79,3.5
202300054610,0.34,18.17
202300054707,7.26,8.95
202400000042,2.44,29.98
202400000057,11.32,22.9
202400000122,7.48,5.44
202400000123,4.69,5.79
202400000124,3.53,7.9
202400000125,0.87,3.09
202400000173,5.65,11.5
202400000175,5.4,7.36
202400000266,7.78,9.49
202400000267,4.83,7.33
202400000268,2.43,6.86
202400000409,20.94,24.1
202400000477,0.8,10.58
202400000480,2.84,5.89
202400000482,4.96,7.63
202400000500,6.81,1.44
202400000542,7.53,31.22
202400000561,3.02,11.54
202400000621,8.62,8.42
202400000622,5.52,10.0
202400000625,4.49,8.1
202400000720,5.47,4.88
202400000721,4.98,3.94
202400000724,5.56,7.1
202400000726,4.78,8.45
202400000770,10.01,14.73
202400000896,2.14,3.32
202400000897,8.66,5.45
202400000955,2.58,10.44
202400000996,6.94,33.08
202400001037,8.59,12.47
202400001040,6.75,13.08
202400001077,1.4,5.64
202400001079,5.08,6.63
202400001081,5.61,3.99
202400001083,3.78,9.7
202400001088,4.6,1.14
202400001236,7.75,19.58
202400001239,10.31,19.63
202400001251,3.48,5.03
202400001254,5.85,4.23
202400001257,7.37,5.75
202400001258,7.98,7.52
202400001259,7.82,12.73
202400001261,8.78,11.46
202400001263,7.49,5.86
202400001304,2.64,21.26
202400001376,12.22,10.6
202400001387,7.81,5.36
202400001392,9.06,14.0
202400001410,11.58,11.92
202400001429,3.02,21.28
202400001441,6.5,12.35
202400001511,2.54,17.46
202400001513,6.64,16.37
202400001562,7.47,18.73
202400001602,2.38,21.84
202400001617,2.76,21.45
202400001689,7.66,12.14
202400001691,7.54,13.37
202400001693,3.08,15.01
202400001754,8.9,5.15
202400001756,5.46,3.2
202400001757,5.87,4.3
202400001797,3.45,6.2
202400001799,9.15,7.24
202400001803,2.51,5.56
202400001804,4.56,12.17
202400001883,3.01,6.35
202400001951,6.42,2.66
202400002041,7.49,14.46
202400002172,7.37,13.01
202400002176,2.48,17.85
202400002179,2.44,4.02
202400002182,4.68,8.33
202400002207,6.69,8.87
202400002209,4.33,5.08
202400002212,4.56,13.79
202400002267,4.08,4.94
202400002385,2.99,17.34
202400002388,10.41,5.15
202400002424,4.31,13.21
202400002465,10.38,20.55
202400002467,15.77,19.49
202400002475,4.72,15.98
202400002580,4.97,14.78
202400002582,3.94,9.07
202400002613,1.76,12.52
202400002640,6.11,5.67
202400002674,9.95,20.4
202400002676,8.38,27.06
202400002715,8.27,6.64
202400002817,1.78,5.46
202400002819,1.43,10.34
202400002821,3.45,3.71
202400002849,5.76,5.05
202400002869,2.42,15.77
202400002891,4.36,3.48
202400002913,3.65,6.36
202400002915,3.94,3.79
202400002917,6.8,8.15
202400002918,13.82,16.1
202400002920,5.36,8.58
202400002937,1.34,6.44
202400002953,29.24,23.88
202400002974,4.02,18.22
202400003084,6.93,14.53
202400003161,0.88,12.81
202400003166,4.06,3.86
202400003167,2.13,8.38
202400003169,7.13,7.97
202400003172,6.57,11.96
202400003175,4.54,6.08
202400003291,5.18,12.51
202400003438,14.28,7.69
202400003441,6.18,16.05
202400003473,7.75,7.1
202400003533,8.36,9.41
202400003594,4.08,6.59
202400003595,12.38,16.39
202400003605,10.47,6.54
202400003687,4.61,14.09
202400003689,7.04,5.81
202400003691,8.72,6.88
202400003739,5.48,8.47
202400003740,7.68,4.23
202400003837,5.5,19.82
202400003887,10.82,13.81
202400003900,1.4,18.36
202400003933,4.96,9.0
202400003949,0.71,17.72
202400004049,4.15,10.42
202400004051,1.15,5.66
202400004053,4.36,8.61
202400004058,3.51,7.14
202400004121,6.09,6.24
202400004130,4.71,4.19
202400004134,1.78,21.24
202400004136,6.2,9.18
202400004138,1.22,8.2
202400004139,3.05,3.69
202400004141,3.48,10.83
202400004144,7.11,4.95
202400004344,8.57,21.63
202400004366,8.5,10.81
202400004380,8.9,9.7
202400004383,9.74,11.92
202400004387,5.02,21.65
202400004389,7.12,8.93
202400004481,7.59,3.9
202400004557,6.29,4.76
202400004559,5.37,4.19
202400004699,2.03,17.67
202400004799,1.67,8.67
202400004907,4.86,8.83
202400004909,7.0,18.52
202400004979,10.88,22.85
202400004981,6.32,11.68
202400004993,5.8,11.83
202400005056,10.04,15.87
202400005102,0.9,7.63
202400005103,7.1,7.22
202400005104,5.97,6.05
202400005166,3.79,6.35
202400005196,13.98,24.14
202400005333,15.68,15.38
202400005335,3.7,23.65
202400005338,16.37,19.38
202400005347,8.88,12.25
202400005361,4.66,10.68
202400005387,5.57,12.92
202400005389,6.76,6.6
202400005390,6.84,4.41
202400005391,3.62,16.74
202400005494,1.92,23.06
202400005499,3.57,6.5
202400005567,2.12,6.34
202400005590,2.15,9.54
202400005675,12.1,28.16
202400005689,8.57,20.73
202400005745,10.88,22.72
202400005747,6.62,14.87
202400005764,5.3,8.92
202400005765,4.41,10.39
202400005846,7.38,19.47
202400005892,4.77,13.93
202400005895,1.93,9.5
202400006006,13.21,37.41
202400006055,4.72,3.11
202400006057,4.76,4.17
202400006070,10.12,10.31
202400006073,7.8,17.83
202400006218,7.13,10.25
202400006222,6.51,4.35
202400006308,2.28,14.21
202400006421,5.85,25.8
202400006422,8.88,11.64
202400006457,3.44,8.7
202400006458,1.58,3.82
202400006459,4.38,8.34
202400006460,2.14,5.77
202400006503,9.81,5.61
202400006666,10.92,26.55
202400006711,2.59,21.75
202400006726,5.64,3.35
202400006815,17.85,24.59
202400006825,7.95,7.46
202400006899,6.47,19.11
202400006908,4.7,4.42
202400006910,5.44,6.73
202400006912,6.32,9.16
202400006914,7.51,4.32
202400006916,7.59,13.19
202400006928,7.54,6.42
202400006930,4.4,16.93
202400007000,7.28,9.08
202400007001,3.29,4.34
202400007003,6.14,11.48
202400007009,4.18,5.07
202400007010,5.26,7.62
202400007099,11.3,23.56
202400007108,9.3,25.02
202400007122,8.82,21.46
202400007132,5.91,8.84
202400007294,7.28,18.03
202400007295,6.22,10.46
202400007296,3.71,10.04
202400007346,2.11,17.03
202400007401,7.78,10.73
202400007443,1.31,9.75
202400007444,8.75,5.0
202400007445,2.79,4.34
202400007446,4.38,6.52
202400007447,8.27,5.08
202400007519,5.43,21.68
202400007613,4.97,9.02
202400007631,4.23,8.78
202400007633,10.97,18.85
202400007675,9.13,22.29
202400007710,4.34,2.3
202400007711,1.85,11.85
202400007712,3.09,4.98
202400007713,3.24,2.64
202400007786,7.28,7.04
202400007856,8.25,11.88
202400007914,1.58,10.13
202400007919,4.74,6.88
202400007978,4.14,2.31
202400007981,7.55,7.31
202400007982,2.96,3.53
202400007985,6.82,5.19
202400007991,1.46,3.8
202400007995,4.79,13.99
202400008239,4.95,23.63
202400008305,3.42,9.59
202400008309,1.73,5.46
202400008313,3.51,7.82
202400008315,2.84,5.96
202400008319,3.6,14.48
202400008324,3.24,3.53
202400008331,7.02,7.14
202400008356,4.77,6.86
202400008360,4.63,1.18
202400008363,3.23,11.09
202400008367,4.25,13.44
202400008453,6.64,6.94
202400008455,5.18,4.89
202400008458,3.91,7.25
202400008477,5.75,9.11
202400008521,3.18,8.36
202400008531,3.02,23.29
202400008533,6.09,14.54
202400008626,11.24,6.63
202400008637,2.03,6.07
202400008639,1.65,18.14
202400008640,4.13,5.42
202400008643,2.92,4.98
202400008646,9.49,24.97
202400008686,7.12,9.87
202400008720,9.56,11.19
202400008721,10.77,5.78
202400008723,10.62,9.48
202400008725,4.62,8.65
202400008727,4.54,5.84
202400008816,4.42,7.96
202400008818,0.97,4.58
202400008819,5.6,7.36
202400008895,10.56,17.97
202400008931,5.66,10.84
202400008932,3.74,5.28
202400008933,5.34,8.08
202400008934,5.5,5.11
202400009014,5.27,14.66
202400009062,8.19,8.99
202400009089,4.69,10.94
202400009115,5.61,3.45
202400009117,7.3,2.43
202400009125,7.26,5.89
202400009127,5.61,6.96
202400009129,2.58,5.09
202400009192,8.87,17.99
202400009334,8.57,8.63
202400009335,3.29,6.63
202400009336,9.85,10.47
202400009445,4.8,24.18
202400009451,7.46,13.99
202400009453,10.54,29.23
202400009499,7.56,8.12
202400009530,5.36,2.32
202400009532,2.96,8.67
202400009538,4.97,5.31
202400009540,7.3,5.82
202400009541,11.63,21.49
202400009608,9.87,14.82
202400009661,3.07,2.8
202400009662,6.07,4.47
202400009663,2.52,7.06
202400009664,5.72,5.07
202400009743,4.42,9.23
202400009799,5.62,6.68
202400009800,4.11,4.06
202400009802,5.79,5.93
202400009808,5.35,3.94
202400009825,8.6,8.69
202400009958,7.04,21.83
202400009981,13.08,22.73
202400009992,10.15,20.32
202400010044,9.78,20.25
202400010069,7.37,10.67
202400010072,11.07,14.56
202400010073,4.47,11.36
202400010093,7.47,6.82
202400010096,4.67,3.54
202400010099,6.45,15.56
202400010182,4.52,24.45
202400010219,9.15,7.59
202400010223,7.04,17.79
202400010272,3.33,6.04
202400010275,3.19,7.23
202400010282,6.04,4.47
202400010304,1.49,4.22
202400010305,5.58,3.4
202400010311,3.66,4.17
202400010313,6.97,7.28
202400010316,3.29,22.75
202400010321,3.14,5.47
202400010323,5.22,6.48
202400010367,3.94,8.27
202400010372,7.45,9.94
202400010376,6.52,11.43
202400010409,3.17,5.28
202400010475,3.53,18.92
202400010476,11.24,19.87
202400010534,12.19,16.7
202400010673,11.59,16.93
202400010676,1.49,23.08
202400010698,4.68,12.91
202400010701,3.23,11.94
202400010702,1.58,10.09
202400010708,6.35,9.15
202400010711,8.42,8.54
202400010715,4.37,3.95
202400010765,2.03,4.38
202400010766,6.18,4.03
202400010768,6.4,7.94
202400010816,5.13,10.99
202400010817,9.84,6.88
202400010878,5.88,11.47
202400010909,7.9,3.89
202400010911,5.61,8.52
202400010913,3.33,11.23
202400010937,6.62,7.86
202400010939,6.19,4.56
202400010941,5.29,9.85
202400010956,9.28,18.96
202400010958,6.16,7.54
202400011068,0.54,11.18
202400011070,1.33,20.01
202400011073,9.04,12.34
202400011133,9.94,28.18
202400011166,6.16,9.59
202400011168,6.94,6.04
202400011241,11.56,10.58
202400011308,10.63,8.6
202400011453,9.82,8.52
202400011457,2.56,12.01
202400011555,5.52,16.79
202400011597,7.76,5.76
202400011599,5.92,5.68
202400011600,5.82,10.02
202400011601,4.22,0.86
202400011602,7.08,9.49
202400011713,7.99,12.34
202400011715,7.03,13.44
202400011822,4.17,3.7
202400011825,5.82,7.37
202400011827,0.75,3.43
202400011828,0.78,17.82
202400011878,7.14,7.26
202400011922,4.66,4.4
202400011956,6.43,6.42
202400012029,4.05,6.98
202400012044,6.86,6.37
202400012110,1.34,18.56
202400012112,3.02,3.73
202400012114,9.24,9.13
202400012131,6.28,6.41
202400012135,1.61,5.86
202400012139,4.21,3.97
202400012215,10.35,12.81
202400012258,4.15,6.34
202400012303,6.94,8.5
202400012318,8.3,7.95
202400012322,6.66,8.03
202400012326,6.71,6.98
202400012510,9.22,8.39
202400012522,5.5,10.74
202400012526,1.8,3.47
202400012530,3.32,3.12
202400012533,4.75,3.33
202400012565,4.34,20.65
202400012726,5.07,7.55
202400012802,6.83,9.8
202400012924,1.92,26.55
202400012966,5.19,8.22
202400012994,4.55,5.58
202400013149,2.14,8.39
202400013151,2.92,20.07
202400013152,5.46,9.74
202400013157,8.4,16.5
202400013159,2.76,6.2
202400013161,5.6,5.44
202400013325,9.54,27.87
202400013419,6.86,20.92
202400013434,1.81,10.24
202400013436,5.19,8.4
202400013438,7.35,5.72
202400013504,4.53,7.73
202400013505,6.73,5.1
202400013506,5.55,1.38
202400013586,6.47,9.18
202400013618,7.98,4.77
202400013620,4.76,7.81
202400013622,2.01,4.78
202400013786,3.53,19.6
202400013794,7.32,10.76
202400013795,3.05,16.05
202400013797,14.6,18.84
202400013834,9.35,10.35
202400013844,16.63,17.19
202400013888,4.1,5.32
202400013912,8.19,9.51
202400013988,7.54,5.32
202400013993,2.05,3.89
202400014096,10.63,13.59
202400014100,6.28,7.66
202400014103,4.51,1.56
202400014106,4.07,8.56
202400014111,4.03,4.14
202400014113,3.5,8.32
202400014228,4.04,11.36
202400014230,9.98,22.51
202400014231,9.06,20.5
202400014234,4.73,8.65
202400014275,6.03,3.31
202400014281,4.22,9.89
202400014284,3.6,6.17
202400014369,5.72,4.31
202400014375,6.89,2.01
202400014381,4.06,13.3
202400014407,3.98,16.01
202400014581,16.82,26.38
202400014630,3.39,8.56
202400014687,8.2,4.74
202400014688,8.65,8.13
202400014691,7.8,29.06
202400014793,3.99,19.98
202400014905,9.51,8.89
202400014908,3.63,5.38
202400014910,3.73,5.76
202400014916,3.86,3.96
202400014949,3.46,18.27
202400014991,3.48,20.82
202400014992,2.28,14.1
202400015031,1.65,5.26
202400015105,9.1,26.94
202400015165,12.51,19.7
202400015180,11.85,11.02
202400015228,1.11,9.01
202400015302,7.75,10.9
202400015314,10.63,17.78
202400015322,7.48,7.0
202400015324,9.2,12.57
202400015414,3.74,8.46
202400015515,6.24,5.0
202400015516,1.7,3.58
202400015632,3.37,9.93
202400015640,11.43,11.43
202400015655,3.0,5.32
202400015656,6.15,13.23
202400015779,4.4,4.13
202400015780,0.9,6.45
202400015781,8.58,10.4
202400015784,4.71,5.81
202400015805,8.03,12.72
202400015822,6.38,1.24
202400015826,2.45,1.61
202400015830,6.88,12.75
202400015871,3.66,15.78
202400015949,6.75,20.57
202400016017,4.06,21.41
202400016165,3.63,5.82
202400016181,2.49,9.92
202400016224,1.58,5.31
202400016234,4.8,0.52
202400016239,1.33,5.65
202400016302,12.79,1.53
202400016308,7.98,23.7
202400016369,9.86,24.51
202400016438,9.81,4.84
202400016487,8.55,13.92
202400016491,6.55,5.41
202400016493,3.47,4.09
202400016541,2.06,19.04
202400016543,0.93,0.93
202400016608,4.38,11.31
202400016747,4.06,9.88
202400016748,5.41,5.16
202400016749,6.42,9.76
202400016750,6.27,7.59
202400016817,7.28,5.96
202400016820,7.55,4.0
202400016823,4.18,7.56
202400016832,7.34,11.26
202400016961,5.79,11.64
202400017094,4.45,13.56
202400017193,4.35,5.9
202400017196,2.32,5.44
202400017197,9.12,18.24
202400017266,3.88,8.56
202400017267,5.68,8.04
202400017327,10.55,15.02
202400017331,7.56,18.31
202400017334,2.0,7.62
202400017549,6.61,5.45
202400017586,4.66,6.31
202400017587,2.23,2.39
202400017588,1.35,8.77
202400017589,7.61,7.77
202400017590,6.23,4.6
202400017653,3.44,15.36
202400017655,7.48,17.36
202400017692,3.8,11.84
202400017694,3.41,4.28
202400017696,5.11,5.18
202400017700,8.91,9.03
202400017702,4.98,7.66
202400017707,1.36,4.04
202400017731,4.55,5.76
202400017765,6.89,6.08
202400017769,2.09,8.35
202400017774,6.87,6.07
202400017776,3.08,6.48
202400017786,2.58,7.98
202400017953,5.72,8.85
202400017963,2.34,12.5
202400018012,4.05,14.07
202400018073,6.23,16.32
202400018084,5.61,28.58
202400018128,10.51,15.71
202400018166,8.62,7.6
202400018168,7.2,12.27
202400018172,3.89,6.88
202400018283,4.14,16.66
202400018296,6.17,13.56
202400018394,2.64,4.97
202400018395,6.15,4.74
202400018402,7.58,7.96
202400018404,6.55,4.84
202400018405,15.99,19.43
202400018608,2.17,4.64
202400018619,4.8,6.34
202400018680,5.29,6.4
202400018681,4.56,6.24
202400018682,4.89,10.45
202400018746,6.89,16.66
202400018756,5.28,15.98
202400018794,2.52,8.06
202400018820,0.61,19.92
202400018975,9.95,11.6
202400018984,9.13,24.0
202400018985,4.02,22.56
202400018987,4.07,28.09
202400019090,5.05,6.67
202400019094,4.44,11.17
202400019106,2.04,16.18
202400019110,2.33,4.77
202400019113,4.84,8.6
202400019116,6.08,2.62
202400019130,2.44,5.92
202400019133,6.42,1.05
202400019135,6.09,11.03
202400019186,4.32,10.42
202400019280,6.57,18.42
202400019284,8.18,12.79
202400019285,3.69,12.92
202400019295,16.9,20.34
202400019342,4.78,24.81
202400019393,0.92,5.71
202400019396,6.01,3.08
202400019512,4.04,2.13
202400019514,7.43,6.19
202400019516,4.64,3.96
202400019533,7.74,2.68
202400019566,2.28,5.64
202400019567,1.58,6.74
202400019661,8.15,19.24
202400019672,6.44,10.99
202400019775,7.86,11.29
202400019776,1.67,11.7
202400019778,4.28,7.4
202400019873,5.39,8.57
202400019878,2.34,6.07
202400019880,6.54,2.99
202400019885,7.91,4.54
202400019889,2.74,10.9
202400019892,5.49,6.59
202400019896,2.4,4.02
202400019901,6.92,5.34
202400019905,5.95,5.59
202400019932,7.68,7.19
202400019938,7.08,4.04
202400020029,7.52,19.35
202400020036,2.42,21.74
202400020038,4.77,15.34
202400020041,5.76,19.89
202400020182,10.44,11.88
202400020271,3.59,3.75
202400020276,7.25,7.37
202400020279,0.62,10.76
202400020281,4.85,8.73
202400020287,7.28,9.1
202400020303,11.58,8.85
202400020309,2.36,18.02
202400020387,7.06,5.94
202400020445,7.94,9.74
202400020496,3.91,4.96
202400020502,6.85,4.42
202400020614,5.83,27.94
202400020615,2.86,16.26
202400020634,9.45,14.63
202400020650,7.18,11.05
202400020651,5.4,5.12
202400020653,2.78,9.78
202400020655,6.1,9.46
202400020658,5.76,9.16
202400020663,8.06,8.18
202400020680,1.54,6.94
202400020785,8.82,14.94
202400020933,2.59,3.64
202400020935,3.75,2.33
202400020936,5.38,4.68
202400020937,5.94,6.06
202400020939,5.5,8.27
202400021174,6.9,17.59
202400021255,3.25,18.44
202400021337,5.66,18.61
202400021340,6.05,8.99
202400021413,6.7,6.48
202400021416,8.47,11.32
202400021430,10.97,15.58
202400021434,6.73,20.76
202400021477,6.7,4.77
202400021545,9.35,15.96
202400021649,3.78,20.78
202400021650,4.66,18.35
202400021666,1.98,7.12
202400021668,6.68,8.0
202400021716,1.24,8.6
202400021721,5.71,13.3
202400021739,6.41,18.69
202400021773,3.48,4.85
202400021777,8.75,8.88
202400021781,5.6,2.59
202400021797,8.05,11.68
202400021846,4.99,6.77
202400021852,1.72,3.86
202400021855,3.82,5.06
202400021963,10.6,9.01
202400022054,7.5,6.39
202400022160,7.61,7.78
202400022161,5.82,18.0
202400022163,4.46,10.12
202400022164,3.64,16.2
202400022187,7.33,8.9
202400022199,5.69,13.59
202400022201,4.89,12.7
202400022204,5.86,9.96
202400022206,8.96,7.27
202400022209,2.95,3.91
202400022212,7.45,4.72
202400022219,5.49,6.73
202400022385,5.0,27.66
202400022387,7.47,15.99
202400022390,4.72,1.76
202400022547,3.7,8.18
202400022549,5.92,6.28
202400022550,6.09,5.52
202400022587,3.42,6.3
202400022590,9.01,10.1
202400022593,1.27,6.66
202400022698,2.13,11.24
202400022808,4.21,11.53
202400022810,6.94,2.04
202400022836,3.02,5.81
202400022837,4.95,3.08
202400022838,5.17,7.16
202400022964,1.24,11.63
202400023059,2.44,6.7
202400023063,7.39,7.51
202400023106,7.3,12.5
202400023108,6.46,13.34
202400023179,2.5,2.89
202400023183,2.13,3.78
202400023270,8.66,21.99
202400023313,27.56,26.39
202400023342,13.39,16.83
202400023354,0.35,18.61
202400023525,7.34,14.94
202400023610,4.24,6.06
202400023614,9.63,10.54
202400023619,3.43,3.75
202400023623,4.08,7.76
202400023751,5.68,9.08
202400023754,4.75,3.46
202400023757,5.13,3.68
202400023771,5.9,8.7
202400023776,7.49,2.62
202400023779,3.06,7.12
202400023787,9.72,10.56
202400023904,7.81,16.78
202400023953,8.48,7.04
202400023979,7.26,9.86
202400023983,6.23,9.72
202400023987,2.97,4.06
202400023992,5.32,5.9
202400023994,5.43,5.61
202400024028,9.76,15.38
202400024218,8.03,15.93
202400024223,8.02,8.19
202400024226,6.62,9.93
202400024228,6.96,7.78
202400024329,0.71,19.67
202400024334,5.18,12.77
202400024336,3.03,10.89
202400024437,4.94,7.27
202400024438,2.7,5.13
202400024441,0.75,7.98
202400024443,3.59,4.89
202400024445,6.03,8.59
202400024447,4.6,7.1
202400024702,2.64,10.54
202400024704,3.06,2.27
202400024705,3.33,3.77
202400024780,4.26,11.25
202400024781,4.35,12.21
202400024859,6.62,4.99
202400024917,7.95,18.94
202400024927,6.35,14.04
202400024932,8.78,16.68
202400024949,2.49,8.52
202400024952,7.49,4.53
202400024953,2.07,3.58
202400025004,6.68,7.7
202400025006,4.03,6.39
202400025010,6.02,5.84
202400025013,3.14,4.55
202400025065,12.58,15.75
202400025068,7.04,10.9
202400025126,7.43,13.95
202400025174,14.62,18.12
202400025198,7.64,7.15
202400025417,8.8,7.29
202400025494,11.72,10.92
202400025496,7.96,8.09
202400025538,3.16,15.64
202400025557,4.04,7.39
202400025615,3.19,11.23
202400025619,5.11,11.54
202400025621,5.76,12.19
202400025625,2.16,6.84
202400025628,4.05,3.17
202400025632,7.3,11.86
202400025633,12.04,2.1
202400025637,8.84,12.37
202400025641,9.98,14.8
202400025658,8.98,12.34
202400025724,9.06,17.77
202400025730,3.15,11.37
202400025777,6.36,6.61
202400025838,3.99,2.12
202400025841,0.46,5.6
202400025847,3.06,2.51
202400025851,4.72,10.59
202400025855,4.73,3.69
202400025860,0.25,10.5
202400025884,6.29,8.34
202400026016,4.41,3.99
202400026019,7.72,10.23
202400026062,9.3,10.14
202400026146,12.48,19.8
202400026157,6.6,3.82
202400026276,9.55,8.9
202400026469,6.77,8.88
202400026470,4.26,8.69
202400026472,4.01,2.28
202400026483,8.07,9.62
202400026484,7.12,6.47
202400026581,1.3,3.44
202400026643,10.83,4.6
202400026644,5.12,5.89
202400026646,3.86,8.51
202400026715,2.16,6.73
202400026784,2.38,5.18
202400026786,6.28,5.24
202400026788,5.61,6.37
202400026946,1.76,18.88
202400026948,3.56,13.87
202400026964,3.62,6.13
202400027021,13.12,34.67
202400027055,4.71,8.7
202400027058,5.31,9.36
202400027064,5.81,8.64
202400027068,1.99,4.47
202400027069,8.58,8.7
202400027071,5.36,10.82
202400027210,12.37,10.74
202400027226,11.76,14.12
202400027228,4.4,20.18
202400027269,3.48,3.28
202400027271,1.47,1.84
202400027274,4.96,6.5
202400027277,4.19,3.1
202400027368,3.54,3.05
202400027396,4.23,2.06
202400027399,3.87,2.9
202400027403,5.54,10.38
202400027469,7.97,15.28
202400027471,6.58,10.02
202400027475,6.69,9.44
202400027479,4.49,7.54
202400027612,6.01,8.49
202400027694,6.94,12.81
202400027907,2.5,6.71
202400027910,2.75,5.46
202400027915,5.09,6.25
202400027916,5.29,8.03
202400027919,7.59,15.31
202400027921,3.61,9.94
202400028080,9.19,12.21
202400028118,2.8,6.43
202400028167,9.43,9.56
202400028171,5.99,6.72
202400028265,8.53,8.26
202400028361,3.36,4.38
202400028363,4.65,10.92
202400028366,3.29,7.84
202400028369,4.25,6.25
202400028377,6.24,10.93
202400028393,2.52,8.36
202400028394,3.84,7.92
202400028395,4.46,7.02
202400028429,2.68,22.06
202400028461,4.42,8.04
202400028462,4.42,9.56
202400028502,6.29,10.33
202400028503,4.09,2.94
202400028564,7.18,27.75
202400028642,1.83,3.67
202400028643,6.4,7.95
202400028783,9.24,8.26
202400028812,10.61,12.7
202400028822,9.0,34.41
202400028824,7.39,9.88
202400028890,6.04,32.96
202400028893,2.53,12.73
202400028910,2.57,5.11
202400028914,3.27,10.18
202400028996,8.2,21.24
202400029035,3.42,21.37
202400029036,3.86,21.72
202400029076,6.45,25.13
202400029164,2.1,7.85
202400029166,1.25,10.26
202400029282,6.54,6.66
202400029285,9.09,9.21
202400029306,6.81,14.03
202400029420,7.8,7.47
202400029424,9.44,6.26
202400029427,6.99,7.09
202400029431,5.92,10.81
202400029544,6.34,13.49
202400029546,12.3,20.71
202400029547,9.86,14.68
202400029654,4.06,7.48
202400029656,4.79,17.54
202400029660,3.48,3.98
202400029663,2.69,4.98
202400029667,4.96,8.59
202400029670,4.51,9.74
202400029673,2.02,3.98
202400029676,4.67,9.45
202400029754,0.75,12.87
202400029886,9.82,21.94
202400029889,6.81,21.72
202400029895,4.95,15.4
202400029923,14.0,11.41
202400030013,3.51,5.05
202400030121,2.8,5.68
202400030123,3.61,9.22
202400030138,9.72,8.75
202400030139,6.12,7.92
202400030143,2.93,6.43
202400030145,6.63,14.58
202400030170,4.85,13.08
202400030241,5.91,5.67
202400030243,6.36,7.7
202400030327,5.77,33.06
202400030374,6.63,15.32
202400030375,2.69,15.67
202400030376,5.07,19.1
202400030390,4.0,12.72
202400030441,7.09,9.59
202400030442,3.8,2.82
202400030443,5.92,4.34
202400030495,9.03,6.51
202400030496,12.28,19.48
202400030575,2.73,17.07
202400030726,5.67,4.39
202400030744,2.6,2.99
202400030883,9.38,11.29
202400030885,6.56,5.92
202400030887,6.77,7.3
202400030959,4.64,16.44
202400030965,6.61,16.12
202400030967,4.7,7.75
202400031080,3.87,11.77
202400031081,4.99,8.61
202400031082,4.35,8.43
202400031083,6.11,5.41
202400031173,7.9,13.05
202400031242,7.62,9.26
202400031244,5.19,6.74
202400031246,4.96,13.36
202400031248,5.6,9.36
202400031315,5.76,11.62
202400031319,5.13,4.89
202400031321,1.65,6.4
202400031323,1.94,14.75
202400031407,5.27,25.11
202400031436,7.17,10.61
202400031553,8.66,20.57
202400031633,5.04,9.51
202400031659,4.27,21.05
202400031785,1.33,5.8
202400031787,7.37,5.6
202400031793,5.46,5.65
202400031803,6.68,7.31
202400031809,3.14,3.58
202400031843,6.13,6.29
202400031848,3.03,10.12
202400031852,6.66,9.36
202400031856,4.31,3.05
202400032059,6.77,16.19
202400032061,2.02,9.88
202400032063,6.0,17.52
202400032065,6.66,5.09
202400032090,7.65,5.56
202400032092,8.04,6.72
202400032220,6.86,9.7
202400032235,2.4,21.08
202400032365,2.75,2.49
202400032366,4.33,4.08
202400032451,12.89,28.88
202400032535,5.94,19.71
202400032584,2.62,22.11
202400032617,8.17,10.68
202400032619,3.67,6.06
202400032622,5.03,8.53
202400032695,12.54,16.56
202400032800,4.99,23.67
202400032830,9.05,27.09
202400032833,0.9,24.13
202400032868,2.81,2.54
202400032870,4.02,4.19
202400032872,4.06,3.08
202400032875,3.03,6.66
202400032877,7.08,4.91
202400032916,4.21,8.62
202400033132,5.3,7.86
202400033156,3.6,6.54
202400033290,6.46,22.18
202400033298,1.93,16.06
202400033308,3.82,9.06
202400033310,5.42,13.49
202400033318,6.59,2.58
202400033322,0.78,8.93
202400033328,6.71,32.84
202400033381,6.67,8.81
202400033607,14.98,20.26
202400033631,4.47,13.71
202400033632,5.2,6.17
202400033798,7.98,8.55
202400033810,10.99,14.01
202400033882,8.7,15.22
202400033938,1.72,4.85
202400034018,4.74,3.61
202400034020,8.4,12.66
202400034021,1.81,5.57
202400034113,3.54,10.68
202400034137,12.86,16.52
202400034189,5.86,1.85
202400034192,4.4,4.95
202400034195,7.01,10.34
202400034214,6.38,5.26
202400034221,8.05,11.97
202400034222,5.54,5.3
202400034225,7.22,5.05
202400034226,0.64,16.14
202400034228,6.94,13.94
202400034251,11.96,14.95
202400034253,13.34,16.83
202400034340,9.56,28.14
202400034349,8.14,16.91
202400034489,7.64,26.4
202400034495,5.89,14.62
202400034516,8.07,7.0
202400034541,8.0,11.26
202400034610,11.91,7.78
202400034612,3.06,22.8
202400034771,3.84,4.07
202400034831,5.64,5.48
202400034942,1.21,13.15
202400034972,2.29,17.31
202400034982,3.88,20.96
202400034985,16.54,26.1
202400035024,3.03,25.07
202400035129,18.48,18.58
202400035185,3.6,20.92
202400035208,4.88,3.77
202400035211,2.3,7.44
202400035249,3.1,12.04
202400035254,8.09,5.64
202400035256,3.37,4.39
202400035262,1.1,6.31
202400035266,7.57,7.88
202400035270,5.05,5.94
202400035275,2.13,5.16
202400035315,3.19,14.37
202400035461,2.4,5.3
202400035464,8.35,8.64
202400035466,4.96,3.02
202400035471,3.11,8.32
202400035733,7.44,19.0
202400035775,12.79,33.45
202400035844,5.78,24.31
202400035890,6.96,8.8
202400035891,7.17,1.57
202400035893,4.57,10.12
202400035941,8.67,15.65
202400036058,0.94,7.78
202400036091,9.99,11.94
202400036097,9.06,13.65
202400036178,6.64,13.31
202400036179,1.4,5.87
202400036181,5.32,6.82
202400036185,4.71,4.76
202400036188,7.18,5.01
202400036190,6.95,3.43
202400036230,7.38,19.23
202400036233,5.68,11.3
202400036235,6.1,9.59
202400036251,8.62,10.56
202400036326,2.02,3.38
202400036328,6.86,5.14
202400036341,6.7,20.31
202400036343,5.38,19.44
202400036346,4.59,6.14
202400036483,2.21,16.66
202400036484,7.76,13.39
202400036494,5.7,8.72
202400036509,7.04,12.28
202400036512,6.05,3.47
202400036522,5.24,7.38
202400036525,3.01,9.52
202400036623,4.28,11.63
202400036624,9.83,20.3
202400036627,5.14,8.77
202400036628,8.25,19.62
202400036671,6.05,11.77
202400036677,4.42,2.52
202400036781,13.75,15.68
202400036823,8.09,8.66
202400036839,5.53,21.15
202400036951,3.41,4.49
202400037041,2.14,4.47
202400037230,7.09,7.21
202400037316,6.92,11.52
202400037320,0.54,15.46
202400037429,5.74,5.49
202400037435,5.08,10.21
202400037447,6.31,18.84
202400037449,2.82,5.3
202400037487,1.42,3.78
202400037513,9.04,28.88
202400037576,4.04,5.1
202400037579,3.49,3.78
202400037588,8.76,10.5
202400037591,4.08,8.05
202400037594,5.34,5.46
202400037598,6.05,2.2
202400037601,7.08,8.36
202400037604,5.88,6.67
202400037608,3.26,7.61
202400037611,4.38,3.01
202400037614,5.17,8.79
202400037616,1.62,15.88
202400037617,3.94,4.17
202400037619,6.2,7.75
202400037621,6.01,4.14
202400037624,2.42,4.0
202400037625,3.2,3.73
202400037627,4.77,3.93
202400037629,4.26,5.49
202400037630,5.78,2.25
202400037639,8.44,16.36
202400037641,4.93,7.49
202400037644,4.76,6.05
202400037802,1.24,20.19
202400037805,4.2,16.0
202400037808,6.18,19.96
202400037843,15.69,26.91
202400037908,8.61,11.88
202400037925,1.04,4.75
202400037926,4.36,10.23
202400037928,4.52,7.57
202400038013,1.15,8.02
202400038017,6.29,9.26
202400038097,7.59,17.76
202400038156,4.44,7.73
202400038158,0.93,8.16
202400038183,12.94,22.79
202400038223,8.86,12.24
202400038226,6.09,9.11
202400038231,10.03,11.34
202400038337,9.28,12.63
202400038367,2.89,8.28
202400038380,4.42,9.57
202400038383,5.53,2.42
202400038428,1.32,4.1
202400038429,8.29,11.82
202400038455,4.92,7.94
202400038457,6.85,10.48
202400038508,5.47,16.54
202400038563,6.61,11.66
202400038570,5.44,13.3
202400038624,8.29,13.17
202400038633,7.58,9.07
202400038662,2.05,17.66
202400038700,5.12,22.64
202400038701,3.22,10.01
202400038702,9.67,13.3
202400038704,8.31,23.14
202400038705,6.06,5.95
202400038706,6.59,2.62
202400038707,6.7,11.31
202400038719,11.1,15.5
202400038724,4.31,6.68
202400038740,3.01,10.36
202400038818,5.56,5.28
202400038819,10.82,6.42
202400038821,6.76,10.6
202400038823,8.06,9.99
202400038825,7.73,6.65
202400038940,6.77,16.96
202400038982,2.47,5.37
202400038983,2.26,1.87
202400039087,3.02,6.5
202400039094,5.02,2.06
202400039098,5.44,28.09
202400039099,8.36,25.61
202400039100,3.79,4.23
202400039266,4.86,4.3
202400039289,0.67,24.6
202400039355,9.79,20.45
202400039377,4.87,5.87
202400039389,7.66,4.29
202400039392,6.24,9.04
202400039520,7.98,17.65
202400039561,6.39,8.06
202400039610,14.4,14.14
202400039747,7.44,12.66
202400039753,6.52,4.54
202400039794,4.14,16.62
202400039803,8.56,10.8
202400039805,9.78,6.32
202400039849,3.03,6.14
202400039853,7.48,18.06
202400039855,2.18,20.03
202400039858,7.74,5.57
202400039859,4.94,9.1
202400039862,2.47,8.72
202400039864,6.68,6.81
202400039866,7.57,11.87
202400039950,11.46,14.88
202400039995,7.24,19.78
202400040067,7.83,20.31
202400040081,7.36,12.27
202400040087,3.67,5.89
202400040093,5.99,5.43
202400040125,2.02,20.06
202400040129,6.35,9.03
202400040153,11.51,16.02
202400040156,4.33,20.0
202400040211,7.88,8.41
202400040213,3.98,8.04
202400040215,2.43,1.66
202400040220,3.18,10.72
202400040224,5.89,5.66
202400040227,4.67,8.19
202400040304,7.97,15.51
202400040326,4.37,7.04
202400040330,1.94,21.8
202400040333,2.74,10.86
202400040442,5.55,12.64
202400040469,5.46,6.96
202400040516,6.13,11.72
202400040519,7.8,21.2
202400040522,1.39,13.53
202400040590,4.81,7.32
202400040592,3.14,8.36
202400040597,9.48,7.45
202400040654,2.53,6.16
202400040728,14.41,28.2
202400040824,5.39,6.34
202400040825,4.33,1.14
202400040836,6.16,3.66
202400040908,7.27,17.03
202400040912,6.06,14.13
202400040976,7.92,20.41
202400041008,6.11,5.86
202400041050,7.81,5.52
202400041169,6.09,9.57
202400041177,5.47,8.49
202400041228,6.96,8.5
202400041312,1.39,3.89
202400041495,13.75,15.68
202400041558,8.0,10.0
202400041563,4.07,1.89
202400041565,3.9,6.26
202400041568,5.46,15.78
202400041578,3.24,3.84
202400041583,1.92,20.07
202400041645,7.56,24.88
202400041674,6.59,7.64
202400041720,2.28,17.1
202400041777,8.88,9.01
202400041778,2.94,4.86
202400041780,8.73,17.01
202400041907,7.52,11.61
202400041985,8.23,8.35
202400041988,4.31,19.99
202400041991,4.53,1.9
202400041994,5.03,5.88
202400041996,4.25,9.39
202400042036,2.53,4.96
202400042039,8.46,8.58
202400042043,11.39,8.57
202400042045,8.05,6.81
202400042048,7.64,2.31
202400042173,10.87,17.72
202400042182,4.75,14.26
202400042371,7.04,15.13
202400042372,4.38,5.61
202400042386,4.41,4.14
202400042467,12.06,29.61
202400042529,8.82,11.56
202400042642,0.75,12.87
202400042646,6.81,13.45
202400042693,5.61,10.4
202400042790,13.72,15.65
202400042792,2.12,12.34
202400042793,8.91,16.93
202400042860,6.46,6.58
202400042862,1.06,4.68
202400042864,3.26,3.58
202400042926,3.18,7.58
202400042928,6.5,8.26
202400042948,1.62,10.52
202400043099,9.11,12.7
202400043110,6.14,9.77
202400043115,4.98,10.12
202400043223,6.65,14.79
202400043274,7.53,11.18
202400043280,11.54,16.65
202400043281,5.92,5.49
202400043283,5.36,4.97
202400043327,5.12,4.88
202400043330,4.22,3.16
202400043334,1.18,10.21
202400043361,4.55,18.86
202400043365,1.86,13.69
202400043431,0.73,19.44
202400043433,8.6,5.55
202400043452,2.62,13.27
202400043458,5.99,18.91
202400043501,6.43,30.12
202400043599,8.6,9.13
202400043605,2.99,9.24
202400043625,4.7,6.48
202400043631,3.45,19.53
202400043658,12.87,15.41
202400043663,8.38,6.31
202400043673,6.46,13.34
202400043677,7.39,12.25
202400043819,6.07,5.63
202400043821,11.15,29.83
202400043822,3.09,5.89
202400043838,7.28,7.4
202400043842,5.71,6.59
202400043846,4.07,7.7
202400043864,5.79,7.11
202400043866,4.78,5.7
202400044057,10.77,12.77
202400044117,10.19,26.27
202400044118,2.28,3.33
202400044120,2.27,5.48
202400044133,2.29,4.13
202400044194,9.88,12.44
202400044240,4.6,18.06
202400044315,5.72,16.2
202400044350,4.72,25.85
202400044390,1.46,10.14
202400044394,5.36,4.13
202400044397,6.55,3.0
202400044398,0.46,5.46
202400044399,4.93,5.11
202400044405,4.48,3.42
202400044408,5.76,3.1
202400044410,4.35,8.1
202400044615,8.51,6.35
202400044618,3.19,3.92
202400044621,7.23,7.52
202400044624,5.08,2.5
202400044627,5.91,9.35
202400044633,7.84,6.34
202400044636,7.1,6.1
202400044712,3.15,3.66
202400044713,6.3,6.6
202400044714,4.69,6.1
202400044741,5.63,21.6
202400045037,4.38,7.4
202400045040,3.53,2.17
202400045109,3.46,2.97
202400045113,3.13,9.23
202400045121,6.85,2.66
202400045218,7.62,5.62
202400045298,6.98,24.8
202400045334,1.5,15.32
202400045351,7.13,6.25
202400045461,2.34,5.08
202400045465,2.13,4.56
202400045482,4.54,3.58
202400045487,3.66,8.12
202400045497,6.94,6.69
202400045504,8.55,8.68
202400045576,4.09,8.29
202400045584,8.63,8.59
202400045610,4.53,7.41
202400045617,3.53,5.69
202400045653,6.06,5.06
202400045831,8.89,12.38
202400045861,7.27,8.0
202400045873,6.61,22.42
202400045889,5.61,16.12
202400045895,4.66,6.92
202400045918,8.61,7.5
202400046107,2.47,11.2
202400046141,8.65,10.14
202400046163,2.95,15.07
202400046167,9.12,9.72
202400046174,4.42,0.96
202400046258,8.76,16.66
202400046262,3.27,4.83
202400046264,9.49,9.62
202400046267,10.42,6.28
202400046346,6.79,18.06
202400046477,7.92,6.29
202400046480,4.55,12.61
202400046483,10.01,10.82
202400046519,1.61,5.55
202400046520,2.8,5.06
202400046522,5.55,6.64
202400046532,3.57,3.37
202400046534,0.63,19.59
202400046538,8.62,8.35
202400046626,1.86,2.67
202400046660,8.64,9.28
202400046668,4.77,12.3
202400046692,4.44,12.67
202400046693,9.14,7.13
202400046696,7.01,5.52
202400046699,2.57,5.66
202400046700,1.27,9.32
202400046702,3.56,6.49
202400046739,4.63,7.98
202400046816,6.77,10.26
202400046896,5.9,13.05
202400046897,7.03,11.91
202400046906,8.98,20.92
202400046936,3.16,15.21
202400047024,5.27,8.42
202400047054,1.1,6.49
202400047098,5.82,20.86
202400047103,4.72,17.26
202400047140,4.5,7.06
202400047321,2.64,3.7
202400047338,5.89,5.93
202400047345,6.66,8.46
202400047385,4.15,5.93
202400047401,7.07,5.04
202400047464,10.79,19.0
202400047473,3.89,12.59
202400047490,6.6,6.91
202400047492,11.01,18.78
202400047493,3.97,7.94
202400047503,4.34,8.44
202400047510,5.59,4.44
202400047518,3.36,1.09
202400047529,11.41,24.91
202400047532,8.07,11.05
202400047537,6.37,7.91
202400047626,7.79,20.62
202400047630,11.0,7.46
202400047631,7.1,11.45
202400047633,4.62,7.83
202400047638,2.05,4.18
202400047640,5.0,16.03
202400047669,4.72,24.34
202400047675,12.67,27.73
202400047884,2.53,8.88
202400047892,4.64,4.06
202400047897,5.96,6.76
202400047955,8.31,24.3
202400047992,7.86,5.96
202400048296,6.42,14.47
202400048355,6.13,7.44
202400048375,3.09,10.09
202400048376,5.42,3.8
202400048381,10.99,14.14
202400048436,4.53,2.98
202400048439,3.1,5.66
202400048440,5.25,6.48
202400048442,5.58,7.25
202400048445,3.48,3.64
202400048448,2.93,2.29
202400048451,5.2,6.94
202400048456,0.68,5.35
202400048494,6.42,8.92
202400048576,2.71,12.85
202400048666,6.19,9.49
202400048667,8.65,6.49
202400048670,2.9,6.34
202400048673,6.38,10.46
202400048676,6.4,5.34
202400048680,5.36,8.7
202400048764,9.44,12.32
202400048825,3.74,6.7
202400048830,4.21,4.11
202400048836,8.71,8.84
202400048839,2.91,6.96
202400048842,5.46,13.42
202400048881,5.4,6.71
202400048886,6.02,4.08
202400048892,5.84,18.95
202400048897,1.45,4.16
202400048903,1.44,9.77
202400048920,2.99,8.36
202400048926,4.49,3.58
202400049063,14.51,17.69
202400049091,1.37,25.09
202400049097,8.33,25.56
202400049175,5.28,4.22
202400049181,2.23,7.61
202400049184,7.98,8.1
202400049185,3.8,14.51
202400049191,3.16,7.33
202400049192,5.77,4.62
202400049194,5.78,3.52
202400049203,4.14,3.28
202400049247,5.66,5.7
202400049249,9.17,13.36
202400049256,3.31,7.6
202400049409,4.62,27.42
202400049528,8.09,15.04
202400049627,4.6,14.61
202400049632,3.06,24.09
202400049639,5.96,13.23
202400049666,7.23,7.25
202400049705,2.36,14.3
202400049782,4.03,4.57
202400049837,4.04,5.1
202400049853,3.95,7.11
202400049861,3.87,3.11
202400049869,3.66,5.99
202400049872,8.91,25.18
202400049875,1.86,3.38
202400049923,7.3,7.86
202400049932,8.84,10.15
202400050017,4.67,14.16
202400050047,3.72,5.66
202400050051,2.25,10.68
202400050088,5.11,6.42
202400050107,6.38,7.53
202400050114,5.27,7.68
202400050125,7.42,10.4
202400050137,4.75,17.87
202400050151,4.55,13.5
202400050169,4.26,3.03
202400050326,2.94,26.42
202400050364,3.05,9.3
202400050369,4.26,12.12
202400050472,6.94,10.86
202400050498,3.11,11.34
202400050499,5.94,10.18
202400050500,3.66,4.77
202400050501,1.88,4.55
202400050571,4.8,5.82
202400050575,3.16,5.64
202400050720,7.06,13.49
202400050725,5.43,5.48
202400050730,4.2,7.25
202400050737,3.36,6.98
202400050799,8.79,13.14
202400050812,1.6,32.78
202400050924,2.81,4.91
202400050936,12.73,17.61
202400050974,9.86,21.48
202400050999,5.19,9.22
202400051011,4.3,8.04
202400051046,9.98,9.1
202400051087,3.42,8.1
202400051097,5.23,8.38
202400051101,7.96,5.38
202400051123,4.0,4.58
202400051156,5.54,15.75
202400051160,5.8,7.46
202400051168,7.13,16.98
202400051198,9.95,26.2
202400051326,2.97,2.36
202400051338,4.37,6.5
202400051394,2.4,16.78
202400051432,15.06,29.12
202400051451,4.21,6.7
202400051461,4.94,3.82
202400051499,9.54,13.58
202400051598,4.63,2.29
202400051605,6.13,13.9
202400051633,4.7,8.05
202400051643,4.42,17.11
202400051652,2.48,5.15
202400051659,7.6,15.32
202400051673,4.65,20.06
202400051683,4.89,3.27
202400051690,10.04,10.85
202400051698,5.98,4.0
202400051767,12.68,10.59
202400051856,4.17,7.19
202400051863,3.67,6.69
202400051932,4.72,4.55
202400051940,2.0,8.04
202400052054,9.32,31.98
202400052098,6.73,9.41
202400052124,6.87,10.02
202400052157,4.48,11.22
202400052200,1.53,20.69
202400052218,5.18,11.16
202400052253,4.39,2.97
202400052261,3.48,3.63
202400052266,5.33,2.2
202400052273,0.26,2.42
202400052279,5.81,11.12
202400052285,3.75,6.42
202400052350,4.94,19.97
202400052355,15.87,19.55
202400052358,3.74,16.54
202400052391,4.69,4.85
202400052395,5.91,6.04
202400052401,2.61,8.13
202400052497,2.46,3.52
202400052507,1.88,6.88
202400052533,7.09,25.62
202400052703,3.74,9.38
202400052800,7.33,24.88
202400052903,9.25,7.31
202400052909,6.56,27.12
202400052917,9.95,6.76
202400052985,4.44,15.2
202400053026,1.85,10.08
202400053053,7.31,10.93
202400053101,5.83,8.42
202400053156,9.11,9.24
202400053165,6.93,6.63
202400053175,7.77,8.03
202400053182,3.07,11.8
202400053190,6.32,5.05
202400053228,7.34,8.91
202400053242,4.44,12.88
202400053307,4.54,20.44
202400053312,4.93,10.96
202400053421,2.72,4.55
202400053427,2.48,10.96
202400053457,2.08,5.02
202400053733,5.54,6.84
202400053737,2.96,6.36
202400053747,4.66,2.52
202400053753,1.84,4.4
202400053789,6.79,10.42
202400053944,11.15,23.99
202400053976,8.18,11.78
202400054023,4.48,3.03
202400054031,7.48,11.57
202400054033,4.87,5.03
202400054043,9.08,7.02
202400054073,8.3,5.08
202400054078,13.06,24.82
202400054091,11.76,20.84
202400054105,5.02,28.75
202400054239,7.36,9.11
202400054246,4.69,13.93
202400054323,2.26,5.38
202400054329,6.43,8.1
202400054340,7.87,11.9
