Num_Acc,nearest_pompiers_min_osrm,nearest_sau_min_osrm
202200000008,5.27,9.08
202200000011,4.76,11.7
202200000076,3.82,5.97
202200000092,12.52,10.87
202200000117,7.42,21.92
202200000158,7.31,3.87
202200000173,3.82,7.98
202200000174,4.66,8.8
202200000181,9.18,7.96
202200000222,3.96,8.39
202200000431,2.38,12.57
202200000449,11.28,18.43
202200000451,4.07,27.08
202200000457,6.52,0.72
202200000461,5.3,19.52
202200000507,12.57,15.78
202200000560,5.03,35.69
202200000638,8.62,7.29
202200000639,1.04,4.57
202200000641,4.81,11.83
202200000693,1.83,4.44
202200000744,5.37,15.08
202200000769,6.92,9.82
202200000773,4.81,6.97
202200000824,3.0,8.14
202200000885,5.39,11.39
202200000904,6.56,5.36
202200000971,12.7,18.25
202200000985,11.17,63.83
202200000986,6.31,9.8
202200000987,13.69,44.88
202200001034,11.65,14.97
202200001063,7.94,5.72
202200001080,6.4,11.32
202200001126,4.01,3.43
202200001171,6.54,6.29
202200001172,8.67,10.44
202200001173,5.87,6.67
202200001254,10.94,24.74
202200001255,10.36,29.94
202200001256,4.54,6.7
202200001266,3.3,13.12
202200001267,2.21,14.21
202200001315,1.72,20.9
202200001333,10.54,27.35
202200001439,6.42,15.62
202200001441,12.53,24.2
202200001466,11.6,12.24
202200001549,1.12,9.33
202200001550,4.25,10.05
202200001551,3.32,6.0
202200001593,9.98,6.45
202200001607,4.07,40.72
202200001630,8.27,36.28
202200001652,12.42,27.14
202200001668,5.64,9.52
202200001675,3.5,13.21
202200001712,5.64,5.13
202200001739,2.02,5.68
202200001804,6.41,5.66
202200001842,7.58,16.0
202200001851,3.17,2.6
202200001905,6.35,10.72
202200001908,8.86,5.97
202200001921,9.1,11.54
202200002013,2.99,3.17
202200002175,11.18,13.97
202200002185,9.13,25.69
202200002195,11.98,24.6
202200002200,1.98,20.18
202200002203,8.98,32.46
202200002230,7.6,17.5
202200002260,5.63,9.11
202200002265,9.25,4.63
202200002296,7.46,11.13
202200002455,8.49,12.55
202200002462,2.42,3.38
202200002467,13.3,18.44
202200002468,16.14,22.98
202200002471,2.77,19.85
202200002472,4.42,27.81
202200002475,13.72,25.57
202200002477,14.01,12.85
202200002479,13.0,15.56
202200002595,6.63,28.6
202200002623,6.24,5.5
202200002666,6.67,11.49
202200002667,6.5,7.78
202200002668,9.26,6.76
202200002817,6.03,7.15
202200002853,5.77,9.39
202200002927,5.04,24.31
202200002928,5.03,2.21
202200002929,3.22,5.78
202200002947,2.1,4.83
202200002966,6.01,4.35
202200003022,12.92,13.35
202200003029,4.34,19.56
202200003032,18.29,50.2
202200003033,3.54,3.65
202200003038,11.5,20.75
202200003106,1.4,21.55
202200003110,2.78,30.22
202200003120,7.62,27.94
202200003262,6.09,11.48
202200003266,5.83,6.63
202200003269,4.42,10.59
202200003277,11.18,13.87
202200003323,5.34,6.26
202200003330,9.51,14.34
202200003334,2.35,6.24
202200003352,13.43,15.47
202200003424,4.94,24.62
202200003450,8.46,8.46
202200003512,3.2,2.34
202200003516,4.22,2.48
202200003564,12.6,16.36
202200003569,5.61,22.9
202200003594,5.24,9.32
202200003596,15.52,16.1
202200003599,7.27,9.72
202200003602,6.9,11.39
202200003607,2.89,7.38
202200003856,4.81,9.3
202200003857,8.86,19.75
202200003860,3.79,8.72
202200003864,7.15,3.48
202200003866,6.86,3.57
202200003943,5.87,7.6
202200004125,2.61,23.03
202200004172,7.35,18.68
202200004281,5.68,5.1
202200004321,3.17,4.83
202200004349,6.21,2.55
202200004581,3.91,32.25
202200004590,13.32,15.93
202200004646,8.99,1.44
202200004647,4.56,4.77
202200004687,2.93,9.96
202200004760,6.51,10.37
202200004763,6.57,9.35
202200004767,6.33,8.38
202200004860,5.17,14.3
202200004929,17.96,12.65
202200004944,5.35,16.77
202200004961,4.17,24.63
202200004966,8.49,12.74
202200004999,0.64,4.09
202200005023,8.53,15.32
202200005097,6.69,19.13
202200005237,10.36,15.19
202200005312,6.03,6.01
202200005314,3.82,2.08
202200005326,8.53,15.92
202200005331,5.25,12.27
202200005384,8.72,11.02
202200005388,2.63,2.85
202200005569,10.47,12.18
202200005595,7.22,23.53
202200005808,6.99,5.95
202200005818,10.43,35.12
202200005822,10.0,18.52
202200005857,6.32,11.36
202200005858,5.92,24.61
202200005861,11.38,16.94
202200005889,11.78,37.19
202200005945,7.04,11.42
202200005946,9.21,18.41
202200005985,4.28,4.29
202200005999,13.24,22.2
202200006005,11.85,13.59
202200006120,7.7,11.36
202200006172,4.7,26.01
202200006241,18.48,15.59
202200006252,14.9,13.71
202200006340,7.16,4.94
202200006376,4.2,9.72
202200006485,1.41,1.5
202200006486,6.05,28.25
202200006514,4.73,0.75
202200006515,3.18,9.59
202200006516,3.14,7.64
202200006517,4.56,10.07
202200006536,4.01,11.04
202200006595,11.35,10.56
202200006612,5.43,19.38
202200006663,3.12,6.02
202200006666,6.04,11.46
202200006676,3.49,2.92
202200006678,3.04,2.2
202200006767,10.82,13.59
202200006777,6.58,14.91
202200006779,8.54,11.72
202200006785,7.83,7.09
202200006790,8.64,22.89
202200006934,1.78,5.45
202200007227,11.04,20.56
202200007268,5.13,34.47
202200007285,9.24,10.05
202200007296,11.33,12.81
202200007317,9.31,13.06
202200007333,3.64,9.82
202200007387,13.19,20.24
202200007395,4.27,6.2
202200007456,1.55,25.27
202200007519,7.56,4.81
202200007520,3.26,9.05
202200007521,7.2,8.23
202200007548,5.66,5.0
202200007572,7.07,42.16
202200007609,15.17,22.86
202200007639,6.6,3.18
202200007652,17.63,20.64
202200007705,11.5,18.52
202200007736,7.27,18.13
202200007909,5.08,7.65
202200007923,7.03,7.91
202200007930,5.32,14.52
202200007931,5.98,13.87
202200007946,0.49,6.1
202200007948,5.67,10.05
202200007950,7.84,3.87
202200008016,9.49,4.17
202200008018,17.42,13.54
202200008021,12.08,13.4
202200008034,7.03,29.43
202200008058,16.93,17.46
202200008060,1.6,29.95
202200008098,9.51,19.41
202200008111,10.46,9.31
202200008129,10.45,18.89
202200008214,5.74,6.86
202200008226,2.09,6.71
202200008282,9.41,10.21
202200008284,5.21,6.5
202200008375,1.16,6.59
202200008376,14.61,46.52
202200008382,5.76,21.64
202200008402,9.18,13.58
202200008422,0.9,2.42
202200008437,6.96,12.22
202200008438,4.66,11.69
202200008483,3.65,19.71
202200008512,17.81,19.14
202200008513,1.66,5.53
202200008579,7.38,6.53
202200008665,10.22,31.11
202200008672,17.93,17.77
202200008673,14.36,23.13
202200008708,7.06,11.21
202200008847,8.53,19.98
202200008850,7.8,9.99
202200008884,3.76,2.9
202200008953,5.48,7.78
202200008972,3.56,6.12
202200008994,6.62,3.85
202200009009,5.63,9.3
202200009014,8.06,27.1
202200009015,3.11,4.77
202200009019,12.35,11.2
202200009074,3.19,14.0
202200009223,4.6,5.53
202200009229,6.61,11.44
202200009292,5.39,4.55
202200009344,4.15,17.17
202200009354,1.44,18.54
202200009356,14.74,17.31
202200009418,1.18,29.85
202200009421,5.81,7.61
202200009422,2.43,8.41
202200009433,16.24,28.4
202200009439,3.92,17.52
202200009521,5.89,27.4
202200009525,34.5,50.14
202200009529,9.31,24.47
202200009639,1.4,4.56
202200009665,4.81,3.97
202200009692,4.01,35.77
202200009703,7.64,24.45
202200009812,14.38,16.99
202200009818,10.5,15.45
202200009822,9.77,33.81
202200009823,14.45,15.48
202200009824,2.65,18.41
202200009828,16.4,18.02
202200009860,9.05,10.63
202200009880,7.85,17.49
202200009899,4.56,6.75
202200009917,5.08,9.24
202200009919,3.87,10.28
202200009942,4.45,13.09
202200009964,5.4,15.11
202200010053,6.5,35.12
202200010060,9.1,11.29
202200010070,6.02,17.46
202200010088,12.19,13.78
202200010110,9.62,19.04
202200010113,13.45,23.28
202200010216,3.99,20.62
202200010270,7.6,3.79
202200010273,7.03,8.3
202200010329,4.61,9.72
202200010409,8.18,30.34
202200010543,14.04,19.85
202200010544,9.88,14.42
202200010554,10.38,29.96
202200010555,21.27,28.06
202200010566,13.36,20.18
202200010628,3.8,5.6
202200010685,14.62,46.53
202200010759,8.32,22.82
202200010760,12.08,14.13
202200010961,5.85,18.59
202200011072,7.33,8.6
202200011184,4.26,2.59
202200011197,9.6,20.63
202200011207,5.62,35.53
202200011238,3.61,3.03
202200011314,1.02,3.23
202200011329,9.23,29.5
202200011342,4.77,8.8
202200011346,6.13,4.91
202200011362,7.48,13.66
202200011413,8.07,7.59
202200011418,2.62,7.92
202200011432,2.88,5.04
202200011449,7.39,23.8
202200011506,12.86,17.41
202200011509,5.5,4.71
202200011525,2.4,30.36
202200011587,5.34,25.25
202200011710,7.62,10.46
202200011715,6.52,6.82
202200011800,7.2,35.36
202200011808,8.92,14.26
202200011810,4.5,26.05
202200011819,6.01,13.98
202200011851,3.77,25.91
202200011872,12.77,36.7
202200011920,3.83,2.85
202200011997,9.53,12.07
202200012000,6.96,7.86
202200012079,2.83,12.98
202200012090,4.89,19.04
202200012109,1.0,35.5
202200012139,6.89,11.78
202200012204,6.79,6.06
202200012206,2.99,7.52
202200012357,13.33,15.59
202200012359,12.2,17.2
202200012377,12.16,27.35
202200012379,7.11,27.6
202200012468,11.15,15.98
202200012469,8.8,10.13
202200012485,18.02,20.04
202200012508,8.81,12.06
202200012520,9.84,29.14
202200012531,6.63,29.54
202200012533,13.4,10.27
202200012536,1.3,18.24
202200012655,2.21,6.82
202200012662,5.54,3.76
202200012677,7.32,2.38
202200012709,4.9,14.33
202200012755,9.92,7.04
202200012758,8.23,3.61
202200012872,6.94,20.46
202200012876,12.06,9.63
202200012947,11.62,13.4
202200012953,6.88,22.54
202200013074,1.95,2.16
202200013079,5.26,6.85
202200013173,7.33,4.86
202200013175,5.95,16.16
202200013177,9.41,13.51
202200013178,7.15,9.65
202200013232,2.28,9.78
202200013261,0.8,15.42
202200013300,5.9,7.1
202200013329,6.42,6.82
202200013345,2.78,5.8
202200013457,7.75,3.77
202200013468,7.55,8.35
202200013630,5.01,21.32
202200013675,4.52,48.45
202200013678,7.89,8.3
202200013679,4.08,21.6
202200013695,5.66,35.74
202200013706,7.52,47.63
202200013787,3.27,17.18
202200013848,7.72,3.74
202200013920,11.42,13.89
202200014043,6.88,7.95
202200014082,8.1,17.64
202200014126,6.97,7.26
202200014128,6.76,7.06
202200014130,7.04,2.45
202200014179,9.03,17.81
202200014182,7.75,24.91
202200014184,10.87,30.17
202200014250,2.86,21.33
202200014252,4.64,18.86
202200014286,8.8,13.63
202200014351,4.84,3.28
202200014355,7.28,3.3
202200014356,7.14,8.94
202200014397,11.1,24.32
202200014404,12.17,23.6
202200014405,6.56,9.57
202200014473,7.82,9.08
202200014557,1.88,6.04
202200014559,2.64,11.57
202200014583,5.92,26.55
202200014585,2.44,9.47
202200014589,8.4,16.39
202200014667,1.71,26.65
202200014669,13.9,14.48
202200014699,7.37,7.37
202200014702,6.11,11.33
202200014738,14.37,47.07
202200014739,1.79,5.46
202200014740,7.15,4.84
202200014787,7.8,12.63
202200014788,15.49,47.4
202200014790,9.51,62.18
202200014796,5.04,30.13
202200014907,8.17,31.65
202200015020,9.03,13.51
202200015026,15.42,20.05
202200015028,10.49,11.79
202200015038,10.11,13.12
202200015171,14.38,18.31
202200015180,10.53,25.76
202200015184,9.68,21.09
202200015188,15.64,44.94
202200015196,1.99,2.23
202200015215,8.67,20.72
202200015220,7.7,21.66
202200015231,2.52,22.63
202200015282,13.9,28.93
202200015288,14.69,17.25
202200015328,3.26,17.67
202200015332,8.44,61.11
202200015340,0.98,3.14
202200015354,4.18,1.3
202200015355,2.69,19.32
202200015366,4.51,17.33
202200015380,20.1,35.08
202200015384,2.29,19.61
202200015430,6.98,7.78
202200015457,8.23,7.08
202200015464,11.79,12.56
202200015582,1.53,10.66
202200015763,14.48,20.54
202200015830,1.69,1.93
202200015864,4.8,5.87
202200015866,2.58,1.81
202200015867,18.67,19.78
202200015962,7.63,20.92
202200016001,8.0,16.38
202200016053,8.83,23.88
202200016152,6.24,5.9
202200016165,3.9,32.24
202200016267,10.36,15.79
202200016323,3.3,8.77
202200016386,8.3,22.29
202200016436,5.85,17.1
202200016458,8.29,21.16
202200016468,5.54,7.64
202200016495,5.84,5.1
202200016532,7.3,4.05
202200016534,2.78,2.61
202200016573,3.85,8.41
202200016622,6.47,8.15
202200016728,8.46,12.14
202200016729,6.49,5.74
202200016758,4.28,2.55
202200016778,10.3,20.86
202200016784,8.37,17.89
202200016798,6.96,2.99
202200016799,5.28,11.11
202200016800,3.85,10.02
202200016802,5.29,7.67
202200016808,7.23,4.76
202200016810,5.42,15.99
202200016813,9.86,16.05
202200016842,11.81,17.14
202200016843,6.99,12.23
202200016944,16.68,19.53
202200016945,11.42,10.26
202200017002,6.06,3.88
202200017005,6.44,8.59
202200017028,5.72,9.26
202200017071,6.63,11.46
202200017073,0.98,14.9
202200017106,2.56,26.31
202200017141,4.98,2.5
202200017145,12.92,21.42
202200017222,10.11,12.52
202200017224,4.82,6.15
202200017276,5.35,5.86
202200017319,3.35,10.38
202200017391,4.94,10.09
202200017430,2.6,17.98
202200017436,7.07,14.16
202200017437,7.46,14.92
202200017537,3.37,25.75
202200017538,0.98,10.1
202200017540,6.9,19.44
202200017625,7.1,8.68
202200017630,4.6,5.87
202200017633,5.53,10.65
202200017641,5.25,6.82
202200017643,6.8,9.35
202200017646,3.05,7.54
202200017647,7.56,7.85
202200017747,10.96,11.76
202200017754,4.98,9.01
202200017769,1.97,2.08
202200017818,8.71,9.63
202200017853,12.27,14.38
202200017923,1.7,15.61
202200017927,2.32,3.52
202200017928,2.88,7.75
202200017972,6.04,4.39
202200018031,7.0,12.83
202200018051,5.83,6.04
202200018101,2.36,28.62
202200018102,8.41,22.62
202200018187,3.44,13.15
202200018232,7.51,12.59
202200018248,4.97,5.89
202200018346,4.7,3.03
202200018350,4.08,2.35
202200018362,6.97,8.63
202200018366,6.02,10.51
202200018387,4.76,4.02
202200018497,2.68,5.83
202200018511,4.41,7.39
202200018528,7.0,6.36
202200018532,5.33,9.4
202200018535,3.63,9.11
202200018540,1.91,9.41
202200018544,6.4,8.9
202200018553,8.99,6.47
202200018635,4.94,11.31
202200018658,2.45,6.12
202200018660,0.36,6.34
202200018683,5.04,10.15
202200018768,9.68,11.15
202200018811,9.8,13.68
202200018833,9.26,13.8
202200018916,4.79,6.66
202200018929,9.68,13.88
202200018972,11.74,14.21
202200018979,5.44,5.36
202200018984,2.07,8.4
202200018989,12.12,11.33
202200019065,5.45,8.4
202200019166,6.24,9.68
202200019170,6.36,3.42
202200019268,4.69,31.62
202200019324,0.86,34.01
202200019359,3.67,26.25
202200019363,2.26,5.17
202200019367,7.37,19.4
202200019373,9.82,11.15
202200019401,5.16,33.3
202200019449,13.03,19.48
202200019482,6.97,2.02
202200019529,5.53,8.1
202200019664,2.74,1.45
202200019670,9.06,19.12
202200019725,4.8,3.4
202200019759,9.96,10.76
202200019760,5.92,10.29
202200019773,5.32,12.35
202200019782,6.08,18.3
202200019823,7.94,5.47
202200019826,1.9,26.82
202200019861,7.48,8.84
202200019864,14.54,38.53
202200019907,12.34,10.69
202200019920,5.23,12.25
202200020144,2.06,6.17
202200020198,6.41,8.97
202200020200,7.1,22.9
202200020239,5.66,9.82
202200020277,6.84,8.82
202200020397,1.68,32.42
202200020399,5.58,4.68
202200020411,9.78,17.78
202200020447,7.15,7.04
202200020506,8.36,5.23
202200020507,9.2,16.38
202200020570,8.29,12.9
202200020572,2.98,20.9
202200020585,7.53,9.8
202200020698,29.56,70.63
202200020700,1.99,4.15
202200020743,3.58,4.04
202200020905,11.78,12.55
202200020908,11.95,12.27
202200020945,6.66,11.34
202200020948,3.65,9.82
202200021006,8.27,8.25
202200021008,3.88,10.93
202200021176,10.96,23.58
202200021184,8.58,21.48
202200021221,10.64,22.09
202200021239,6.1,18.05
202200021241,4.98,7.11
202200021245,10.1,17.42
202200021248,9.45,9.89
202200021269,12.88,15.45
202200021278,9.77,8.33
202200021309,18.86,19.18
202200021335,6.65,12.06
202200021356,9.25,14.08
202200021371,5.81,4.47
202200021385,2.73,7.22
202200021418,10.79,40.09
202200021420,6.3,29.21
202200021421,5.98,17.26
202200021443,6.86,21.69
202200021444,13.24,13.78
202200021470,4.17,3.12
202200021533,9.78,13.38
202200021540,7.08,11.22
202200021544,5.34,7.63
202200021600,4.14,5.38
202200021681,7.14,20.64
202200021760,4.26,11.29
202200021821,5.5,7.99
202200021827,7.99,13.25
202200021832,5.22,12.24
202200021934,6.55,10.59
202200021949,6.42,23.41
202200021950,9.0,38.04
202200021953,2.2,11.87
202200021958,2.33,30.6
202200022068,11.53,9.03
202200022141,5.66,3.89
202200022164,7.53,8.33
202200022165,5.9,2.87
202200022181,5.63,4.41
202200022184,7.0,5.78
202200022206,7.01,11.74
202200022257,5.75,14.05
202200022318,7.4,6.18
202200022378,3.74,30.68
202200022405,2.57,28.18
202200022414,5.78,12.81
202200022454,3.76,4.68
202200022550,13.08,34.19
202200022577,7.87,24.48
202200022583,0.93,25.22
202200022655,7.44,21.91
202200022679,4.86,9.73
202200022699,4.44,22.18
202200022701,3.61,23.36
202200022709,8.5,13.97
202200022713,4.07,1.22
202200022716,5.92,6.07
202200022748,2.38,5.53
202200022795,5.34,28.68
202200022810,8.0,8.71
202200022837,11.81,15.19
202200022858,3.76,19.45
202200022922,5.43,10.09
202200023001,6.95,36.67
202200023003,10.0,31.74
202200023018,4.1,1.68
202200023047,4.34,3.19
202200023108,7.22,31.53
202200023117,2.1,14.54
202200023143,2.11,10.26
202200023149,4.78,23.9
202200023199,13.95,19.2
202200023228,4.8,31.09
202200023238,8.28,26.45
202200023250,4.48,4.84
202200023302,6.04,10.15
202200023304,2.95,6.2
202200023306,7.4,8.2
202200023308,8.8,5.92
202200023314,2.26,4.56
202200023368,2.95,1.91
202200023369,5.82,7.48
202200023451,5.72,4.06
202200023512,9.17,12.2
202200023513,4.86,25.15
202200023525,15.2,19.75
202200023638,6.2,9.88
202200023682,8.3,3.36
202200023791,3.25,17.41
202200023795,1.51,27.8
202200023809,5.1,14.87
202200023860,5.83,19.6
202200023867,4.98,19.32
202200023868,9.35,26.57
202200023871,4.97,27.88
202200023925,4.04,8.86
202200023983,1.82,2.23
202200023986,5.84,3.66
202200024005,4.28,10.45
202200024063,3.13,13.13
202200024176,1.53,20.57
202200024206,5.0,2.68
202200024210,5.03,6.05
202200024252,6.98,9.55
202200024254,5.59,11.24
202200024266,9.35,23.75
202200024268,12.94,18.48
202200024287,2.91,25.48
202200024306,5.44,4.69
202200024311,5.97,29.07
202200024366,15.65,14.21
202200024418,6.04,6.68
202200024468,17.21,37.92
202200024471,2.88,7.74
202200024479,12.93,7.61
202200024497,4.87,31.1
202200024555,6.26,19.61
202200024617,8.48,61.14
202200024649,12.18,17.82
202200024652,6.79,12.64
202200024653,3.52,4.45
202200024654,7.53,21.02
202200024672,9.83,9.83
202200024749,3.92,9.77
202200024786,3.79,8.75
202200024847,7.79,8.6
202200024851,3.62,8.32
202200024890,3.38,20.52
202200024894,1.45,15.47
202200024997,5.52,32.58
202200025002,13.4,26.98
202200025075,2.03,2.23
202200025094,6.85,2.88
202200025095,2.54,4.2
202200025130,13.6,23.13
202200025176,7.69,25.08
202200025192,5.92,12.22
202200025253,4.82,8.07
202200025294,1.61,24.37
202200025323,1.81,25.15
202200025342,0.75,24.12
202200025345,8.66,19.67
202200025348,5.1,21.79
202200025356,8.87,21.38
202200025357,3.44,31.58
202200025397,0.45,34.91
202200025450,4.02,18.99
202200025519,7.42,4.76
202200025554,3.36,7.03
202200025573,6.79,12.27
202200025575,9.43,6.54
202200025588,9.5,8.28
202200025696,3.12,23.54
202200025776,2.0,43.97
202200025820,3.31,26.89
202200025893,10.33,13.16
202200025937,1.41,35.49
202200025939,0.89,34.16
202200025949,6.95,23.22
202200025952,9.87,17.45
202200025973,6.75,30.36
202200026002,11.68,7.07
202200026006,5.44,25.62
202200026033,3.4,26.8
202200026089,4.3,9.78
202200026092,7.11,8.59
202200026095,5.53,3.66
202200026103,8.7,5.8
202200026122,2.54,0.87
202200026134,6.83,10.58
202200026166,6.78,10.49
202200026191,4.23,10.02
202200026194,7.44,12.7
202200026196,4.1,10.42
202200026245,7.64,17.0
202200026248,6.35,7.66
202200026255,6.48,2.0
202200026259,8.38,14.66
202200026261,3.7,23.16
202200026267,12.8,11.35
202200026277,9.71,14.98
202200026298,14.6,19.7
202200026400,7.2,10.22
202200026451,6.11,5.37
202200026615,5.69,30.82
202200026661,6.89,7.66
202200026686,5.02,5.24
202200026771,12.99,22.24
202200026798,3.67,0.83
202200026856,5.84,15.7
202200026950,4.96,12.61
202200026951,4.65,22.24
202200027016,2.04,6.87
202200027032,4.77,8.77
202200027048,7.18,5.64
202200027093,1.72,10.84
202200027134,5.45,10.47
202200027198,7.36,9.93
202200027233,1.54,27.67
202200027246,5.45,19.84
202200027248,10.43,42.46
202200027294,4.52,26.5
202200027542,11.22,31.5
202200027562,6.62,4.18
202200027621,3.86,4.98
202200027627,2.08,6.94
202200027633,2.22,4.51
202200027637,7.82,10.08
202200027643,12.17,13.47
202200027735,2.77,6.02
202200027736,5.36,11.63
202200027737,7.06,7.86
202200027738,2.47,9.58
202200027749,5.89,17.23
202200027750,5.82,17.17
202200027967,7.1,3.01
202200028033,5.81,12.83
202200028088,6.12,3.81
202200028233,9.3,14.77
202200028240,14.19,9.56
202200028252,1.22,7.05
202200028319,1.42,1.64
202200028321,2.6,34.37
202200028341,4.66,4.52
202200028451,11.51,24.58
202200028492,5.21,14.24
202200028535,6.56,7.18
202200028568,19.02,12.8
202200028571,14.04,21.13
202200028574,7.13,24.08
202200028576,5.45,27.5
202200028585,10.07,11.34
202200028603,7.55,2.6
202200028645,2.24,23.4
202200028657,7.43,11.59
202200028659,5.28,8.94
202200028660,5.72,4.07
202200028677,4.89,4.31
202200028755,9.1,9.9
202200028814,2.26,32.91
202200028903,2.61,4.99
202200028925,7.26,12.33
202200029053,13.54,25.72
202200029082,7.86,6.2
202200029153,2.16,8.85
202200029201,11.32,21.94
202200029206,2.31,35.0
202200029207,15.01,23.89
202200029222,9.04,6.14
202200029228,6.82,11.64
202200029234,6.98,5.61
202200029293,6.64,27.98
202200029298,13.72,25.57
202200029350,1.57,24.61
202200029352,0.5,28.01
202200029366,6.62,6.27
202200029398,3.99,32.77
202200029403,5.68,8.57
202200029418,11.05,9.9
202200029444,3.95,10.12
202200029527,12.41,13.83
202200029560,5.69,18.31
202200029562,2.84,33.35
202200029564,8.09,7.96
202200029576,5.75,6.56
202200029577,21.8,30.6
202200029589,7.11,12.81
202200029638,5.02,10.87
202200029681,3.08,23.54
202200029684,13.7,18.77
202200029685,4.9,20.8
202200029698,8.83,10.41
202200029699,7.82,9.8
202200029721,4.41,5.53
202200029722,6.81,20.14
202200029724,7.05,4.3
202200029770,7.64,4.2
202200029855,2.36,15.7
202200029861,10.21,26.7
202200029920,4.53,23.98
202200029923,4.65,22.72
202200029925,6.81,15.49
202200029958,9.66,44.3
202200029959,8.33,31.11
202200030042,14.12,19.26
202200030046,10.97,12.54
202200030075,1.13,4.3
202200030077,7.46,12.94
202200030091,5.99,19.07
202200030094,17.81,16.37
202200030098,9.4,14.66
202200030099,2.86,18.56
202200030101,4.9,33.17
202200030188,2.48,42.28
202200030207,4.27,34.18
202200030287,6.09,7.07
202200030320,5.37,6.94
202200030363,7.11,9.16
202200030367,11.57,17.04
202200030412,1.8,1.06
202200030415,3.68,25.62
202200030428,8.09,14.92
202200030680,6.34,29.69
202200030707,9.77,18.19
202200030708,3.23,13.52
202200030709,2.63,19.38
202200030719,3.45,31.59
202200030783,4.39,0.96
202200030853,7.76,20.94
202200030888,7.49,29.04
202200030902,4.77,6.06
202200030926,6.92,29.79
202200030980,3.1,4.78
202200031043,14.29,25.74
202200031046,9.36,15.03
202200031076,9.12,10.41
202200031156,10.56,14.52
202200031188,5.62,29.1
202200031196,9.37,14.68
202200031199,13.72,15.05
202200031208,5.52,24.75
202200031257,8.66,16.1
202200031261,12.83,31.65
202200031272,6.12,7.79
202200031275,6.83,8.49
202200031421,8.22,13.54
202200031446,3.3,16.79
202200031477,3.86,26.6
202200031507,12.12,10.47
202200031521,7.0,15.3
202200031557,2.73,20.32
202200031571,3.3,13.12
202200031745,5.49,11.61
202200031746,7.34,8.14
202200031747,9.34,6.04
202200031789,14.88,15.34
202200031790,10.89,24.65
202200031928,1.97,32.69
202200031953,10.36,15.79
202200032038,2.24,2.84
202200032039,5.39,18.19
202200032090,6.61,16.02
202200032092,13.17,16.65
202200032093,12.49,26.28
202200032101,5.12,21.02
202200032103,11.11,15.56
202200032106,3.85,3.01
202200032130,9.12,22.31
202200032342,3.86,5.61
202200032354,4.27,13.15
202200032355,10.94,36.52
202200032395,6.4,10.27
202200032414,2.13,19.49
202200032417,4.38,11.26
202200032426,1.84,28.74
202200032428,5.9,12.23
202200032491,8.4,4.77
202200032522,4.67,8.34
202200032571,7.73,15.42
202200032584,11.25,13.54
202200032600,21.94,29.3
202200032644,5.56,5.61
202200032655,4.06,11.08
202200032722,14.15,18.78
202200032753,4.81,13.44
202200032754,5.21,11.25
202200032772,1.28,19.36
202200032824,6.2,24.92
202200032851,13.44,13.99
202200033038,18.75,22.78
202200033053,3.89,8.33
202200033087,5.2,15.94
202200033095,12.26,15.31
202200033106,2.61,30.88
202200033246,4.54,11.86
202200033250,4.74,28.81
202200033255,5.39,9.55
202200033257,5.1,6.83
202200033260,5.06,3.4
202200033263,6.32,2.92
202200033267,11.57,15.6
202200033303,9.83,10.05
202200033305,2.9,2.17
202200033310,10.51,4.61
202200033398,6.05,4.67
202200033449,3.78,5.53
202200033453,4.82,5.03
202200033502,7.19,56.78
202200033526,3.24,24.64
202200033603,4.19,7.01
202200033640,8.14,13.46
202200033647,8.78,31.84
202200033649,13.2,35.76
202200033670,12.74,22.35
202200033671,12.98,22.58
202200033693,13.88,16.44
202200033723,4.41,2.88
202200033732,2.95,2.44
202200033749,8.13,8.93
202200033750,6.69,11.19
202200033765,3.84,8.33
202200033766,6.98,2.96
202200033860,6.78,28.88
202200033866,1.25,21.94
202200033896,15.63,20.88
202200033965,2.75,21.08
202200033980,11.59,10.42
202200034184,4.23,8.36
202200034186,6.21,2.75
202200034189,4.45,9.93
202200034213,6.38,11.76
202200034214,4.81,25.02
202200034281,0.62,20.29
202200034288,3.33,16.29
202200034290,14.45,15.44
202200034309,8.27,6.52
202200034363,15.58,18.01
202200034416,3.85,3.18
202200034455,11.01,13.58
202200034487,0.06,25.0
202200034552,5.75,9.65
202200034554,7.87,11.78
202200034580,3.48,13.02
202200034583,3.62,10.64
202200034607,8.79,19.89
202200034624,2.41,3.87
202200034653,6.36,21.71
202200034654,1.5,51.48
202200034664,10.56,12.97
202200034709,14.18,23.66
202200034749,19.81,30.08
202200034757,3.58,4.04
202200034868,2.96,2.1
202200034872,2.81,20.6
202200034874,5.45,4.61
202200034924,4.63,20.42
202200034929,8.91,15.0
202200034996,4.36,11.79
202200035000,3.45,5.73
202200035048,11.88,13.12
202200035082,12.57,38.68
202200035093,7.23,6.49
202200035110,13.73,37.2
202200035132,1.47,7.73
202200035217,4.47,26.55
202200035235,8.82,3.35
202200035256,3.69,48.82
202200035262,14.33,18.22
202200035269,6.58,10.73
202200035273,5.14,8.81
202200035320,5.25,4.49
202200035328,10.61,15.62
202200035408,5.2,10.32
202200035410,2.39,8.56
202200035412,4.21,4.97
202200035478,1.98,21.94
202200035543,3.45,8.85
202200035566,7.21,17.76
202200035632,4.03,8.59
202200035633,6.09,11.17
202200035643,6.92,9.38
202200035674,4.26,11.19
202200035675,2.68,8.14
202200035677,7.56,3.79
202200035743,6.38,9.53
202200035808,10.01,16.0
202200035918,23.53,43.11
202200035919,9.64,13.46
202200035987,13.8,15.82
202200035991,7.81,11.92
202200036059,6.83,16.41
202200036071,7.98,19.44
202200036101,13.85,16.42
202200036136,5.82,10.58
202200036146,8.26,8.4
202200036151,7.54,23.44
202200036202,12.09,13.42
202200036224,4.99,25.32
202200036227,15.04,19.2
202200036235,9.27,20.12
202200036260,3.79,17.7
202200036330,23.28,20.3
202200036345,2.84,21.31
202200036356,10.19,10.73
202200036401,13.18,22.62
202200036473,3.1,28.43
202200036475,8.46,11.47
202200036491,11.85,8.72
202200036658,6.94,10.07
202200036665,6.08,5.33
202200036728,1.72,2.59
202200036732,4.64,10.16
202200036761,11.82,13.6
202200036767,4.29,25.08
202200036774,4.35,8.84
202200036787,4.33,17.51
202200036817,14.66,20.21
202200036840,3.44,11.61
202200036895,6.32,6.42
202200036906,7.93,37.49
202200037023,4.91,4.0
202200037043,1.03,5.89
202200037068,1.91,5.58
202200037087,6.42,8.89
202200037097,6.54,13.03
202200037182,9.18,10.96
202200037200,10.05,27.28
202200037202,3.56,10.41
202200037335,7.34,11.83
202200037336,7.33,9.9
202200037354,4.66,12.65
202200037429,12.7,12.93
202200037430,4.45,14.42
202200037465,10.12,44.3
202200037530,11.85,24.07
202200037577,9.51,16.16
202200037709,2.78,23.12
202200037787,9.58,14.41
202200037788,5.51,8.4
202200037882,7.94,6.67
202200038033,6.73,18.58
202200038038,11.12,11.92
202200038089,6.83,2.55
202200038102,6.35,2.69
202200038109,10.24,23.14
202200038128,6.12,10.07
202200038183,5.6,3.73
202200038246,3.51,20.52
202200038248,11.65,16.25
202200038267,4.1,14.96
202200038288,1.3,6.36
202200038291,2.42,31.37
202200038294,11.62,12.96
202200038295,11.06,22.49
202200038315,11.01,34.73
202200038318,4.89,28.5
202200038357,3.24,25.3
202200038359,12.61,14.65
202200038393,8.74,35.32
202200038399,12.75,15.16
202200038437,2.04,20.78
202200038464,5.59,11.56
202200038465,6.08,6.97
202200038468,5.5,11.68
202200038494,5.81,10.99
202200038527,8.04,26.47
202200038594,2.27,10.37
202200038595,10.28,41.46
202200038606,11.07,8.83
202200038650,1.62,0.88
202200038652,1.75,21.26
202200038750,5.91,14.68
202200038754,6.38,11.05
202200038787,9.88,20.24
202200038814,9.64,14.58
202200038819,4.34,3.62
202200038864,2.05,5.72
202200038869,8.2,12.33
202200038909,11.5,11.38
202200039061,7.96,9.62
202200039065,8.31,11.57
202200039089,2.64,22.44
202200039152,5.98,4.36
202200039173,3.12,10.15
202200039259,4.7,8.84
202200039261,7.0,4.75
202200039262,1.61,9.11
202200039308,9.59,9.84
202200039327,3.09,9.06
202200039330,10.61,23.58
202200039335,15.0,12.01
202200039379,12.31,13.81
202200039380,8.87,10.45
202200039483,5.78,11.2
202200039484,6.58,7.38
202200039543,1.0,31.12
202200039585,2.02,13.72
202200039586,10.61,14.54
202200039592,5.37,40.46
202200039674,3.82,3.93
202200039684,11.38,10.09
202200039695,7.56,9.39
202200039707,6.05,10.67
202200039754,12.62,17.51
202200039833,12.02,16.96
202200039840,11.72,13.05
202200039931,11.09,12.77
202200039933,5.05,19.5
202200040000,5.46,4.09
202200040100,5.63,1.66
202200040170,4.6,0.59
202200040187,6.72,9.29
202200040237,3.43,5.36
202200040345,4.51,8.66
202200040347,7.72,22.31
202200040349,10.83,13.33
202200040350,12.45,17.35
202200040388,4.84,23.88
202200040467,11.47,23.98
202200040488,11.41,30.9
202200040498,1.49,1.64
202200040672,3.2,10.03
202200040678,1.5,4.65
202200040684,6.04,7.85
202200040717,12.07,9.9
202200040718,3.94,8.05
202200040721,8.25,12.53
202200040729,8.82,29.04
202200040773,1.2,29.12
202200040801,19.31,19.63
202200040807,9.91,11.22
202200040809,13.15,37.84
202200040826,2.76,19.12
202200040837,1.16,11.45
202200040864,5.96,26.56
202200040867,8.65,9.1
202200040868,3.82,30.63
202200040926,3.09,2.3
202200040996,29.63,33.55
202200041007,2.46,19.64
202200041068,7.35,3.38
202200041075,7.14,13.84
202200041112,4.6,11.63
202200041193,5.69,21.95
202200041194,1.29,29.37
202200041207,10.64,13.56
202200041301,4.89,5.2
202200041347,19.68,36.64
202200041353,6.6,20.52
202200041354,12.99,20.35
202200041368,1.99,32.08
202200041370,3.18,8.28
202200041405,5.04,21.08
202200041407,1.64,21.99
202200041483,3.32,17.23
202200041500,9.44,4.93
202200041501,12.6,38.09
202200041502,2.97,23.87
202200041503,7.65,23.13
202200041516,2.83,9.39
202200041578,2.67,7.5
202200041631,4.64,8.3
202200041632,5.92,11.18
202200041633,5.83,3.38
202200041634,3.93,9.49
202200041635,7.37,9.64
202200041646,7.41,11.87
202200041752,6.16,3.14
202200041753,8.52,6.65
202200041798,3.54,10.57
202200041845,9.99,33.91
202200041846,9.3,37.57
202200041847,18.08,20.24
202200041897,7.81,25.72
202200041899,8.51,7.36
202200041921,6.31,5.78
202200041995,11.0,12.78
202200041997,11.08,29.32
202200042023,5.84,5.95
202200042042,6.7,22.99
202200042045,9.97,24.67
202200042087,6.56,27.21
202200042090,5.13,21.89
202200042091,1.39,26.5
202200042101,17.51,28.78
202200042120,6.94,17.77
202200042172,3.12,1.52
202200042203,6.93,5.46
202200042252,8.24,16.06
202200042271,2.76,2.74
202200042315,4.05,11.08
202200042349,6.01,6.48
202200042353,6.56,3.6
202200042382,16.72,16.72
202200042391,3.36,24.52
202200042392,3.26,27.1
202200042438,12.2,14.22
202200042462,8.82,8.25
202200042469,4.97,24.27
202200042484,10.04,44.8
202200042487,14.41,46.32
202200042488,9.86,21.19
202200042491,9.74,29.04
202200042503,18.3,12.08
202200042505,6.76,35.36
202200042507,15.46,18.63
202200042510,17.1,28.61
202200042586,9.83,15.87
202200042590,3.44,18.53
202200042611,4.26,4.9
202200042653,4.21,1.58
202200042725,6.6,0.14
202200042729,3.5,5.68
202200042753,2.19,3.86
202200042762,4.32,5.62
202200042765,6.25,8.68
202200042771,10.01,5.39
202200042777,5.51,3.03
202200042796,8.38,7.05
202200042800,4.16,3.14
202200042869,5.55,24.22
202200042934,5.02,25.48
202200042937,9.93,28.86
202200042969,8.1,1.71
202200042973,12.33,26.76
202200042975,4.47,20.23
202200042995,1.37,25.38
202200042999,8.16,15.11
202200043027,5.76,9.69
202200043056,12.56,26.4
202200043058,6.18,7.26
202200043061,8.8,11.02
202200043087,32.3,47.28
202200043090,8.66,7.33
202200043113,8.56,14.41
202200043189,9.76,13.4
202200043192,8.3,16.27
202200043238,7.12,17.42
202200043239,0.73,28.57
202200043240,1.41,7.8
202200043264,2.23,21.63
202200043293,1.76,21.83
202200043296,8.97,23.37
202200043339,1.74,3.73
202200043405,4.7,12.77
202200043448,6.15,16.14
202200043461,5.68,17.0
202200043645,7.21,12.04
202200043646,3.78,17.01
202200043698,5.24,9.9
202200043699,8.47,6.0
202200043700,2.58,4.25
202200043701,2.7,5.89
202200043702,3.23,7.56
202200043720,4.88,12.95
202200043781,4.81,4.12
202200043793,3.49,6.76
202200043838,4.36,5.94
202200043915,0.19,18.95
202200043922,3.65,4.01
202200043966,5.25,19.59
202200044025,5.06,9.79
202200044027,6.44,11.52
202200044028,3.62,8.09
202200044055,4.83,5.84
202200044073,5.13,8.94
202200044089,5.47,5.38
202200044135,9.97,9.97
202200044136,4.9,17.12
202200044199,2.89,24.83
202200044220,6.33,9.65
202200044400,7.27,2.32
202200044401,5.52,22.85
202200044403,5.66,9.38
202200044413,21.46,22.44
202200044465,6.28,2.97
202200044542,6.54,12.01
202200044636,10.09,11.41
202200044646,4.36,3.61
202200044683,4.06,39.31
202200044728,2.2,4.56
202200044757,16.26,22.07
202200044760,2.53,13.1
202200044769,25.79,41.43
202200044784,9.88,9.29
202200044793,4.5,9.92
202200044824,15.3,9.84
202200044827,8.18,16.15
202200044829,11.44,13.02
202200044831,9.91,22.58
202200044858,9.58,13.08
202200044876,6.89,11.58
202200044879,7.1,11.36
202200044908,12.04,35.76
202200045116,12.68,11.24
202200045120,4.04,7.09
202200045129,1.02,15.19
202200045177,0.6,27.74
202200045179,7.08,7.38
202200045185,14.47,14.81
202200045189,3.76,7.64
202200045199,1.78,1.05
202200045203,4.45,3.86
202200045245,2.71,9.82
202200045255,7.09,10.75
202200045290,3.39,10.42
202200045362,8.8,16.54
202200045373,1.1,28.04
202200045408,12.66,23.14
202200045538,5.2,0.92
202200045543,6.07,6.53
202200045544,5.01,5.3
202200045545,6.7,7.91
202200045546,2.7,4.37
202200045590,7.24,7.14
202200045591,6.08,28.68
202200045594,1.28,2.13
202200045685,6.68,10.59
202200045720,5.39,4.55
202200045811,4.66,30.52
202200045820,3.9,31.61
202200045821,9.09,16.76
202200045823,2.19,27.18
202200045839,10.24,18.26
202200045873,10.52,14.62
202200045893,13.19,14.91
202200045914,2.93,9.1
202200045916,4.53,2.97
202200045928,4.98,25.16
202200045932,16.51,27.55
202200045937,6.36,13.65
202200046125,3.09,1.53
202200046132,7.44,11.32
202200046165,6.19,44.95
202200046170,7.11,6.66
202200046172,7.84,7.84
202200046177,3.53,8.49
202200046202,12.0,12.32
202200046253,6.82,40.98
202200046254,30.12,43.72
202200046271,10.44,15.91
202200046335,9.82,8.67
202200046375,7.44,6.66
202200046405,3.01,1.63
202200046412,4.78,24.65
202200046440,3.5,7.16
202200046445,5.29,4.26
202200046540,4.1,9.7
202200046542,7.74,5.66
202200046615,0.35,19.02
202200046634,6.37,17.11
202200046637,7.51,3.54
202200046648,8.92,11.94
202200046669,0.62,29.6
202200046671,9.96,10.42
202200046689,2.15,5.16
202200046695,22.92,30.21
202200046716,16.32,19.17
202200046739,5.36,18.94
202200046768,4.93,22.4
202200046777,4.89,13.02
202200046784,10.83,14.43
202200046805,5.06,6.99
202200046930,15.8,23.32
202200046931,1.22,24.97
202200046936,3.15,27.05
202200046962,6.91,29.06
202200046987,14.68,29.38
202200046998,8.27,8.28
202200047029,4.95,2.48
202200047093,5.88,7.63
202200047188,6.18,5.43
202200047195,7.26,6.83
202200047270,5.01,5.11
202200047278,7.2,3.18
202200047280,9.66,2.97
202200047282,8.4,15.0
202200047290,8.44,16.27
202200047292,8.98,24.62
202200047371,4.83,9.66
202200047425,2.42,3.43
202200047426,8.52,1.84
202200047578,4.6,16.85
202200047587,4.84,3.99
202200047632,5.96,17.16
202200047646,3.68,7.51
202200047647,5.32,9.17
202200047648,6.45,7.82
202200047649,7.08,8.35
202200047666,11.04,13.32
202200047745,10.26,13.28
202200047779,1.49,21.67
202200047790,7.81,26.03
202200047820,4.46,8.46
202200047836,12.72,11.28
202200047845,4.67,8.55
202200047863,10.24,26.14
202200047869,5.97,22.38
202200047964,9.19,14.02
202200047994,6.86,9.82
202200048018,9.65,5.02
202200048066,9.59,27.4
202200048106,6.19,9.47
202200048113,3.02,37.22
202200048116,12.21,25.28
202200048134,1.38,7.23
202200048140,3.07,2.65
202200048147,4.63,7.87
202200048152,1.79,7.96
202200048154,6.65,6.65
202200048159,6.29,7.54
202200048166,7.56,3.58
202200048174,4.99,8.32
202200048180,12.3,9.41
202200048202,16.38,29.52
202200048215,11.74,14.04
202200048219,6.77,6.08
202200048225,8.21,9.48
202200048231,7.3,3.0
202200048297,6.47,20.55
202200048351,16.39,13.8
202200048355,2.69,7.78
202200048412,5.61,4.23
202200048450,0.18,4.88
202200048455,8.3,26.3
202200048561,4.47,0.72
202200048633,3.58,11.01
202200048638,7.02,6.66
202200048643,3.77,1.92
202200048694,7.24,5.62
202200048729,2.73,14.03
202200048753,2.57,3.04
202200048758,4.04,10.22
202200048762,9.58,11.36
202200048824,5.52,11.58
202200048836,0.86,34.58
202200048840,6.19,25.77
202200048846,0.36,28.84
202200048872,10.91,22.74
202200048874,7.67,6.45
202200048977,5.26,8.81
202200048983,12.47,39.83
202200048997,14.84,13.24
202200049081,5.14,9.63
202200049195,10.22,10.63
202200049198,2.56,24.67
202200049299,2.82,25.95
202200049359,9.16,27.35
202200049360,1.13,28.82
202200049364,2.42,24.27
202200049389,8.88,25.73
202200049420,3.11,4.91
202200049431,4.89,6.47
202200049448,6.75,10.35
202200049500,4.72,18.64
202200049507,14.91,17.58
202200049684,13.08,16.75
202200049836,3.17,5.56
202200049877,8.58,13.41
202200049925,2.77,2.03
202200050085,8.72,12.13
202200050096,4.34,3.96
202200050120,0.39,29.84
202200050127,19.12,17.25
202200050148,13.79,33.44
202200050235,4.47,10.47
202200050244,5.95,8.46
202200050321,6.13,8.7
202200050464,5.77,10.48
202200050467,1.52,29.78
202200050480,2.65,21.24
202200050559,11.5,16.93
202200050577,5.05,27.24
202200050604,3.55,4.67
202200050608,1.78,19.41
202200050613,2.9,6.11
202200050615,6.38,19.61
202200050620,12.22,36.42
202200050643,2.16,6.97
202200050671,9.51,13.38
202200050683,6.84,11.21
202200050694,4.05,2.14
202200050747,5.27,31.44
202200050765,8.49,11.51
202200050778,13.56,19.04
202200050809,9.03,14.29
202200050830,7.03,8.3
202200050833,5.72,5.06
202200050907,4.53,7.24
202200050948,5.21,4.64
202200050974,0.83,16.65
202200050993,3.29,8.17
202200051020,7.26,4.61
202200051116,3.28,7.44
202200051160,2.9,10.59
202200051182,16.11,23.38
202200051212,6.72,11.79
202200051227,8.91,9.7
202200051298,6.38,3.95
202200051307,3.7,14.02
202200051310,2.17,15.71
202200051357,6.55,30.73
202200051359,6.98,17.04
202200051440,7.86,3.88
202200051562,7.44,9.01
202200051643,7.94,9.3
202200051678,7.51,32.63
202200051701,9.22,8.65
202200051719,5.84,12.79
202200051724,1.92,12.51
202200051726,2.72,19.39
202200051745,6.64,8.19
202200051750,3.29,3.06
202200051810,14.38,14.26
202200051831,16.12,16.89
202200051835,7.64,41.2
202200051842,5.04,30.33
202200051867,7.04,25.28
202200051870,12.36,20.38
202200051872,4.64,19.36
202200051878,9.45,26.9
202200051900,1.53,5.39
202200051901,3.22,19.63
202200051960,8.02,25.68
202200051991,9.78,16.33
202200052004,4.68,23.1
202200052008,10.97,18.65
202200052070,8.38,16.58
202200052071,5.14,23.82
202200052077,9.99,34.79
202200052079,7.25,30.86
202200052083,11.65,27.27
202200052085,1.9,24.89
202200052093,16.83,21.44
202200052101,4.96,9.46
202200052123,11.2,15.46
202200052125,5.29,14.73
202200052240,5.72,7.88
202200052244,3.02,7.16
202200052254,4.1,8.14
202200052259,8.57,12.04
202200052262,7.27,9.32
202200052285,2.26,2.85
202200052313,8.43,5.26
202200052348,2.21,24.93
202200052369,3.98,30.9
202200052396,3.01,11.17
202200052414,8.56,23.28
202200052415,0.79,8.94
202200052424,7.84,4.9
202200052427,8.99,9.04
202200052529,6.08,7.01
202200052531,16.5,10.28
202200052539,16.57,25.15
202200052552,5.61,2.59
202200052667,11.12,10.67
202200052669,15.99,27.6
202200052674,5.17,47.8
202200052685,6.05,35.24
202200052696,3.91,1.88
202200052839,5.14,6.16
202200052858,13.09,25.83
202200052900,6.44,19.77
202200052921,3.0,5.89
202200052928,0.47,24.14
202200052929,6.32,6.46
202200052934,9.1,15.4
202200052936,1.63,1.87
202200052950,8.92,10.25
202200052986,11.82,30.98
202200053015,5.38,15.36
202200053051,3.78,8.27
202200053057,7.8,13.27
202200053193,5.17,5.22
202200053208,11.59,13.52
202200053246,4.96,19.11
202200053248,3.15,26.45
202200053251,8.68,21.26
202200053309,11.34,6.02
202200053331,1.58,23.62
202200053417,11.93,30.75
202200053451,10.59,15.79
202200053482,6.14,2.16
202200053486,3.64,9.88
202200053493,7.64,9.38
202200053540,6.51,22.21
202200053551,7.88,10.48
202200053553,17.44,17.35
202200053560,2.75,27.69
202200053565,3.78,21.98
202200053642,4.9,18.89
202200053698,2.74,33.39
202200053715,2.3,3.22
202200053726,8.68,9.75
202200053733,6.31,3.29
202200053822,7.74,8.02
202200053829,14.2,14.64
202200053838,14.86,21.56
202200053948,3.82,2.96
202200053950,2.43,2.98
202200053952,8.94,7.49
202200053960,7.46,14.41
202200054014,10.17,19.91
202200054049,7.76,9.4
202200054057,5.16,13.89
202200054066,16.58,20.74
202200054080,9.55,19.45
202200054084,15.74,20.29
202200054108,4.68,3.62
202200054195,8.7,15.18
202200054200,7.0,4.9
202200054254,6.56,10.43
202200054265,7.41,26.72
202200054311,5.9,8.2
202200054327,15.34,16.33
202200054335,16.69,17.35
202200054341,8.19,22.1
202200054351,9.23,36.59
202200054362,9.28,15.48
202200054421,6.76,5.6
202200054433,5.52,12.54
202200054453,14.79,24.85
202200054468,3.13,9.3
202200054482,5.54,4.17
202200054502,2.12,5.66
202200054572,19.04,25.02
202200054585,5.17,17.87
202200054599,6.82,9.83
202200054609,4.1,23.3
202200054627,10.97,9.14
202200054704,10.79,8.62
202200054719,2.66,19.94
202200054723,3.6,20.53
202200054728,2.17,21.48
202200054736,11.92,38.95
202200054748,9.22,9.5
202200054786,7.04,3.4
202200054794,5.19,12.22
202200054798,1.95,25.94
202200054802,5.9,27.56
202200054853,3.84,2.46
202200054864,6.95,10.08
202200054940,5.66,46.15
202200054947,8.07,7.5
202200054966,2.21,22.47
202200055008,8.89,10.22
202200055045,3.6,8.09
202200055159,12.51,18.94
202200055194,3.71,4.51
202200055227,10.58,11.38
202200055301,7.58,23.28
202300000028,4.08,19.92
202300000123,7.42,6.76
202300000161,6.18,7.23
202300000210,2.08,6.9
202300000262,2.34,3.36
202300000284,6.75,11.82
202300000343,3.89,27.83
202300000382,6.2,19.08
202300000396,2.09,21.73
202300000421,7.12,4.37
202300000453,5.65,18.0
202300000456,9.05,33.36
202300000530,3.41,10.2
202300000554,4.75,4.09
202300000557,3.2,2.54
202300000600,5.96,6.76
202300000602,4.89,8.13
202300000685,10.3,18.22
202300000716,7.5,9.96
202300000747,13.77,25.78
202300000818,7.23,15.14
202300000836,8.49,17.3
202300000882,5.0,20.98
202300000902,7.52,1.61
202300000905,12.71,11.96
202300000907,5.35,9.22
202300000918,5.08,22.87
202300000954,4.19,7.73
202300000974,8.62,8.65
202300000982,13.64,15.62
202300001084,7.32,8.55
202300001101,5.8,9.6
202300001105,5.46,6.55
202300001108,3.62,1.35
202300001199,8.04,7.14
202300001200,6.1,5.33
202300001203,4.34,29.89
202300001220,4.38,4.66
202300001224,5.61,11.52
202300001256,8.36,27.67
202300001270,6.29,7.16
202300001403,8.97,40.1
202300001407,16.18,39.36
202300001408,3.18,47.04
202300001410,9.9,25.0
202300001414,4.7,13.58
202300001499,5.78,39.32
202300001501,2.74,21.56
202300001503,3.27,14.06
202300001504,3.32,14.02
202300001549,4.03,30.96
202300001551,11.62,32.04
202300001600,6.76,10.87
202300001602,2.79,14.13
202300001604,5.67,17.02
202300001618,2.83,19.19
202300001619,2.68,29.44
202300001639,5.1,14.41
202300001653,3.06,13.55
202300001654,9.29,14.74
202300001664,12.11,28.97
202300001693,12.45,21.75
202300001750,8.12,19.14
202300001774,7.6,9.41
202300001792,4.18,17.37
202300001793,9.81,11.02
202300001795,4.04,3.46
202300001929,10.58,17.32
202300001945,4.7,10.12
202300002030,7.34,20.76
202300002096,10.75,20.34
202300002110,1.2,41.06
202300002111,6.48,11.88
202300002114,8.3,18.58
202300002122,6.62,22.32
202300002234,9.54,42.96
202300002273,6.69,6.81
202300002278,4.18,22.5
202300002366,8.01,12.84
202300002385,3.4,5.6
202300002396,7.05,3.16
202300002398,6.22,10.61
202300002402,5.95,7.6
202300002417,5.19,28.14
202300002420,10.6,19.85
202300002429,0.66,6.65
202300002542,22.72,47.71
202300002545,1.02,14.45
202300002547,7.87,10.77
202300002573,6.2,7.18
202300002586,4.79,3.95
202300002661,4.47,8.09
202300002678,1.64,5.68
202300002742,0.89,2.41
202300002744,3.27,27.0
202300002747,5.78,25.68
202300002903,9.04,20.73
202300002911,1.89,30.47
202300002915,0.64,32.89
202300002925,7.98,17.58
202300002934,14.28,9.46
202300002936,0.95,18.71
202300002938,9.27,9.72
202300002945,4.07,21.47
202300003023,5.14,14.84
202300003064,3.6,27.29
202300003067,1.64,2.95
202300003070,2.82,5.39
202300003081,5.62,16.95
202300003084,3.32,26.88
202300003228,6.6,8.35
202300003230,5.59,3.42
202300003232,9.67,7.17
202300003388,0.72,19.4
202300003389,6.84,20.29
202300003501,6.2,1.14
202300003540,6.23,3.59
202300003601,12.6,14.38
202300003619,5.65,40.33
202300003625,8.71,9.53
202300003627,1.93,11.6
202300003903,12.63,9.1
202300003914,3.93,17.08
202300003925,33.68,49.32
202300003929,6.32,38.36
202300003986,2.76,15.65
202300004071,3.38,40.46
202300004074,8.24,6.96
202300004111,1.45,0.72
202300004115,18.19,16.74
202300004252,6.28,25.78
202300004303,5.0,9.0
202300004358,2.16,3.08
202300004362,5.0,5.92
202300004392,7.28,51.28
202300004459,4.21,10.38
202300004468,10.94,12.27
202300004589,3.36,8.19
202300004593,6.19,13.22
202300004865,2.62,3.48
202300004869,1.6,27.59
202300004878,4.73,4.07
202300004911,6.76,1.29
202300004916,1.32,28.9
202300004945,9.11,10.85
202300004946,9.46,16.55
202300004949,8.01,5.13
202300005008,13.42,29.11
202300005096,1.89,6.72
202300005195,8.89,8.89
202300005244,4.56,11.59
202300005321,2.16,14.06
202300005322,6.89,4.23
202300005347,6.73,3.71
202300005429,3.18,5.48
202300005431,5.82,6.62
202300005432,4.73,7.28
202300005433,8.61,11.04
202300005435,6.58,7.85
202300005438,4.92,9.76
202300005508,5.14,10.07
202300005517,12.64,16.29
202300005518,2.28,4.43
202300005549,16.39,13.5
202300005568,2.6,4.32
202300005569,8.53,9.8
202300005614,2.57,3.49
202300005616,2.48,21.9
202300005699,10.98,19.37
202300005705,5.52,38.36
202300005717,10.74,13.3
202300005763,11.03,11.7
202300005764,1.79,13.69
202300005779,4.68,4.08
202300005783,7.53,9.8
202300005810,5.78,5.33
202300005811,1.99,4.31
202300005847,3.24,9.41
202300005849,6.39,7.17
202300005868,5.99,4.55
202300005870,2.45,9.48
202300005929,5.6,10.53
202300005936,0.8,28.94
202300006017,3.87,4.23
202300006069,6.05,9.09
202300006158,6.28,18.17
202300006180,4.13,30.72
202300006197,6.5,3.28
202300006312,7.34,14.84
202300006430,12.0,12.94
202300006466,3.35,1.97
202300006472,7.71,9.67
202300006495,17.1,24.12
202300006509,17.39,19.94
202300006528,5.78,14.87
202300006569,6.7,14.41
202300006613,7.02,26.57
202300006636,2.78,5.07
202300006704,9.77,32.91
202300006722,4.06,10.38
202300006750,3.76,6.87
202300006809,14.4,26.55
202300006822,4.13,11.59
202300006845,24.33,39.31
202300006846,8.35,7.02
202300006943,9.01,13.17
202300007171,19.77,19.26
202300007176,6.56,13.96
202300007215,6.33,38.68
202300007226,6.47,18.27
202300007237,9.54,14.8
202300007255,1.53,28.3
202300007266,9.06,20.7
202300007308,2.06,22.12
202300007310,14.4,8.0
202300007312,6.06,14.68
202300007314,6.08,16.56
202300007315,5.88,11.77
202300007317,15.37,47.28
202300007319,6.17,36.26
202300007321,5.2,33.1
202300007327,7.76,24.58
202300007329,11.33,26.43
202300007342,6.0,10.6
202300007416,6.51,17.38
202300007558,3.85,26.0
202300007714,2.25,15.18
202300007715,4.87,33.14
202300007735,4.76,29.67
202300007797,2.39,9.82
202300007935,10.7,7.82
202300007974,14.12,14.0
202300007977,9.15,17.9
202300008001,3.07,27.09
202300008079,12.7,11.71
202300008087,3.56,1.32
202300008101,7.19,6.06
202300008158,2.94,3.4
202300008166,3.67,8.61
202300008383,5.87,12.9
202300008447,13.19,21.58
202300008462,1.44,42.76
202300008469,18.3,20.0
202300008474,9.95,14.26
202300008482,12.05,13.38
202300008486,7.12,27.31
202300008494,12.66,29.9
202300008498,8.56,23.29
202300008500,18.72,16.97
202300008554,14.14,28.54
202300008563,2.44,22.25
202300008567,4.34,33.57
202300008571,12.67,13.31
202300008576,6.78,16.16
202300008618,3.42,9.72
202300008624,3.86,27.51
202300008629,9.72,16.15
202300008716,3.93,4.96
202300008770,8.09,8.88
202300008775,12.46,13.99
202300008776,0.7,24.97
202300008785,6.87,20.91
202300008792,6.03,5.78
202300008819,10.01,15.48
202300008907,4.69,3.92
202300008912,3.94,0.47
202300008920,2.95,15.81
202300008921,3.36,4.48
202300008924,10.73,22.86
202300009017,11.47,19.84
202300009060,4.02,21.5
202300009062,8.51,14.15
202300009231,3.91,4.84
202300009233,36.35,37.49
202300009235,0.9,29.5
202300009237,6.36,10.72
202300009239,29.72,27.97
202300009241,7.1,3.22
202300009244,8.99,25.81
202300009284,8.27,4.34
202300009342,6.7,21.81
202300009343,14.05,17.9
202300009355,11.41,17.35
202300009381,8.92,13.75
202300009382,9.25,13.45
202300009383,8.53,25.3
202300009427,6.19,11.61
202300009475,7.22,20.1
202300009506,6.68,7.6
202300009549,8.13,7.05
202300009577,3.21,8.99
202300009597,5.24,3.55
202300009599,4.7,3.74
202300009600,6.81,3.37
202300009655,7.64,9.31
202300009656,4.17,10.34
202300009658,6.02,10.72
202300009660,6.44,6.4
202300009687,10.02,3.46
202300009716,7.9,31.51
202300009719,8.64,35.54
202300009735,16.5,16.5
202300009753,5.44,4.06
202300009866,1.8,5.05
202300009912,4.84,22.05
202300009913,9.19,28.59
202300009997,5.54,7.73
202300010176,2.5,19.66
202300010185,6.97,19.53
202300010189,3.68,35.72
202300010190,10.4,31.27
202300010210,4.71,28.74
202300010223,0.39,6.23
202300010233,2.77,24.17
202300010262,14.34,13.05
202300010265,8.9,38.81
202300010280,17.8,42.8
202300010417,5.71,7.88
202300010472,9.0,6.78
202300010509,3.87,39.97
202300010517,3.18,26.85
202300010524,30.62,33.47
202300010546,1.29,15.84
202300010571,6.49,5.27
202300010609,4.85,2.56
202300010705,5.94,10.76
202300010784,5.56,22.95
202300010851,10.25,24.72
202300010853,21.65,24.58
202300011017,2.53,13.69
202300011071,6.05,6.94
202300011093,5.98,11.05
202300011190,4.75,6.49
202300011206,12.81,27.89
202300011328,8.75,18.87
202300011343,7.93,6.46
202300011370,5.99,10.14
202300011437,6.61,8.35
202300011438,4.91,18.12
202300011480,3.95,2.61
202300011605,6.92,26.93
202300011661,4.99,4.19
202300011688,5.86,11.11
202300011691,4.91,3.11
202300011701,5.25,4.22
202300011703,3.9,0.89
202300011719,6.19,11.67
202300011720,7.24,7.0
202300011792,7.59,27.12
202300011794,7.4,5.96
202300011795,9.48,46.61
202300011798,6.5,18.74
202300011847,2.29,3.22
202300011889,3.39,8.99
202300011890,19.7,20.81
202300011891,7.26,6.08
202300011952,2.41,17.04
202300011973,10.2,25.9
202300011976,3.72,20.99
202300011977,8.9,27.92
202300012145,2.1,6.59
202300012174,5.44,7.62
202300012185,2.58,30.28
202300012199,5.52,6.56
202300012201,0.6,4.7
202300012239,5.04,4.32
202300012272,7.06,7.94
202300012422,9.96,32.45
202300012453,9.22,38.09
202300012457,9.92,36.86
202300012615,11.28,12.21
202300012634,7.9,3.92
202300012749,5.11,4.28
202300012757,3.74,3.02
202300012762,5.33,10.29
202300012835,5.09,8.76
202300012839,6.97,5.32
202300012844,6.28,10.89
202300012848,4.59,7.05
202300012917,10.51,12.29
202300012925,9.69,26.35
202300012954,14.36,17.72
202300012982,2.87,31.62
202300013031,10.94,25.42
202300013034,4.16,4.61
202300013036,9.43,9.95
202300013047,2.39,27.31
202300013058,10.04,17.71
202300013100,5.3,5.19
202300013192,2.5,7.0
202300013194,10.49,7.58
202300013196,6.58,10.93
202300013199,6.34,4.03
202300013271,5.06,30.01
202300013275,8.4,24.38
202300013332,1.58,23.75
202300013335,8.96,26.68
202300013378,10.66,16.71
202300013399,11.73,14.53
202300013403,8.55,14.01
202300013408,2.06,16.0
202300013410,12.39,19.16
202300013412,3.14,30.07
202300013437,4.09,28.38
202300013469,11.54,18.11
202300013522,9.59,16.19
202300013526,8.41,17.56
202300013572,14.52,41.59
202300013585,2.67,5.28
202300013613,8.09,9.38
202300013663,1.78,22.19
202300013665,3.52,22.04
202300013672,4.98,18.15
202300013676,12.05,16.05
202300013716,7.67,21.62
202300013719,4.83,14.04
202300013735,1.0,16.9
202300013766,2.8,8.78
202300013768,8.52,35.39
202300013769,4.37,26.67
202300013770,3.57,17.53
202300013772,8.0,24.27
202300013780,16.99,22.05
202300013801,6.48,31.16
202300013858,7.13,12.6
202300013914,15.54,28.87
202300013922,8.1,49.17
202300013923,1.5,3.66
202300013925,5.46,29.93
202300013932,15.6,31.01
202300013933,14.0,14.97
202300013986,3.19,24.72
202300013988,7.37,21.98
202300014010,1.98,9.4
202300014026,5.46,25.68
202300014039,2.94,30.64
202300014045,8.12,31.98
202300014114,22.81,51.03
202300014118,11.7,13.28
202300014140,12.95,22.84
202300014143,14.22,19.7
202300014147,3.6,23.01
202300014148,6.97,22.8
202300014151,13.52,28.12
202300014230,2.49,18.53
202300014233,9.88,33.59
202300014255,1.03,29.55
202300014347,11.46,22.89
202300014458,3.01,5.17
202300014478,9.26,10.53
202300014483,1.11,9.26
202300014555,5.97,9.13
202300014561,4.36,11.78
202300014600,1.19,6.59
202300014721,2.56,2.02
202300014725,3.94,3.82
202300014800,4.05,18.64
202300014860,7.63,9.61
202300014959,11.14,16.39
202300014962,14.05,15.95
202300014965,9.71,13.98
202300014968,0.39,23.32
202300015031,5.42,7.08
202300015095,1.28,28.22
202300015099,16.89,12.54
202300015116,10.9,14.08
202300015157,0.4,4.27
202300015168,13.4,19.33
202300015290,6.02,13.76
202300015291,7.97,22.51
202300015292,16.18,19.5
202300015296,6.66,59.33
202300015308,2.75,32.66
202300015330,12.84,11.68
202300015406,1.76,5.92
202300015408,5.46,6.55
202300015495,4.81,5.84
202300015496,5.36,2.81
202300015516,3.81,2.43
202300015543,3.8,3.36
202300015544,7.06,9.04
202300015555,7.5,15.1
202300015556,5.28,13.35
202300015557,7.19,12.65
202300015604,9.66,9.66
202300015605,8.23,10.1
202300015645,0.75,2.91
202300015646,6.29,17.93
202300015659,4.23,25.4
202300015682,1.29,25.2
202300015755,9.27,4.64
202300015918,6.59,22.74
202300015925,1.99,14.16
202300015948,10.67,13.92
202300015997,11.6,33.54
202300016004,9.62,26.89
202300016034,9.31,16.67
202300016043,7.1,27.78
202300016053,5.96,10.33
202300016054,4.85,5.05
202300016057,4.82,4.41
202300016090,6.4,5.18
202300016162,10.2,27.66
202300016264,9.2,17.85
202300016266,5.99,7.37
202300016268,9.57,39.35
202300016317,6.47,7.2
202300016407,9.32,24.46
202300016411,2.98,18.69
202300016436,2.02,43.2
202300016442,10.22,42.13
202300016446,5.22,21.98
202300016460,3.59,22.75
202300016477,10.06,12.62
202300016574,2.26,4.19
202300016595,16.1,18.08
202300016602,14.16,13.15
202300016657,6.04,11.98
202300016712,6.59,12.31
202300016731,8.05,6.58
202300016797,1.08,6.66
202300016810,11.64,15.58
202300016814,4.43,19.42
202300016835,11.64,35.55
202300016837,13.86,20.68
202300016865,5.82,6.72
202300016867,4.58,6.96
202300016869,7.21,8.88
202300016979,5.66,9.16
202300017011,10.76,11.47
202300017053,5.35,10.28
202300017055,3.3,20.72
202300017072,12.43,31.46
202300017114,7.4,27.65
202300017139,4.26,41.32
202300017200,2.09,21.19
202300017210,3.86,15.13
202300017237,2.65,4.75
202300017238,13.5,13.01
202300017295,3.81,9.98
202300017296,6.56,6.4
202300017347,4.96,8.93
202300017446,4.79,3.86
202300017452,8.65,11.71
202300017453,4.42,6.84
202300017454,4.61,9.11
202300017467,8.58,4.66
202300017501,1.33,6.96
202300017511,0.89,40.62
202300017638,6.14,18.64
202300017639,3.67,5.42
202300017659,11.48,22.26
202300017682,3.31,4.43
202300017685,2.64,5.8
202300017714,5.33,12.36
202300017789,1.82,3.49
202300017794,4.31,7.56
202300017822,5.91,6.72
202300017832,20.24,21.39
202300017862,15.45,15.77
202300017890,18.7,19.82
202300017893,13.08,21.42
202300017894,11.66,30.39
202300017956,9.72,13.59
202300018004,3.14,12.28
202300018022,2.48,38.71
202300018065,7.74,23.2
202300018070,3.44,20.3
202300018157,8.05,5.58
202300018243,5.28,31.65
202300018245,2.43,4.11
202300018248,7.33,20.32
202300018320,1.97,19.28
202300018430,1.68,5.86
202300018536,5.15,3.49
202300018594,7.33,7.62
202300018604,1.33,5.57
202300018609,4.59,7.05
202300018638,4.85,11.6
202300018698,2.83,1.97
202300018776,6.74,9.56
202300018799,5.48,10.21
202300018801,8.88,6.57
202300018817,7.48,11.59
202300018821,6.96,6.39
202300018828,6.01,13.03
202300018914,12.35,12.41
202300018950,7.52,42.1
202300018951,2.78,21.56
202300018953,10.4,32.55
202300018956,11.14,13.9
202300018960,7.64,29.65
202300018975,13.09,13.82
202300018978,11.74,11.74
202300019001,17.78,18.33
202300019003,12.69,17.1
202300019051,13.5,24.07
202300019202,6.51,29.61
202300019211,6.59,37.31
202300019215,6.77,16.17
202300019220,10.14,10.14
202300019230,10.4,13.91
202300019328,3.69,3.24
202300019368,6.76,37.48
202300019370,9.25,23.76
202300019375,11.52,22.81
202300019412,8.59,14.44
202300019457,3.38,4.31
202300019498,2.24,33.94
202300019500,7.23,17.08
202300019623,6.98,9.88
202300019626,0.25,42.85
202300019632,5.08,4.72
202300019812,7.6,4.36
202300019814,5.42,3.12
202300019860,2.75,7.86
202300019928,3.98,31.98
202300019955,16.4,26.01
202300019957,8.8,19.37
202300019960,1.04,21.69
202300019965,3.19,48.35
202300019968,12.23,15.28
202300019971,8.79,11.84
202300019974,2.3,11.11
202300019998,23.24,26.1
202300020028,8.48,13.79
202300020049,6.16,7.56
202300020061,8.16,32.98
202300020088,28.48,56.95
202300020117,6.09,17.92
202300020119,8.1,45.01
202300020218,5.28,28.58
202300020313,9.2,15.08
202300020331,4.32,30.98
202300020336,4.92,37.73
202300020337,13.24,33.79
202300020348,2.97,20.89
202300020369,3.36,17.27
202300020439,4.58,13.99
202300020442,11.17,11.07
202300020446,9.74,34.98
202300020486,5.41,4.57
202300020489,4.4,1.08
202300020537,2.96,6.21
202300020555,4.88,9.38
202300020568,8.56,13.82
202300020570,3.09,9.26
202300020574,2.81,7.3
202300020684,6.1,6.9
202300020691,12.18,14.57
202300020710,4.08,35.65
202300020727,8.89,11.96
202300020747,6.99,13.95
202300020751,7.21,9.11
202300020769,1.04,27.9
202300020794,8.62,13.9
202300020799,15.43,15.8
202300020814,7.16,12.58
202300020841,6.92,1.97
202300020848,9.66,22.39
202300020989,11.49,16.03
202300020995,6.0,7.37
202300021045,11.03,14.9
202300021087,2.01,3.02
202300021088,5.1,24.68
202300021244,9.19,15.49
202300021288,9.96,26.77
202300021366,3.13,1.4
202300021371,7.19,15.36
202300021442,1.97,21.01
202300021549,4.14,2.11
202300021570,2.26,9.56
202300021572,5.31,4.09
202300021577,1.48,4.63
202300021579,2.31,4.29
202300021645,6.67,8.22
202300021656,18.51,24.61
202300021666,7.35,12.64
202300021668,10.55,25.49
202300021728,9.73,17.83
202300021741,0.26,21.47
202300021747,6.06,20.8
202300021755,7.49,15.94
202300021878,4.08,5.0
202300021920,14.54,24.82
202300021928,12.19,16.8
202300021973,5.69,9.85
202300021978,7.24,8.23
202300022020,5.5,7.77
202300022074,3.93,3.57
202300022078,5.73,6.53
202300022084,7.88,3.91
202300022124,7.28,3.4
202300022140,3.13,4.8
202300022143,7.09,8.36
202300022146,4.88,10.39
202300022210,5.95,6.75
202300022242,10.22,13.01
202300022296,28.21,43.85
202300022372,3.54,8.89
202300022462,14.1,15.9
202300022463,4.15,5.07
202300022542,12.12,32.08
202300022549,5.16,2.89
202300022550,10.82,11.18
202300022598,5.16,28.34
202300022607,7.2,30.91
202300022629,9.28,21.9
202300022646,3.83,4.75
202300022649,1.02,15.19
202300022654,7.6,8.93
202300022693,11.65,17.7
202300022776,5.45,4.61
202300022825,5.39,8.88
202300022827,8.06,8.9
202300022860,7.54,5.28
202300022892,2.63,3.53
202300022894,8.11,11.44
202300022927,6.32,14.53
202300022929,4.33,11.35
202300023054,8.13,7.39
202300023057,1.82,3.37
202300023132,6.13,21.83
202300023133,12.65,36.83
202300023285,4.01,29.51
202300023292,11.87,13.45
202300023325,5.24,16.66
202300023394,16.87,16.08
202300023540,17.68,38.45
202300023542,7.75,13.93
202300023557,8.0,16.1
202300023663,10.12,12.59
202300023664,5.45,4.23
202300023816,5.39,6.51
202300023866,6.53,33.89
202300023896,3.94,6.49
202300023900,3.66,15.96
202300023916,4.77,3.93
202300023920,4.22,1.58
202300023923,6.14,40.04
202300023964,10.85,16.32
202300023992,6.49,10.34
202300024013,7.49,20.1
202300024017,7.12,26.8
202300024020,4.22,36.25
202300024024,6.61,15.5
202300024028,3.97,4.42
202300024029,15.53,19.45
202300024032,6.75,24.31
202300024038,5.7,21.58
202300024078,15.68,23.25
202300024092,3.07,2.23
202300024124,3.35,4.15
202300024204,8.32,25.03
202300024253,13.49,15.93
202300024294,10.88,29.99
202300024299,3.66,23.3
202300024311,4.96,12.61
202300024373,8.59,14.44
202300024457,5.53,4.38
202300024570,3.32,8.8
202300024577,4.28,6.55
202300024718,1.25,23.12
202300024733,7.79,10.68
202300024738,6.66,16.73
202300024748,5.78,8.0
202300024793,8.13,19.74
202300024895,14.6,12.25
202300024987,6.77,10.63
202300024988,4.99,12.7
202300024989,5.77,13.81
202300025050,3.74,9.25
202300025051,5.03,9.69
202300025111,15.95,39.67
202300025163,1.68,21.64
202300025190,7.78,4.89
202300025213,5.74,6.68
202300025215,5.65,10.03
202300025217,3.91,10.23
202300025220,5.05,7.64
202300025222,7.51,4.73
202300025267,9.22,14.47
202300025337,1.6,1.08
202300025338,9.23,10.69
202300025344,6.88,16.48
202300025345,7.08,16.16
202300025383,7.98,10.55
202300025436,7.16,3.18
202300025437,8.73,10.05
202300025482,5.45,2.6
202300025483,6.02,5.27
202300025535,8.76,19.02
202300025569,6.95,11.44
202300025571,6.4,11.12
202300025573,3.04,3.04
202300025574,5.09,4.12
202300025626,8.67,29.0
202300025678,11.75,10.85
202300025693,7.02,28.62
202300025713,9.11,6.69
202300025741,4.14,8.36
202300025828,12.29,14.85
202300025830,14.92,43.38
202300025835,3.56,3.01
202300025836,7.26,4.6
202300025921,4.19,8.68
202300025967,4.17,8.17
202300025972,6.58,2.02
202300026095,9.02,26.0
202300026111,16.07,23.65
202300026113,9.91,11.15
202300026118,12.52,16.16
202300026122,4.53,9.39
202300026180,12.52,13.7
202300026221,9.9,40.51
202300026226,3.72,14.34
202300026228,6.36,11.15
202300026229,2.55,3.0
202300026252,2.88,25.15
202300026357,3.03,23.52
202300026360,4.27,45.56
202300026378,5.23,23.84
202300026381,5.42,29.17
202300026482,6.42,7.34
202300026486,5.24,6.36
202300026596,0.26,18.5
202300026610,6.0,15.19
202300026637,1.02,18.32
202300026641,8.07,15.06
202300026645,5.69,9.73
202300026648,6.6,2.62
202300026652,7.84,1.8
202300026661,9.93,31.87
202300026709,6.46,26.14
202300026728,8.5,14.93
202300026825,13.25,43.92
202300026848,4.77,3.93
202300026849,8.24,6.86
202300026862,3.39,4.37
202300026937,7.06,27.51
202300026978,8.8,14.63
202300026979,13.63,13.04
202300026992,8.44,27.48
202300027070,11.53,13.83
202300027071,6.26,6.01
202300027123,19.6,24.15
202300027143,10.1,15.58
202300027158,11.59,10.8
202300027159,10.89,15.05
202300027224,5.11,30.93
202300027229,9.81,19.42
202300027273,1.3,4.5
202300027306,6.8,6.46
202300027415,3.91,7.91
202300027431,3.46,2.6
202300027440,6.69,5.51
202300027442,2.23,5.61
202300027444,3.15,8.62
202300027482,6.38,33.06
202300027490,16.56,19.12
202300027509,2.83,4.99
202300027517,13.98,18.3
202300027572,2.46,24.73
202300027597,4.94,9.87
202300027625,5.88,9.63
202300027653,8.8,3.85
202300027715,7.22,9.8
202300027734,6.91,5.93
202300027736,4.58,5.57
202300027763,6.0,4.56
202300027766,5.82,15.75
202300027809,4.21,6.6
202300027872,12.08,11.29
202300027914,6.55,13.58
202300027953,10.41,13.66
202300027982,3.8,15.1
202300027994,5.54,16.06
202300028016,13.59,14.13
202300028021,5.42,27.71
202300028126,1.66,28.56
202300028143,8.57,9.9
202300028150,9.91,22.92
202300028152,1.58,19.76
202300028194,11.32,16.82
202300028197,6.81,17.51
202300028250,6.7,5.96
202300028400,16.25,19.13
202300028406,2.4,34.55
202300028411,5.69,11.29
202300028445,7.59,13.26
202300028464,5.53,4.02
202300028488,9.73,16.29
202300028589,5.52,2.39
202300028602,5.25,6.83
202300028610,2.32,7.78
202300028661,7.1,15.51
202300028663,9.32,22.5
202300028666,11.37,25.48
202300028703,6.34,5.33
202300028704,5.06,8.43
202300028706,3.62,11.05
202300028707,6.31,8.74
202300028709,6.2,4.59
202300028778,3.64,4.1
202300028779,6.03,9.9
202300028821,5.41,9.29
202300028831,8.65,9.91
202300028848,6.52,6.6
202300029007,5.76,10.65
202300029018,0.75,23.13
202300029061,1.94,30.22
202300029082,3.65,9.21
202300029083,4.31,6.58
202300029100,4.56,2.44
202300029165,14.77,25.52
202300029183,10.61,23.18
202300029271,10.93,20.75
202300029273,8.64,21.12
202300029274,7.16,16.27
202300029399,1.26,5.56
202300029408,12.85,9.32
202300029436,13.31,13.31
202300029439,8.88,12.21
202300029460,6.96,25.52
202300029462,4.39,29.4
202300029463,10.55,19.71
202300029474,5.33,18.65
202300029536,12.61,15.32
202300029538,12.94,28.84
202300029555,13.11,28.83
202300029574,5.22,10.13
202300029589,3.3,16.77
202300029591,13.52,18.18
202300029691,13.23,17.93
202300029694,9.34,16.36
202300029723,5.08,9.12
202300029752,14.68,21.7
202300029812,7.5,5.08
202300029816,17.77,18.09
202300029835,2.62,9.64
202300029870,6.99,7.79
202300029909,4.09,14.51
202300029957,4.08,21.6
202300029981,4.66,25.22
202300029997,9.75,42.44
202300030073,2.1,14.34
202300030075,13.42,24.14
202300030118,5.96,10.66
202300030123,4.86,9.19
202300030151,2.1,9.13
202300030172,13.02,27.52
202300030174,9.73,10.65
202300030178,4.78,4.09
202300030195,7.68,3.86
202300030216,4.41,1.08
202300030278,13.59,20.8
202300030289,5.31,3.65
202300030417,5.76,9.65
202300030419,4.19,5.6
202300030420,8.47,5.58
202300030423,3.2,5.97
202300030443,6.64,8.7
202300030445,5.72,3.42
202300030578,10.6,28.34
202300030618,2.38,1.62
202300030681,4.13,12.17
202300030725,8.38,36.65
202300030802,13.85,46.55
202300030836,6.65,14.84
202300030846,4.33,6.08
202300030917,2.72,20.19
202300030938,7.6,22.6
202300031073,4.09,4.75
202300031102,6.5,5.28
202300031135,12.28,36.01
202300031143,9.46,4.14
202300031144,7.17,5.48
202300031160,10.56,30.14
202300031162,3.01,29.77
202300031258,5.47,6.54
202300031259,4.06,8.2
202300031352,5.06,10.21
202300031356,6.34,6.99
202300031383,10.33,15.65
202300031401,5.91,19.89
202300031416,8.03,20.85
202300031422,2.44,4.19
202300031423,10.29,20.73
202300031580,5.82,3.95
202300031584,3.52,7.66
202300031626,4.42,11.44
202300031684,2.75,27.48
202300031692,6.79,7.72
202300031815,12.67,17.74
202300031833,12.06,29.13
202300032073,0.54,6.52
202300032078,4.14,3.68
202300032102,5.35,5.46
202300032110,2.67,20.94
202300032126,4.07,11.1
202300032231,3.29,28.22
202300032233,10.22,12.46
202300032243,3.77,2.6
202300032282,4.66,6.32
202300032308,1.3,2.97
202300032337,10.27,18.24
202300032371,2.97,6.63
202300032380,4.88,24.2
202300032487,6.94,15.24
202300032496,9.35,13.02
202300032513,2.65,21.62
202300032529,17.24,16.69
202300032576,8.94,18.85
202300032585,2.23,27.28
202300032617,4.85,19.05
202300032620,8.68,30.99
202300032621,8.11,13.26
202300032626,3.28,5.03
202300032640,4.99,22.82
202300032664,3.63,29.12
202300032731,6.9,5.96
202300032755,5.98,34.58
202300032758,2.68,27.72
202300032853,6.1,1.58
202300032896,8.5,6.0
202300032980,4.39,26.36
202300032981,3.97,3.24
202300032982,6.12,19.24
202300033053,4.24,8.73
202300033055,8.27,6.18
202300033187,2.74,32.1
202300033188,11.79,16.82
202300033353,6.59,9.01
202300033401,3.98,0.42
202300033480,4.81,39.48
202300033481,7.73,14.8
202300033483,8.69,48.32
202300033591,0.91,27.85
202300033616,5.18,11.72
202300033620,4.99,4.18
202300033679,5.83,19.81
202300033685,3.82,14.38
202300033700,11.88,20.46
202300033723,12.48,18.37
202300033732,6.85,8.12
202300033842,7.78,8.63
202300033899,6.08,8.65
202300033930,1.13,51.84
202300033935,3.95,10.25
202300033936,12.68,15.22
202300034033,7.37,35.64
202300034159,5.23,6.52
202300034161,14.35,13.72
202300034163,6.84,2.87
202300034166,3.03,41.56
202300034170,10.12,14.07
202300034190,19.0,25.06
202300034317,9.72,7.21
202300034443,6.66,16.82
202300034531,11.08,18.1
202300034550,8.2,8.56
202300034563,7.51,47.11
202300034617,11.2,28.16
202300034667,6.63,37.68
202300034669,20.8,24.95
202300034776,7.75,1.62
202300034787,9.32,14.21
202300034861,1.5,5.6
202300034880,7.61,5.97
202300034881,0.46,7.66
202300034882,8.6,29.64
202300034919,0.63,2.0
202300035006,8.71,10.9
202300035017,11.89,11.6
202300035127,5.25,9.12
202300035128,5.83,10.1
202300035129,8.09,13.17
202300035208,5.82,10.65
202300035250,1.0,16.24
202300035332,4.53,3.69
202300035391,3.2,7.31
202300035394,1.9,8.92
202300035436,3.69,8.21
202300035437,4.52,6.19
202300035471,10.44,14.11
202300035474,14.14,18.3
202300035626,3.05,27.52
202300035631,4.76,9.12
202300035640,1.78,9.22
202300035641,7.56,19.25
202300035670,13.02,17.07
202300035680,5.31,15.54
202300035751,4.06,38.21
202300035937,9.18,15.24
202300036008,5.12,7.6
202300036015,7.27,12.54
202300036021,5.74,6.68
202300036047,5.75,6.48
202300036050,11.6,15.7
202300036055,2.79,27.66
202300036058,4.44,9.4
202300036071,4.68,11.71
202300036092,15.62,41.12
202300036094,9.81,18.66
202300036099,1.24,31.61
202300036141,8.08,4.65
202300036151,1.27,1.25
202300036158,14.28,10.6
202300036252,7.49,2.97
202300036318,8.19,32.95
202300036324,1.28,12.37
202300036545,8.52,12.19
202300036547,7.43,11.82
202300036565,13.7,8.03
202300036641,8.43,24.68
202300036673,9.43,11.54
202300036689,13.23,7.92
202300036690,9.09,6.78
202300036755,8.46,9.27
202300036763,6.64,11.18
202300036849,5.26,5.48
202300036850,6.94,5.92
202300036933,3.9,18.66
202300036982,4.1,7.13
202300036986,7.95,3.97
202300037025,4.36,3.06
202300037037,6.39,12.41
202300037137,6.32,10.48
202300037153,16.72,17.38
202300037160,15.26,25.32
202300037174,7.55,9.43
202300037272,6.41,3.94
202300037392,6.72,6.87
202300037393,5.47,3.67
202300037430,7.54,9.34
202300037431,4.53,8.65
202300037628,7.02,4.11
202300037681,7.4,6.56
202300037682,5.57,6.6
202300037684,5.27,2.86
202300037717,6.32,10.51
202300037734,8.02,15.05
202300037752,7.18,37.51
202300037798,6.86,38.77
202300037799,8.23,14.8
202300037840,4.86,10.37
202300037843,3.99,5.18
202300037860,6.23,8.3
202300037976,2.6,26.63
202300038017,9.16,14.73
202300038021,8.64,8.64
202300038041,8.8,12.72
202300038043,7.88,7.02
202300038086,7.26,16.44
202300038090,8.83,7.6
202300038100,6.88,5.51
202300038132,5.49,16.08
202300038235,13.22,22.75
202300038271,3.34,3.94
202300038278,5.41,47.56
202300038279,6.99,9.14
202300038280,6.65,33.02
202300038303,2.03,3.91
202300038332,8.95,21.2
202300038338,8.64,27.6
202300038388,5.0,15.28
202300038390,7.67,15.93
202300038411,7.69,21.8
202300038426,0.91,1.95
202300038515,8.37,9.35
202300038519,10.4,9.12
202300038638,3.49,17.24
202300038641,0.6,39.64
202300038643,1.34,24.18
202300038645,6.94,26.92
202300038653,5.71,16.9
202300038705,1.7,0.95
202300038716,5.54,12.57
202300038743,9.39,32.76
202300038748,4.6,45.02
202300038753,6.22,29.13
202300038764,10.04,29.82
202300038765,3.39,33.18
202300038766,2.98,22.56
202300038768,7.64,15.84
202300038771,3.59,18.92
202300038782,5.06,19.11
202300038784,9.92,13.27
202300038794,8.85,27.1
202300038855,4.94,15.14
202300038857,9.75,13.37
202300038860,1.85,6.35
202300038933,7.99,12.82
202300038971,4.13,11.16
202300039072,5.44,13.89
202300039090,8.07,2.54
202300039147,4.69,4.98
202300039148,6.52,12.23
202300039198,8.33,30.17
202300039231,2.14,30.98
202300039304,19.3,20.18
202300039305,14.29,21.32
202300039341,7.94,5.1
202300039376,8.85,5.9
202300039488,3.53,20.49
202300039503,7.81,20.38
202300039549,5.17,8.83
202300039550,7.47,10.81
202300039674,5.49,9.36
202300039684,10.85,21.23
202300039708,10.91,19.08
202300039799,6.23,7.47
202300039802,5.68,12.0
202300039813,4.15,2.58
202300039920,7.01,14.4
202300039926,1.38,23.2
202300040012,5.15,4.19
202300040048,4.28,10.65
202300040160,7.89,12.0
202300040166,5.86,5.12
202300040252,2.95,2.63
202300040290,11.56,21.08
202300040315,6.5,7.71
202300040318,7.37,5.26
202300040321,7.11,4.6
202300040407,10.88,27.05
202300040419,1.9,4.05
202300040483,11.62,15.58
202300040486,7.07,17.82
202300040490,18.19,29.03
202300040587,0.64,24.13
202300040590,1.88,34.52
202300040593,11.07,15.9
202300040594,4.11,3.36
202300040635,4.06,2.78
202300040646,7.49,23.25
202300040648,8.73,7.28
202300040650,1.83,17.45
202300040676,7.18,2.62
202300040680,7.11,8.71
202300040682,2.3,9.73
202300040709,7.13,17.1
202300040710,4.44,5.29
202300040711,2.26,4.12
202300040712,5.64,1.95
202300040713,4.96,2.47
202300040715,3.42,25.02
202300040769,7.49,23.25
202300040793,4.39,6.54
202300040794,5.1,4.13
202300040806,4.9,16.25
202300040850,3.96,5.76
202300040917,10.7,13.45
202300040919,4.16,24.79
202300040933,8.24,12.87
202300040938,3.75,8.02
202300041010,3.86,26.44
202300041036,10.42,22.64
202300041052,6.42,11.47
202300041135,4.53,9.02
202300041136,6.7,11.51
202300041153,17.04,24.23
202300041165,4.91,19.3
202300041222,3.95,22.99
202300041248,12.09,28.26
202300041249,3.47,6.28
202300041305,4.2,2.64
202300041362,1.12,22.51
202300041367,10.11,23.8
202300041436,8.83,8.09
202300041438,8.57,29.94
202300041444,6.34,9.88
202300041523,31.76,42.08
202300041588,4.75,31.0
202300041701,8.91,28.74
202300041846,5.1,37.17
202300041853,2.36,20.27
202300041860,14.83,24.43
202300041903,15.76,20.31
202300041942,5.36,2.19
202300041944,2.72,5.17
202300041963,6.27,8.68
202300042052,14.41,25.62
202300042080,9.42,11.87
202300042176,10.94,11.74
202300042196,13.05,16.23
202300042199,8.55,11.44
202300042241,6.09,18.71
202300042275,2.9,26.24
202300042280,9.32,38.12
202300042356,5.61,23.8
202300042358,3.16,3.62
202300042447,4.16,0.73
202300042504,7.26,11.24
202300042546,7.9,5.44
202300042548,4.66,8.71
202300042551,5.21,7.21
202300042556,5.72,28.31
202300042567,0.58,7.69
202300042569,8.29,7.23
202300042626,1.29,30.36
202300042652,17.4,18.2
202300042701,5.03,6.58
202300042779,6.3,3.3
202300042781,1.88,9.39
202300042906,6.85,9.46
202300042915,8.86,35.98
202300042944,17.52,13.17
202300042957,9.54,15.6
202300042992,8.54,18.72
202300043030,10.39,22.08
202300043137,2.36,15.71
202300043179,5.96,13.79
202300043180,11.02,9.87
202300043224,9.56,10.59
202300043225,3.65,21.36
202300043427,6.06,9.64
202300043430,6.72,6.18
202300043431,3.88,5.54
202300043495,10.4,13.66
202300043498,9.99,13.0
202300043507,10.88,16.87
202300043514,1.48,21.38
202300043526,7.98,14.16
202300043594,5.02,22.79
202300043595,16.75,25.14
202300043686,6.95,11.78
202300043759,6.23,5.8
202300043761,5.19,6.77
202300043860,12.35,27.98
202300043862,15.54,21.18
202300043888,1.2,27.94
202300043901,6.42,6.64
202300043903,1.43,23.67
202300043909,16.24,19.41
202300043912,16.85,17.52
202300043973,8.88,15.56
202300043977,0.74,24.26
202300044007,4.48,8.36
202300044153,7.58,15.55
202300044212,10.73,12.7
202300044219,3.32,7.96
202300044223,5.84,9.18
202300044233,7.5,8.78
202300044238,7.37,4.62
202300044263,2.19,5.35
202300044392,7.37,21.35
202300044406,9.94,26.61
202300044408,8.39,24.06
202300044447,13.72,32.08
202300044471,5.82,5.16
202300044531,4.04,9.31
202300044575,7.39,10.4
202300044577,4.26,5.76
202300044589,4.89,4.15
202300044631,5.6,12.62
202300044733,14.73,31.72
202300044739,1.95,4.96
202300044756,5.52,7.18
202300044757,7.07,3.19
202300044769,11.04,12.37
202300044772,8.81,11.82
202300044790,8.2,18.06
202300044869,12.27,16.14
202300044871,3.24,8.56
202300044875,9.01,10.81
202300044881,7.09,13.44
202300044888,2.27,27.33
202300044895,9.2,15.58
202300044901,10.1,12.66
202300044910,4.47,15.62
202300044913,5.68,20.27
202300044993,4.22,3.5
202300044994,4.07,2.91
202300045015,3.39,3.36
202300045076,3.3,23.11
202300045077,31.48,72.55
202300045078,8.44,12.5
202300045156,16.4,45.71
202300045190,2.15,25.9
202300045224,16.38,30.79
202300045225,10.57,23.25
202300045226,9.58,5.06
202300045232,12.64,24.26
202300045238,0.96,2.5
202300045261,9.17,9.46
202300045333,8.03,8.96
202300045344,5.65,8.83
202300045345,4.07,21.47
202300045355,8.38,27.03
202300045463,2.69,3.62
202300045528,8.27,10.54
202300045530,5.82,5.49
202300045553,0.29,23.66
202300045555,2.71,17.0
202300045557,2.97,7.13
202300045559,19.75,22.56
202300045586,6.91,10.09
202300045619,8.36,16.37
202300045672,2.94,7.99
202300045786,11.12,24.0
202300045858,7.72,7.78
202300045866,6.58,5.83
202300045888,7.02,4.33
202300045913,5.31,5.21
202300045917,11.18,12.72
202300045923,6.19,11.62
202300045948,7.4,9.42
202300045951,6.4,6.56
202300045970,6.21,10.57
202300045982,6.87,8.54
202300045987,3.56,6.67
202300045991,6.61,9.18
202300046013,8.0,5.24
202300046030,12.02,12.6
202300046057,6.04,31.07
202300046067,6.99,10.53
202300046073,4.46,6.69
202300046116,8.03,7.3
202300046125,9.2,25.1
202300046187,2.81,16.77
202300046283,3.67,4.96
202300046309,8.22,39.29
202300046362,4.83,23.46
202300046364,6.13,9.76
202300046463,8.32,39.5
202300046474,4.6,5.52
202300046567,15.83,26.36
202300046660,8.0,10.63
202300046684,4.66,36.74
202300046694,13.83,20.27
202300046713,14.15,12.51
202300046724,8.26,15.0
202300046732,9.14,38.64
202300046770,3.28,5.44
202300046775,2.28,2.64
202300046787,1.35,15.26
202300046852,5.06,3.64
202300046958,9.78,15.21
202300046982,15.57,18.56
202300047004,3.69,6.53
202300047016,0.98,1.84
202300047041,12.21,48.58
202300047078,5.76,16.33
202300047080,4.28,48.21
202300047090,6.9,5.21
202300047157,10.08,24.53
202300047247,1.1,19.82
202300047295,8.89,15.34
202300047407,5.81,4.43
202300047428,15.16,35.11
202300047436,18.28,20.07
202300047494,12.24,11.26
202300047496,6.23,2.37
202300047500,1.26,2.92
202300047535,8.34,29.26
202300047671,6.19,13.25
202300047676,10.7,37.69
202300047688,5.68,17.65
202300047741,2.82,4.39
202300047827,2.86,1.18
202300047830,12.88,31.9
202300047873,6.66,15.86
202300047912,4.45,26.05
202300047967,14.14,21.03
202300048003,6.47,24.58
202300048021,4.4,7.35
202300048027,3.77,8.79
202300048031,7.78,4.95
202300048036,5.83,21.74
202300048213,11.09,12.76
202300048297,13.45,13.67
202300048300,3.7,19.4
202300048422,12.12,11.22
202300048427,0.8,14.71
202300048434,6.0,6.05
202300048457,2.26,1.59
202300048519,4.31,6.95
202300048521,5.48,6.42
202300048581,3.13,4.8
202300048591,4.7,8.86
202300048596,5.33,7.8
202300048658,7.41,8.74
202300048835,13.0,24.55
202300048837,2.17,31.8
202300048850,9.22,38.1
202300048854,12.76,28.28
202300048867,1.26,46.78
202300048872,11.68,14.29
202300048912,14.42,34.2
202300049006,7.71,25.1
202300049011,11.34,12.12
202300049039,6.9,8.45
202300049095,3.96,4.88
202300049124,3.7,8.68
202300049149,16.88,21.06
202300049156,6.94,42.99
202300049158,7.01,22.93
202300049255,12.22,16.66
202300049319,4.47,29.86
202300049344,16.26,21.4
202300049368,11.01,25.42
202300049370,12.67,13.7
202300049425,11.49,13.53
202300049453,7.44,5.79
202300049589,1.84,8.62
202300049641,4.84,3.94
202300049659,8.89,6.72
202300049660,6.38,18.16
202300049668,7.36,11.56
202300049770,2.9,20.64
202300049787,4.92,20.37
202300049823,9.14,11.71
202300049888,5.95,6.75
202300049907,11.38,28.2
202300049918,3.38,19.14
202300049948,10.65,10.07
202300049955,4.73,2.62
202300049959,3.15,6.05
202300049994,1.17,1.8
202300050029,11.73,13.41
202300050071,6.85,7.77
202300050190,4.15,8.64
202300050242,5.75,4.3
202300050251,0.68,5.47
202300050264,9.39,8.24
202300050269,14.57,13.55
202300050283,3.25,27.11
202300050289,7.15,11.06
202300050437,5.43,4.05
202300050491,7.54,9.35
202300050497,5.11,8.45
202300050537,6.37,10.34
202300050618,6.13,7.8
202300050661,7.95,9.8
202300050707,5.63,6.14
202300050709,7.88,3.91
202300050713,4.71,9.1
202300050739,6.87,9.61
202300050757,11.76,15.01
202300050785,7.99,3.67
202300050793,8.34,8.96
202300050872,12.59,30.12
202300050875,2.56,7.61
202300050877,3.81,34.53
202300050905,1.82,28.42
202300050925,21.04,25.18
202300050981,1.52,28.46
202300051001,6.17,28.71
202300051129,8.98,35.77
202300051181,11.28,14.61
202300051236,6.13,4.69
202300051284,3.65,2.81
202300051378,5.16,11.27
202300051405,5.46,13.52
202300051442,23.89,27.96
202300051483,11.06,12.38
202300051526,4.14,5.31
202300051567,9.49,3.32
202300051601,1.92,14.5
202300051686,5.42,9.3
202300051710,11.04,28.74
202300051723,2.8,26.54
202300051761,2.86,15.34
202300051767,28.05,26.3
202300051773,7.51,34.03
202300051806,8.44,19.16
202300051914,2.63,9.66
202300051940,4.44,27.7
202300052003,3.51,3.89
202300052047,7.11,4.37
202300052151,5.24,10.65
202300052167,3.26,8.18
202300052259,8.58,5.95
202300052269,2.41,4.07
202300052275,7.57,4.42
202300052302,5.8,2.08
202300052308,6.84,11.33
202300052309,5.28,3.9
202300052311,5.88,11.44
202300052315,7.79,7.32
202300052321,4.32,3.93
202300052322,7.57,3.51
202300052336,4.53,3.15
202300052350,1.39,1.75
202300052378,9.2,11.66
202300052432,7.71,9.37
202300052437,4.56,5.85
202300052460,6.07,3.06
202300052468,6.32,10.22
202300052493,12.3,27.01
202300052535,0.87,9.01
202300052543,5.63,2.43
202300052549,3.34,3.57
202300052626,4.94,11.51
202300052711,9.34,14.51
202300052744,3.51,31.53
202300052762,8.01,16.7
202300052789,8.08,15.05
202300052850,7.12,14.64
202300052927,8.68,20.45
202300052992,16.36,22.98
202300053002,3.84,6.14
202300053009,7.23,8.03
202300053049,11.08,18.3
202300053079,1.86,15.78
202300053082,8.0,25.74
202300053084,7.98,41.74
202300053088,3.66,25.8
202300053091,4.9,4.16
202300053097,4.92,5.73
202300053099,7.12,6.38
202300053111,10.09,22.92
202300053142,8.09,6.1
202300053184,8.18,11.87
202300053193,9.7,34.18
202300053213,7.02,28.52
202300053246,0.33,41.9
202300053260,6.47,22.78
202300053263,15.54,29.49
202300053306,8.42,40.45
202300053307,7.26,26.25
202300053312,10.46,37.16
202300053331,4.48,9.03
202300053332,1.8,1.33
202300053340,7.58,10.63
202300053386,12.63,12.51
202300053597,3.66,5.46
202300053604,5.26,6.39
202300053606,6.69,5.95
202300053610,4.31,30.18
202300053649,1.34,25.68
202300053660,1.01,25.93
202300053700,3.41,2.38
202300053854,2.85,16.76
202300053909,3.18,4.84
202300053918,8.59,13.74
202300053928,11.18,20.88
202300053942,2.53,18.3
202300053953,7.61,2.66
202300054058,8.14,15.56
202300054067,4.35,9.83
202300054075,1.88,2.18
202300054077,6.87,20.54
202300054081,4.2,7.87
202300054090,6.14,3.11
202300054133,9.85,10.65
202300054150,2.71,5.27
202300054170,5.46,4.96
202300054183,6.0,13.02
202300054222,3.45,4.71
202300054236,5.0,7.59
202300054321,13.81,18.75
202300054347,2.3,9.72
202300054367,5.22,7.38
202300054388,13.52,17.19
202300054397,3.96,17.35
202300054404,4.69,6.26
202300054418,7.78,9.49
202300054529,7.64,9.0
202300054538,6.26,9.88
202300054551,5.23,19.67
202300054579,2.8,15.4
202300054584,3.56,23.47
202300054587,15.8,49.55
202300054595,5.58,13.23
202300054626,5.19,9.9
202300054644,7.3,6.17
202300054649,5.15,7.3
202300054692,3.1,19.37
202300054697,21.75,23.49
202300054728,5.79,10.66
202300054745,4.73,5.64
202300054756,1.1,15.01
202400000085,8.18,14.35
202400000186,5.41,15.82
202400000192,4.38,17.76
202400000218,2.65,18.26
202400000253,8.0,7.54
202400000367,7.54,14.62
202400000371,8.19,17.28
202400000405,4.08,27.83
202400000483,3.72,8.56
202400000485,6.28,21.75
202400000506,5.35,9.49
202400000544,4.46,3.25
202400000584,2.06,25.05
202400000585,7.73,30.11
202400000589,10.22,20.02
202400000593,1.86,30.22
202400000594,4.05,8.88
202400000596,5.76,10.59
202400000674,7.16,8.75
202400000676,7.03,7.35
202400000695,25.57,30.28
202400000759,5.34,7.35
202400000761,6.77,8.13
202400000775,12.1,18.09
202400000777,9.64,10.63
202400000780,4.81,19.5
202400000782,11.6,12.93
202400000785,13.54,23.19
202400000842,12.43,25.79
202400000937,1.45,37.34
202400000944,11.11,15.94
202400000970,10.74,8.57
202400001013,4.42,5.46
202400001015,5.77,2.29
202400001032,2.06,2.65
202400001065,7.81,6.43
202400001076,2.91,6.36
202400001120,1.79,25.4
202400001146,4.54,29.94
202400001170,2.84,14.18
202400001173,9.44,11.22
202400001199,3.88,24.36
202400001212,10.56,23.09
202400001226,2.82,27.74
202400001338,2.25,20.52
202400001353,3.1,7.93
202400001406,4.22,4.86
202400001505,7.06,15.36
202400001515,11.25,20.43
202400001569,8.21,25.06
202400001572,6.32,16.1
202400001597,14.7,9.39
202400001671,5.88,15.67
202400001714,5.95,10.78
202400001810,3.26,8.37
202400001849,9.23,6.72
202400001947,9.02,11.28
202400002008,3.62,22.36
202400002133,5.8,9.48
202400002136,11.93,6.98
202400002166,9.67,14.73
202400002170,1.86,16.39
202400002175,5.78,17.87
202400002235,2.41,6.9
202400002238,12.28,11.21
202400002275,1.73,5.14
202400002278,2.91,5.98
202400002281,6.94,9.83
202400002455,10.05,23.0
202400002463,16.67,21.22
202400002472,6.88,17.9
202400002473,5.98,32.05
202400002483,11.07,16.82
202400002509,9.65,14.52
202400002534,10.0,9.21
202400002543,8.81,12.16
202400002554,6.42,20.71
202400002555,7.9,14.75
202400002566,14.29,20.05
202400002574,2.02,17.92
202400002587,13.36,20.92
202400002654,4.36,11.44
202400002670,10.05,32.62
202400002685,3.99,17.37
202400002740,16.17,12.64
202400002803,0.9,4.88
202400002831,14.94,12.58
202400002928,8.09,37.88
202400002930,2.76,27.68
202400002931,2.86,31.88
202400002945,2.64,19.91
202400003022,4.21,12.05
202400003072,8.47,7.1
202400003115,4.4,2.96
202400003154,4.7,10.21
202400003191,2.14,3.98
202400003216,7.6,9.17
202400003218,6.44,9.33
202400003247,4.78,8.88
202400003258,7.82,13.29
202400003259,3.17,2.65
202400003314,4.12,5.95
202400003350,3.31,25.96
202400003426,16.82,15.88
202400003538,6.85,8.3
202400003553,12.91,12.91
202400003554,4.07,30.81
202400003561,12.14,11.61
202400003562,3.05,29.95
202400003563,9.15,12.97
202400003564,6.46,28.1
202400003570,7.53,32.31
202400003571,2.71,34.99
202400003573,6.43,42.32
202400003636,3.83,32.36
202400003681,13.8,14.32
202400003683,7.89,8.82
202400003732,1.74,2.04
202400003753,5.58,8.21
202400003769,5.43,8.67
202400003846,12.79,17.09
202400003849,7.73,37.3
202400003854,6.8,19.08
202400003909,7.44,21.83
202400004087,2.15,19.9
202400004102,6.12,9.35
202400004105,1.38,5.48
202400004107,7.43,8.41
202400004161,6.02,2.12
202400004191,1.96,6.12
202400004194,7.32,2.98
202400004232,13.85,46.55
202400004367,12.67,11.18
202400004370,12.51,10.0
202400004446,7.26,5.61
202400004546,7.94,4.5
202400004635,3.61,26.17
202400004664,1.05,21.24
202400004666,8.19,14.04
202400004668,14.49,19.04
202400004669,7.66,13.51
202400004691,13.67,9.05
202400004801,3.37,7.04
202400004926,8.0,5.53
202400004944,3.36,5.65
202400004945,5.78,10.49
202400004947,3.06,7.55
202400004968,2.5,30.88
202400004971,13.36,40.85
202400004973,9.62,31.76
202400005032,0.77,25.8
202400005127,6.68,7.56
202400005128,2.2,5.58
202400005147,4.58,4.79
202400005212,6.33,9.42
202400005214,4.83,23.05
202400005215,7.23,4.61
202400005216,12.74,19.86
202400005224,11.74,17.32
202400005272,9.19,18.71
202400005334,8.49,15.52
202400005376,3.2,4.12
202400005377,1.78,6.61
202400005401,6.6,6.35
202400005402,6.83,12.31
202400005403,5.51,11.63
202400005404,2.9,8.38
202400005440,11.91,22.78
202400005457,11.1,29.76
202400005460,7.36,33.14
202400005591,5.85,7.65
202400005614,4.48,7.49
202400005616,5.97,13.83
202400005690,7.6,21.01
202400005695,13.6,23.18
202400005728,15.46,15.16
202400005730,15.93,17.54
202400005742,11.04,10.92
202400005822,14.47,10.89
202400005869,6.97,6.1
202400005879,6.05,6.13
202400005880,1.6,20.65
202400005913,8.46,9.26
202400005914,8.71,4.73
202400005981,6.74,15.04
202400005984,8.96,47.71
202400005986,17.3,42.23
202400005997,2.85,16.76
202400006030,14.12,39.22
202400006058,2.44,3.99
202400006059,9.52,27.4
202400006061,1.77,23.3
202400006116,5.58,5.72
202400006240,2.43,11.56
202400006246,8.29,11.18
202400006257,6.3,25.88
202400006275,8.73,9.53
202400006277,6.24,8.04
202400006280,7.85,8.39
202400006306,7.65,11.75
202400006418,7.84,10.69
202400006429,12.63,17.19
202400006431,4.34,10.52
202400006500,5.43,12.77
202400006504,3.71,7.48
202400006506,5.6,9.47
202400006544,7.63,12.89
202400006602,6.38,5.86
202400006665,5.24,9.62
202400006677,0.86,23.5
202400006787,18.74,21.72
202400006791,5.9,27.19
202400006794,13.78,38.72
202400006841,7.74,42.8
202400006863,5.68,24.61
202400006865,6.02,11.62
202400006867,3.22,28.12
202400006913,11.54,10.38
202400006969,3.39,8.22
202400007118,0.48,25.4
202400007134,3.45,20.56
202400007165,4.76,29.68
202400007166,7.18,6.35
202400007309,6.05,5.54
202400007310,4.92,11.84
202400007320,5.49,13.14
202400007347,3.57,19.28
202400007348,5.86,21.09
202400007353,11.74,48.87
202400007426,3.84,4.96
202400007469,9.79,8.58
202400007499,4.93,7.5
202400007524,14.66,20.21
202400007551,10.34,18.88
202400007563,12.37,15.1
202400007603,13.51,15.54
202400007618,10.79,15.93
202400007622,6.21,24.44
202400007657,6.99,18.18
202400007702,3.06,1.32
202400007742,6.26,10.81
202400007836,11.45,39.72
202400007931,5.17,6.3
202400007933,7.56,24.54
202400007953,7.03,4.78
202400007970,2.89,2.23
202400007983,18.08,33.95
202400007986,13.89,36.27
202400007992,6.43,9.06
202400008029,12.87,15.75
202400008040,6.27,2.41
202400008043,2.26,9.75
202400008045,4.21,9.62
202400008136,7.92,32.72
202400008221,6.72,11.55
202400008253,1.28,19.04
202400008255,10.23,26.23
202400008281,3.52,16.46
202400008427,3.22,8.18
202400008429,5.32,11.39
202400008444,3.06,5.25
202400008505,9.21,6.31
202400008548,11.71,12.63
202400008550,5.13,25.46
202400008564,9.65,23.8
202400008645,5.26,7.36
202400008652,7.58,25.91
202400008657,3.86,25.38
202400008698,5.72,17.85
202400008701,9.78,13.11
202400008773,2.51,5.67
202400008836,2.54,4.2
202400008837,6.73,9.04
202400008880,4.39,4.4
202400008940,9.41,8.12
202400008951,9.3,5.32
202400008952,7.8,12.5
202400008953,7.36,8.35
202400009081,6.38,11.27
202400009111,3.91,2.54
202400009128,6.58,9.9
202400009150,3.54,1.98
202400009171,8.62,8.91
202400009185,7.15,9.41
202400009235,4.41,22.93
202400009236,5.62,18.2
202400009278,5.5,3.82
202400009295,5.12,2.57
202400009350,5.55,6.94
202400009441,9.68,10.26
202400009442,5.86,43.88
202400009460,11.93,33.87
202400009462,6.73,23.72
202400009485,0.9,5.06
202400009486,8.54,15.58
202400009497,5.09,29.1
202400009569,3.88,23.94
202400009571,11.41,14.71
202400009612,5.18,33.23
202400009613,0.81,11.66
202400009619,5.55,33.36
202400009643,3.41,17.33
202400009644,5.7,4.74
202400009656,3.58,1.8
202400009686,11.18,16.01
202400009764,6.72,11.21
202400009768,9.66,10.93
202400009793,7.45,12.28
202400009801,2.37,8.1
202400009838,4.05,5.9
202400009866,6.41,7.56
202400009868,6.14,10.5
202400009944,4.05,24.67
202400009970,4.02,9.74
202400009973,13.34,11.47
202400009984,12.34,30.2
202400009996,8.49,11.38
202400010176,7.84,24.98
202400010197,5.31,27.81
202400010200,7.42,12.84
202400010202,12.33,18.76
202400010217,2.84,11.53
202400010218,4.65,5.58
202400010262,3.38,4.5
202400010266,5.28,2.88
202400010322,7.38,7.74
202400010324,3.27,7.76
202400010327,3.42,4.22
202400010352,4.39,13.7
202400010353,0.6,7.1
202400010495,7.39,11.49
202400010497,7.19,14.9
202400010502,5.9,9.44
202400010504,6.59,11.97
202400010548,5.42,10.42
202400010565,2.85,31.81
202400010574,2.13,3.65
202400010578,12.08,12.91
202400010589,14.07,16.68
202400010602,2.23,42.02
202400010629,2.66,3.51
202400010632,17.54,19.52
202400010648,9.94,14.77
202400010664,14.95,32.42
202400010667,2.96,4.88
202400010668,1.1,24.57
202400010726,6.48,27.64
202400010728,18.88,18.76
202400010730,6.63,11.03
202400010752,5.11,8.45
202400010767,9.44,8.99
202400010810,5.21,24.02
202400010811,14.95,17.63
202400010835,12.02,64.68
202400010842,7.63,22.64
202400010861,8.75,12.81
202400010942,9.68,10.35
202400010985,1.88,9.31
202400010986,5.98,11.81
202400010988,6.81,8.48
202400010991,5.97,9.84
202400011084,4.93,6.68
202400011092,16.07,12.9
202400011097,7.93,18.13
202400011110,12.37,12.37
202400011157,8.46,7.72
202400011158,9.02,19.75
202400011233,4.7,20.46
202400011292,7.09,8.36
202400011301,4.39,2.65
202400011390,7.22,12.82
202400011406,5.11,37.15
202400011408,8.18,30.12
202400011410,9.19,14.5
202400011411,3.19,44.78
202400011423,10.04,14.91
202400011428,8.92,14.1
202400011439,13.22,31.05
202400011448,13.35,19.42
202400011473,10.07,19.5
202400011488,9.95,33.18
202400011608,3.6,6.76
202400011609,5.4,12.04
202400011651,4.97,4.97
202400011652,13.88,9.87
202400011653,3.92,25.79
202400011772,5.67,32.61
202400011788,4.05,2.54
202400011796,4.84,5.56
202400011806,9.49,12.05
202400011856,4.37,10.41
202400011877,6.74,9.2
202400011927,6.37,0.87
202400011944,10.67,36.72
202400011950,3.68,24.93
202400011953,2.01,4.16
202400011955,5.55,7.51
202400011978,4.4,34.1
202400012061,3.34,5.49
202400012062,4.86,25.15
202400012070,13.26,20.09
202400012094,3.76,2.24
202400012109,5.42,6.22
202400012130,7.61,15.21
202400012196,6.39,4.24
202400012210,13.18,10.83
202400012230,9.8,10.98
202400012235,6.3,11.13
202400012239,7.71,12.54
202400012240,20.51,28.01
202400012242,3.92,3.38
202400012246,1.57,6.93
202400012340,5.19,28.03
202400012342,9.57,16.49
202400012357,10.96,24.74
202400012360,8.96,24.94
202400012433,8.96,13.42
202400012583,10.74,28.68
202400012594,2.62,25.2
202400012597,5.57,38.25
202400012669,5.24,4.47
202400012673,5.44,8.27
202400012674,3.42,8.38
202400012708,2.04,8.6
202400012742,2.84,2.49
202400012759,2.85,3.77
202400012761,6.34,2.7
202400012788,2.53,16.44
202400012818,1.67,3.34
202400012819,5.44,3.43
202400012869,8.68,11.58
202400012871,4.47,31.4
202400012875,3.37,36.06
202400012885,9.74,33.46
202400012920,3.23,21.04
202400012958,5.46,8.36
202400013000,2.38,3.63
202400013044,1.43,20.62
202400013045,2.97,8.49
202400013046,6.98,17.04
202400013049,9.08,24.17
202400013052,11.16,23.73
202400013073,14.26,14.15
202400013178,7.06,3.79
202400013249,6.41,8.87
202400013266,7.26,14.34
202400013271,17.9,15.01
202400013273,9.55,16.7
202400013314,8.88,25.67
202400013321,13.66,31.89
202400013369,8.48,12.75
202400013407,13.0,22.24
202400013409,3.32,3.2
202400013411,7.69,23.59
202400013474,1.79,9.22
202400013476,7.73,8.53
202400013550,2.38,5.39
202400013612,4.06,1.78
202400013642,6.08,9.84
202400013717,6.57,16.09
202400013724,9.41,20.44
202400013772,4.97,25.3
202400013810,4.58,20.86
202400013825,5.0,18.53
202400013833,9.09,19.92
202400013849,4.89,8.77
202400013891,7.63,23.48
202400014048,6.5,11.68
202400014053,6.18,3.18
202400014055,5.43,11.38
202400014084,5.71,8.6
202400014124,7.92,31.52
202400014125,3.71,4.53
202400014187,0.96,2.48
202400014297,3.51,7.77
202400014304,11.21,15.05
202400014308,3.82,9.34
202400014344,4.36,7.38
202400014347,6.28,6.42
202400014388,16.55,36.48
202400014391,6.58,40.5
202400014429,11.07,19.91
202400014431,9.42,41.33
202400014434,2.94,20.46
202400014437,10.32,16.77
202400014438,10.76,18.6
202400014449,5.16,8.5
202400014452,2.87,6.44
202400014534,11.31,24.48
202400014537,6.36,16.56
202400014649,9.16,3.44
202400014699,13.8,20.23
202400014795,3.08,14.37
202400014826,13.56,16.07
202400014862,12.92,44.52
202400014881,2.34,7.18
202400014901,7.08,8.9
202400014987,2.09,3.92
202400014988,12.4,14.44
202400015019,12.17,15.52
202400015020,5.42,10.24
202400015044,5.22,9.6
202400015045,3.64,6.02
202400015088,5.63,30.17
202400015100,14.29,35.41
202400015188,12.98,19.19
202400015202,1.58,22.08
202400015204,9.19,30.92
202400015225,24.86,40.5
202400015226,10.62,5.3
202400015233,12.66,17.73
202400015235,1.32,13.94
202400015244,7.77,25.36
202400015247,0.94,2.82
202400015284,6.74,27.91
202400015287,5.37,19.47
202400015308,6.64,17.96
202400015310,1.71,3.39
202400015312,12.22,14.79
202400015417,5.22,5.32
202400015419,6.67,6.96
202400015421,3.98,8.47
202400015523,6.61,8.06
202400015535,5.45,8.61
202400015536,2.92,9.15
202400015593,2.16,21.61
202400015637,5.28,31.37
202400015758,11.66,16.14
202400015759,7.08,0.26
202400015776,7.98,6.6
202400015802,6.38,6.39
202400015804,11.37,16.2
202400015806,6.1,3.0
202400015808,5.43,4.69
202400015811,5.66,20.22
202400015850,5.5,8.07
202400015853,7.52,9.14
202400015905,13.38,8.07
202400015975,3.09,17.18
202400015995,6.55,9.01
202400015996,7.61,16.28
202400016014,3.1,25.7
202400016082,8.6,28.36
202400016095,2.86,10.36
202400016106,2.7,30.97
202400016179,4.76,5.68
202400016182,4.16,1.77
202400016276,7.43,8.89
202400016281,7.49,6.76
202400016284,8.16,16.3
202400016326,6.84,29.38
202400016335,2.62,18.64
202400016360,10.86,13.43
202400016383,8.26,12.8
202400016398,12.23,30.07
202400016524,4.06,7.22
202400016613,3.75,23.79
202400016614,8.04,22.39
202400016642,10.21,11.13
202400016709,9.82,12.01
202400016717,1.63,48.13
202400016732,6.52,22.94
202400016790,2.61,24.88
202400016792,12.08,17.98
202400016794,7.3,7.73
202400016796,4.7,29.19
202400016856,4.39,7.29
202400016873,8.44,15.87
202400016896,6.66,34.48
202400016909,0.32,7.42
202400016955,10.43,22.91
202400016966,6.14,24.32
202400016974,4.73,33.18
202400016986,11.58,22.15
202400017056,9.06,14.37
202400017070,3.87,9.6
202400017114,9.23,15.63
202400017115,3.96,20.72
202400017118,6.36,28.1
202400017216,4.61,7.85
202400017236,7.26,11.37
202400017270,5.67,17.8
202400017295,7.58,4.92
202400017344,10.43,27.05
202400017384,5.81,4.68
202400017386,6.96,6.6
202400017494,9.19,23.83
202400017496,4.02,20.43
202400017498,6.34,28.38
202400017505,26.14,41.78
202400017522,7.65,19.26
202400017668,7.71,13.12
202400017739,12.3,17.13
202400017755,0.98,3.43
202400017764,5.31,8.64
202400017850,5.68,1.86
202400017916,11.48,8.75
202400017940,9.79,8.64
202400017944,8.48,11.4
202400017964,2.43,20.22
202400018016,7.14,7.14
202400018053,10.74,13.76
202400018103,6.33,6.21
202400018115,4.27,19.7
202400018140,3.92,26.83
202400018143,12.0,18.04
202400018153,14.72,23.14
202400018158,4.7,2.89
202400018222,6.52,27.97
202400018223,7.96,9.32
202400018227,5.82,11.0
202400018237,17.79,17.06
202400018243,3.89,11.12
202400018250,6.28,5.54
202400018324,2.29,5.54
202400018349,4.32,10.76
202400018537,10.36,29.25
202400018597,13.18,19.24
202400018603,13.8,7.41
202400018604,1.3,22.37
202400018615,11.7,35.61
202400018637,2.42,30.76
202400018674,2.95,1.93
202400018687,5.22,3.66
202400018742,8.36,5.23
202400018757,6.88,8.86
202400018762,14.48,29.58
202400018771,3.65,27.26
202400018773,1.33,21.26
202400018801,8.75,6.87
202400018816,7.38,12.64
202400018871,8.14,15.51
202400018872,3.56,9.65
202400018878,3.11,9.96
202400018896,9.82,17.08
202400018970,23.05,24.6
202400019077,6.68,11.5
202400019079,4.89,6.16
202400019134,8.02,9.01
202400019189,8.25,7.36
202400019317,11.29,6.44
202400019321,2.41,22.78
202400019323,9.04,49.52
202400019349,8.62,3.68
202400019448,6.36,10.32
202400019490,6.1,8.99
202400019493,5.66,22.42
202400019494,15.65,36.39
202400019501,16.8,19.1
202400019506,4.43,2.53
202400019522,8.0,5.53
202400019560,10.28,11.3
202400019585,6.11,5.86
202400019591,5.45,39.56
202400019598,1.37,17.78
202400019605,6.27,6.27
202400019643,4.37,28.03
202400019679,10.26,27.79
202400019682,3.1,17.52
202400019755,3.74,5.5
202400019756,2.02,23.33
202400019789,7.03,3.34
202400019795,4.47,8.96
202400019859,5.41,6.53
202400019890,3.45,17.92
202400019904,5.23,3.85
202400019910,4.51,20.76
202400019936,7.92,17.97
202400019953,6.29,14.98
202400019970,9.5,13.89
202400020008,8.56,5.89
202400020047,15.29,14.14
202400020051,9.25,14.83
202400020210,6.6,10.27
202400020215,6.64,10.69
202400020217,4.59,10.91
202400020350,2.16,6.26
202400020409,1.77,15.68
202400020411,5.33,4.37
202400020453,5.9,10.73
202400020558,9.21,17.62
202400020590,2.22,36.39
202400020610,1.77,20.88
202400020611,3.07,28.43
202400020675,6.3,5.46
202400020707,2.93,8.73
202400020729,7.62,9.17
202400020793,2.66,25.79
202400020794,4.03,10.24
202400020795,7.0,6.15
202400020810,4.4,6.96
202400020811,10.51,15.03
202400020867,3.11,4.03
202400020905,3.1,6.29
202400021006,10.72,12.46
202400021009,9.24,9.47
202400021045,4.06,24.47
202400021071,15.81,22.89
202400021086,4.28,32.79
202400021088,8.52,37.82
202400021107,6.72,30.71
202400021157,8.73,20.22
202400021184,13.57,23.33
202400021188,5.53,26.95
202400021234,3.59,20.22
202400021238,3.45,2.66
202400021298,9.57,14.4
202400021304,6.14,19.47
202400021362,6.67,2.4
202400021375,2.43,6.96
202400021386,6.5,7.43
202400021441,9.51,40.7
202400021463,7.13,6.79
202400021464,5.37,5.55
202400021490,4.3,11.04
202400021491,6.16,7.97
202400021563,4.77,26.51
202400021574,8.13,29.64
202400021596,11.21,11.66
202400021615,7.12,12.5
202400021625,16.22,19.32
202400021689,12.44,10.27
202400021763,2.37,29.31
202400021809,12.25,23.82
202400021815,4.34,10.44
202400021820,1.59,24.15
202400021862,3.16,9.33
202400021997,13.16,19.59
202400021999,2.78,2.13
202400022085,3.84,4.76
202400022089,1.19,16.8
202400022093,5.58,6.71
202400022186,3.73,2.78
202400022332,10.79,12.12
202400022339,2.72,9.75
202400022398,2.51,18.34
202400022413,10.99,16.8
202400022416,8.91,6.71
202400022454,5.65,14.29
202400022508,12.69,27.98
202400022531,9.11,13.94
202400022567,6.62,9.2
202400022568,3.62,7.75
202400022632,16.33,17.04
202400022705,10.13,16.58
202400022738,2.43,4.11
202400022815,8.16,19.98
202400022816,8.05,2.99
202400022834,6.16,5.66
202400022866,4.24,13.79
202400022972,5.49,18.51
202400023050,7.82,8.22
202400023086,14.84,25.37
202400023174,1.74,39.34
202400023196,6.58,12.5
202400023279,4.28,21.04
202400023322,3.1,11.17
202400023323,0.94,36.91
202400023439,1.46,15.88
202400023454,1.1,24.02
202400023459,12.21,26.91
202400023460,9.66,16.27
202400023519,4.58,18.0
202400023588,8.7,14.39
202400023618,12.4,12.92
202400023622,13.25,42.31
202400023652,5.58,31.04
202400023672,6.74,4.43
202400023673,4.55,5.57
202400023676,4.68,4.29
202400023740,8.65,12.81
202400023863,3.6,29.94
202400023870,6.92,11.75
202400023871,1.33,21.76
202400023872,5.52,10.35
202400023873,2.7,23.64
202400023900,21.44,36.41
202400023902,9.82,37.54
202400023917,5.17,46.35
202400024096,6.62,6.33
202400024127,1.56,0.82
202400024129,9.82,12.84
202400024141,1.06,17.7
202400024154,6.86,7.8
202400024163,18.23,20.95
202400024164,5.99,21.1
202400024230,11.08,14.88
202400024238,1.3,17.0
202400024239,14.13,20.2
202400024249,2.06,21.64
202400024255,17.35,32.35
202400024303,8.05,4.25
202400024317,10.12,12.54
202400024318,1.46,16.34
202400024319,4.84,14.78
202400024345,6.28,4.61
202400024399,5.68,9.56
202400024427,3.94,3.28
202400024465,2.01,7.75
202400024466,7.83,9.36
202400024536,0.5,23.06
202400024551,7.49,18.29
202400024552,4.73,36.83
202400024554,8.61,33.85
202400024624,9.65,29.55
202400024644,20.37,28.76
202400024701,2.96,1.78
202400024728,4.16,10.61
202400024729,1.99,5.3
202400024730,5.82,7.62
202400024747,3.36,22.0
202400024771,4.18,2.28
202400024800,4.88,9.36
202400024898,5.67,6.06
202400024905,18.3,28.25
202400024926,5.99,6.92
202400024938,6.68,5.3
202400025021,5.1,7.96
202400025070,4.7,4.9
202400025072,6.18,7.95
202400025147,12.9,7.4
202400025148,10.46,19.66
202400025171,12.06,10.92
202400025241,11.77,17.83
202400025292,3.16,9.33
202400025304,15.19,14.4
202400025317,7.86,6.64
202400025418,6.84,11.67
202400025421,4.56,5.51
202400025485,9.53,21.75
202400025534,7.31,5.65
202400025624,12.3,11.15
202400025709,2.79,26.3
202400025714,8.67,16.13
202400025759,12.87,15.92
202400025776,12.62,34.69
202400025779,10.48,40.97
202400025828,6.12,9.77
202400025848,6.67,7.4
202400025857,6.27,9.81
202400025872,20.3,22.12
202400025927,8.47,4.26
202400025961,10.57,31.31
202400025977,11.99,12.43
202400026029,11.98,10.82
202400026113,2.63,4.46
202400026122,12.28,14.06
202400026124,12.38,22.32
202400026130,7.22,22.49
202400026208,10.69,13.07
202400026243,5.42,6.37
202400026244,5.24,25.72
202400026249,4.65,28.4
202400026251,10.54,30.03
202400026262,7.17,22.92
202400026333,11.21,20.34
202400026361,3.96,27.05
202400026364,8.75,26.14
202400026416,0.22,5.83
202400026448,2.88,16.8
202400026538,4.92,37.97
202400026539,3.36,13.88
202400026540,4.22,12.06
202400026552,10.42,46.46
202400026577,14.24,13.45
202400026633,7.28,4.62
202400026658,8.61,5.72
202400026689,10.38,11.56
202400026690,2.67,20.42
202400026780,2.62,0.2
202400026857,6.21,17.93
202400026859,1.91,25.98
202400026919,3.64,23.37
202400026921,2.66,19.45
202400026998,13.0,18.98
202400027006,5.82,7.24
202400027022,7.96,18.14
202400027051,2.79,8.88
202400027101,2.5,2.93
202400027104,4.85,8.51
202400027106,3.26,7.42
202400027107,1.64,4.69
202400027109,8.61,12.28
202400027112,2.88,3.36
202400027115,4.69,8.84
202400027118,1.09,4.36
202400027120,6.48,10.15
202400027122,1.92,3.47
202400027124,3.53,3.2
202400027180,3.5,4.51
202400027182,11.93,34.58
202400027184,0.95,2.69
202400027201,5.22,4.47
202400027338,5.86,9.48
202400027342,6.46,6.37
202400027357,6.09,4.71
202400027420,2.92,5.44
202400027423,3.78,9.95
202400027615,3.71,14.0
202400027618,1.78,13.92
202400027705,1.4,2.91
202400027727,17.73,17.73
202400027767,11.14,25.43
202400027817,7.21,12.04
202400027840,3.56,7.72
202400027844,7.02,9.62
202400027950,4.04,19.65
202400027952,5.86,26.73
202400027962,7.66,10.7
202400027965,5.39,6.14
202400028014,7.21,6.2
202400028131,6.2,5.96
202400028132,3.67,32.42
202400028151,1.79,44.67
202400028154,8.14,13.0
202400028157,10.7,9.33
202400028175,6.38,7.36
202400028179,9.86,25.32
202400028182,6.29,15.49
202400028249,11.24,11.32
202400028251,10.56,23.76
202400028253,8.59,24.9
202400028270,3.3,3.48
202400028273,5.12,15.33
202400028355,5.62,4.24
202400028387,3.92,2.33
202400028432,4.51,7.26
202400028433,12.47,11.68
202400028435,6.75,9.09
202400028455,7.4,16.59
202400028552,8.82,14.14
202400028557,10.94,11.38
202400028558,5.98,10.91
202400028559,5.19,12.23
202400028570,4.77,24.58
202400028571,8.32,12.44
202400028578,12.25,15.26
202400028629,6.68,7.82
202400028659,10.75,8.58
202400028707,5.66,5.94
202400028778,8.2,12.07
202400028808,15.47,34.27
202400028809,6.33,22.96
202400028811,3.2,3.43
202400028828,10.29,4.83
202400028829,1.65,3.81
202400028831,1.89,44.5
202400028865,14.14,18.3
202400028882,2.66,18.36
202400028932,8.16,4.14
202400028955,2.68,2.75
202400029006,4.76,44.49
202400029119,8.07,19.68
202400029207,1.4,6.17
202400029252,4.61,9.44
202400029304,8.33,10.89
202400029311,7.86,8.04
202400029432,0.66,34.71
202400029502,3.84,14.13
202400029503,1.84,28.57
202400029505,11.77,39.58
202400029591,0.52,15.1
202400029595,3.65,4.77
202400029614,1.42,4.57
202400029662,20.89,27.6
202400029669,2.78,4.44
202400029687,5.63,5.39
202400029689,6.43,4.81
202400029704,6.34,10.3
202400029711,1.87,8.89
202400029742,7.08,13.04
202400029767,13.69,12.24
202400029815,11.12,19.13
202400029864,7.33,7.33
202400029868,13.34,27.29
202400029880,10.18,14.73
202400029885,3.06,28.12
202400029902,5.81,35.59
202400029906,11.14,52.21
202400029938,10.05,24.46
202400029943,10.83,20.62
202400029954,6.81,13.18
202400029984,2.86,16.77
202400029999,4.37,8.24
202400030038,7.56,7.46
202400030041,2.42,33.14
202400030054,12.39,22.94
202400030180,3.53,8.02
202400030183,5.16,6.46
202400030187,6.13,9.7
202400030223,2.57,6.58
202400030266,4.78,5.53
202400030329,3.11,30.13
202400030344,10.24,32.17
202400030455,4.11,11.54
202400030456,4.98,8.32
202400030512,1.6,24.26
202400030513,12.01,24.39
202400030514,2.95,20.87
202400030536,8.62,18.52
202400030551,1.74,5.01
202400030569,6.6,35.38
202400030582,5.7,17.88
202400030587,5.18,24.76
202400030595,7.14,20.65
202400030705,4.35,3.75
202400030750,5.87,7.97
202400030865,2.42,21.46
202400030943,7.92,5.92
202400030957,16.03,19.84
202400030958,6.16,4.78
202400031077,3.1,1.99
202400031142,10.44,18.52
202400031153,0.87,32.9
202400031178,3.3,7.79
202400031206,11.45,30.86
202400031207,7.81,25.8
202400031208,14.02,20.22
202400031238,4.78,3.94
202400031295,5.82,11.32
202400031298,3.28,4.94
202400031304,4.53,6.28
202400031310,1.99,7.19
202400031357,3.78,9.95
202400031395,4.05,13.35
202400031463,17.16,33.77
202400031547,2.6,22.27
202400031715,3.28,5.08
202400031738,3.72,2.05
202400031792,7.06,26.08
202400031794,3.3,19.87
202400031798,2.39,4.14
202400031862,6.5,30.51
202400031916,5.45,21.15
202400031923,5.42,5.31
202400031989,8.78,7.45
202400032049,4.23,2.32
202400032074,5.68,15.77
202400032075,10.02,15.08
202400032095,5.69,9.76
202400032098,6.78,7.55
202400032218,10.34,12.9
202400032236,12.42,33.29
202400032238,9.35,23.38
202400032254,5.34,38.02
202400032300,3.49,22.53
202400032399,6.08,6.63
202400032493,16.0,15.43
202400032517,5.81,11.07
202400032568,9.94,14.77
202400032621,15.21,13.04
202400032640,11.95,11.95
202400032687,2.78,18.48
202400032825,2.59,35.28
202400032953,7.3,6.17
202400033028,7.65,13.34
202400033063,4.67,33.2
202400033091,7.99,25.85
202400033225,2.99,3.92
202400033263,4.91,31.08
202400033320,13.79,13.79
202400033345,7.73,9.0
202400033346,3.38,17.78
202400033350,7.22,3.9
202400033353,8.93,6.46
202400033370,11.03,22.98
202400033406,3.69,2.56
202400033593,7.49,6.75
202400033624,3.93,16.33
202400033630,7.45,7.45
202400033706,10.63,15.15
202400033725,5.76,10.2
202400033733,5.07,10.5
202400033746,9.03,12.76
202400033776,3.52,10.54
202400033856,6.84,11.98
202400033903,5.94,5.51
202400033959,5.78,10.9
202400034004,4.44,3.06
202400034014,12.92,15.18
202400034024,10.28,5.14
202400034027,7.18,29.92
202400034147,7.6,24.58
202400034164,2.35,19.23
202400034173,5.38,4.61
202400034219,6.48,12.89
202400034244,4.2,11.35
202400034278,6.2,3.19
202400034281,7.27,8.09
202400034346,8.79,15.63
202400034353,10.56,16.08
202400034354,14.79,37.45
202400034413,7.81,22.26
202400034526,3.34,2.48
202400034546,8.67,21.73
202400034576,6.03,9.91
202400034589,4.44,1.66
202400034594,6.42,9.95
202400034596,12.97,11.82
202400034650,12.48,14.0
202400034665,10.11,13.4
202400034674,9.32,42.0
202400034676,15.4,23.95
202400034684,8.83,15.01
202400034750,2.79,1.06
202400034799,1.7,2.62
202400034804,6.24,11.42
202400034862,5.34,7.0
202400034910,7.16,10.5
202400034941,10.03,16.09
202400034943,10.48,13.05
202400034948,9.26,21.51
202400035019,5.96,24.24
202400035020,6.97,6.38
202400035060,4.36,8.7
202400035089,9.36,9.56
202400035159,2.86,8.19
202400035199,2.06,10.22
202400035200,6.12,2.96
202400035267,17.69,15.84
202400035326,6.3,4.32
202400035390,4.83,9.66
202400035398,5.99,6.09
202400035402,6.04,6.84
202400035478,8.19,9.83
202400035500,11.98,12.88
202400035513,2.57,25.94
202400035554,3.1,6.97
202400035560,5.55,10.73
202400035599,6.44,6.52
202400035611,6.63,20.23
202400035696,8.64,18.13
202400035697,10.32,14.9
202400035701,4.5,11.42
202400035832,9.72,23.59
202400035921,1.82,9.55
202400035930,8.65,28.02
202400035932,9.54,16.28
202400035934,5.89,20.59
202400036008,2.94,13.68
202400036020,6.15,31.1
202400036035,8.12,9.05
202400036132,2.22,5.37
202400036160,3.9,7.94
202400036161,4.76,8.8
202400036246,8.24,10.26
202400036304,8.3,5.7
202400036340,5.22,14.25
202400036342,3.9,4.88
202400036356,5.74,8.98
202400036358,3.78,8.28
202400036362,8.32,10.13
202400036386,6.35,25.16
202400036402,2.16,25.77
202400036406,1.57,24.3
202400036434,8.9,12.27
202400036465,1.61,5.3
202400036563,4.87,5.52
202400036600,7.7,5.04
202400036652,4.38,1.1
202400036742,9.35,6.35
202400036777,4.34,18.88
202400036790,1.24,38.28
202400036792,9.36,46.49
202400036806,4.34,4.07
202400036816,2.6,38.01
202400036817,16.7,26.74
202400036818,10.27,19.39
202400036830,10.85,17.93
202400036831,5.11,1.82
202400036834,2.68,12.34
202400036835,2.05,17.82
202400036841,7.58,20.24
202400036879,7.24,14.27
202400036974,1.35,7.93
202400037037,12.5,15.24
202400037101,4.94,8.61
202400037129,7.69,10.7
202400037165,3.86,3.11
202400037222,2.79,10.29
202400037291,9.21,12.57
202400037312,10.36,15.79
202400037315,8.87,12.8
202400037321,3.06,28.35
202400037360,4.56,8.43
202400037367,7.26,16.63
202400037400,0.72,27.63
202400037499,5.86,8.75
202400037526,6.16,6.68
202400037620,9.46,31.75
202400037632,4.28,38.43
202400037671,3.05,1.38
202400037713,7.61,5.14
202400037716,3.88,4.86
202400037735,10.01,9.6
202400037738,9.28,9.28
202400037801,3.21,3.2
202400037828,5.61,4.69
202400037851,17.39,28.23
202400037857,9.47,23.62
202400037970,4.29,8.45
202400038003,7.48,12.69
202400038082,7.78,16.32
202400038123,7.87,26.99
202400038127,8.13,10.88
202400038190,4.56,22.96
202400038204,8.48,17.36
202400038227,7.82,8.62
202400038341,6.81,22.29
202400038345,0.59,32.36
202400038354,7.24,12.07
202400038356,2.67,0.7
202400038517,3.53,9.46
202400038523,3.95,5.69
202400038541,9.62,15.39
202400038574,2.42,5.19
202400038606,17.33,21.43
202400038609,5.22,5.24
202400038611,5.44,3.1
202400038647,10.7,17.2
202400038649,10.69,15.56
202400038666,2.22,29.35
202400038671,3.28,5.02
202400038742,4.77,5.69
202400038812,3.28,5.48
202400038908,2.06,21.22
202400038935,2.16,25.9
202400038963,6.72,11.54
202400038992,6.9,16.61
202400039008,5.63,3.76
202400039074,3.68,2.3
202400039112,14.51,16.77
202400039126,8.16,12.4
202400039130,15.79,11.38
202400039154,10.4,3.84
202400039156,15.63,34.63
202400039170,1.31,24.22
202400039227,2.28,3.14
202400039230,5.59,10.32
202400039233,3.11,8.78
202400039235,7.91,7.26
202400039238,4.29,6.44
202400039244,2.91,15.29
202400039246,7.42,8.22
202400039249,1.84,9.56
202400039253,9.11,10.38
202400039259,7.19,6.06
202400039271,6.95,28.68
202400039374,5.13,29.43
202400039381,3.79,39.05
202400039393,15.6,31.01
202400039399,11.58,11.82
202400039413,21.46,37.1
202400039438,1.81,6.69
202400039442,3.17,8.83
202400039445,7.42,9.04
202400039447,7.46,5.35
202400039449,7.63,11.88
202400039486,7.66,4.78
202400039489,2.66,2.68
202400039491,5.7,35.83
202400039510,3.83,10.85
202400039512,6.35,12.26
202400039558,10.84,16.16
202400039594,4.28,9.99
202400039607,1.48,42.8
202400039617,6.34,12.95
202400039618,11.72,29.36
202400039702,2.39,30.91
202400039706,9.98,15.9
202400039777,4.92,28.56
202400039778,9.05,24.27
202400039780,8.65,32.57
202400039782,5.76,5.01
202400039844,4.29,3.58
202400039876,8.89,9.69
202400039928,8.46,5.26
202400039977,7.53,1.65
202400039980,2.16,19.94
202400040018,3.5,3.14
202400040202,3.65,2.92
202400040205,3.89,2.08
202400040240,9.0,11.7
202400040247,6.68,12.09
202400040249,5.28,6.25
202400040257,3.18,8.82
202400040301,10.15,14.03
202400040303,5.13,12.3
202400040311,8.11,20.4
202400040340,1.33,23.98
202400040341,15.54,29.96
202400040343,0.83,11.75
202400040347,17.54,36.12
202400040351,7.7,16.0
202400040353,9.14,9.44
202400040355,8.36,4.92
202400040357,7.68,21.01
202400040363,8.3,7.86
202400040369,6.59,25.95
202400040375,13.34,21.3
202400040392,21.95,25.2
202400040406,4.56,8.44
202400040414,6.93,4.46
202400040415,10.84,11.96
202400040447,6.88,9.15
202400040542,0.34,29.9
202400040581,2.85,7.81
202400040619,7.34,15.21
202400040646,2.66,0.93
202400040648,3.53,2.87
202400040705,11.21,15.24
202400040730,5.7,28.01
202400040746,8.06,14.24
202400040806,10.15,17.18
202400040851,5.36,5.5
202400040906,3.68,2.76
202400040909,3.68,1.95
202400040917,6.92,20.47
202400040961,8.27,27.2
202400041060,5.14,10.99
202400041164,3.98,3.32
202400041167,4.7,6.0
202400041249,9.12,33.93
202400041253,5.72,6.12
202400041258,7.02,5.0
202400041262,2.84,9.02
202400041266,7.35,4.6
202400041268,6.92,21.72
202400041294,5.99,12.6
202400041383,7.59,14.81
202400041387,10.96,29.9
202400041397,1.0,13.14
202400041418,17.66,22.21
202400041431,2.16,28.41
202400041437,4.75,17.09
202400041536,11.3,32.85
202400041617,4.34,6.86
202400041619,4.5,10.01
202400041629,1.84,3.77
202400041630,7.92,9.44
202400041633,4.55,20.32
202400041666,7.57,10.58
202400041725,3.41,18.74
202400041740,5.52,14.61
202400041776,10.09,13.1
202400041792,2.99,23.58
202400041809,2.84,3.14
202400041810,3.16,4.84
202400041812,6.16,6.05
202400041896,15.96,17.13
202400041934,7.44,12.33
202400041937,5.01,10.62
202400041939,4.19,10.36
202400041992,6.29,11.35
202400042152,3.46,18.91
202400042184,4.34,34.06
202400042187,7.37,16.58
202400042191,3.04,29.43
202400042232,11.96,16.12
202400042241,6.64,21.14
202400042324,10.99,18.69
202400042407,7.12,9.1
202400042487,5.96,11.55
202400042505,8.72,22.72
202400042541,9.7,32.6
202400042571,5.57,6.51
202400042628,8.27,7.53
202400042707,5.57,9.93
202400042745,5.21,11.03
202400042750,13.85,19.83
202400042751,1.33,22.97
202400042909,5.52,6.32
202400042918,7.33,5.95
202400042938,1.93,27.15
202400042950,11.57,14.14
202400042963,1.87,13.02
202400042988,2.21,7.27
202400043013,9.82,13.36
202400043048,4.15,26.35
202400043050,6.07,20.17
202400043072,6.9,16.89
202400043073,1.76,7.91
202400043080,17.11,23.31
202400043088,2.66,20.86
202400043189,5.56,25.29
202400043199,8.9,15.35
202400043317,1.1,28.25
202400043319,4.15,32.75
202400043325,9.28,33.02
202400043329,5.56,5.85
202400043331,1.59,26.62
202400043409,3.44,5.1
202400043418,0.4,28.95
202400043459,1.32,29.84
202400043473,3.68,9.75
202400043485,5.38,22.63
202400043488,13.84,29.51
202400043499,8.37,7.15
202400043526,15.86,47.77
202400043529,6.31,12.92
202400043534,9.07,14.65
202400043538,1.13,2.87
202400043620,6.38,10.45
202400043637,10.86,17.15
202400043640,11.56,12.54
202400043648,0.72,20.45
202400043705,8.52,8.53
202400043709,4.79,3.83
202400043839,2.97,8.95
202400043905,7.26,4.72
202400043907,5.71,6.51
202400044068,0.88,13.51
202400044073,10.06,14.85
202400044126,12.38,16.96
202400044130,4.81,14.81
202400044163,10.76,16.79
202400044167,9.35,32.64
202400044199,1.12,9.33
202400044337,11.02,14.99
202400044338,7.19,12.02
202400044369,3.84,18.82
202400044372,7.9,14.75
202400044387,17.85,22.72
202400044414,7.92,15.9
202400044462,7.82,12.32
202400044557,4.01,3.43
202400044614,9.86,27.99
202400044622,7.64,48.71
202400044625,14.06,10.43
202400044634,5.55,13.19
202400044639,5.57,16.31
202400044646,9.89,29.98
202400044648,16.46,15.31
202400044727,6.34,9.68
202400044728,4.22,7.13
202400044729,6.36,8.98
202400044730,8.92,11.04
202400044781,7.27,28.96
202400044793,3.98,20.32
202400044817,2.95,27.63
202400044862,11.6,28.43
202400044868,11.92,17.44
202400044888,6.52,21.53
202400044908,9.44,10.08
202400044910,12.81,26.29
202400044994,7.92,12.81
202400045018,11.24,22.57
202400045044,9.06,13.68
202400045070,8.06,27.22
202400045074,4.4,18.8
202400045085,1.39,27.77
202400045093,9.83,11.06
202400045115,10.28,9.7
202400045152,11.6,15.66
202400045247,3.38,5.53
202400045252,6.68,14.17
202400045263,2.66,33.85
202400045357,5.6,23.41
202400045363,4.45,3.42
202400045442,2.2,4.16
202400045462,7.72,7.72
202400045480,6.01,7.69
202400045554,5.17,5.75
202400045567,8.2,9.86
202400045593,5.49,11.28
202400045620,4.11,5.12
202400045631,3.74,3.76
202400045640,4.73,5.76
202400045654,0.77,22.41
202400045688,3.14,2.6
202400045697,4.23,7.86
202400045722,6.33,7.66
202400045724,5.28,9.31
202400045798,10.94,11.74
202400045860,5.64,14.67
202400045878,6.84,17.12
202400045896,2.86,41.78
202400045905,3.48,19.84
202400045922,11.0,24.11
202400045923,1.16,14.86
202400045945,8.35,15.58
202400045966,17.63,15.29
202400045971,8.04,31.14
202400045981,1.51,3.92
202400046199,3.67,7.33
202400046214,0.91,14.82
202400046268,2.28,9.31
202400046348,14.33,17.43
202400046351,9.21,10.14
202400046367,11.21,22.44
202400046453,10.03,10.13
202400046456,8.52,17.13
202400046463,4.39,10.68
202400046464,10.38,26.37
202400046466,2.64,18.4
202400046560,8.69,29.34
202400046584,7.22,8.3
202400046587,2.53,6.26
202400046589,5.17,8.41
202400046599,5.3,23.05
202400046607,0.57,6.17
202400046609,11.43,15.89
202400046611,2.13,7.09
202400046613,3.22,3.9
202400046615,6.09,4.87
202400046656,2.6,38.01
202400046663,6.09,6.39
202400046687,6.04,6.37
202400046729,9.38,28.91
202400046808,8.16,8.05
202400046898,1.23,15.14
202400046919,4.64,5.94
202400046933,12.43,21.86
202400046938,1.35,17.63
202400046940,2.9,17.9
202400046954,2.7,5.36
202400046959,12.05,11.44
202400046991,8.88,9.67
202400046994,5.9,3.72
202400047004,11.65,11.74
202400047020,15.36,26.98
202400047081,6.93,17.14
202400047089,13.9,28.32
202400047122,5.05,14.95
202400047178,3.9,5.75
202400047235,12.12,16.67
202400047311,4.46,5.58
202400047352,6.14,30.1
202400047360,12.7,41.21
202400047367,3.37,1.64
202400047398,10.45,15.28
202400047403,1.98,1.66
202400047405,7.92,27.41
202400047462,7.02,10.7
202400047551,9.43,7.68
202400047555,9.47,14.3
202400047571,1.3,16.18
202400047576,1.7,30.3
202400047659,6.42,7.27
202400047673,4.99,10.5
202400047680,2.77,4.43
202400047699,1.83,8.64
202400047707,4.6,10.02
202400047711,6.75,38.66
202400047716,6.28,30.72
202400047729,5.02,19.76
202400047734,10.86,12.0
202400047819,6.28,5.54
202400047885,7.22,12.82
202400047900,5.6,33.99
202400047905,5.61,8.43
202400047912,8.14,8.88
202400047918,6.62,7.36
202400047925,9.56,14.51
202400047957,14.0,20.24
202400047962,3.36,17.77
202400047966,4.61,29.46
202400047977,5.62,9.1
202400048015,35.42,51.06
202400048141,23.82,27.07
202400048188,4.67,24.38
202400048194,12.66,11.51
202400048341,2.84,28.13
202400048425,12.7,31.88
202400048481,7.04,4.29
202400048487,4.41,8.93
202400048513,0.14,5.91
202400048515,5.83,5.5
202400048536,5.23,8.06
202400048538,3.9,8.86
202400048577,4.52,23.0
202400048578,0.39,42.98
202400048603,3.21,9.2
202400048645,3.14,2.61
202400048694,2.02,28.1
202400048751,1.67,15.58
202400048757,4.56,4.77
202400048837,16.32,16.64
202400048875,6.27,29.94
202400048939,4.39,10.56
202400048943,1.86,2.28
202400049039,2.03,21.7
202400049109,10.44,13.58
202400049113,8.81,30.89
202400049138,1.06,5.96
202400049145,7.86,27.09
202400049159,9.25,15.05
202400049171,4.38,4.28
202400049179,4.71,2.06
202400049225,8.87,7.49
202400049281,8.01,6.81
202400049316,5.48,5.39
202400049317,2.23,12.52
202400049351,5.92,24.97
202400049381,4.05,2.83
202400049389,4.19,8.19
202400049464,6.6,23.35
202400049516,14.0,19.22
202400049543,6.98,36.85
202400049555,6.47,26.57
202400049594,3.33,20.12
202400049690,12.38,40.65
202400049710,11.66,16.14
202400049717,7.08,17.64
202400049779,13.06,12.94
202400049791,15.07,42.47
202400049812,10.38,10.46
202400049824,11.78,18.93
202400049830,4.18,32.7
202400049854,13.13,17.28
202400049870,8.28,39.88
202400049877,5.17,27.01
202400050063,6.03,3.74
202400050070,4.54,2.73
202400050086,8.31,6.02
202400050141,2.99,23.63
202400050157,7.67,14.51
202400050187,2.53,4.19
202400050191,6.1,9.6
202400050240,6.32,9.83
202400050259,7.45,8.25
202400050320,2.17,22.0
202400050345,5.7,24.18
202400050354,1.88,24.83
202400050431,11.72,17.03
202400050436,14.13,30.6
202400050450,0.32,28.7
202400050467,16.9,34.0
202400050508,6.14,2.16
202400050521,4.78,8.12
202400050541,4.31,17.07
202400050543,4.49,9.38
202400050570,9.28,10.54
202400050610,5.18,6.92
202400050613,5.05,8.28
202400050615,1.84,2.14
202400050701,5.42,5.71
202400050729,11.18,32.03
202400050761,24.63,28.55
202400050768,9.41,16.82
202400050850,5.64,9.51
202400050860,5.69,6.24
202400050867,8.91,9.72
202400050871,6.13,7.79
202400050879,9.82,12.84
202400050880,7.9,9.71
202400050902,3.79,24.1
202400050955,11.02,21.36
202400050986,5.47,12.66
202400051068,4.16,3.59
202400051119,5.48,9.29
202400051125,9.79,17.08
202400051178,9.77,25.53
202400051180,8.68,14.74
202400051238,10.26,11.19
202400051263,8.03,8.39
202400051275,13.19,21.1
202400051325,7.4,28.25
202400051449,5.54,8.56
202400051500,17.05,25.14
202400051533,2.74,3.2
202400051614,2.4,5.86
202400051624,7.16,3.46
202400051728,8.16,4.18
202400051732,4.48,21.19
202400051735,3.63,22.41
202400051739,6.22,10.83
202400051741,11.59,18.95
202400051749,7.62,5.82
202400051755,27.4,68.47
202400051822,8.31,8.6
202400051837,1.13,27.16
202400051965,3.85,4.77
202400051970,5.24,8.51
202400051973,9.61,31.76
202400052013,4.23,0.8
202400052085,5.63,12.68
202400052115,4.33,16.22
202400052119,6.15,6.46
202400052135,7.09,8.64
202400052145,6.48,18.94
202400052146,8.9,6.48
202400052154,8.18,28.3
202400052179,5.28,3.63
202400052306,9.95,10.03
202400052320,6.9,11.8
202400052333,9.22,6.75
202400052343,8.02,20.51
202400052345,7.51,3.48
202400052348,6.27,1.71
202400052360,12.75,39.62
202400052366,19.07,20.05
202400052374,8.13,8.22
202400052393,7.11,4.6
202400052420,6.08,10.64
202400052446,5.45,11.7
202400052447,5.55,6.68
202400052493,5.68,17.05
202400052522,3.61,8.3
202400052523,8.46,11.47
202400052550,4.36,4.57
202400052584,4.65,23.32
202400052599,1.81,7.12
202400052632,2.55,26.16
202400052636,2.03,2.28
202400052646,4.3,4.88
202400052670,13.86,14.57
202400052705,7.38,10.92
202400052738,5.09,25.37
202400052746,10.07,25.86
202400052767,9.81,37.5
202400052860,12.09,14.5
202400052956,1.43,26.28
202400052961,8.76,3.82
202400052970,9.14,6.9
202400053025,10.61,24.76
202400053062,1.09,8.35
202400053064,11.35,11.41
202400053082,6.5,6.4
202400053104,5.42,9.3
202400053140,6.58,12.31
202400053164,7.4,16.3
202400053227,5.71,4.97
202400053275,1.2,24.92
202400053294,7.17,9.47
202400053308,10.92,13.22
202400053316,3.54,3.67
202400053317,5.81,24.7
202400053324,5.52,8.67
202400053333,4.63,8.3
202400053341,3.9,7.06
202400053344,6.39,23.72
202400053352,1.85,5.52
202400053363,0.44,5.6
202400053366,8.82,40.7
202400053393,19.47,39.55
202400053428,5.62,9.76
202400053446,1.85,5.2
202400053451,4.54,11.46
202400053513,11.17,9.0
202400053546,7.25,14.28
202400053570,10.47,10.48
202400053582,3.38,3.91
202400053606,10.74,21.24
202400053612,8.04,24.23
202400053621,9.85,14.76
202400053632,13.38,16.83
202400053662,7.19,30.65
202400053707,8.41,11.42
202400053755,0.61,16.98
202400053768,6.67,9.26
202400053885,5.63,32.75
202400053889,6.1,7.22
202400053894,3.62,12.5
202400053895,4.98,4.6
202400053908,0.7,7.51
202400053909,2.39,5.86
202400053947,11.06,22.4
202400053957,6.58,22.35
202400054002,11.68,16.07
202400054032,4.82,8.7
202400054053,3.84,21.57
202400054077,17.52,33.16
202400054088,6.07,25.65
202400054110,8.16,38.07
202400054112,10.61,30.19
202400054127,2.74,3.2
202400054158,5.31,6.88
202400054166,3.91,5.04
202400054168,7.87,4.13
202400054175,9.0,7.13
202400054186,9.45,28.72
202400054238,2.28,3.15
202400054245,7.69,5.54
202400054309,9.15,17.46
