Num_Acc,nearest_pompiers_min_osrm,nearest_sau_min_osrm
202200000101,14.15,17.37
202200000170,7.41,8.52
202200000182,2.68,5.13
202200000243,4.66,15.76
202200000244,6.23,11.43
202200000278,6.99,18.4
202200000334,10.56,4.8
202200000337,6.2,5.08
202200000374,8.49,4.88
202200000375,3.71,7.08
202200000387,5.47,6.04
202200000440,8.35,8.94
202200000462,9.59,58.28
202200000501,11.15,12.87
202200000524,4.74,4.56
202200000525,2.56,4.35
202200000539,6.79,11.37
202200000596,4.23,6.38
202200000608,8.38,32.22
202200000625,5.5,27.99
202200000759,10.09,5.05
202200000810,6.08,8.54
202200000812,3.26,4.15
202200000828,5.2,5.88
202200000831,4.04,4.6
202200000988,17.26,33.84
202200000993,13.42,18.13
202200001013,11.13,22.45
202200001025,1.37,10.72
202200001090,3.36,3.92
202200001250,8.81,6.77
202200001251,4.17,2.66
202200001252,13.14,7.32
202200001257,2.38,12.69
202200001309,7.94,12.13
202200001310,7.12,9.92
202200001341,6.04,7.12
202200001458,20.42,21.28
202200001459,14.99,22.9
202200001561,3.31,1.95
202200001637,7.36,13.0
202200001649,4.0,18.06
202200001672,9.82,9.4
202200001802,11.55,21.47
202200001826,4.91,15.29
202200001866,4.41,4.61
202200001870,1.85,4.44
202200001873,6.14,11.04
202200001902,8.3,19.36
202200001925,3.91,6.51
202200001966,6.57,5.3
202200002025,2.04,19.6
202200002166,7.24,26.54
202200002198,3.83,21.05
202200002204,12.18,27.25
202200002206,6.63,32.75
202200002272,11.03,14.58
202200002310,3.15,5.62
202200002313,9.71,10.86
202200002317,7.9,6.22
202200002351,12.66,62.32
202200002353,1.05,19.93
202200002356,8.07,17.39
202200002361,12.02,10.51
202200002365,2.88,13.67
202200002366,8.33,16.26
202200002367,5.23,19.76
202200002370,2.38,3.02
202200002372,5.98,11.03
202200002376,9.43,18.21
202200002380,12.48,18.46
202200002382,19.38,18.12
202200002511,1.6,1.68
202200002577,7.63,7.58
202200002633,4.14,4.27
202200002634,6.79,5.93
202200002661,5.37,5.24
202200002669,1.2,3.35
202200002686,4.18,6.63
202200002718,9.65,8.2
202200002733,2.94,6.29
202200002748,8.63,20.03
202200002832,8.02,4.74
202200002850,8.44,12.71
202200002919,2.94,10.85
202200002920,4.33,40.46
202200002921,11.8,35.72
202200002922,4.17,8.59
202200002983,2.43,2.38
202200003062,6.38,34.39
202200003067,5.83,7.72
202200003077,8.58,16.5
202200003078,9.66,9.93
202200003152,2.82,21.25
202200003162,7.58,8.27
202200003187,8.09,6.06
202200003189,5.8,6.48
202200003194,10.18,14.14
202200003307,6.16,30.56
202200003458,1.29,11.87
202200003493,3.88,3.01
202200003502,8.0,3.72
202200003506,3.58,2.13
202200003555,7.48,14.64
202200003570,8.64,8.25
202200003577,0.68,6.37
202200003633,5.11,1.25
202200003658,5.04,4.34
202200003820,7.27,3.82
202200003823,11.96,4.19
202200003828,5.66,5.53
202200003874,3.46,3.22
202200003882,5.39,7.0
202200003896,3.19,3.19
202200003903,3.02,6.26
202200003926,14.66,14.84
202200003946,5.01,35.48
202200004035,14.49,25.42
202200004076,6.55,4.84
202200004118,8.38,8.7
202200004130,13.71,12.96
202200004131,6.94,14.49
202200004138,6.5,5.42
202200004280,4.7,4.89
202200004298,6.51,3.63
202200004301,6.49,5.96
202200004310,3.4,15.25
202200004312,7.12,6.34
202200004322,10.1,2.84
202200004365,6.42,2.56
202200004416,5.43,3.93
202200004438,14.6,25.94
202200004440,7.56,35.33
202200004477,6.71,15.94
202200004576,5.89,17.57
202200004676,4.61,7.21
202200004677,5.1,3.41
202200004731,4.68,10.93
202200004735,6.78,6.4
202200004737,6.39,2.44
202200004797,9.72,13.99
202200004799,13.65,23.48
202200004812,4.57,20.98
202200004816,6.38,21.09
202200004817,0.74,9.49
202200004967,4.69,4.01
202200005013,1.38,21.3
202200005016,5.23,1.67
202200005034,8.95,5.69
202200005065,3.51,18.56
202200005108,4.44,5.12
202200005268,3.7,6.06
202200005273,6.6,6.45
202200005274,7.09,5.57
202200005275,3.83,2.47
202200005372,21.34,35.37
202200005382,5.96,3.62
202200005501,1.84,30.98
202200005565,12.05,12.7
202200005607,4.37,4.57
202200005614,6.9,25.99
202200005644,7.02,20.2
202200005679,3.27,5.25
202200005829,8.94,21.19
202200005892,5.23,14.7
202200005979,4.66,4.61
202200005986,9.1,30.33
202200005990,4.67,16.39
202200006029,3.3,27.84
202200006053,11.37,13.74
202200006077,5.5,1.93
202200006119,5.85,4.21
202200006176,3.44,24.48
202200006195,6.07,29.85
202200006237,7.8,13.99
202200006273,6.61,21.24
202200006275,9.77,12.28
202200006381,5.68,6.32
202200006382,4.76,5.4
202200006445,18.8,23.15
202200006446,12.52,11.0
202200006468,12.91,57.79
202200006469,11.92,7.56
202200006481,4.8,16.98
202200006482,4.74,11.38
202200006518,9.1,10.25
202200006531,4.62,3.41
202200006631,3.92,17.59
202200006633,2.2,8.2
202200006680,2.93,3.57
202200006740,9.28,6.3
202200006751,10.44,2.86
202200006764,6.46,29.15
202200006765,7.97,6.72
202200006782,2.85,12.96
202200006792,3.63,30.28
202200006793,10.1,11.32
202200006811,3.72,13.71
202200006824,9.98,13.04
202200006832,15.68,14.32
202200006844,3.43,3.24
202200006847,4.66,4.73
202200006849,5.9,2.86
202200006851,5.01,1.97
202200006854,6.54,4.76
202200006936,6.14,4.45
202200006937,5.54,7.74
202200006942,5.25,5.93
202200006945,4.22,6.21
202200006984,3.9,5.85
202200006987,5.56,6.14
202200006990,2.83,3.47
202200007073,9.32,11.34
202200007076,9.78,30.98
202200007104,3.68,19.35
202200007107,5.28,5.14
202200007111,12.56,31.09
202200007209,2.94,27.14
202200007217,4.68,2.96
202200007249,5.34,7.45
202200007281,7.61,4.44
202200007299,2.86,25.54
202200007315,5.25,15.14
202200007338,9.84,4.94
202200007488,3.8,1.06
202200007508,5.84,29.61
202200007512,7.49,22.46
202200007523,6.43,4.75
202200007552,12.37,30.48
202200007619,4.77,3.1
202200007702,12.03,10.25
202200007704,7.38,23.52
202200007706,6.91,29.26
202200007707,8.59,16.88
202200007708,2.54,13.67
202200007822,4.95,4.9
202200007841,6.38,8.48
202200007889,5.55,4.81
202200007890,5.41,5.04
202200007900,5.8,6.44
202200007924,4.09,2.73
202200007926,6.87,6.4
202200008042,12.03,14.55
202200008044,4.61,4.61
202200008087,10.79,13.82
202200008101,6.42,14.14
202200008104,8.03,10.68
202200008110,2.49,10.54
202200008112,1.81,13.64
202200008118,10.01,13.58
202200008232,8.57,8.16
202200008233,7.25,3.56
202200008301,4.48,6.94
202200008302,6.24,6.81
202200008372,16.86,14.17
202200008400,5.84,21.24
202200008404,10.06,16.54
202200008405,8.14,6.46
202200008580,7.11,6.36
202200008659,10.78,7.62
202200008660,8.85,11.37
202200008666,8.17,28.28
202200008688,14.84,29.78
202200008689,7.27,19.66
202200008695,4.85,9.86
202200008696,12.29,11.58
202200008738,4.0,4.48
202200008739,5.97,2.93
202200008773,13.0,25.68
202200008852,9.69,21.59
202200008882,6.49,4.11
202200008926,2.58,6.78
202200008928,4.12,4.25
202200008950,9.62,7.43
202200008956,6.2,2.84
202200008982,7.9,6.83
202200008990,13.45,13.06
202200008996,4.31,5.64
202200009174,8.56,8.01
202200009178,12.15,3.3
202200009266,1.29,34.2
202200009369,4.09,4.39
202200009408,9.86,2.1
202200009423,8.44,9.07
202200009441,5.52,3.76
202200009625,6.27,5.86
202200009628,3.76,3.96
202200009672,10.09,29.33
202200009689,7.05,2.22
202200009699,8.76,16.27
202200009909,6.84,5.38
202200009911,11.58,5.92
202200009914,11.63,4.06
202200009954,6.23,7.84
202200010069,6.69,21.83
202200010093,13.56,16.38
202200010095,6.29,6.05
202200010147,5.61,3.26
202200010157,9.82,20.08
202200010168,10.64,11.16
202200010196,10.26,17.26
202200010199,4.5,13.97
202200010207,3.57,3.3
202200010210,5.24,1.29
202200010229,4.33,5.01
202200010268,4.77,21.95
202200010293,5.52,20.33
202200010391,6.12,3.74
202200010395,6.76,3.63
202200010397,4.12,4.24
202200010442,13.62,16.57
202200010448,10.72,10.66
202200010460,1.53,45.47
202200010461,5.22,32.36
202200010510,4.5,22.8
202200010523,16.1,18.16
202200010529,5.25,3.56
202200010570,13.56,18.06
202200010576,3.35,17.54
202200010577,5.68,27.38
202200010584,2.88,17.59
202200010585,7.6,19.26
202200010586,6.9,16.19
202200010686,6.47,7.35
202200010690,9.14,38.12
202200010701,13.16,8.79
202200010716,3.07,18.44
202200010717,11.87,26.78
202200010722,10.32,6.24
202200010729,0.92,12.52
202200010862,4.49,4.69
202200010866,5.54,1.97
202200010920,9.55,9.14
202200010922,5.72,6.79
202200010926,5.1,5.09
202200010928,12.9,13.79
202200010932,9.59,21.58
202200010979,9.47,7.84
202200010983,2.76,3.83
202200011036,7.31,9.27
202200011039,3.88,5.74
202200011049,9.96,3.48
202200011062,4.34,4.53
202200011065,7.89,6.41
202200011145,6.4,6.8
202200011222,10.83,5.16
202200011258,10.55,9.43
202200011313,9.64,10.16
202200011348,7.9,6.66
202200011352,2.2,2.84
202200011403,5.91,10.49
202200011415,10.45,2.24
202200011435,5.91,24.1
202200011443,4.04,4.68
202200011555,14.67,14.68
202200011572,27.39,58.34
202200011573,4.6,21.07
202200011740,3.46,4.03
202200011789,8.31,4.71
202200011794,7.42,8.32
202200011817,7.68,23.52
202200011843,7.7,6.78
202200011847,12.34,20.48
202200011855,5.59,12.3
202200011864,7.25,18.5
202200011914,7.32,2.96
202200011915,5.57,4.93
202200011916,5.35,4.27
202200011917,6.88,5.75
202200011918,5.9,4.16
202200011919,4.72,5.4
202200011952,9.01,7.11
202200011988,12.82,8.37
202200012077,2.99,4.27
202200012085,4.19,4.8
202200012146,10.18,10.12
202200012157,5.28,7.37
202200012161,5.02,7.7
202200012425,9.8,23.83
202200012427,5.43,14.69
202200012515,4.14,6.82
202200012528,17.78,23.54
202200012548,2.51,25.21
202200012565,8.96,28.98
202200012566,5.85,44.75
202200012574,13.49,11.13
202200012576,3.36,14.12
202200012592,9.91,14.23
202200012688,13.5,7.18
202200012690,10.69,13.62
202200012695,9.83,2.85
202200012703,4.5,5.01
202200012760,3.85,25.5
202200012761,11.22,18.35
202200012764,3.96,16.04
202200012808,9.69,6.09
202200012824,6.92,18.24
202200012841,7.75,3.98
202200012842,10.34,9.8
202200012917,12.75,11.06
202200012948,4.22,4.78
202200012974,12.86,32.03
202200013016,2.87,4.98
202200013061,1.15,1.64
202200013069,4.72,4.91
202200013194,2.88,20.5
202200013238,13.14,8.23
202200013272,4.16,2.8
202200013277,2.8,1.45
202200013333,13.19,19.07
202200013339,14.29,15.41
202200013425,6.68,3.63
202200013433,4.73,5.37
202200013448,7.56,16.65
202200013459,5.9,11.34
202200013469,4.88,9.87
202200013471,3.9,2.88
202200013510,2.48,3.58
202200013597,8.27,8.54
202200013601,8.37,27.2
202200013637,6.96,19.41
202200013649,5.23,17.02
202200013676,3.72,3.98
202200013681,5.06,5.74
202200013683,3.78,3.98
202200013686,6.42,2.82
202200013708,3.94,23.23
202200013726,13.39,22.22
202200013727,0.34,16.65
202200013732,6.81,7.5
202200013779,3.31,1.86
202200013783,4.03,2.67
202200013786,3.4,3.86
202200013849,7.36,2.34
202200013881,8.93,9.52
202200013919,6.08,20.45
202200013921,3.02,50.24
202200013933,3.74,19.6
202200013967,1.12,5.41
202200013971,7.36,17.39
202200013983,3.51,68.78
202200014037,3.11,3.38
202200014064,6.32,3.28
202200014067,5.16,1.0
202200014221,14.52,12.54
202200014231,4.69,8.85
202200014237,11.98,16.44
202200014282,26.29,45.97
202200014283,3.63,11.3
202200014305,2.85,4.88
202200014307,2.09,21.59
202200014308,4.6,2.95
202200014378,6.32,2.47
202200014398,5.13,12.58
202200014421,10.41,32.86
202200014429,6.67,11.57
202200014430,3.83,11.49
202200014458,5.98,9.81
202200014460,9.02,9.71
202200014462,8.92,9.61
202200014474,5.03,7.5
202200014551,5.47,10.49
202200014553,7.57,17.26
202200014562,1.77,2.67
202200014564,4.05,2.47
202200014584,2.71,3.28
202200014623,7.49,24.73
202200014628,11.15,9.46
202200014632,3.27,17.33
202200014743,8.51,3.48
202200014834,5.95,4.82
202200014844,4.76,7.24
202200014869,0.86,2.05
202200014872,3.97,6.42
202200014917,10.84,9.23
202200014934,4.46,31.02
202200014941,11.4,15.99
202200014962,5.03,19.77
202200015010,3.93,24.44
202200015031,5.85,9.19
202200015058,5.71,19.25
202200015063,2.03,31.7
202200015085,4.31,10.78
202200015086,5.8,12.79
202200015089,2.11,20.99
202200015189,5.38,1.78
202200015237,8.28,19.84
202200015240,13.99,18.35
202200015245,3.54,7.9
202200015326,2.77,4.87
202200015431,35.63,25.98
202200015446,3.51,15.48
202200015455,5.16,36.11
202200015595,5.56,7.67
202200015618,10.78,24.46
202200015631,17.05,16.2
202200015653,6.21,11.42
202200015687,3.56,8.74
202200015714,8.01,5.2
202200015766,5.44,11.94
202200015786,12.41,45.57
202200015802,6.1,8.98
202200015827,4.8,5.11
202200015863,12.04,7.51
202200015958,6.0,24.11
202200015960,2.97,34.02
202200015964,17.31,15.31
202200015973,0.88,9.99
202200015993,19.27,19.97
202200015996,5.09,29.67
202200016154,3.31,3.87
202200016199,2.22,9.85
202200016263,4.9,21.73
202200016282,4.97,25.44
202200016318,7.23,6.73
202200016319,5.07,2.4
202200016328,6.66,2.81
202200016329,6.54,6.79
202200016420,9.57,14.06
202200016421,2.55,13.71
202200016427,19.98,35.67
202200016429,0.76,24.44
202200016442,6.19,11.89
202200016444,2.95,14.58
202200016454,14.49,21.13
202200016474,4.38,39.64
202200016533,4.95,5.15
202200016569,10.73,28.91
202200016595,6.26,5.57
202200016596,6.55,8.57
202200016597,3.67,4.24
202200016598,6.36,6.46
202200016717,11.88,20.02
202200016719,11.44,21.36
202200016724,8.96,17.64
202200016744,11.8,9.44
202200016763,7.22,20.36
202200016765,12.0,11.19
202200016768,10.26,6.17
202200016789,17.73,15.31
202200016801,9.94,20.03
202200016818,5.57,13.02
202200016821,8.31,28.58
202200016848,4.93,19.64
202200016852,3.02,13.2
202200016854,7.8,8.19
202200017009,0.98,3.87
202200017059,3.7,30.32
202200017062,3.04,41.06
202200017077,12.88,21.32
202200017166,6.01,2.41
202200017168,10.07,14.34
202200017171,3.18,2.52
202200017178,3.75,6.8
202200017237,7.55,5.01
202200017241,3.11,7.06
202200017242,5.15,4.78
202200017246,2.56,4.23
202200017247,4.27,3.9
202200017268,5.39,3.74
202200017313,3.99,4.56
202200017394,6.36,4.08
202200017421,4.7,13.34
202200017431,1.89,23.22
202200017439,2.22,14.62
202200017494,1.52,8.45
202200017508,3.03,12.67
202200017511,4.22,7.28
202200017541,1.8,3.96
202200017556,5.1,5.3
202200017610,4.96,4.06
202200017671,4.49,4.36
202200017673,5.92,5.21
202200017677,3.22,3.78
202200017838,3.58,21.14
202200017894,4.82,4.84
202200017896,5.1,4.18
202200017924,9.65,5.48
202200018033,6.07,25.36
202200018064,2.83,3.94
202200018065,12.96,7.4
202200018125,3.29,5.44
202200018185,9.5,27.68
202200018243,2.81,3.38
202200018342,6.16,3.12
202200018345,4.94,5.25
202200018354,3.91,9.62
202200018358,4.9,5.26
202200018393,3.37,4.0
202200018395,2.42,1.06
202200018432,2.84,2.95
202200018503,5.99,8.59
202200018504,3.8,4.9
202200018507,6.3,8.9
202200018510,9.78,4.86
202200018512,8.94,3.25
202200018513,1.06,3.22
202200018518,8.58,2.24
202200018613,6.22,6.42
202200018686,3.25,5.85
202200018688,4.2,9.57
202200018825,3.48,10.44
202200018842,9.48,17.0
202200018860,6.01,28.69
202200018864,6.19,3.98
202200018870,5.62,4.12
202200018874,4.42,4.6
202200018884,5.19,12.73
202200018889,2.37,13.85
202200018895,7.1,7.64
202200018932,14.7,20.5
202200018935,6.49,15.58
202200018975,8.61,9.14
202200018976,3.1,1.74
202200019091,15.63,17.24
202200019156,4.06,2.9
202200019158,3.72,5.64
202200019195,7.84,12.42
202200019238,3.7,21.81
202200019242,11.31,11.31
202200019270,7.31,9.35
202200019329,5.51,6.81
202200019352,4.54,19.56
202200019370,9.19,11.01
202200019402,9.18,14.99
202200019444,9.57,9.04
202200019546,5.56,6.2
202200019591,8.9,20.7
202200019609,3.32,3.32
202200019628,12.93,26.91
202200019633,7.47,7.34
202200019635,15.28,42.58
202200019638,6.46,7.58
202200019639,9.45,11.2
202200019643,8.24,17.99
202200019644,7.37,9.83
202200019645,17.92,19.73
202200019755,9.94,6.33
202200019793,5.99,6.1
202200019849,13.55,26.27
202200019850,2.86,6.55
202200019852,4.63,32.78
202200019865,9.17,11.69
202200019877,8.72,9.04
202200019918,0.25,12.33
202200019933,5.83,21.62
202200019937,5.28,7.43
202200019986,7.57,13.41
202200020091,4.88,3.27
202200020092,7.22,5.18
202200020122,13.43,8.98
202200020123,5.82,11.47
202200020126,6.53,2.63
202200020127,10.06,2.36
202200020145,7.14,5.9
202200020146,5.53,5.39
202200020147,3.9,2.54
202200020148,3.64,4.19
202200020214,8.55,30.86
202200020268,5.09,4.95
202200020269,8.48,6.84
202200020278,4.56,7.16
202200020280,3.12,2.71
202200020383,12.86,7.95
202200020404,5.9,13.42
202200020429,2.26,19.76
202200020467,3.6,3.2
202200020513,8.52,31.02
202200020534,17.66,19.46
202200020542,11.32,20.25
202200020548,12.85,27.04
202200020552,3.82,6.5
202200020610,2.32,0.96
202200020690,7.85,9.75
202200020699,11.27,17.74
202200020715,1.88,32.8
202200020722,6.9,29.81
202200020723,5.23,16.49
202200020724,3.12,22.61
202200020725,3.21,18.11
202200020746,1.11,20.99
202200020815,4.3,4.31
202200020817,5.99,4.05
202200020847,5.5,1.93
202200020889,6.14,16.28
202200020890,8.65,10.61
202200020928,8.22,22.93
202200020936,10.84,9.69
202200020940,7.24,18.44
202200020956,3.6,13.76
202200020960,6.55,16.58
202200020963,9.1,12.6
202200020966,3.73,18.74
202200021172,9.2,7.6
202200021251,7.19,22.68
202200021253,5.96,27.7
202200021262,5.72,12.22
202200021287,1.59,13.88
202200021324,2.58,14.46
202200021384,7.35,5.71
202200021437,6.46,12.96
202200021439,2.88,10.54
202200021504,5.23,7.53
202200021536,4.2,4.33
202200021566,3.38,2.5
202200021643,1.57,5.42
202200021653,8.25,3.8
202200021685,12.64,24.1
202200021769,5.74,6.42
202200021831,11.56,20.61
202200021833,14.0,19.3
202200021842,23.63,23.64
202200021951,9.21,44.84
202200021974,14.74,11.56
202200021980,5.7,17.88
202200022036,4.74,6.98
202200022055,2.51,19.25
202200022061,1.27,5.28
202200022070,9.17,2.19
202200022071,4.44,2.15
202200022201,13.93,27.48
202200022216,4.59,17.21
202200022221,4.56,13.05
202200022234,12.38,18.37
202200022365,9.56,3.9
202200022371,6.64,3.65
202200022393,7.93,21.92
202200022615,14.67,26.27
202200022629,5.25,17.65
202200022642,5.89,20.53
202200022643,3.65,15.27
202200022738,9.69,8.54
202200022758,5.88,21.67
202200022764,4.93,3.58
202200022814,13.07,14.68
202200022827,9.13,18.42
202200022845,29.02,24.66
202200023032,9.84,12.5
202200023040,3.22,28.53
202200023041,3.54,7.28
202200023044,7.09,3.49
202200023103,6.46,2.9
202200023197,9.1,9.99
202200023211,8.64,20.89
202200023232,4.93,14.96
202200023271,1.6,9.14
202200023293,8.82,11.11
202200023295,5.97,19.13
202200023310,7.83,1.42
202200023313,0.86,3.26
202200023346,4.67,2.99
202200023364,12.06,6.39
202200023370,1.52,2.65
202200023457,3.96,4.53
202200023538,9.22,28.7
202200023562,10.3,19.58
202200023563,20.43,24.94
202200023579,5.31,33.02
202200023583,12.58,10.97
202200023707,6.8,14.04
202200023794,5.79,26.14
202200023798,3.73,5.84
202200023876,1.23,11.1
202200023905,4.84,15.58
202200023941,7.55,4.13
202200023944,5.05,4.29
202200023973,11.01,26.19
202200024007,14.4,11.15
202200024035,4.31,4.18
202200024111,13.22,9.96
202200024123,4.34,4.14
202200024143,4.9,5.54
202200024201,1.85,4.65
202200024214,10.94,13.54
202200024217,8.63,10.61
202200024220,11.98,4.41
202200024222,6.08,3.73
202200024236,1.39,20.03
202200024240,4.61,5.14
202200024334,5.51,9.47
202200024370,6.7,25.66
202200024389,18.85,35.72
202200024391,3.04,13.3
202200024394,2.34,25.17
202200024396,1.4,43.38
202200024531,3.99,15.46
202200024532,8.66,37.65
202200024533,1.34,14.46
202200024535,3.53,21.94
202200024569,12.93,17.51
202200024604,4.49,13.17
202200024607,4.44,5.2
202200024690,4.93,5.61
202200024692,6.08,6.02
202200024695,5.74,6.42
202200024733,8.42,11.87
202200024735,4.23,9.32
202200024739,6.42,4.78
202200024750,5.01,0.48
202200024757,7.81,13.26
202200024768,3.22,2.45
202200024837,3.76,4.87
202200024899,1.36,36.38
202200025015,6.43,6.95
202200025072,4.26,4.78
202200025073,5.95,6.06
202200025074,8.59,7.15
202200025100,10.77,3.9
202200025172,6.78,18.17
202200025183,5.5,17.12
202200025184,1.66,9.83
202200025185,4.51,11.1
202200025231,7.51,4.97
202200025268,5.96,6.05
202200025297,4.51,7.7
202200025330,5.11,16.91
202200025338,4.14,4.89
202200025368,4.01,12.2
202200025378,1.32,12.68
202200025412,12.88,9.71
202200025535,2.76,4.79
202200025556,0.72,3.83
202200025557,4.08,1.34
202200025697,3.76,23.78
202200025717,5.86,6.37
202200025740,9.33,2.92
202200025763,1.55,3.79
202200025799,6.16,20.01
202200025883,7.04,1.54
202200025906,3.47,8.56
202200025910,4.84,0.78
202200025921,6.28,6.81
202200025925,5.98,6.55
202200025950,12.24,18.7
202200025967,5.27,18.07
202200026015,6.81,13.7
202200026064,2.49,4.52
202200026066,4.22,2.61
202200026097,1.46,2.86
202200026118,6.51,2.9
202200026120,1.64,3.98
202200026128,4.0,4.36
202200026131,2.2,4.65
202200026178,7.32,4.97
202200026181,5.18,4.3
202200026251,7.01,2.5
202200026254,7.48,6.94
202200026256,1.84,4.29
202200026293,12.74,21.41
202200026294,17.1,43.53
202200026300,1.7,9.25
202200026311,3.3,15.99
202200026362,5.27,5.95
202200026396,6.51,2.31
202200026433,3.59,8.16
202200026443,4.67,20.2
202200026468,8.02,8.71
202200026472,7.04,4.28
202200026553,7.96,12.54
202200026629,3.15,14.45
202200026639,10.07,11.35
202200026650,14.6,13.75
202200026682,4.3,14.05
202200026709,13.79,19.76
202200026750,3.47,17.24
202200026792,8.9,3.94
202200026793,10.7,6.92
202200026794,3.34,20.55
202200026830,6.96,4.92
202200026831,3.3,4.55
202200026852,8.35,7.24
202200026948,2.62,4.51
202200026970,1.5,6.64
202200026978,1.65,11.63
202200027051,3.09,28.05
202200027066,2.14,14.55
202200027068,7.03,14.03
202200027069,5.49,6.02
202200027118,6.4,5.61
202200027215,13.3,12.55
202200027216,13.42,11.89
202200027244,7.82,16.68
202200027247,24.42,48.87
202200027249,4.63,21.59
202200027253,6.71,24.26
202200027257,6.69,14.24
202200027274,1.43,19.99
202200027328,3.94,21.11
202200027330,7.68,30.34
202200027350,5.58,7.34
202200027370,11.27,6.42
202200027513,4.35,2.7
202200027514,4.88,5.08
202200027563,3.63,4.53
202200027577,4.23,4.8
202200027588,13.64,13.25
202200027635,10.61,2.49
202200027695,5.37,4.79
202200027696,3.46,4.51
202200027731,10.2,3.34
202200027747,6.46,1.44
202200027802,2.57,3.48
202200027868,7.81,8.56
202200027873,13.9,14.23
202200027899,10.06,43.86
202200027905,1.98,4.45
202200027970,3.79,1.78
202200028051,4.99,5.18
202200028091,7.26,3.67
202200028160,6.63,4.84
202200028162,5.56,6.26
202200028209,5.0,15.39
202200028229,1.08,5.93
202200028237,6.26,7.15
202200028276,4.6,2.31
202200028299,3.52,23.4
202200028301,8.29,17.78
202200028309,5.85,18.61
202200028360,4.22,4.86
202200028479,4.72,13.01
202200028540,7.94,13.42
202200028541,7.8,23.48
202200028611,10.01,20.03
202200028632,8.42,22.98
202200028652,9.02,9.1
202200028654,0.58,1.68
202200028678,7.51,5.16
202200028681,4.23,5.1
202200028683,0.88,3.33
202200028756,7.01,3.85
202200028826,9.57,14.17
202200028878,6.54,7.44
202200028879,4.64,4.3
202200028905,10.41,8.87
202200028921,1.11,3.35
202200029060,3.8,18.61
202200029066,1.34,10.26
202200029134,2.89,5.17
202200029210,9.03,22.97
202200029247,5.88,31.2
202200029252,13.15,10.02
202200029271,9.38,16.38
202200029397,6.93,7.62
202200029402,5.05,12.58
202200029505,11.62,19.1
202200029558,3.62,22.82
202200029579,3.92,17.37
202200029620,1.24,8.78
202200029642,5.93,15.15
202200029644,11.42,16.9
202200029648,5.57,7.4
202200029658,6.34,6.69
202200029660,4.91,5.26
202200029756,8.1,5.31
202200029778,3.57,4.25
202200029779,6.07,4.04
202200029800,10.49,5.58
202200029843,5.9,12.6
202200029874,3.15,54.0
202200029875,3.96,4.48
202200029876,4.5,15.24
202200029916,5.89,19.73
202200029917,3.94,23.14
202200029934,2.04,13.5
202200030076,0.91,14.58
202200030096,7.17,3.8
202200030121,10.71,12.48
202200030268,3.68,22.05
202200030354,5.22,7.34
202200030385,8.23,41.37
202200030387,9.68,26.9
202200030393,1.93,23.78
202200030574,8.33,5.9
202200030586,4.82,4.45
202200030589,3.66,7.03
202200030658,15.41,27.52
202200030665,3.46,16.19
202200030715,5.53,49.54
202200030781,5.66,5.85
202200030782,3.68,3.91
202200030822,3.48,4.06
202200030860,6.83,2.32
202200030861,1.4,15.23
202200030900,4.31,20.65
202200030937,13.91,11.55
202200030991,7.27,2.25
202200030999,6.75,7.39
202200031036,6.73,17.93
202200031037,3.36,22.56
202200031062,5.54,20.44
202200031063,10.22,24.62
202200031064,12.46,39.76
202200031178,5.2,9.44
202200031192,7.89,7.94
202200031214,12.93,17.43
202200031249,7.09,16.47
202200031265,8.46,6.82
202200031320,7.36,8.69
202200031424,11.46,5.31
202200031428,8.15,11.38
202200031429,3.56,9.12
202200031453,2.44,1.08
202200031456,5.69,6.57
202200031561,11.29,27.12
202200031564,5.24,8.96
202200031588,6.6,5.0
202200031591,4.72,25.22
202200031603,3.78,12.31
202200031611,8.49,15.26
202200031692,13.29,12.66
202200031724,6.77,20.84
202200031802,6.28,12.03
202200031807,1.86,21.59
202200031938,10.14,11.44
202200031942,15.15,7.58
202200031956,9.94,8.78
202200032009,10.39,11.07
202200032102,6.81,6.44
202200032104,5.57,4.81
202200032111,9.66,15.42
202200032129,11.58,11.52
202200032140,3.08,9.69
202200032142,4.15,16.06
202200032156,1.26,5.9
202200032208,7.26,25.03
202200032323,9.25,26.37
202200032349,8.88,20.28
202200032352,5.0,4.29
202200032415,4.9,5.16
202200032420,10.02,12.52
202200032444,8.18,7.92
202200032454,10.39,16.38
202200032501,4.57,4.58
202200032502,6.07,4.13
202200032520,7.15,8.25
202200032521,11.38,3.61
202200032523,10.74,3.04
202200032535,3.74,6.19
202200032586,3.1,9.37
202200032590,6.79,16.51
202200032612,15.84,38.86
202200032626,6.14,19.45
202200032627,7.28,13.93
202200032726,4.06,16.86
202200032762,5.68,12.84
202200032864,3.62,7.56
202200032872,3.49,8.07
202200032930,4.95,6.37
202200033025,7.11,4.32
202200033057,4.36,3.95
202200033089,11.84,5.0
202200033090,1.69,19.02
202200033096,5.04,5.61
202200033240,2.34,2.43
202200033245,11.81,6.14
202200033248,5.47,10.49
202200033251,8.43,25.94
202200033266,5.21,3.53
202200033270,6.22,8.76
202200033272,4.69,2.41
202200033284,2.5,8.47
202200033288,7.26,5.56
202200033314,2.96,3.53
202200033495,11.89,16.16
202200033498,12.42,15.98
202200033513,3.33,55.65
202200033530,13.45,28.99
202200033547,7.54,7.49
202200033549,9.59,16.58
202200033557,8.49,4.79
202200033576,5.48,20.0
202200033595,4.69,9.12
202200033612,3.12,2.76
202200033613,6.82,7.36
202200033659,4.94,7.79
202200033663,4.7,30.83
202200033686,13.61,24.74
202200033731,5.87,6.47
202200033788,7.49,2.91
202200033867,8.8,39.28
202200033891,7.18,33.51
202200033987,5.07,4.46
202200033996,13.42,4.46
202200034024,5.39,4.68
202200034069,1.37,24.45
202200034071,8.77,17.7
202200034092,6.0,14.64
202200034093,6.6,15.91
202200034094,7.2,11.78
202200034121,7.33,4.28
202200034124,3.98,4.12
202200034173,2.47,5.71
202200034175,1.62,4.9
202200034211,6.55,21.25
202200034215,10.18,12.69
202200034262,4.53,4.72
202200034263,2.99,5.27
202200034265,1.86,4.14
202200034267,5.56,6.06
202200034269,5.7,6.38
202200034270,5.88,1.14
202200034274,7.64,4.03
202200034312,3.56,24.25
202200034324,3.17,10.13
202200034404,6.89,5.38
202200034418,34.62,34.62
202200034474,6.61,23.94
202200034549,4.78,16.36
202200034573,3.46,4.03
202200034575,4.18,4.74
202200034641,8.94,7.68
202200034688,6.12,10.36
202200034741,7.2,25.73
202200034743,17.11,17.13
202200034762,14.78,48.86
202200034862,5.15,2.76
202200034866,3.98,4.18
202200034971,10.04,6.6
202200035015,8.4,13.91
202200035180,15.48,27.59
202200035198,6.93,14.45
202200035204,7.79,23.32
202200035208,7.37,3.54
202200035214,1.93,4.19
202200035229,11.43,28.18
202200035238,7.1,25.61
202200035278,4.4,5.03
202200035283,10.91,7.65
202200035325,10.76,3.9
202200035405,7.01,6.44
202200035426,0.18,2.45
202200035444,18.1,38.13
202200035461,10.2,9.82
202200035517,7.82,32.32
202200035540,6.75,21.53
202200035670,2.31,13.92
202200035708,5.01,3.66
202200035710,3.21,2.67
202200035739,3.74,8.97
202200035825,5.66,17.34
202200035827,6.94,13.94
202200035915,9.33,22.84
202200035923,11.41,5.7
202200035924,20.0,23.16
202200035963,3.42,7.33
202200035964,2.58,6.79
202200035965,4.62,5.31
202200035981,4.46,2.78
202200035988,5.87,6.44
202200036081,7.3,7.99
202200036158,10.8,28.64
202200036162,3.7,11.24
202200036164,15.7,21.61
202200036213,7.11,16.27
202200036268,5.74,5.94
202200036271,6.47,3.25
202200036274,1.47,4.37
202200036295,5.54,6.23
202200036316,7.92,19.94
202200036375,5.46,9.22
202200036493,2.96,14.25
202200036496,4.99,19.62
202200036499,5.23,13.79
202200036536,9.04,9.93
202200036779,7.68,5.32
202200036783,5.13,2.56
202200036808,8.43,4.32
202200036831,7.89,13.9
202200036856,7.6,16.1
202200036860,2.69,31.56
202200036871,4.98,5.8
202200036905,6.25,11.31
202200036915,14.54,10.18
202200036933,0.55,13.5
202200037062,11.24,5.57
202200037086,4.18,15.72
202200037089,2.14,44.96
202200037090,3.3,3.94
202200037092,2.1,3.02
202200037096,7.5,3.74
202200037174,13.67,17.76
202200037199,15.02,17.48
202200037273,5.06,8.29
202200037332,10.35,6.86
202200037337,13.36,18.91
202200037338,7.66,6.62
202200037339,4.99,6.97
202200037357,7.72,2.7
202200037360,7.4,3.01
202200037435,4.93,25.44
202200037456,7.69,10.03
202200037459,5.86,20.77
202200037470,14.85,26.23
202200037482,4.48,12.41
202200037514,7.11,11.33
202200037570,9.25,26.57
202200037571,6.74,2.41
202200037596,7.78,14.13
202200037598,4.12,15.8
202200037599,10.5,4.79
202200037600,6.42,14.71
202200037604,3.26,9.6
202200037605,3.34,7.04
202200037638,3.54,5.66
202200037639,2.98,2.7
202200037640,5.2,3.93
202200037641,6.18,3.14
202200037713,4.19,31.96
202200037723,6.67,13.6
202200037728,4.55,12.0
202200037730,2.84,11.17
202200037731,0.81,22.66
202200037888,5.18,5.82
202200037921,3.21,2.46
202200037922,5.66,4.39
202200037923,6.48,4.88
202200037954,8.4,7.65
202200037956,4.82,4.07
202200037966,7.81,2.78
202200037968,0.28,2.73
202200037969,11.16,5.53
202200038034,5.15,13.08
202200038054,5.29,7.19
202200038055,2.58,14.67
202200038056,4.39,16.47
202200038057,6.71,3.66
202200038074,3.85,5.76
202200038096,2.13,5.66
202200038114,8.11,13.86
202200038130,3.05,3.69
202200038301,9.49,14.09
202200038311,7.62,27.67
202200038343,3.45,17.8
202200038384,5.48,15.56
202200038466,3.46,17.53
202200038480,7.6,4.15
202200038485,6.56,8.87
202200038486,9.9,4.23
202200038496,7.37,5.71
202200038514,7.78,13.26
202200038530,8.56,17.6
202200038533,11.7,23.61
202200038655,5.41,12.3
202200038658,3.33,14.0
202200038671,5.29,14.74
202200038674,10.24,10.76
202200038679,3.94,4.5
202200038681,1.84,2.42
202200038686,6.34,6.91
202200038770,7.23,10.65
202200038798,4.57,21.64
202200038824,5.64,18.37
202200038857,2.47,20.83
202200038861,8.39,7.53
202200038883,11.33,12.02
202200038885,4.89,17.8
202200039019,3.45,2.25
202200039049,8.8,6.78
202200039064,3.43,3.2
202200039073,1.21,28.3
202200039074,5.89,6.53
202200039076,7.39,7.96
202200039077,3.34,46.22
202200039144,8.5,9.46
202200039145,3.02,20.86
202200039147,2.87,21.27
202200039311,3.96,31.78
202200039332,4.3,7.99
202200039338,7.69,18.86
202200039372,5.79,11.86
202200039499,0.86,2.06
202200039510,10.75,5.84
202200039512,3.25,4.92
202200039618,11.66,61.46
202200039696,4.94,4.81
202200039752,4.3,28.11
202200039828,3.89,27.39
202200039851,6.29,12.67
202200039873,7.29,22.28
202200039880,12.56,23.88
202200039896,7.54,8.07
202200039912,4.24,19.34
202200039922,7.46,11.21
202200040098,5.13,5.71
202200040138,5.49,3.46
202200040188,1.54,3.97
202200040190,3.81,4.3
202200040191,10.49,8.12
202200040192,6.42,9.02
202200040258,3.73,1.72
202200040282,6.44,6.1
202200040348,2.26,2.21
202200040469,3.11,6.96
202200040472,12.76,17.28
202200040475,9.04,12.34
202200040478,3.01,12.22
202200040494,3.77,19.62
202200040507,4.69,13.91
202200040509,7.71,6.1
202200040575,4.98,12.52
202200040682,5.78,5.03
202200040687,8.42,7.9
202200040690,3.89,23.37
202200040695,10.9,9.23
202200040735,3.57,16.38
202200040738,7.9,56.6
202200040788,4.75,22.1
202200040790,2.95,20.64
202200040796,3.47,15.66
202200040821,6.64,4.82
202200040844,5.42,21.88
202200040886,2.66,22.97
202200040892,8.35,13.88
202200040893,3.11,19.24
202200040895,3.99,23.08
202200040913,3.4,5.5
202200040940,2.39,16.89
202200040945,9.83,19.58
202200040951,2.64,31.28
202200040962,1.07,25.76
202200041084,0.08,32.22
202200041085,4.6,8.83
202200041107,6.19,2.34
202200041110,5.79,1.94
202200041159,8.21,2.5
202200041179,10.42,14.48
202200041181,8.13,10.79
202200041195,2.04,17.16
202200041281,1.89,5.64
202200041290,3.26,3.36
202200041360,5.6,8.0
202200041362,2.18,15.41
202200041364,11.64,13.14
202200041411,9.04,19.48
202200041417,4.62,8.85
202200041419,1.83,2.18
202200041429,6.29,21.19
202200041537,5.5,9.1
202200041601,5.98,2.94
202200041712,4.79,31.26
202200041737,3.36,21.76
202200041787,4.63,3.02
202200041793,9.31,2.78
202200041794,4.41,4.98
202200041795,4.41,4.98
202200041840,15.84,25.91
202200041856,5.81,2.76
202200041857,7.12,5.6
202200042027,6.6,9.47
202200042079,7.91,2.28
202200042084,11.33,12.93
202200042086,10.79,23.13
202200042116,6.85,5.16
202200042125,7.78,6.1
202200042136,2.58,2.97
202200042180,8.77,34.46
202200042181,5.52,20.55
202200042183,13.76,34.69
202200042185,11.14,27.82
202200042230,7.48,4.23
202200042232,10.95,7.77
202200042244,5.64,3.33
202200042246,3.74,4.31
202200042261,4.01,21.54
202200042262,10.49,4.82
202200042449,9.18,9.7
202200042454,8.31,6.96
202200042458,3.6,3.6
202200042580,10.01,17.05
202200042613,2.46,10.76
202200042614,5.77,6.3
202200042616,14.95,25.82
202200042914,10.82,17.54
202200042952,7.08,21.99
202200042964,10.9,9.22
202200042976,4.89,3.62
202200043038,9.58,13.87
202200043063,11.66,10.06
202200043082,4.69,19.6
202200043086,2.9,5.35
202200043109,3.3,23.14
202200043204,17.62,15.65
202200043212,8.64,21.14
202200043220,14.29,15.65
202200043227,11.05,30.2
202200043229,10.9,4.74
202200043269,4.4,8.4
202200043283,9.25,16.0
202200043298,8.32,32.67
202200043325,4.67,30.62
202200043327,11.74,29.02
202200043402,2.63,3.2
202200043441,3.76,41.78
202200043442,9.09,16.6
202200043498,3.17,2.57
202200043548,1.9,23.75
202200043565,5.28,4.57
202200043659,6.0,4.92
202200043660,4.33,4.52
202200043661,5.75,5.86
202200043662,6.42,2.53
202200043751,4.64,9.22
202200043857,1.1,3.58
202200043862,2.39,4.84
202200043902,5.32,5.51
202200043905,4.49,3.22
202200043916,16.33,33.72
202200043917,7.77,2.07
202200044016,10.44,6.25
202200044017,9.14,15.16
202200044019,1.14,5.4
202200044020,7.97,26.15
202200044069,1.55,4.14
202200044075,4.91,4.2
202200044077,0.83,3.28
202200044078,1.19,1.83
202200044081,2.98,4.01
202200044174,6.4,6.24
202200044177,3.06,6.31
202200044193,8.69,30.92
202200044221,14.99,14.24
202200044223,0.81,3.3
202200044364,10.72,31.64
202200044406,5.12,5.18
202200044418,6.14,6.64
202200044421,14.88,35.56
202200044423,6.1,6.0
202200044430,4.73,11.61
202200044436,7.8,3.44
202200044475,4.51,3.52
202200044503,6.64,19.02
202200044506,1.4,4.13
202200044510,10.52,11.26
202200044522,4.58,5.8
202200044535,6.11,5.24
202200044676,9.46,15.85
202200044723,11.52,10.95
202200044730,4.69,18.65
202200044789,8.65,24.56
202200044792,12.44,29.0
202200044846,17.54,21.47
202200044850,1.77,10.65
202200044868,6.27,15.94
202200044872,3.24,16.34
202200044891,4.38,24.34
202200044895,3.06,24.82
202200044902,7.6,22.24
202200044927,6.56,15.2
202200044982,4.95,5.31
202200045019,8.86,7.25
202200045072,3.47,5.98
202200045092,2.07,10.74
202200045098,9.09,11.19
202200045111,11.32,10.49
202200045125,4.13,28.23
202200045174,9.55,15.63
202200045183,10.16,3.03
202200045193,5.71,4.11
202200045239,11.5,6.24
202200045247,5.38,9.01
202200045256,9.1,5.84
202200045287,7.2,5.97
202200045378,7.68,56.92
202200045466,5.0,4.62
202200045467,3.46,4.37
202200045496,3.62,1.9
202200045508,8.64,6.06
202200045540,14.85,7.08
202200045547,1.93,3.98
202200045555,5.78,6.35
202200045585,25.06,20.7
202200045608,16.48,16.48
202200045683,4.66,4.48
202200045750,7.43,5.06
202200045751,5.65,3.97
202200045761,4.4,4.97
202200045835,2.38,12.35
202200045845,10.98,14.54
202200045872,9.76,4.62
202200045874,9.09,2.11
202200046006,4.38,23.22
202200046120,5.68,6.19
202200046121,4.67,5.18
202200046127,5.97,21.06
202200046141,6.62,4.05
202200046189,2.01,13.95
202200046196,5.71,9.21
202200046225,8.73,17.93
202200046229,7.53,10.13
202200046263,4.22,4.26
202200046269,2.13,3.69
202200046272,5.84,2.49
202200046276,3.84,2.77
202200046325,5.91,16.44
202200046363,7.39,23.39
202200046417,5.13,4.79
202200046423,6.15,3.11
202200046428,6.04,6.72
202200046435,6.35,6.2
202200046483,3.1,3.67
202200046484,3.84,15.98
202200046497,3.39,7.08
202200046545,4.1,3.69
202200046643,7.36,7.37
202200046660,5.78,23.19
202200046704,1.21,24.83
202200046712,31.08,30.31
202200046720,6.28,34.07
202200046751,1.48,14.3
202200046874,6.58,21.15
202200046878,3.34,15.13
202200046897,4.96,10.5
202200046933,8.0,12.1
202200046967,8.9,2.0
202200046996,4.32,10.18
202200047011,1.73,18.48
202200047034,3.16,3.51
202200047067,11.59,8.14
202200047075,2.21,4.32
202200047078,5.6,5.21
202200047262,3.53,1.63
202200047265,12.33,19.79
202200047271,2.6,6.3
202200047273,2.19,15.9
202200047288,3.78,4.42
202200047306,7.35,10.91
202200047308,4.81,23.68
202200047388,6.28,4.25
202200047419,11.3,5.14
202200047520,1.05,15.05
202200047530,20.44,21.14
202200047544,2.41,16.94
202200047756,15.63,13.46
202200047761,8.91,9.81
202200047830,10.48,2.78
202200047864,9.61,15.59
202200047881,5.57,4.93
202200047889,4.63,3.49
202200047927,8.9,48.8
202200047930,7.34,22.25
202200047967,1.04,5.87
202200047982,7.85,13.99
202200047987,7.34,15.25
202200047993,5.58,18.98
202200048000,3.46,3.05
202200048020,5.92,27.66
202200048039,6.62,6.82
202200048044,2.35,21.21
202200048046,6.27,5.86
202200048052,3.88,6.24
202200048053,10.16,8.52
202200048059,10.39,8.8
202200048096,10.0,10.39
202200048137,7.31,5.46
202200048185,3.02,3.92
202200048191,1.6,2.26
202200048194,4.86,5.75
202200048198,2.47,5.07
202200048204,7.9,11.89
202200048211,5.4,3.79
202200048233,13.88,11.9
202200048236,5.12,4.21
202200048243,6.56,7.06
202200048305,10.45,14.86
202200048307,11.35,18.63
202200048314,2.54,12.92
202200048396,3.6,3.6
202200048420,8.77,6.34
202200048482,8.22,7.1
202200048505,6.19,13.92
202200048603,1.68,3.98
202200048604,12.24,5.54
202200048606,4.08,4.28
202200048607,3.0,5.45
202200048610,5.74,5.03
202200048612,9.25,24.08
202200048614,4.58,6.94
202200048616,4.17,4.37
202200048618,8.04,7.64
202200048772,4.48,2.02
202200048813,2.0,4.44
202200048830,6.32,4.64
202200048871,3.9,31.67
202200048947,12.05,26.96
202200049029,12.82,20.95
202200049044,5.54,11.14
202200049082,2.13,4.11
202200049083,3.84,1.47
202200049106,7.77,6.53
202200049186,4.71,14.26
202200049224,8.09,44.6
202200049244,4.56,22.16
202200049246,10.02,11.54
202200049248,2.07,9.03
202200049261,8.35,21.59
202200049330,7.19,5.67
202200049331,4.76,4.96
202200049362,10.85,15.18
202200049367,19.69,19.69
202200049459,4.12,4.75
202200049493,5.56,18.05
202200049514,1.1,22.95
202200049567,1.98,2.58
202200049634,5.7,4.46
202200049639,4.53,3.82
202200049674,9.58,8.32
202200049701,1.7,23.63
202200049713,5.68,14.47
202200049763,1.89,1.89
202200049807,7.58,6.5
202200049812,2.69,5.15
202200049899,8.8,3.1
202200050048,3.28,7.56
202200050050,8.66,13.25
202200050103,6.82,2.32
202200050112,6.22,6.79
202200050119,4.77,4.06
202200050153,8.04,10.5
202200050162,6.42,23.6
202200050207,5.86,4.24
202200050215,14.45,38.9
202200050250,4.76,5.44
202200050273,5.72,14.74
202200050280,8.54,23.1
202200050293,6.16,1.14
202200050319,5.43,4.91
202200050369,3.96,9.17
202200050435,4.08,4.11
202200050453,4.64,11.07
202200050557,4.84,5.48
202200050572,3.57,5.68
202200050579,5.49,2.75
202200050596,3.1,8.38
202200050657,10.58,10.84
202200050681,6.19,3.15
202200050699,1.91,5.54
202200050704,5.79,26.14
202200050715,6.76,17.98
202200050724,6.95,11.19
202200050728,7.33,19.4
202200050774,3.46,3.98
202200050776,7.29,6.75
202200050785,5.16,5.73
202200050803,6.42,4.78
202200050813,2.66,5.45
202200050881,2.97,3.54
202200050892,8.21,8.08
202200050984,4.47,2.03
202200051041,11.31,13.47
202200051079,27.32,21.36
202200051097,9.73,10.12
202200051205,5.76,22.98
202200051326,2.39,5.09
202200051350,2.58,0.8
202200051382,1.9,42.95
202200051400,2.32,21.41
202200051408,10.08,25.94
202200051522,2.48,40.49
202200051565,6.59,10.82
202200051604,8.7,8.56
202200051608,6.15,20.07
202200051631,7.05,2.22
202200051649,12.58,27.98
202200051710,3.71,1.31
202200051714,6.21,2.36
202200051754,9.53,26.68
202200051762,11.25,22.6
202200051817,9.1,22.39
202200051825,9.83,15.48
202200051832,3.97,20.8
202200051881,3.34,7.03
202200051884,7.35,7.68
202200051907,8.26,12.99
202200051931,12.32,12.04
202200051979,7.55,9.51
202200052068,11.23,14.86
202200052074,5.81,25.16
202200052104,6.62,17.53
202200052161,12.88,12.13
202200052166,5.11,13.6
202200052184,4.4,9.32
202200052200,4.64,4.84
202200052205,7.26,2.69
202200052290,7.19,22.15
202200052299,9.2,23.4
202200052309,1.37,20.34
202200052320,5.02,12.94
202200052408,6.01,6.7
202200052560,12.66,11.15
202200052570,5.08,26.2
202200052671,14.31,18.02
202200052688,4.9,5.58
202200052787,9.22,23.78
202200052796,4.52,18.52
202200052816,3.43,15.37
202200052832,1.4,5.26
202200052866,10.01,10.01
202200052887,4.69,7.17
202200052897,4.51,6.98
202200052901,4.02,7.72
202200052905,5.7,2.67
202200052967,4.43,2.72
202200052989,7.58,4.42
202200053079,4.96,16.89
202200053106,6.49,12.76
202200053124,8.9,23.15
202200053131,14.0,7.68
202200053134,8.06,1.16
202200053142,14.41,11.16
202200053259,5.28,15.54
202200053311,4.67,5.31
202200053318,8.95,11.46
202200053320,4.63,6.48
202200053351,11.68,14.33
202200053411,7.47,25.87
202200053412,8.77,38.72
202200053456,8.57,2.86
202200053465,6.63,22.91
202200053509,3.85,23.2
202200053518,3.46,10.73
202200053524,9.63,10.26
202200053530,4.42,18.48
202200053581,3.06,3.64
202200053655,8.07,11.78
202200053661,1.03,30.56
202200053670,2.44,16.96
202200053678,5.48,16.81
202200053687,10.89,16.88
202200053722,7.48,7.07
202200053727,10.38,7.12
202200053728,4.79,6.12
202200053742,10.26,9.51
202200053802,5.53,15.38
202200053810,12.36,6.41
202200053821,3.21,19.95
202200053825,7.09,16.46
202200053833,10.52,7.27
202200053835,4.46,9.26
202200053844,10.79,11.45
202200053880,11.51,0.76
202200053929,4.96,35.46
202200053937,1.74,38.26
202200054056,2.26,3.39
202200054068,8.39,10.33
202200054086,6.89,3.18
202200054094,3.9,27.38
202200054095,5.12,0.96
202200054103,7.55,3.19
202200054147,2.32,34.0
202200054151,5.7,4.09
202200054164,11.51,22.71
202200054242,2.57,21.07
202200054285,0.47,17.41
202200054365,10.41,15.01
202200054380,5.9,13.52
202200054397,3.88,2.72
202200054410,2.54,3.12
202200054460,2.47,20.06
202200054485,2.47,4.45
202200054490,8.47,1.49
202200054492,9.1,20.0
202200054522,15.68,8.11
202200054537,7.71,31.7
202200054539,7.82,4.12
202200054607,28.89,38.08
202200054613,6.83,17.96
202200054622,3.08,11.66
202200054787,1.42,3.87
202200054811,21.31,34.82
202200054818,10.5,14.79
202200054826,5.88,6.56
202200054836,2.56,4.58
202200054839,4.87,4.47
202200054843,4.73,4.4
202200054930,5.92,5.59
202200055059,3.82,4.31
202200055091,12.25,5.91
202200055137,7.8,6.17
202200055156,6.97,7.88
202200055195,8.34,7.1
202200055201,13.5,10.24
202200055202,9.43,3.71
202200055251,5.24,20.76
202200055263,11.47,11.42
202200055269,6.95,16.33
202200055271,10.3,9.78
202200055294,3.52,14.62
202300000029,15.69,18.54
202300000045,9.31,17.04
202300000047,2.83,10.37
202300000049,6.04,6.73
202300000055,3.99,17.92
202300000056,8.87,32.79
202300000057,3.43,3.95
202300000058,4.88,18.19
202300000120,4.33,4.52
202300000164,5.87,21.54
202300000166,5.68,11.0
202300000179,6.18,6.82
202300000229,4.05,1.66
202300000231,5.72,6.4
202300000234,5.49,3.46
202300000331,2.17,2.12
202300000352,1.74,20.21
202300000353,7.0,9.54
202300000370,6.46,14.12
202300000372,11.26,19.18
202300000433,14.44,22.57
202300000479,5.66,6.16
202300000581,6.31,5.56
202300000595,1.88,1.96
202300000597,0.54,6.1
202300000675,5.52,20.97
202300000679,4.48,21.74
202300000689,4.97,7.49
202300000739,5.85,19.66
202300000748,2.82,1.47
202300000777,12.67,12.62
202300000779,5.28,9.7
202300000786,11.65,18.12
202300000870,10.8,2.68
202300000885,5.94,15.54
202300000889,8.71,7.01
202300000908,10.39,23.07
202300000910,6.17,11.72
202300000915,1.87,13.72
202300000928,7.91,14.67
202300000979,2.14,33.1
202300001078,7.5,8.6
202300001099,5.64,6.32
202300001111,8.29,7.73
202300001115,8.38,7.62
202300001197,9.81,3.66
202300001228,3.58,5.56
202300001366,6.87,6.95
202300001488,3.04,17.92
202300001638,3.91,4.37
202300001670,1.41,14.31
202300001671,15.0,16.13
202300001675,11.38,13.35
202300001691,8.0,7.29
202300001698,9.59,20.52
202300001716,14.13,14.66
202300001814,6.63,3.89
202300001891,8.67,20.46
202300001952,4.24,28.55
202300001964,1.46,39.48
202300001976,12.67,24.06
202300001980,10.63,14.9
202300001996,2.29,28.31
202300002008,7.54,21.92
202300002021,8.49,13.58
202300002022,4.85,20.94
202300002086,19.66,29.75
202300002129,6.09,63.88
202300002155,5.18,23.33
202300002162,8.14,9.27
202300002184,6.55,19.77
202300002280,12.44,13.47
202300002383,5.16,3.54
202300002386,10.02,3.83
202300002389,2.77,3.83
202300002393,7.32,25.51
202300002431,8.68,8.29
202300002434,4.66,5.38
202300002436,1.13,3.45
202300002439,2.57,4.55
202300002441,5.32,2.16
202300002456,13.41,13.94
202300002471,7.24,51.29
202300002474,4.11,22.2
202300002476,12.48,13.89
202300002488,2.03,4.48
202300002551,6.72,17.93
202300002608,5.6,6.18
202300002635,9.22,5.78
202300002749,5.09,20.45
202300002869,7.54,14.17
202300002872,7.32,7.15
202300002917,0.97,33.37
202300002920,14.34,36.33
202300002939,6.23,10.63
202300002948,3.63,11.28
202300002984,1.56,12.86
202300002999,2.88,10.84
202300003002,2.04,9.96
202300003018,2.23,21.35
202300003022,5.79,19.94
202300003029,9.78,21.1
202300003032,6.11,5.03
202300003057,7.28,13.9
202300003061,3.84,22.95
202300003216,4.24,4.97
202300003241,7.46,15.38
202300003262,5.84,7.76
202300003360,2.64,22.87
202300003391,12.55,24.58
202300003427,14.7,20.49
202300003429,11.02,16.91
202300003437,8.04,6.36
202300003555,2.73,3.3
202300003557,9.95,5.57
202300003611,12.75,30.29
202300003647,12.93,11.49
202300003657,9.76,31.0
202300003685,8.73,4.74
202300003689,1.04,5.87
202300003710,5.27,12.28
202300003714,12.73,16.45
202300003746,6.86,6.4
202300003978,3.14,12.89
202300004136,4.4,14.78
202300004137,6.31,6.64
202300004141,5.74,6.1
202300004200,5.28,6.48
202300004292,14.04,7.72
202300004307,5.61,2.31
202300004326,4.06,5.39
202300004330,4.96,6.29
202300004379,6.32,6.19
202300004400,7.58,3.33
202300004402,5.01,2.19
202300004446,10.03,10.0
202300004448,12.79,6.74
202300004492,5.31,12.64
202300004493,2.44,1.08
202300004523,5.53,3.15
202300004563,5.64,9.98
202300004568,10.52,20.68
202300004576,14.65,20.78
202300004616,9.51,6.54
202300004650,3.01,3.89
202300004653,6.2,3.16
202300004837,6.73,4.42
202300004840,5.16,7.27
202300004868,4.5,2.97
202300004871,7.77,4.17
202300004874,5.98,4.19
202300004900,5.37,36.32
202300004910,11.36,9.68
202300004938,3.16,6.03
202300004955,8.81,7.92
202300005111,9.65,20.78
202300005119,4.67,25.17
202300005127,4.6,18.55
202300005198,6.41,44.36
202300005206,5.11,16.15
202300005221,5.0,20.86
202300005222,2.02,5.26
202300005249,8.77,18.68
202300005345,5.12,4.79
202300005346,6.24,6.27
202300005375,6.19,6.29
202300005415,12.54,5.49
202300005416,6.3,4.89
202300005426,3.2,6.92
202300005428,6.29,5.32
202300005434,6.28,7.1
202300005440,6.7,7.07
202300005442,9.1,10.25
202300005461,9.44,8.2
202300005511,4.95,9.52
202300005531,4.61,25.0
202300005547,7.11,7.06
202300005560,5.27,1.38
202300005622,11.16,7.76
202300005640,6.24,6.19
202300005641,6.29,3.25
202300005692,10.38,32.0
202300005693,12.67,18.15
202300005726,6.33,34.88
202300005794,6.44,7.0
202300005859,10.32,12.34
202300005885,4.82,6.98
202300005905,4.73,10.43
202300005908,3.51,13.44
202300005949,3.65,23.43
202300005962,9.96,13.52
202300005969,12.16,11.46
202300006062,13.83,9.38
202300006081,3.64,5.5
202300006086,6.22,44.14
202300006132,9.1,15.54
202300006141,7.6,9.29
202300006220,9.9,13.46
202300006229,13.4,7.17
202300006240,12.6,11.67
202300006348,1.93,5.68
202300006353,5.01,4.48
202300006382,25.54,30.04
202300006416,6.32,5.19
202300006451,5.28,1.39
202300006457,4.56,4.23
202300006461,4.06,4.26
202300006470,3.36,2.25
202300006471,4.21,11.67
202300006477,1.49,30.83
202300006478,8.68,5.42
202300006482,15.29,16.85
202300006668,6.09,6.17
202300006672,5.9,6.58
202300006677,8.89,8.55
202300006688,3.08,21.48
202300006815,7.0,13.09
202300006819,10.64,9.37
202300006828,7.71,3.82
202300006835,7.1,2.08
202300006839,3.36,3.58
202300006931,4.21,5.08
202300006935,0.41,17.04
202300006954,2.91,2.58
202300006980,1.93,32.89
202300007119,5.44,17.94
202300007135,4.86,1.0
202300007142,12.7,13.34
202300007152,7.05,2.22
202300007164,7.14,3.97
202300007227,6.56,1.55
202300007229,7.79,12.38
202300007252,6.75,18.32
202300007269,7.2,28.83
202300007270,5.29,7.4
202300007273,6.49,2.93
202300007341,3.19,22.01
202300007343,6.03,3.7
202300007347,1.99,0.64
202300007348,3.19,1.83
202300007410,6.57,33.27
202300007419,6.01,10.12
202300007433,5.41,11.27
202300007434,6.79,18.11
202300007435,9.7,16.48
202300007439,5.93,4.25
202300007489,3.15,1.4
202300007559,5.01,9.01
202300007667,6.46,7.19
202300007716,6.96,24.37
202300007731,5.55,16.54
202300007781,6.36,6.2
202300007796,10.47,4.68
202300007856,6.49,5.56
202300007858,7.52,17.08
202300007874,10.43,10.6
202300007877,6.45,19.07
202300007878,7.02,16.4
202300007967,5.43,12.14
202300007979,10.4,9.28
202300007980,7.23,29.63
202300008022,3.86,13.57
202300008072,6.29,10.61
202300008131,1.17,1.77
202300008292,5.94,5.78
202300008309,3.08,5.19
202300008314,3.16,1.73
202300008367,0.48,6.32
202300008370,1.65,4.82
202300008373,4.6,1.89
202300008433,4.08,23.17
202300008480,11.31,13.99
202300008559,6.96,10.51
202300008645,6.58,17.68
202300008666,7.45,14.96
202300008670,6.8,5.62
202300008671,4.61,4.67
202300008672,3.97,20.11
202300008686,5.84,19.47
202300008722,5.56,6.87
202300008781,2.63,2.71
202300008857,1.84,13.58
202300008859,3.65,24.04
202300008862,6.88,18.42
202300008899,4.25,5.14
202300008956,10.28,21.8
202300008961,5.32,29.06
202300008967,13.51,24.86
202300008975,15.01,38.03
202300008981,3.01,20.95
202300009034,8.48,15.13
202300009038,4.16,2.63
202300009043,5.2,7.83
202300009100,14.24,16.68
202300009125,7.12,18.25
202300009135,6.13,22.61
202300009138,3.76,11.45
202300009140,11.28,11.8
202300009143,5.33,18.64
202300009145,8.11,16.93
202300009194,4.5,4.52
202300009243,8.5,4.12
202300009358,18.39,15.97
202300009408,4.76,5.44
202300009409,5.16,3.13
202300009410,5.76,6.0
202300009425,9.46,9.05
202300009443,5.39,6.28
202300009460,4.84,15.13
202300009466,4.15,10.84
202300009521,5.51,1.94
202300009567,6.99,5.49
202300009662,6.08,4.09
202300009738,9.35,25.26
202300009752,5.24,5.92
202300009779,3.36,7.05
202300009781,6.68,4.03
202300009789,6.15,11.76
202300009790,4.63,5.96
202300009830,6.83,28.12
202300009921,37.14,37.14
202300009982,11.26,4.53
202300009995,6.23,6.22
202300010027,4.04,4.84
202300010095,14.57,24.66
202300010097,8.55,7.1
202300010162,8.95,10.26
202300010186,1.33,15.17
202300010228,9.08,4.18
202300010231,13.54,23.28
202300010239,2.73,35.17
202300010244,13.15,17.65
202300010254,10.21,11.16
202300010267,3.41,15.05
202300010272,8.71,16.18
202300010333,7.52,20.44
202300010421,10.24,7.08
202300010423,6.03,3.38
202300010436,6.88,28.55
202300010461,5.44,9.68
202300010522,12.84,12.98
202300010529,2.44,22.66
202300010577,6.84,5.23
202300010582,13.32,15.05
202300010616,6.9,20.14
202300010641,9.18,8.32
202300010681,6.07,6.15
202300010688,7.37,5.73
202300010699,8.33,8.35
202300010744,5.2,8.04
202300010749,1.62,48.11
202300010750,1.37,31.06
202300010757,4.2,4.84
202300010765,2.41,54.74
202300010772,2.94,20.02
202300010776,9.2,16.2
202300010779,9.5,5.25
202300010780,4.1,14.3
202300010782,4.5,5.14
202300010783,6.19,24.37
202300010785,3.33,19.52
202300010786,5.12,11.16
202300010788,8.72,16.65
202300010809,7.81,23.6
202300010833,8.2,3.98
202300011036,3.32,4.02
202300011039,5.27,3.74
202300011042,5.94,2.34
202300011057,9.04,7.26
202300011064,8.04,12.92
202300011184,5.9,25.38
202300011193,6.65,2.5
202300011194,4.75,14.78
202300011197,4.65,17.16
202300011207,9.31,17.37
202300011209,9.13,16.82
202300011228,5.39,11.68
202300011231,10.12,16.61
202300011248,19.57,23.99
202300011394,7.59,7.6
202300011407,10.82,20.34
202300011441,5.74,18.54
202300011450,2.81,15.95
202300011474,2.42,13.81
202300011565,6.89,7.22
202300011591,5.68,15.58
202300011593,9.54,10.24
202300011646,4.64,11.06
202300011660,7.31,4.99
202300011785,4.21,4.83
202300011786,4.24,5.46
202300011804,11.62,26.58
202300011807,14.23,9.86
202300011810,11.49,17.96
202300011892,2.45,3.6
202300011906,5.5,3.19
202300011907,3.29,1.93
202300011979,8.05,4.45
202300012002,12.68,15.84
202300012014,12.72,6.32
202300012028,7.97,13.5
202300012162,7.26,7.11
202300012254,1.72,2.85
202300012255,12.12,21.24
202300012259,11.27,4.25
202300012276,6.03,20.66
202300012279,0.75,18.02
202300012280,9.51,14.09
202300012281,9.29,9.81
202300012360,14.1,15.25
202300012363,12.0,28.36
202300012384,3.98,4.77
202300012390,4.56,4.18
202300012398,6.36,9.77
202300012425,5.07,5.13
202300012429,7.83,4.41
202300012481,4.91,2.6
202300012537,10.57,15.84
202300012540,10.28,7.04
202300012545,11.69,6.02
202300012551,11.26,9.49
202300012554,2.06,20.35
202300012556,10.27,5.43
202300012631,2.19,5.39
202300012663,2.64,1.28
202300012668,6.26,6.2
202300012751,7.81,8.07
202300012768,2.86,1.5
202300012825,6.61,11.73
202300012873,10.56,17.19
202300012903,8.4,9.32
202300012967,4.58,7.12
202300013008,6.06,6.03
202300013014,8.22,9.13
202300013017,2.34,3.9
202300013035,11.56,15.62
202300013073,10.57,21.92
202300013082,5.63,12.26
202300013086,1.13,13.56
202300013089,2.41,2.2
202300013141,1.64,3.98
202300013143,7.33,3.87
202300013145,1.9,5.65
202300013218,4.37,3.01
202300013220,3.84,4.41
202300013222,3.92,4.95
202300013272,16.59,45.84
202300013283,12.22,9.06
202300013301,3.12,3.69
202300013333,6.58,19.15
202300013337,10.63,34.09
202300013347,1.86,6.29
202300013355,8.85,24.05
202300013428,11.83,16.08
202300013441,9.17,8.64
202300013446,4.5,23.65
202300013490,4.73,16.88
202300013529,6.36,2.0
202300013531,7.76,4.16
202300013553,3.79,1.11
202300013626,5.38,5.95
202300013667,9.85,7.11
202300013700,7.06,25.58
202300013718,1.32,12.12
202300013721,7.45,7.72
202300013764,7.52,9.75
202300013776,7.72,28.11
202300013791,3.85,5.76
202300013841,6.19,3.07
202300013851,4.02,16.55
202300013852,1.15,5.89
202300013888,4.85,1.49
202300013927,6.16,20.93
202300013943,4.9,21.65
202300013945,4.11,42.12
202300013977,5.74,13.65
202300014013,10.72,11.88
202300014014,13.83,17.93
202300014015,3.3,6.99
202300014029,1.93,31.88
202300014054,3.82,13.54
202300014074,8.62,3.47
202300014137,7.81,9.1
202300014144,7.92,23.3
202300014145,11.92,20.39
202300014154,9.86,11.62
202300014185,22.7,31.22
202300014199,7.05,8.36
202300014290,3.77,8.34
202300014305,9.17,26.59
202300014361,4.61,4.61
202300014454,8.46,15.39
202300014492,4.35,4.13
202300014505,12.42,13.84
202300014508,11.08,3.59
202300014521,3.58,6.94
202300014526,3.69,6.4
202300014556,6.18,1.16
202300014570,26.38,24.54
202300014578,11.05,7.83
202300014591,5.46,2.78
202300014690,8.83,25.73
202300014692,10.32,11.11
202300014760,15.78,17.39
202300014780,5.13,1.52
202300014781,5.35,6.03
202300014786,4.95,4.61
202300014846,6.08,16.98
202300014851,5.18,15.52
202300014856,5.32,22.05
202300014858,8.23,26.0
202300014861,0.85,20.46
202300014864,5.63,3.63
202300014975,2.82,3.39
202300015004,6.92,5.57
202300015007,3.21,2.47
202300015096,6.84,17.1
202300015102,4.13,4.16
202300015125,8.41,7.66
202300015126,8.43,8.82
202300015148,1.53,9.11
202300015150,3.48,12.05
202300015152,1.01,9.76
202300015154,8.14,15.82
202300015175,12.24,18.71
202300015237,6.9,13.95
202300015246,4.93,5.5
202300015313,8.3,17.67
202300015315,5.65,15.83
202300015326,8.16,21.74
202300015376,6.26,5.87
202300015398,5.36,6.64
202300015493,4.0,6.8
202300015515,5.59,3.64
202300015540,9.92,4.26
202300015601,4.61,19.75
202300015636,3.04,14.84
202300015640,7.08,4.8
202300015647,6.9,44.82
202300015655,0.72,13.64
202300015656,9.53,28.64
202300015679,16.64,17.62
202300015684,5.58,13.12
202300015700,8.02,10.7
202300015701,4.64,13.06
202300015702,5.16,5.68
202300015753,4.79,5.48
202300015945,10.2,8.23
202300015974,2.68,30.39
202300015979,15.83,15.84
202300015981,9.5,19.83
202300015985,5.58,27.48
202300016011,6.33,6.86
202300016035,4.18,4.49
202300016079,4.24,22.48
202300016082,6.52,22.0
202300016093,3.93,4.97
202300016097,6.22,6.47
202300016115,4.51,4.84
202300016127,3.12,21.7
202300016224,5.24,5.32
202300016228,4.75,4.84
202300016233,8.01,4.96
202300016238,8.36,6.66
202300016277,2.93,46.89
202300016286,4.84,5.48
202300016322,3.91,4.95
202300016340,14.64,8.93
202300016377,8.06,22.3
202300016416,8.92,18.26
202300016429,2.08,21.79
202300016433,4.15,32.67
202300016437,22.51,44.19
202300016449,6.79,5.86
202300016522,11.67,11.62
202300016538,15.57,17.38
202300016539,1.37,1.37
202300016554,6.04,13.13
202300016580,23.83,42.91
202300016622,4.13,15.42
202300016625,6.43,16.24
202300016739,5.08,20.03
202300016796,5.17,5.37
202300016817,8.69,16.62
202300016819,6.13,4.46
202300016850,11.08,18.58
202300016857,7.44,4.91
202300016875,0.54,13.49
202300016913,4.62,5.19
202300016915,0.93,3.38
202300016917,8.1,7.56
202300016975,10.87,3.85
202300016995,4.56,0.56
202300017028,8.76,4.96
202300017057,7.66,14.65
202300017058,11.49,16.97
202300017090,4.4,8.33
202300017099,18.83,20.64
202300017108,5.86,9.16
202300017117,11.07,13.53
202300017207,9.51,23.28
202300017220,5.27,12.29
202300017221,9.65,5.53
202300017341,6.49,22.16
202300017343,4.99,5.31
202300017344,4.46,14.2
202300017345,4.48,31.0
202300017354,8.82,15.85
202300017504,7.14,10.67
202300017513,4.36,11.81
202300017562,9.76,15.55
202300017650,8.26,8.94
202300017657,3.27,14.01
202300017744,3.1,31.11
202300017755,6.82,6.11
202300017765,1.12,14.7
202300017768,8.42,8.94
202300017797,1.94,3.73
202300017867,3.46,25.01
202300017871,11.61,12.66
202300017872,4.53,18.51
202300017896,3.48,5.93
202300017901,2.84,3.42
202300017984,1.76,16.98
202300018034,3.26,22.9
202300018056,7.19,6.65
202300018059,5.21,13.78
202300018060,5.24,5.81
202300018075,9.7,12.37
202300018112,9.34,13.24
202300018121,7.7,22.33
202300018124,1.62,30.17
202300018180,18.21,15.79
202300018187,11.13,12.28
202300018334,7.69,4.53
202300018337,7.02,20.02
202300018447,1.08,6.1
202300018459,4.34,4.91
202300018522,2.67,2.75
202300018526,9.82,4.17
202300018576,8.27,18.64
202300018596,6.12,16.28
202300018601,11.18,5.02
202300018608,3.02,3.65
202300018636,7.22,4.58
202300018663,4.74,4.3
202300018666,5.76,0.43
202300018669,5.68,5.88
202300018763,2.39,5.54
202300018766,2.42,2.47
202300018768,4.42,8.33
202300018771,10.47,4.39
202300018779,9.69,6.43
202300018797,4.28,11.54
202300018833,6.98,5.46
202300018839,4.38,0.84
202300018968,16.05,17.85
202300018979,6.3,12.9
202300019019,8.02,23.52
202300019023,1.27,11.47
202300019099,11.56,12.08
202300019228,15.39,18.55
202300019263,5.64,6.09
202300019324,8.39,2.86
202300019390,3.8,13.7
202300019391,15.05,20.8
202300019503,6.75,4.54
202300019508,7.8,6.16
202300019516,10.67,15.17
202300019525,14.08,17.64
202300019614,3.89,4.35
202300019671,7.56,5.11
202300019761,16.84,16.85
202300019782,8.47,17.8
202300019784,11.58,15.64
202300019819,4.2,4.39
202300019858,3.53,7.87
202300019876,10.19,15.9
202300019919,3.56,20.1
202300019992,13.05,13.05
202300020008,8.12,19.43
202300020009,2.12,29.53
202300020011,16.48,44.15
202300020025,25.76,23.92
202300020118,4.33,24.72
202300020132,10.16,8.04
202300020149,5.51,1.91
202300020152,10.59,15.09
202300020173,3.66,4.78
202300020186,11.02,19.8
202300020190,11.0,11.02
202300020216,2.8,11.85
202300020305,10.38,14.22
202300020309,8.78,19.69
202300020428,4.64,9.54
202300020447,11.88,21.63
202300020514,5.56,4.67
202300020520,9.53,3.53
202300020525,8.16,7.77
202300020540,11.29,3.53
202300020543,3.11,21.52
202300020558,8.98,2.09
202300020668,11.35,23.96
202300020731,5.8,25.61
202300020734,8.61,3.17
202300020800,8.93,6.44
202300020808,9.16,15.93
202300020817,2.88,14.39
202300020837,9.42,20.32
202300020840,6.24,30.58
202300020846,2.12,6.56
202300020849,4.4,7.86
202300020852,1.58,12.94
202300020861,10.84,6.52
202300020870,3.0,3.2
202300020985,12.59,4.83
202300020998,8.94,5.69
202300020999,21.87,26.41
202300021069,1.26,4.7
202300021173,9.26,20.34
202300021179,4.54,17.06
202300021212,4.62,5.19
202300021277,13.01,8.35
202300021278,14.15,15.26
202300021281,4.44,39.71
202300021350,8.16,7.59
202300021354,2.1,3.37
202300021364,3.93,4.13
202300021413,8.71,3.86
202300021420,4.28,20.39
202300021427,1.91,4.51
202300021561,7.37,25.55
202300021573,0.64,5.87
202300021664,8.72,16.59
202300021702,9.11,34.8
202300021725,3.87,14.85
202300021738,3.69,11.77
202300021782,10.31,14.11
202300021802,4.63,10.78
202300021804,3.28,13.62
202300021905,4.45,6.44
202300021906,5.16,5.36
202300021972,6.92,18.0
202300022011,5.09,16.04
202300022028,9.83,10.44
202300022032,8.15,4.28
202300022038,7.73,25.92
202300022092,6.14,5.6
202300022129,7.2,4.85
202300022169,7.45,9.06
202300022182,4.48,15.91
202300022188,8.9,4.57
202300022192,7.39,7.25
202300022197,12.96,6.1
202300022201,11.72,4.7
202300022257,5.86,5.95
202300022260,10.04,16.14
202300022287,2.34,32.0
202300022326,2.28,2.92
202300022344,7.63,11.16
202300022348,5.41,26.68
202300022380,1.03,38.52
202300022411,12.24,12.76
202300022413,16.49,14.81
202300022416,5.81,16.2
202300022427,8.32,7.75
202300022445,10.62,12.04
202300022612,16.47,39.48
202300022617,8.16,19.87
202300022638,8.52,15.03
202300022661,6.25,10.76
202300022666,4.85,23.73
202300022669,4.41,23.29
202300022698,6.72,5.77
202300022701,7.34,2.98
202300022767,10.19,5.46
202300022768,6.44,5.02
202300022769,6.15,3.11
202300022773,5.42,5.08
202300022884,3.06,3.69
202300022886,3.21,21.62
202300022895,2.75,5.15
202300022984,13.96,18.28
202300023010,8.26,6.65
202300023023,15.06,11.88
202300023028,7.82,16.67
202300023029,8.34,13.51
202300023079,18.7,20.85
202300023095,2.66,14.5
202300023096,2.36,10.69
202300023140,1.2,1.44
202300023320,8.69,16.21
202300023347,6.15,36.47
202300023349,5.92,18.21
202300023351,6.67,7.36
202300023377,5.91,6.27
202300023464,3.27,2.67
202300023556,6.56,6.16
202300023567,2.95,4.3
202300023648,9.25,4.61
202300023665,4.4,3.7
202300023667,0.68,3.14
202300023672,6.45,7.09
202300023674,7.76,7.72
202300023772,6.48,10.34
202300023779,1.84,48.01
202300023886,14.97,16.58
202300023907,5.24,5.92
202300023911,5.96,2.98
202300023941,5.51,20.72
202300023947,8.98,4.73
202300023989,4.27,4.96
202300024025,8.65,5.4
202300024027,4.52,5.09
202300024040,8.45,7.52
202300024046,7.06,6.14
202300024047,6.84,19.27
202300024089,3.55,5.4
202300024091,4.44,1.27
202300024123,11.47,33.57
202300024128,1.15,28.27
202300024164,4.94,4.23
202300024242,6.94,6.94
202300024244,6.84,2.78
202300024245,5.41,6.69
202300024258,10.94,10.66
202300024268,5.16,16.85
202300024270,2.05,8.02
202300024290,14.15,12.02
202300024306,0.55,10.8
202300024310,7.46,26.52
202300024321,3.44,24.48
202300024329,14.44,10.07
202300024359,2.29,14.18
202300024363,3.14,18.93
202300024367,12.56,22.65
202300024371,5.52,15.57
202300024401,6.81,3.11
202300024418,5.36,16.42
202300024564,10.72,6.51
202300024707,11.39,7.78
202300024724,6.12,3.02
202300024743,5.15,2.1
202300024785,5.6,4.0
202300024801,13.9,24.0
202300024842,10.41,4.75
202300024844,5.42,7.22
202300024891,4.23,5.55
202300024925,5.52,24.14
202300024958,3.2,3.56
202300025035,6.72,3.33
202300025036,8.26,5.18
202300025037,3.05,3.86
202300025058,3.03,3.67
202300025085,10.53,25.08
202300025107,1.5,34.16
202300025108,11.61,25.65
202300025116,11.79,42.32
202300025117,8.39,9.08
202300025187,15.05,6.99
202300025188,7.5,5.86
202300025201,7.35,6.11
202300025202,8.53,12.55
202300025204,4.39,19.67
202300025327,7.56,8.45
202300025369,13.65,10.47
202300025375,1.22,8.84
202300025376,3.42,2.48
202300025443,11.59,9.88
202300025445,10.16,10.09
202300025450,6.01,6.7
202300025507,3.57,3.3
202300025516,6.51,4.22
202300025576,4.3,2.0
202300025587,11.66,26.56
202300025589,12.97,15.12
202300025598,2.69,3.33
202300025613,10.45,8.77
202300025616,5.28,15.32
202300025640,27.41,17.26
202300025669,3.89,22.27
202300025674,14.65,15.78
202300025694,3.91,4.11
202300025718,4.15,15.05
202300025721,5.97,7.49
202300025724,2.38,2.91
202300025736,5.02,20.93
202300025740,7.3,16.97
202300025765,2.01,8.15
202300025797,3.58,2.13
202300025805,6.36,3.48
202300025810,7.0,6.61
202300025885,4.63,17.74
202300025890,7.5,8.6
202300025895,10.02,4.34
202300025951,8.35,6.71
202300025990,6.98,7.55
202300025995,4.1,4.74
202300026197,10.23,35.45
202300026202,9.35,6.78
202300026205,6.55,7.83
202300026207,11.2,7.6
202300026225,4.95,19.72
202300026254,4.38,17.69
202300026259,3.34,18.24
202300026261,0.96,41.12
202300026299,4.21,24.52
202300026313,12.32,11.11
202300026323,1.19,21.16
202300026327,3.59,29.22
202300026335,8.02,5.52
202300026343,3.43,27.62
202300026351,7.34,19.52
202300026355,8.95,12.27
202300026397,7.54,3.18
202300026445,2.89,8.3
202300026469,6.16,8.05
202300026488,8.3,3.72
202300026508,2.8,4.91
202300026601,7.4,10.18
202300026655,6.43,4.74
202300026698,3.56,22.86
202300026714,4.7,21.77
202300026715,13.17,16.88
202300026718,7.79,8.53
202300026729,14.6,11.43
202300026747,8.97,49.55
202300026774,6.25,37.2
202300026866,3.25,16.36
202300026895,1.42,3.9
202300026915,8.09,4.59
202300026925,5.84,28.08
202300026930,7.74,9.05
202300026935,9.72,22.52
202300026951,8.7,19.6
202300026952,5.91,7.87
202300026953,5.51,22.37
202300026955,13.88,12.27
202300026956,11.48,17.95
202300026995,14.35,22.48
202300027072,6.31,8.91
202300027124,6.48,8.59
202300027133,9.04,22.96
202300027144,5.1,6.43
202300027153,6.32,53.84
202300027168,6.89,4.34
202300027221,8.83,4.38
202300027232,2.31,33.23
202300027245,5.15,8.39
202300027247,4.91,23.79
202300027329,6.16,6.35
202300027330,5.38,4.11
202300027331,4.94,5.14
202300027399,4.12,16.27
202300027403,3.57,21.98
202300027446,5.63,2.8
202300027525,4.44,14.76
202300027571,11.6,15.65
202300027574,7.84,7.01
202300027576,9.46,14.74
202300027580,12.26,12.78
202300027667,10.16,19.21
202300027669,6.96,6.56
202300027671,4.8,4.43
202300027679,1.21,18.48
202300027682,18.72,21.88
202300027693,6.41,49.23
202300027696,5.37,0.98
202300027699,12.78,15.68
202300027710,3.84,6.97
202300027714,6.16,6.19
202300027755,6.68,2.64
202300027758,7.97,7.43
202300027860,6.27,4.63
202300027863,11.38,7.5
202300027869,2.63,2.58
202300028000,5.74,57.28
202300028024,14.12,38.03
202300028100,4.31,7.22
202300028115,7.31,6.74
202300028135,12.05,4.56
202300028154,5.16,36.64
202300028155,3.71,19.8
202300028164,12.63,25.85
202300028167,7.33,14.92
202300028168,13.49,17.99
202300028170,5.6,21.7
202300028225,5.33,4.12
202300028274,11.23,3.13
202300028280,8.53,5.27
202300028284,3.16,2.48
202300028431,8.75,5.96
202300028463,5.96,17.33
202300028466,3.68,2.25
202300028470,7.73,5.79
202300028495,8.61,7.89
202300028521,8.07,24.5
202300028522,5.44,6.0
202300028524,14.56,25.9
202300028551,1.81,9.78
202300028555,6.4,29.18
202300028636,5.64,9.88
202300028644,4.06,4.74
202300028668,1.22,18.92
202300028684,5.42,2.48
202300028697,4.08,4.77
202300028769,6.34,3.96
202300028796,23.2,23.9
202300028812,9.39,11.35
202300028820,10.72,4.0
202300028832,2.48,11.48
202300028833,10.83,14.88
202300028835,2.72,4.87
202300028942,6.84,5.75
202300028943,5.41,21.32
202300029005,6.91,7.8
202300029041,9.73,14.51
202300029042,7.96,26.77
202300029051,5.88,15.62
202300029052,6.55,17.45
202300029053,11.92,21.53
202300029077,11.33,6.38
202300029078,4.33,21.06
202300029084,1.95,2.85
202300029085,3.44,6.04
202300029086,2.01,1.95
202300029087,3.54,3.14
202300029160,7.68,11.38
202300029276,6.57,27.33
202300029307,12.64,6.93
202300029314,4.23,9.75
202300029324,5.63,14.27
202300029435,4.29,4.2
202300029438,4.82,2.7
202300029464,3.2,2.8
202300029487,4.72,6.05
202300029514,8.61,8.04
202300029519,11.4,27.0
202300029527,5.48,22.44
202300029567,2.4,14.54
202300029609,5.91,19.76
202300029615,7.66,6.54
202300029664,2.36,10.22
202300029673,0.74,12.03
202300029742,3.86,1.16
202300029796,1.15,0.92
202300029801,8.52,17.6
202300029804,5.1,4.05
202300029809,12.88,11.53
202300029940,10.34,9.78
202300029948,5.62,10.72
202300029958,4.16,26.08
202300030047,12.85,27.05
202300030052,3.58,3.85
202300030111,1.45,23.31
202300030231,4.39,4.89
202300030245,4.54,19.68
202300030262,9.93,24.88
202300030265,3.21,13.63
202300030268,7.66,14.65
202300030303,9.73,21.08
202300030310,3.66,5.96
202300030313,2.89,3.53
202300030316,9.35,17.83
202300030319,7.5,6.64
202300030335,4.18,8.22
202300030388,6.35,1.96
202300030413,10.21,8.11
202300030437,6.89,9.68
202300030441,3.24,21.65
202300030447,6.49,20.3
202300030449,11.04,3.37
202300030477,12.42,12.03
202300030611,14.57,14.52
202300030615,4.07,1.64
202300030676,13.26,32.08
202300030685,4.83,7.51
202300030686,8.96,12.25
202300030687,6.54,4.86
202300030783,8.09,16.54
202300030848,7.96,22.86
202300030911,1.99,20.87
202300030914,4.52,22.27
202300030915,6.69,9.16
202300030918,4.73,3.24
202300030921,11.29,11.81
202300030982,2.02,0.7
202300030984,8.33,3.79
202300030991,2.59,4.74
202300030998,5.69,0.67
202300030999,3.85,4.42
202300031000,6.99,6.25
202300031005,11.51,22.46
202300031032,9.77,14.1
202300031133,12.74,12.8
202300031136,5.77,8.57
202300031152,8.27,7.86
202300031163,14.46,24.39
202300031180,9.24,16.0
202300031186,4.25,9.53
202300031235,5.93,6.12
202300031257,9.37,5.47
202300031373,5.21,5.38
202300031474,10.92,20.74
202300031475,18.91,52.85
202300031477,9.55,7.86
202300031481,12.41,8.09
202300031484,8.24,8.78
202300031485,21.25,24.4
202300031490,8.0,22.56
202300031491,5.4,8.82
202300031492,9.99,10.68
202300031528,8.33,8.41
202300031529,4.78,5.46
202300031616,1.94,4.39
202300031619,1.32,2.35
202300031623,6.66,5.31
202300031644,8.96,29.23
202300031726,4.74,4.4
202300031730,4.56,2.53
202300031768,11.95,25.1
202300031781,2.42,15.61
202300031852,8.8,24.76
202300031853,8.7,24.49
202300031856,3.55,20.81
202300031861,8.56,16.1
202300031878,5.49,14.14
202300031881,5.4,12.54
202300032067,6.97,5.25
202300032069,10.3,5.39
202300032086,2.99,5.1
202300032122,4.08,6.53
202300032188,5.39,23.68
202300032212,5.13,13.69
202300032241,5.68,5.76
202300032245,7.72,10.37
202300032251,10.61,5.98
202300032255,5.61,5.37
202300032259,6.66,10.21
202300032286,5.29,2.51
202300032294,10.2,8.43
202300032299,3.45,21.05
202300032432,11.85,13.58
202300032433,6.76,3.67
202300032442,6.89,6.99
202300032465,11.98,10.29
202300032516,14.17,14.5
202300032537,5.58,20.72
202300032602,7.62,4.02
202300032603,8.61,18.32
202300032916,7.52,3.16
202300032940,3.15,14.29
202300032941,14.06,13.33
202300032942,2.76,31.34
202300032959,3.94,16.69
202300032960,1.06,3.97
202300032961,3.3,4.43
202300033176,9.98,12.49
202300033185,4.93,0.81
202300033191,2.24,24.16
202300033222,4.64,4.27
202300033232,7.46,6.92
202300033395,0.91,5.61
202300033396,8.27,25.24
202300033397,6.14,19.85
202300033487,5.22,49.74
202300033516,4.4,18.45
202300033527,9.63,8.77
202300033661,13.1,16.32
202300033712,7.5,6.32
202300033799,2.39,10.5
202300033802,3.5,6.11
202300033815,2.7,9.77
202300033869,6.34,4.03
202300033873,5.85,7.78
202300033988,6.53,20.55
202300034049,11.11,9.13
202300034059,3.24,3.43
202300034063,5.18,5.37
202300034179,8.09,27.41
202300034191,4.24,4.81
202300034224,6.59,10.01
202300034233,5.73,5.4
202300034270,5.29,18.06
202300034274,16.76,50.56
202300034308,2.46,4.49
202300034312,19.05,11.1
202300034347,12.08,30.18
202300034349,12.44,27.36
202300034353,9.58,6.32
202300034358,4.34,1.95
202300034362,4.08,6.54
202300034391,6.01,18.38
202300034399,13.15,6.82
202300034512,8.77,3.86
202300034527,6.53,3.66
202300034578,13.47,30.88
202300034587,2.54,34.5
202300034612,0.89,21.97
202300034660,4.42,22.94
202300034662,4.69,5.99
202300034721,7.47,6.84
202300034722,6.11,5.42
202300034724,6.08,6.58
202300034768,8.54,8.63
202300034770,5.89,8.46
202300034771,7.05,6.48
202300034773,6.19,5.0
202300034845,8.41,4.54
202300034850,9.8,10.95
202300034851,5.64,2.78
202300034862,3.7,14.81
202300034894,5.17,16.65
202300034897,14.91,31.19
202300034907,2.82,21.7
202300034908,1.35,15.71
202300034909,5.91,6.27
202300034910,6.42,13.86
202300035024,6.9,1.88
202300035026,7.13,2.11
202300035027,4.79,3.84
202300035037,5.96,8.76
202300035043,4.16,6.75
202300035071,4.82,4.69
202300035073,7.68,7.21
202300035075,3.95,6.32
202300035088,5.9,5.54
202300035220,4.3,3.17
202300035222,6.26,6.13
202300035223,13.0,6.94
202300035224,5.86,3.5
202300035242,6.2,15.86
202300035331,6.32,5.46
202300035369,12.22,16.83
202300035392,8.84,4.01
202300035393,8.53,3.56
202300035428,9.6,16.58
202300035438,2.28,3.18
202300035481,6.36,3.24
202300035588,6.88,6.97
202300035591,12.27,15.39
202300035594,8.67,7.03
202300035596,2.13,4.11
202300035599,13.04,23.96
202300035610,8.07,10.82
202300035636,4.5,0.68
202300035693,6.96,9.12
202300035730,10.44,8.66
202300035847,6.56,3.52
202300035852,4.24,2.52
202300035887,7.77,8.04
202300035899,5.72,6.23
202300035901,11.3,20.56
202300035904,5.45,5.65
202300035907,9.64,26.18
202300035910,5.88,6.56
202300035943,10.39,21.46
202300035974,2.68,45.5
202300035978,1.8,19.6
202300035981,1.53,22.98
202300035986,6.64,13.8
202300035991,4.76,15.9
202300036026,9.81,11.79
202300036031,4.72,4.59
202300036051,2.94,2.02
202300036056,8.56,25.78
202300036083,10.65,8.96
202300036110,4.07,18.99
202300036128,7.92,3.47
202300036170,1.04,48.52
202300036312,15.86,8.29
202300036363,8.28,6.1
202300036439,1.73,4.6
202300036469,8.19,8.88
202300036569,6.35,7.09
202300036635,5.64,5.64
202300036658,11.98,12.29
202300036670,6.34,11.8
202300036754,10.19,7.03
202300036756,6.58,3.21
202300036896,5.16,3.82
202300036899,5.0,2.62
202300036914,12.62,16.18
202300036989,2.1,2.99
202300036991,1.64,2.76
202300037010,7.67,20.47
202300037035,6.62,15.28
202300037138,10.43,3.51
202300037167,16.47,37.39
202300037196,8.37,6.68
202300037200,9.45,19.54
202300037204,6.72,13.4
202300037275,9.82,21.03
202300037280,2.58,1.23
202300037281,4.46,5.1
202300037320,1.53,31.22
202300037345,7.4,21.96
202300037390,5.72,4.48
202300037391,6.3,8.2
202300037425,9.31,7.67
202300037426,7.23,25.42
202300037432,8.55,1.57
202300037523,6.25,24.44
202300037606,9.48,14.82
202300037607,3.44,24.26
202300037613,11.89,3.1
202300037617,5.97,6.66
202300037621,9.99,8.84
202300037624,5.36,6.62
202300037683,3.79,4.36
202300037686,4.44,3.74
202300037817,0.9,29.1
202300037862,8.48,31.5
202300037864,4.49,50.12
202300037866,2.42,26.62
202300037879,7.82,2.28
202300037895,6.07,19.3
202300037930,12.92,12.17
202300037945,17.28,40.29
202300037962,10.8,14.85
202300037965,5.08,6.6
202300038048,5.94,12.85
202300038079,7.16,12.89
202300038133,2.09,11.07
202300038137,5.83,6.52
202300038157,6.39,34.22
202300038161,1.45,10.33
202300038229,16.2,26.29
202300038231,24.16,22.72
202300038233,8.54,20.53
202300038251,4.92,14.78
202300038257,14.26,25.56
202300038288,2.77,2.86
202300038308,5.69,13.62
202300038331,6.01,8.76
202300038373,11.84,26.75
202300038381,9.76,16.59
202300038385,8.4,4.41
202300038389,1.9,13.75
202300038410,12.44,20.28
202300038466,9.3,9.99
202300038472,9.46,7.86
202300038505,11.41,21.5
202300038531,10.24,3.69
202300038625,13.92,23.72
202300038632,8.51,13.9
202300038646,6.79,11.27
202300038677,14.8,26.14
202300038697,1.15,12.25
202300038710,8.0,7.46
202300038770,7.42,9.54
202300038778,7.3,4.14
202300038780,8.38,49.94
202300038803,10.21,22.13
202300038805,7.28,23.61
202300038839,5.62,11.96
202300038949,12.72,5.58
202300038951,7.88,4.19
202300038965,2.83,5.28
202300038994,2.91,4.89
202300039129,7.56,3.2
202300039130,7.65,4.08
202300039131,6.2,6.04
202300039149,4.18,4.77
202300039150,2.21,1.95
202300039204,5.21,30.36
202300039213,4.62,10.02
202300039215,8.38,7.52
202300039216,8.22,13.98
202300039217,11.16,17.63
202300039287,12.25,16.16
202300039477,3.84,15.5
202300039507,4.09,17.21
202300039526,1.09,14.82
202300039546,10.96,7.39
202300039577,1.06,1.61
202300039595,8.48,11.0
202300039752,10.72,11.41
202300039922,9.95,3.48
202300039943,11.11,12.82
202300039953,7.36,3.86
202300039955,5.91,7.74
202300039961,1.32,11.98
202300040084,5.73,4.61
202300040086,8.02,11.55
202300040103,4.63,5.95
202300040153,10.81,6.42
202300040155,3.8,3.45
202300040159,2.16,0.8
202300040181,0.3,2.76
202300040183,4.64,3.28
202300040249,5.83,6.33
202300040250,4.8,5.48
202300040261,3.39,2.99
202300040270,11.13,17.12
202300040327,11.22,20.3
202300040329,6.13,4.2
202300040331,3.14,22.5
202300040432,7.18,12.91
202300040440,7.17,4.01
202300040467,14.1,22.5
202300040492,12.83,13.16
202300040525,6.49,22.35
202300040558,3.29,22.11
202300040588,3.08,5.19
202300040592,10.34,29.76
202300040662,9.86,7.76
202300040664,3.68,7.2
202300040665,10.1,7.06
202300040763,11.11,16.46
202300040789,12.4,6.5
202300040803,6.18,6.52
202300040916,5.8,5.66
202300040929,9.47,7.84
202300040931,3.2,5.06
202300040936,9.34,16.1
202300041013,6.88,4.49
202300041191,0.28,27.68
202300041200,4.68,18.02
202300041201,2.04,7.63
202300041211,5.64,11.98
202300041212,1.99,13.88
202300041318,3.82,3.91
202300041319,7.12,8.81
202300041406,16.48,22.39
202300041419,6.41,13.0
202300041421,11.86,12.38
202300041503,11.01,2.9
202300041569,9.46,49.06
202300041571,5.58,18.89
202300041600,7.93,5.85
202300041654,4.36,4.03
202300041659,1.78,4.24
202300041670,24.98,43.06
202300041694,6.35,7.04
202300041724,12.25,43.2
202300041725,4.14,4.78
202300041726,2.47,21.75
202300041728,7.03,6.49
202300041734,6.84,3.24
202300041754,8.48,15.98
202300041771,7.27,14.26
202300041774,0.41,20.83
202300041786,5.25,3.64
202300041807,7.1,27.07
202300041811,9.29,18.9
202300041819,6.47,7.11
202300041894,9.48,13.65
202300041914,1.16,28.79
202300041938,9.12,14.94
202300041953,5.07,16.82
202300041955,6.15,13.81
202300042024,8.16,18.02
202300042047,4.64,3.29
202300042055,4.52,19.29
202300042060,9.0,2.05
202300042082,4.08,6.68
202300042129,8.39,9.08
202300042203,1.35,13.4
202300042234,6.22,8.33
202300042265,12.1,14.95
202300042279,9.23,8.8
202300042287,9.77,14.04
202300042302,2.87,13.94
202300042305,3.56,35.68
202300042320,10.08,22.47
202300042328,11.92,7.55
202300042347,5.49,9.24
202300042351,4.84,12.35
202300042378,9.04,16.04
202300042446,5.35,5.55
202300042497,13.61,6.53
202300042498,0.77,7.04
202300042500,1.28,5.95
202300042506,9.13,5.87
202300042533,5.92,5.78
202300042535,6.42,11.22
202300042554,3.18,5.78
202300042706,5.72,4.11
202300042708,2.28,26.19
202300042736,6.75,12.69
202300042740,11.38,13.75
202300042776,8.55,6.92
202300042860,6.81,6.24
202300042863,6.03,24.22
202300042982,12.88,12.05
202300042991,15.58,18.74
202300042993,2.12,15.04
202300043000,9.51,11.55
202300043004,22.38,54.77
202300043034,6.73,13.62
202300043117,6.39,2.78
202300043149,3.58,6.98
202300043160,7.08,29.63
202300043170,7.1,12.45
202300043171,1.32,26.02
202300043250,3.84,4.04
202300043251,6.4,2.91
202300043252,6.13,7.92
202300043268,2.6,2.71
202300043275,5.06,1.79
202300043289,7.54,2.58
202300043290,7.0,6.61
202300043361,7.28,15.33
202300043363,4.71,14.56
202300043417,8.51,6.87
202300043419,3.59,6.96
202300043420,6.4,0.95
202300043510,3.24,27.56
202300043527,5.9,22.65
202300043555,8.36,6.76
202300043556,2.89,15.63
202300043557,18.34,25.1
202300043568,4.52,8.51
202300043570,7.74,23.75
202300043674,4.32,6.43
202300043721,8.04,7.51
202300043724,2.55,1.2
202300043793,4.65,3.04
202300043878,6.8,8.65
202300043894,5.27,8.11
202300043921,10.32,12.05
202300043929,7.66,6.59
202300043980,8.9,20.83
202300043985,3.34,18.24
202300043988,1.13,33.23
202300044010,6.11,6.8
202300044043,8.63,19.7
202300044152,4.89,3.35
202300044156,5.6,2.02
202300044180,8.44,10.55
202300044184,7.24,9.76
202300044207,11.16,12.26
202300044211,6.14,24.32
202300044226,9.6,2.62
202300044234,5.69,1.68
202300044259,7.06,13.51
202300044298,3.32,4.84
202300044394,2.25,13.85
202300044484,4.47,8.16
202300044497,11.82,7.5
202300044518,5.69,7.42
202300044525,8.38,6.75
202300044537,7.81,4.19
202300044593,7.17,25.36
202300044621,5.61,5.72
202300044623,9.47,8.93
202300044624,5.02,4.65
202300044627,4.65,3.0
202300044628,2.81,3.45
202300044696,4.58,4.34
202300044712,6.71,2.86
202300044715,2.69,5.14
202300044717,8.02,7.48
202300044747,9.0,8.24
202300044795,17.64,17.64
202300044831,1.34,19.76
202300044853,2.6,16.7
202300044862,5.77,17.33
202300044867,0.94,14.89
202300044870,3.14,6.53
202300044903,5.74,2.32
202300044917,10.92,17.06
202300044932,3.26,5.89
202300044961,9.66,16.82
202300045095,6.45,22.76
202300045096,7.41,13.66
202300045146,8.44,13.83
202300045159,4.28,17.54
202300045170,11.48,19.99
202300045171,2.99,18.91
202300045172,3.14,10.69
202300045175,6.84,16.87
202300045181,1.97,9.84
202300045218,3.55,3.55
202300045263,3.1,5.08
202300045266,5.18,4.43
202300045338,7.73,25.04
202300045349,2.88,27.2
202300045365,3.61,4.92
202300045378,9.52,5.44
202300045390,12.99,51.84
202300045391,10.13,55.11
202300045474,7.78,6.15
202300045487,5.74,6.42
202300045532,9.44,2.52
202300045561,10.99,14.76
202300045565,1.08,10.85
202300045596,18.0,21.16
202300045605,0.3,32.01
202300045724,9.05,18.4
202300045726,0.59,40.91
202300045728,5.16,39.64
202300045733,3.06,13.38
202300045767,9.05,8.64
202300045890,6.5,28.13
202300045893,6.32,5.95
202300045920,6.43,4.76
202300045933,1.19,11.45
202300045965,2.21,3.32
202300045968,9.3,5.37
202300045971,10.6,5.48
202300045974,9.87,4.8
202300045986,4.99,4.93
202300046003,8.52,8.84
202300046006,5.18,22.65
202300046010,4.31,16.83
202300046025,6.07,8.18
202300046033,7.83,15.5
202300046051,2.48,23.23
202300046134,3.01,4.97
202300046253,6.11,10.79
202300046273,3.9,4.96
202300046274,2.43,2.51
202300046287,11.43,4.45
202300046347,3.51,13.45
202300046356,7.05,5.33
202300046358,6.0,2.8
202300046402,8.09,4.59
202300046404,2.44,4.89
202300046502,10.85,12.77
202300046547,6.18,6.27
202300046572,4.39,13.75
202300046644,9.52,13.58
202300046650,4.73,16.45
202300046659,2.12,9.99
202300046668,8.19,13.02
202300046671,15.07,7.5
202300046703,7.41,31.61
202300046707,15.3,26.6
202300046714,10.97,5.26
202300046722,10.91,11.44
202300046726,9.72,19.19
202300046804,4.91,3.98
202300046847,5.3,1.86
202300046850,9.67,13.36
202300046887,5.84,8.52
202300046895,5.66,18.86
202300046914,7.66,17.64
202300046951,10.94,27.08
202300046956,3.21,33.16
202300046987,5.67,6.48
202300046988,4.53,18.37
202300047026,14.52,14.54
202300047027,1.25,11.04
202300047033,8.44,16.35
202300047085,4.79,12.72
202300047096,1.55,25.03
202300047113,8.62,17.0
202300047114,9.49,14.3
202300047151,0.94,13.1
202300047178,6.64,1.65
202300047262,9.44,24.21
202300047263,12.3,29.88
202300047264,8.9,4.58
202300047265,4.16,27.35
202300047322,6.47,15.77
202300047341,9.52,8.95
202300047398,7.4,5.1
202300047401,6.01,3.81
202300047405,5.09,5.29
202300047450,2.84,17.71
202300047466,5.58,15.48
202300047474,10.46,21.67
202300047492,6.35,16.69
202300047495,9.09,7.41
202300047504,10.12,2.0
202300047586,5.53,1.94
202300047589,4.28,4.35
202300047646,5.44,7.96
202300047647,7.19,25.38
202300047683,1.32,1.93
202300047687,5.78,6.92
202300047750,10.95,12.39
202300047773,5.01,0.01
202300047889,3.14,16.06
202300047893,1.82,15.13
202300047902,8.89,14.69
202300047946,6.61,7.73
202300047955,3.76,12.24
202300047971,5.32,5.82
202300048015,7.04,8.77
202300048020,8.84,8.7
202300048024,9.52,30.45
202300048025,4.03,27.25
202300048057,2.8,3.36
202300048060,3.11,59.91
202300048062,9.3,7.52
202300048087,8.63,12.16
202300048168,1.68,1.68
202300048284,2.31,16.37
202300048293,3.15,4.04
202300048296,4.24,9.61
202300048318,4.68,7.04
202300048452,3.21,4.0
202300048467,6.03,5.61
202300048487,12.71,4.92
202300048494,2.4,5.64
202300048557,5.51,19.68
202300048588,10.0,4.32
202300048628,6.61,1.59
202300048630,0.69,2.33
202300048662,3.56,4.13
202300048796,6.66,5.74
202300048811,1.88,31.03
202300048823,4.63,2.73
202300048844,6.04,21.65
202300048945,2.5,18.63
202300048999,1.73,13.09
202300049010,10.34,13.25
202300049014,12.85,16.25
202300049024,10.05,24.99
202300049027,6.05,13.59
202300049122,4.13,4.7
202300049123,2.89,5.34
202300049151,9.51,29.94
202300049170,8.54,23.45
202300049196,5.36,6.04
202300049214,7.38,22.01
202300049216,12.62,15.8
202300049219,4.86,14.95
202300049239,8.99,8.86
202300049250,6.3,7.78
202300049298,2.25,25.66
202300049325,6.25,20.88
202300049326,0.57,35.59
202300049349,8.5,13.9
202300049375,8.13,6.89
202300049481,4.44,5.01
202300049664,4.49,42.41
202300049690,3.66,15.14
202300049702,13.86,16.01
202300049733,12.14,28.27
202300049739,3.97,14.34
202300049741,7.69,14.03
202300049746,7.98,3.22
202300049817,8.07,4.0
202300049819,2.15,31.84
202300049825,8.24,7.85
202300049831,7.14,6.36
202300049837,4.11,20.83
202300049944,4.6,21.71
202300049946,3.28,3.36
202300049957,2.27,16.98
202300049962,4.09,4.29
202300049969,8.09,3.07
202300049982,3.9,4.02
202300050005,5.55,5.42
202300050133,4.25,2.52
202300050141,5.42,6.1
202300050176,5.34,5.42
202300050181,7.42,11.78
202300050232,10.79,10.22
202300050239,4.92,5.0
202300050247,4.92,4.7
202300050253,1.98,2.62
202300050297,6.71,7.35
202300050303,4.41,3.05
202300050411,14.07,15.19
202300050428,5.42,17.6
202300050435,5.24,4.62
202300050503,4.39,1.09
202300050579,7.05,6.48
202300050588,12.0,10.23
202300050593,12.52,5.42
202300050601,2.13,4.32
202300050671,11.07,7.62
202300050672,6.93,15.22
202300050681,3.84,4.47
202300050688,6.16,6.25
202300050694,5.22,23.4
202300050701,5.32,1.46
202300050851,7.43,8.17
202300050860,5.36,13.3
202300050915,3.75,18.76
202300050966,5.04,4.66
202300050967,6.15,5.98
202300051079,4.52,26.18
202300051095,5.89,34.46
202300051132,2.06,31.87
202300051162,13.64,5.87
202300051171,4.67,26.33
202300051183,5.07,4.16
202300051186,5.56,4.64
202300051203,19.71,28.78
202300051241,21.0,21.7
202300051243,6.22,5.96
202300051324,6.36,6.89
202300051326,17.1,50.91
202300051355,4.29,5.62
202300051367,1.95,23.21
202300051451,4.37,5.11
202300051491,11.84,20.56
202300051499,11.45,17.44
202300051587,4.03,14.35
202300051629,16.4,18.2
202300051687,14.96,14.21
202300051697,9.87,13.59
202300051728,14.64,22.93
202300051774,3.89,14.21
202300051818,0.92,24.0
202300051849,3.17,5.28
202300051890,6.98,8.6
202300051949,3.65,19.68
202300051959,2.45,18.46
202300051972,6.92,7.27
202300052050,5.06,20.69
202300052058,6.21,13.37
202300052097,17.05,22.78
202300052177,2.07,13.96
202300052238,11.27,8.01
202300052251,8.72,8.87
202300052297,7.52,4.9
202300052299,9.18,4.27
202300052303,4.84,3.44
202300052330,9.83,6.57
202300052371,4.78,6.9
202300052376,9.44,12.62
202300052418,9.2,9.06
202300052420,4.94,5.58
202300052424,6.26,22.54
202300052456,6.01,2.56
202300052500,6.81,5.18
202300052508,10.12,8.83
202300052514,2.38,5.58
202300052538,4.9,5.78
202300052544,0.73,3.14
202300052553,5.2,5.77
202300052654,9.39,13.08
202300052720,1.48,39.12
202300052765,6.86,17.94
202300052767,2.71,6.2
202300052819,9.84,8.15
202300052833,7.26,18.16
202300052834,1.84,15.74
202300052839,3.28,4.41
202300052900,9.25,3.59
202300052945,4.34,5.4
202300053151,5.05,22.03
202300053208,5.66,27.14
202300053229,11.44,11.38
202300053293,1.19,11.42
202300053319,9.09,35.04
202300053326,7.96,44.47
202300053335,7.64,22.27
202300053345,5.63,20.26
202300053359,11.78,15.34
202300053362,6.85,6.94
202300053377,9.14,10.25
202300053381,13.92,9.59
202300053389,13.1,23.19
202300053443,11.73,12.26
202300053458,12.85,60.27
202300053522,1.22,9.08
202300053526,11.03,2.42
202300053537,4.79,10.16
202300053617,19.69,21.49
202300053638,6.79,2.74
202300053687,3.78,3.91
202300053728,14.88,20.43
202300053743,9.51,6.54
202300053777,5.51,1.93
202300053785,3.91,4.11
202300053816,4.0,4.68
202300053839,5.0,4.62
202300053845,8.51,4.27
202300053849,4.81,14.91
202300053856,8.09,4.59
202300053990,3.43,2.07
202300054038,10.07,4.27
202300054041,6.28,5.72
202300054043,12.96,5.19
202300054066,19.63,35.21
202300054083,7.27,2.24
202300054086,8.27,19.58
202300054163,6.82,2.32
202300054168,8.15,9.5
202300054192,9.21,10.38
202300054212,8.37,22.87
202300054303,6.48,18.15
202300054345,33.66,33.66
202300054408,13.38,14.99
202300054432,6.21,16.55
202300054440,13.51,32.6
202300054494,4.14,6.63
202300054548,11.86,11.12
202300054572,3.67,19.96
202300054588,5.57,20.67
202300054614,5.53,8.02
202300054662,1.63,23.56
202300054709,10.47,3.6
202300054717,4.33,4.9
202300054721,1.42,2.06
202300054731,8.84,5.68
202300054797,6.38,5.25
202300054799,6.9,6.28
202300054813,3.31,10.48
202400000032,7.83,9.9
202400000033,5.28,5.14
202400000069,5.62,16.53
202400000092,4.67,5.0
202400000200,0.48,29.56
202400000284,6.56,5.32
202400000364,8.92,11.03
202400000383,7.21,12.17
202400000391,2.4,13.14
202400000497,3.96,4.05
202400000499,9.68,1.9
202400000547,2.14,4.6
202400000551,0.79,3.24
202400000565,4.38,21.94
202400000666,8.8,7.52
202400000669,10.66,11.62
202400000717,5.11,5.3
202400000762,5.87,23.13
202400000793,4.4,16.15
202400000797,2.19,2.83
202400000799,4.79,5.43
202400000801,6.87,6.4
202400000816,3.16,25.77
202400000826,5.09,5.44
202400000827,4.79,5.32
202400000879,4.86,4.46
202400000881,2.74,2.13
202400000961,9.5,3.13
202400001022,1.73,33.81
202400001056,3.58,3.71
202400001058,6.11,6.14
202400001060,5.78,6.03
202400001062,4.72,5.4
202400001063,5.16,4.88
202400001103,13.79,7.78
202400001105,3.83,8.91
202400001124,6.18,5.02
202400001126,6.35,5.78
202400001129,12.41,7.4
202400001132,5.51,20.24
202400001133,3.48,33.68
202400001365,13.96,16.11
202400001373,14.44,17.6
202400001394,9.5,11.11
202400001415,12.7,7.8
202400001442,12.05,6.79
202400001449,2.39,4.99
202400001456,6.8,3.43
202400001521,4.04,17.48
202400001536,11.18,5.51
202400001537,8.92,4.86
202400001538,4.89,21.62
202400001540,4.36,3.96
202400001546,4.04,3.91
202400001609,2.65,2.65
202400001611,8.36,2.73
202400001616,8.73,28.74
202400001643,10.0,14.06
202400001644,0.69,20.83
202400001646,9.41,8.46
202400001712,3.77,5.89
202400001742,5.57,6.25
202400001791,5.54,6.22
202400001801,6.04,4.4
202400001840,12.36,4.57
202400001843,9.0,8.24
202400001864,3.2,2.34
202400001880,6.56,7.08
202400001943,30.86,30.96
202400001952,11.69,13.08
202400001969,0.67,13.49
202400001973,6.84,4.92
202400001990,19.74,21.87
202400002148,3.62,3.75
202400002183,6.0,2.02
202400002227,11.32,6.41
202400002231,11.23,6.66
202400002234,5.23,15.97
202400002265,6.87,6.54
202400002381,5.54,6.22
202400002427,10.71,6.24
202400002430,8.85,6.36
202400002433,2.18,7.37
202400002441,4.83,4.7
202400002451,9.23,22.53
202400002497,3.59,6.99
202400002502,7.51,24.93
202400002532,11.45,27.18
202400002533,4.93,35.29
202400002537,18.82,21.92
202400002538,4.24,19.14
202400002544,10.46,8.09
202400002559,3.06,10.72
202400002569,2.8,3.39
202400002579,11.26,24.79
202400002591,6.73,7.85
202400002646,3.38,16.49
202400002647,6.22,5.25
202400002682,9.59,12.04
202400002705,2.29,22.26
202400002815,6.06,3.67
202400002838,13.83,5.77
202400002840,4.57,2.93
202400002846,8.88,5.62
202400002908,13.06,24.86
202400002914,5.34,7.45
202400002922,4.3,21.86
202400002958,11.65,17.63
202400002972,6.79,10.24
202400003111,10.53,14.59
202400003139,1.99,2.07
202400003143,7.55,5.46
202400003147,5.97,9.99
202400003157,8.76,1.37
202400003213,1.92,5.6
202400003250,6.24,6.98
202400003306,3.94,9.03
202400003308,9.81,8.66
202400003310,9.94,6.98
202400003328,5.74,4.3
202400003331,4.65,3.38
202400003343,8.79,10.9
202400003363,6.19,65.82
202400003383,5.69,27.37
202400003403,17.79,26.98
202400003456,3.4,5.55
202400003460,6.19,21.42
202400003572,1.84,20.72
202400003574,4.39,4.78
202400003596,9.26,26.02
202400003622,2.48,10.15
202400003720,5.53,5.61
202400003722,7.25,4.78
202400003724,6.35,4.85
202400003725,6.5,5.0
202400003727,5.79,7.5
202400003756,2.86,3.49
202400003825,3.68,12.42
202400003838,7.25,10.17
202400003851,11.99,34.56
202400003863,8.69,15.96
202400003864,7.42,22.32
202400003865,11.59,14.13
202400003872,1.82,17.27
202400003873,3.29,10.29
202400003874,8.51,9.4
202400003904,10.76,7.61
202400003910,8.46,8.54
202400003945,4.96,12.88
202400003947,12.6,13.12
202400003998,7.82,9.88
202400004003,7.37,7.53
202400004063,6.94,2.82
202400004092,3.19,8.05
202400004126,8.42,8.42
202400004129,5.3,2.19
202400004131,4.63,3.1
202400004133,6.43,5.8
202400004151,9.35,4.72
202400004154,11.07,6.16
202400004175,4.81,5.55
202400004177,10.66,5.42
202400004180,10.91,5.24
202400004182,12.99,7.56
202400004185,13.66,6.66
202400004196,4.08,1.34
202400004209,5.97,2.11
202400004211,3.88,4.52
202400004253,6.86,4.0
202400004261,15.74,37.2
202400004262,7.71,3.14
202400004294,11.54,18.36
202400004336,11.38,13.58
202400004337,2.89,11.34
202400004395,7.51,19.82
202400004397,5.75,4.67
202400004419,3.42,15.32
202400004421,2.28,16.68
202400004425,7.36,13.85
202400004427,3.05,13.42
202400004467,6.98,3.94
202400004524,0.29,2.44
202400004576,0.72,2.05
202400004578,9.24,5.98
202400004625,8.11,8.19
202400004700,5.39,32.36
202400004723,5.36,22.58
202400004749,14.94,25.03
202400004754,8.04,22.68
202400004765,11.01,15.56
202400004871,3.35,6.68
202400004898,6.36,2.46
202400004941,8.16,6.53
202400004948,5.65,7.84
202400004967,3.62,4.19
202400005058,7.1,12.49
202400005097,5.21,5.32
202400005192,7.3,3.85
202400005208,8.56,5.15
202400005218,9.27,6.02
202400005244,26.83,41.48
202400005275,9.52,5.4
202400005277,9.79,22.18
202400005278,7.26,9.41
202400005280,6.12,6.06
202400005302,8.96,15.92
202400005318,13.23,20.12
202400005327,17.7,58.66
202400005382,7.32,5.58
202400005383,5.43,6.11
202400005405,5.96,3.9
202400005441,2.79,23.26
202400005452,23.7,40.91
202400005583,0.61,7.28
202400005604,0.65,1.75
202400005606,9.62,7.55
202400005712,12.08,19.08
202400005726,5.13,44.02
202400005727,3.99,11.53
202400005736,6.76,14.42
202400005867,8.38,8.24
202400005868,9.91,14.06
202400005947,4.63,12.08
202400005949,7.64,28.58
202400005974,9.37,25.28
202400006000,11.66,28.97
202400006009,14.37,22.44
202400006033,4.09,16.92
202400006064,8.52,45.88
202400006118,5.37,3.77
202400006120,0.72,17.02
202400006208,6.16,2.55
202400006210,6.35,4.14
202400006249,4.01,8.19
202400006272,8.88,8.74
202400006276,6.46,21.4
202400006291,1.81,14.45
202400006294,12.76,10.98
202400006425,1.84,16.76
202400006430,5.84,11.02
202400006437,4.8,4.72
202400006441,4.0,4.2
202400006444,4.53,5.49
202400006447,6.16,6.35
202400006448,12.09,7.72
202400006468,4.4,5.0
202400006477,4.7,5.8
202400006481,3.52,9.09
202400006485,8.72,8.88
202400006487,11.58,5.52
202400006490,5.42,2.75
202400006534,10.69,3.82
202400006536,2.02,2.59
202400006603,6.3,2.39
202400006606,4.69,6.46
202400006610,4.76,5.44
202400006613,7.0,3.95
202400006644,2.01,11.06
202400006653,2.98,6.3
202400006668,5.82,0.79
202400006680,7.68,10.36
202400006688,5.83,19.05
202400006732,7.48,18.8
202400006748,8.44,9.07
202400006887,6.7,19.76
202400006941,2.14,16.05
202400006948,4.64,5.53
202400006952,1.67,4.26
202400006974,4.92,2.55
202400006975,3.3,5.77
202400007022,4.8,17.91
202400007023,4.96,5.44
202400007035,4.76,5.32
202400007102,13.18,22.65
202400007137,6.31,24.88
202400007139,7.71,23.49
202400007146,3.94,21.49
202400007196,7.43,21.66
202400007198,10.5,17.48
202400007206,9.55,6.37
202400007221,7.98,30.04
202400007290,6.02,3.64
202400007349,6.47,8.92
202400007392,3.4,9.45
202400007532,9.99,16.19
202400007599,17.08,22.99
202400007607,3.21,24.71
202400007608,8.88,24.25
202400007652,2.29,7.38
202400007805,8.84,7.2
202400007809,3.09,4.2
202400007984,1.01,6.03
202400007996,7.29,6.54
202400007999,7.09,3.04
202400008031,9.93,9.79
202400008033,9.46,20.67
202400008048,3.12,8.69
202400008050,12.86,11.4
202400008057,1.97,2.58
202400008087,10.45,20.03
202400008103,2.74,3.3
202400008212,3.26,5.37
202400008218,7.7,11.76
202400008229,27.43,23.07
202400008292,5.99,32.66
202400008323,15.21,13.52
202400008327,8.52,6.84
202400008329,7.52,3.92
202400008344,1.21,15.06
202400008349,7.53,18.43
202400008398,11.21,8.24
202400008399,10.76,4.61
202400008490,2.28,5.98
202400008509,4.61,5.51
202400008510,2.12,1.84
202400008513,14.8,11.76
202400008536,16.4,17.27
202400008567,2.82,2.9
202400008576,5.68,13.2
202400008638,15.06,26.41
202400008653,19.9,23.05
202400008655,5.34,20.66
202400008673,13.06,13.08
202400008683,3.54,11.08
202400008684,5.92,14.56
202400008700,2.75,18.28
202400008702,6.33,12.38
202400008705,15.32,23.73
202400008768,5.63,15.71
202400008831,7.28,26.15
202400008833,7.42,8.11
202400008886,10.18,5.18
202400008947,3.32,12.8
202400008954,7.0,4.01
202400009009,2.4,19.02
202400009011,6.2,7.58
202400009013,2.43,4.44
202400009018,7.38,10.15
202400009037,7.88,17.48
202400009109,3.1,3.9
202400009139,4.71,5.59
202400009165,7.95,5.42
202400009348,2.66,5.45
202400009351,2.22,3.9
202400009449,9.15,6.31
202400009553,8.55,10.3
202400009554,8.43,8.04
202400009737,7.11,6.98
202400009740,5.74,5.61
202400009792,4.96,3.6
202400009815,8.46,4.1
202400009849,2.56,2.64
202400009852,9.85,12.74
202400009855,5.7,9.72
202400009858,11.81,6.14
202400009887,5.54,3.24
202400009892,8.44,4.34
202400009931,3.47,10.07
202400009946,2.76,16.11
202400009952,13.0,26.51
202400009972,17.32,14.64
202400009974,0.97,24.05
202400009977,4.56,35.04
202400009986,7.16,16.88
202400010014,6.84,8.2
202400010021,10.73,15.76
202400010028,2.89,11.46
202400010040,9.15,24.52
202400010042,7.18,20.38
202400010071,3.04,10.7
202400010238,13.63,5.87
202400010244,9.4,3.72
202400010251,8.56,14.43
202400010257,5.0,5.19
202400010258,2.5,13.6
202400010277,7.66,19.46
202400010286,3.6,3.73
202400010288,6.73,5.76
202400010312,3.42,4.52
202400010314,2.86,21.83
202400010315,10.86,14.42
202400010317,10.74,4.2
202400010320,1.64,5.12
202400010332,3.53,16.06
202400010338,4.97,18.44
202400010426,12.49,7.82
202400010484,6.66,4.95
202400010585,5.39,8.24
202400010611,6.56,3.2
202400010612,5.72,1.27
202400010642,4.85,8.6
202400010684,8.26,10.45
202400010700,6.28,12.03
202400010792,6.26,6.12
202400010794,4.15,4.84
202400010796,11.29,8.32
202400010860,11.38,10.19
202400010869,9.27,13.98
202400010925,5.56,6.15
202400010927,5.2,5.88
202400010964,3.76,4.37
202400010981,3.6,16.71
202400010983,7.16,7.25
202400010984,8.4,8.01
202400010987,2.83,3.59
202400011003,6.9,4.55
202400011005,8.15,4.16
202400011007,6.86,6.4
202400011085,7.11,11.4
202400011112,9.14,19.16
202400011129,9.08,5.92
202400011145,2.0,21.97
202400011231,3.65,23.96
202400011234,7.56,17.83
202400011279,7.7,6.06
202400011282,7.11,3.42
202400011285,3.05,21.46
202400011413,0.94,13.47
202400011414,7.81,7.87
202400011431,1.39,36.4
202400011444,3.09,18.96
202400011454,4.16,7.35
202400011456,7.0,18.4
202400011460,8.57,11.82
202400011465,4.24,13.87
202400011504,12.73,11.88
202400011539,8.4,13.65
202400011615,6.87,3.02
202400011616,6.4,1.38
202400011674,12.75,20.88
202400011683,9.55,10.7
202400011716,9.69,10.16
202400011742,1.99,17.32
202400011748,6.28,2.42
202400011811,7.24,15.8
202400011879,6.76,2.91
202400011931,15.63,15.96
202400011935,6.78,7.1
202400011943,6.66,26.47
202400011984,4.45,10.14
202400011985,12.71,10.73
202400011989,11.28,9.5
202400011995,7.75,6.07
202400012000,5.32,16.3
202400012012,3.68,14.42
202400012082,6.26,30.56
202400012087,15.8,16.32
202400012089,21.22,24.37
202400012095,5.41,13.85
202400012159,11.22,6.24
202400012224,5.0,7.11
202400012241,2.34,3.77
202400012270,8.35,20.37
202400012290,3.85,1.66
202400012420,3.34,16.54
202400012437,5.01,12.68
202400012438,9.19,11.3
202400012446,5.98,3.24
202400012505,5.88,3.84
202400012589,8.76,7.61
202400012627,5.78,23.19
202400012661,2.8,10.46
202400012677,8.2,4.48
202400012681,3.48,4.3
202400012690,8.29,13.06
202400012732,4.42,4.08
202400012739,3.94,4.03
202400012784,3.24,5.36
202400012795,3.03,4.88
202400012816,4.26,9.31
202400012872,1.08,25.39
202400012876,0.38,42.14
202400012877,5.05,24.35
202400012910,4.76,23.85
202400012912,8.98,14.36
202400012995,2.94,3.02
202400012996,9.18,5.46
202400012997,6.02,6.65
202400013008,3.57,4.14
202400013071,4.1,14.3
202400013175,15.6,8.8
202400013176,8.83,12.52
202400013237,4.93,14.52
202400013238,8.35,5.22
202400013247,3.33,22.74
202400013259,8.12,7.58
202400013288,2.03,25.28
202400013334,16.18,30.12
202400013346,1.81,33.83
202400013365,14.95,23.46
202400013373,0.68,12.9
202400013391,12.84,13.11
202400013393,11.55,11.01
202400013422,6.55,2.95
202400013464,8.05,8.14
202400013467,12.25,5.92
202400013477,3.81,3.4
202400013524,9.46,10.56
202400013525,3.21,3.3
202400013528,5.81,10.01
202400013529,1.19,5.85
202400013608,8.76,7.13
202400013610,9.14,4.56
202400013611,7.01,6.15
202400013623,8.51,8.24
202400013633,7.5,2.43
202400013634,5.52,22.25
202400013653,6.42,2.56
202400013655,4.0,5.04
202400013657,3.94,4.57
202400013710,8.07,28.73
202400013712,9.52,21.3
202400013730,11.74,12.06
202400013738,25.68,24.64
202400013773,6.13,11.42
202400013777,25.02,38.7
202400013780,7.79,19.11
202400013799,7.24,23.38
202400013801,7.42,15.71
202400013806,15.41,16.29
202400013847,5.83,15.12
202400013860,2.58,10.24
202400013862,33.58,26.48
202400013863,4.29,14.63
202400013866,2.37,11.82
202400014023,10.96,16.89
202400014029,4.53,17.64
202400014033,15.88,38.89
202400014035,12.28,6.16
202400014054,10.15,21.05
202400014070,8.12,8.66
202400014072,5.9,4.82
202400014075,3.68,4.56
202400014099,8.91,17.26
202400014107,5.44,20.32
202400014112,4.64,8.87
202400014115,3.99,16.29
202400014118,5.25,9.0
202400014129,3.6,6.48
202400014173,1.64,14.28
202400014176,5.61,18.13
202400014218,7.84,4.88
202400014266,5.55,4.92
202400014293,1.39,1.16
202400014309,9.15,5.63
202400014363,4.44,22.27
202400014412,5.7,9.65
202400014441,8.1,11.54
202400014443,3.26,20.62
202400014497,8.25,21.0
202400014519,5.13,12.63
202400014522,3.02,17.79
202400014524,4.85,18.32
202400014525,10.24,5.85
202400014543,11.03,27.16
202400014547,4.6,13.68
202400014642,9.6,6.63
202400014643,11.26,6.09
202400014644,10.12,2.6
202400014655,1.43,3.88
202400014726,3.48,4.61
202400014734,1.57,2.9
202400014745,4.76,5.4
202400014792,8.63,2.92
202400014800,2.57,18.71
202400014809,8.34,39.29
202400014915,0.86,2.23
202400014970,5.9,5.5
202400014980,9.53,10.05
202400015004,4.66,18.24
202400015028,5.28,4.9
202400015041,10.6,13.36
202400015042,6.91,6.58
202400015090,8.34,6.89
202400015219,25.59,24.15
202400015230,8.28,2.57
202400015236,0.19,24.72
202400015252,6.91,17.91
202400015273,3.44,13.18
202400015293,3.56,13.9
202400015295,14.24,28.43
202400015434,5.26,5.83
202400015438,9.71,8.28
202400015440,11.77,3.98
202400015449,3.8,4.69
202400015464,8.0,6.76
202400015507,5.93,6.61
202400015508,4.32,5.17
202400015509,5.24,5.92
202400015533,9.89,2.62
202400015534,11.46,4.44
202400015595,4.46,7.76
202400015613,12.75,16.76
202400015614,7.9,25.17
202400015639,7.73,23.47
202400015641,10.62,17.14
202400015652,10.09,44.86
202400015680,1.53,8.62
202400015684,5.41,6.9
202400015687,5.61,16.86
202400015774,8.14,3.78
202400015775,2.92,3.68
202400015819,7.68,8.58
202400015821,6.89,5.41
202400015836,6.12,5.6
202400015840,7.81,5.72
202400015842,6.97,5.33
202400015854,5.88,11.49
202400015865,4.79,5.33
202400015873,4.53,15.69
202400015882,6.26,3.28
202400015965,6.49,5.79
202400015970,5.11,4.77
202400015994,7.22,4.07
202400016045,6.6,14.26
202400016048,9.33,8.76
202400016076,6.52,7.04
202400016102,7.89,16.66
202400016105,3.52,13.89
202400016143,5.9,6.4
202400016175,7.07,7.15
202400016178,2.8,15.92
202400016204,11.06,6.31
202400016208,6.65,4.95
202400016210,9.2,4.57
202400016211,12.38,40.09
202400016213,15.52,19.44
202400016218,11.29,13.41
202400016235,6.41,6.94
202400016270,0.6,7.34
202400016279,12.62,11.65
202400016292,3.42,22.57
202400016341,7.13,9.62
202400016462,13.9,31.1
202400016472,2.65,7.05
202400016483,5.09,4.72
202400016484,5.68,6.37
202400016504,19.66,50.62
202400016505,0.71,21.7
202400016512,5.49,17.28
202400016514,1.49,1.57
202400016517,7.35,5.06
202400016519,2.46,10.45
202400016520,3.74,7.78
202400016522,12.32,13.73
202400016526,8.08,3.06
202400016555,6.11,6.68
202400016635,6.46,3.3
202400016731,12.08,15.99
202400016734,2.48,1.09
202400016844,3.45,21.86
202400016954,4.3,21.21
202400016967,8.55,17.76
202400017065,6.06,0.78
202400017131,10.02,27.43
202400017157,3.56,14.65
202400017188,6.18,4.83
202400017235,5.82,6.46
202400017361,5.77,23.03
202400017371,8.61,4.87
202400017374,9.89,2.12
202400017378,5.42,26.6
202400017406,1.22,12.58
202400017427,6.02,19.25
202400017434,11.38,15.34
202400017490,13.74,10.37
202400017519,6.92,10.74
202400017582,4.73,3.41
202400017605,10.12,18.08
202400017618,4.16,7.91
202400017619,0.7,10.04
202400017620,3.13,21.71
202400017762,4.64,4.84
202400017763,2.4,4.19
202400017813,3.22,1.86
202400017898,10.78,4.62
202400017934,17.42,33.7
202400017946,7.43,5.75
202400017966,0.93,16.1
202400017988,12.18,25.96
202400017998,3.68,14.83
202400018062,9.06,12.59
202400018067,3.99,20.82
202400018080,10.23,14.46
202400018082,7.21,10.96
202400018154,6.13,2.7
202400018157,12.66,6.96
202400018192,1.22,13.29
202400018199,8.0,25.41
202400018217,10.89,15.56
202400018293,1.78,32.61
202400018323,18.36,20.16
202400018436,6.5,6.58
202400018457,4.07,4.64
202400018561,7.6,7.19
202400018563,14.07,19.62
202400018565,4.72,31.12
202400018582,7.28,31.79
202400018606,8.56,8.88
202400018622,9.57,26.98
202400018638,6.9,25.78
202400018692,2.16,5.19
202400018693,8.73,12.33
202400018739,3.47,11.99
202400018745,10.98,9.53
202400018753,5.86,25.31
202400018768,10.0,22.8
202400018807,3.3,18.17
202400018808,11.54,5.38
202400018882,2.57,17.66
202400018964,12.61,15.36
202400019040,3.47,4.08
202400019061,5.97,13.51
202400019065,1.63,4.87
202400019081,6.58,10.15
202400019121,6.22,3.18
202400019127,4.37,7.16
202400019167,9.62,21.95
202400019182,10.61,15.28
202400019192,3.23,5.21
202400019196,4.31,4.25
202400019216,1.91,2.54
202400019219,4.73,5.61
202400019222,5.29,11.75
202400019239,5.37,11.31
202400019242,10.26,10.27
202400019291,2.92,2.92
202400019294,8.64,30.8
202400019371,4.13,14.02
202400019405,12.58,16.89
202400019411,1.34,13.23
202400019544,5.66,3.98
202400019581,7.23,3.85
202400019634,3.07,14.46
202400019676,3.9,11.84
202400019749,5.67,16.41
202400019797,2.31,2.39
202400019799,7.66,10.06
202400019801,8.98,3.27
202400019810,7.13,2.1
202400019815,7.71,2.78
202400019860,7.73,7.02
202400019956,6.63,4.65
202400019959,9.24,18.67
202400019976,11.2,4.04
202400019979,7.04,5.41
202400019981,6.46,24.64
202400020111,10.23,11.15
202400020134,4.8,12.79
202400020161,4.25,18.81
202400020208,6.61,18.23
202400020301,11.8,6.8
202400020325,9.62,12.27
202400020331,3.91,5.89
202400020337,3.28,39.36
202400020356,6.96,18.44
202400020362,5.64,5.12
202400020364,6.09,28.29
202400020433,3.0,3.76
202400020465,5.18,5.26
202400020468,1.62,1.7
202400020469,8.25,8.34
202400020536,2.52,3.62
202400020537,8.63,6.21
202400020538,4.61,21.98
202400020567,2.65,2.37
202400020569,6.66,7.41
202400020588,33.31,33.31
202400020593,8.03,15.03
202400020600,7.37,23.5
202400020698,8.81,4.06
202400020725,10.2,4.52
202400020731,7.62,2.86
202400020788,9.94,30.32
202400020800,5.6,22.36
202400020808,9.48,26.7
202400020809,8.32,19.66
202400020814,7.57,16.06
202400020815,10.02,9.23
202400020816,4.22,12.8
202400020818,2.1,26.92
202400020823,3.21,10.51
202400020824,11.25,11.94
202400020902,2.35,4.14
202400021064,3.59,21.7
202400021066,5.42,12.62
202400021069,8.51,20.58
202400021072,7.76,3.04
202400021079,5.11,8.95
202400021081,9.28,33.98
202400021084,14.17,14.56
202400021092,0.5,25.2
202400021117,7.04,9.93
202400021125,4.16,11.7
202400021137,10.37,20.37
202400021139,10.89,36.51
202400021189,5.19,16.02
202400021191,10.39,10.7
202400021240,15.87,18.39
202400021257,2.89,11.34
202400021288,3.59,6.84
202400021389,2.32,2.88
202400021436,12.34,14.86
202400021442,8.47,6.84
202400021445,10.38,6.42
202400021447,12.79,4.56
202400021449,10.66,5.43
202400021452,8.93,18.04
202400021471,4.74,4.94
202400021472,4.49,4.68
202400021502,4.47,5.11
202400021598,9.7,10.02
202400021600,16.93,17.45
202400021603,6.41,13.57
202400021624,16.5,14.89
202400021849,7.1,11.24
202400021853,9.83,3.3
202400021903,10.16,26.17
202400021916,11.66,18.97
202400021941,10.36,10.89
202400022021,5.1,10.96
202400022038,3.67,8.25
202400022114,0.91,4.76
202400022118,7.47,13.75
202400022183,5.07,5.18
202400022213,2.83,2.91
202400022252,5.96,6.59
202400022263,6.25,7.75
202400022266,3.01,21.42
202400022331,4.71,7.01
202400022371,3.31,3.29
202400022375,9.5,22.65
202400022422,22.61,28.21
202400022427,6.14,6.23
202400022428,4.35,4.43
202400022471,3.82,20.55
202400022649,8.98,4.07
202400022650,4.02,3.88
202400022651,10.23,4.42
202400022699,3.32,27.96
202400022720,11.12,14.86
202400022727,4.01,7.72
202400022802,5.49,6.17
202400022803,3.54,4.1
202400022851,6.09,7.8
202400022852,10.8,6.78
202400022865,5.65,6.29
202400022948,8.1,21.93
202400022951,3.98,23.44
202400022999,6.9,3.74
202400023000,5.93,6.84
202400023043,6.92,12.0
202400023045,4.78,5.14
202400023158,11.55,5.39
202400023161,3.04,6.74
202400023173,3.46,4.37
202400023195,3.94,6.4
202400023206,12.53,6.36
202400023209,6.0,6.79
202400023211,4.49,7.09
202400023255,3.58,14.92
202400023305,6.27,20.46
202400023437,7.26,24.82
202400023455,2.7,40.62
202400023476,8.58,30.06
202400023477,7.99,8.54
202400023495,3.3,14.58
202400023496,2.43,14.31
202400023669,1.46,14.57
202400023674,1.58,4.48
202400023718,4.77,20.19
202400023722,8.01,13.21
202400023735,5.66,4.32
202400023739,10.14,10.3
202400023743,5.84,3.98
202400023747,3.1,11.4
202400023836,9.1,22.66
202400023883,7.22,9.13
202400023899,7.98,27.63
202400023945,4.07,38.09
202400023951,4.56,1.13
202400023952,10.54,13.05
202400023955,4.79,4.7
202400023958,11.41,17.31
202400023960,5.58,6.13
202400024011,5.27,5.91
202400024041,10.42,4.77
202400024054,7.11,37.43
202400024055,2.8,3.28
202400024101,3.72,2.37
202400024106,7.39,12.74
202400024110,5.75,13.99
202400024158,4.19,9.15
202400024196,27.24,42.18
202400024207,4.31,21.3
202400024227,2.06,9.92
202400024243,10.2,7.27
202400024299,6.3,4.7
202400024313,20.3,28.18
202400024328,16.58,14.61
202400024348,5.17,21.12
202400024350,2.8,51.49
202400024402,3.93,8.84
202400024406,6.78,21.35
202400024463,7.95,9.67
202400024467,4.57,2.02
202400024474,4.72,10.33
202400024479,6.06,6.5
202400024545,6.37,26.59
202400024573,8.91,5.75
202400024607,2.81,3.99
202400024613,10.01,13.14
202400024634,26.82,40.5
202400024699,7.28,3.68
202400024700,3.54,4.6
202400024727,2.19,2.28
202400024731,8.73,1.84
202400024743,5.9,5.45
202400024744,4.78,5.35
202400024796,10.55,5.64
202400024797,7.46,25.64
202400024811,6.92,2.51
202400024812,5.15,7.45
202400024813,1.2,1.83
202400024992,6.06,3.01
202400025001,10.41,4.76
202400025034,6.93,2.38
202400025055,9.84,4.17
202400025058,10.2,7.27
202400025134,0.51,25.2
202400025140,3.12,16.24
202400025251,2.84,32.38
202400025268,9.17,24.07
202400025280,2.88,14.36
202400025290,8.07,12.13
202400025319,4.8,1.3
202400025320,6.12,6.07
202400025321,1.94,0.67
202400025478,2.25,12.49
202400025529,6.29,3.82
202400025532,8.6,6.3
202400025609,8.16,16.94
202400025810,7.13,7.21
202400025813,1.5,1.58
202400025816,12.2,4.29
202400025829,13.03,9.85
202400025844,4.71,16.86
202400025925,7.56,6.58
202400025938,7.71,7.79
202400025983,5.59,11.84
202400025996,2.38,19.94
202400026002,4.46,2.02
202400026015,0.42,43.24
202400026049,4.0,18.9
202400026111,3.48,5.77
202400026114,2.92,3.8
202400026142,2.83,28.44
202400026154,5.38,4.12
202400026196,5.24,33.07
202400026199,10.84,28.86
202400026204,8.78,7.66
202400026206,6.28,10.3
202400026210,8.22,8.08
202400026214,1.04,5.47
202400026218,8.23,26.42
202400026246,3.67,4.55
202400026247,9.08,21.33
202400026326,5.05,19.96
202400026335,4.33,23.28
202400026341,5.89,22.02
202400026343,8.47,34.35
202400026460,5.58,1.98
202400026462,4.25,2.52
202400026464,3.61,3.78
202400026548,8.87,16.8
202400026555,4.64,19.73
202400026565,18.52,19.05
202400026657,13.65,5.89
202400026708,4.14,4.33
202400026732,6.55,6.42
202400026733,7.11,25.3
202400026746,5.22,0.27
202400026749,4.97,4.57
202400026751,2.2,4.31
202400026753,5.05,9.62
202400026777,4.34,3.97
202400026815,2.51,2.6
202400026817,2.2,2.28
202400026820,10.76,4.61
202400026845,6.09,12.49
202400026849,15.82,16.69
202400026909,4.3,28.3
202400026911,6.02,4.42
202400026922,5.84,12.17
202400026923,6.48,12.01
202400026925,11.98,42.86
202400026927,11.38,11.91
202400026957,2.74,9.87
202400026959,7.11,7.8
202400027049,4.18,4.86
202400027082,6.96,4.48
202400027088,8.98,5.72
202400027096,0.86,3.31
202400027215,1.85,12.08
202400027248,4.95,5.15
202400027249,4.88,3.23
202400027251,4.56,3.74
202400027252,4.05,4.25
202400027253,6.17,3.05
202400027344,4.14,1.98
202400027347,7.23,4.44
202400027348,4.91,4.11
202400027350,5.32,5.51
202400027352,2.49,2.43
202400027354,5.8,1.85
202400027412,7.98,5.5
202400027436,6.3,5.42
202400027437,6.61,5.11
202400027443,4.77,5.45
202400027452,5.15,1.3
202400027455,9.7,3.49
202400027468,8.54,3.52
202400027512,4.7,0.85
202400027515,7.62,4.47
202400027517,2.3,4.76
202400027654,9.3,16.34
202400027687,9.04,21.61
202400027701,10.63,4.95
202400027804,2.14,4.25
202400027850,11.6,25.7
202400027853,5.06,17.01
202400027880,3.17,6.02
202400027901,3.09,10.86
202400027908,4.2,23.08
202400027909,4.9,4.19
202400027911,7.41,6.66
202400027913,3.93,9.92
202400027914,2.77,3.65
202400027920,6.48,6.35
202400027924,2.24,29.78
202400027951,5.91,5.77
202400027971,2.82,21.49
202400028052,10.05,14.1
202400028090,6.88,26.89
202400028117,8.39,31.5
202400028152,5.72,8.6
202400028185,6.54,5.46
202400028191,9.51,15.28
202400028213,6.09,22.56
202400028214,3.55,3.5
202400028221,4.16,16.68
202400028239,11.21,5.5
202400028257,3.96,16.0
202400028293,6.83,38.46
202400028337,6.43,2.32
202400028340,7.69,38.22
202400028384,6.4,6.48
202400028404,3.63,4.24
202400028419,10.44,2.92
202400028434,2.93,21.78
202400028449,12.8,45.73
202400028514,8.64,12.08
202400028565,6.35,13.57
202400028614,7.31,12.02
202400028652,7.72,6.26
202400028660,6.48,1.46
202400028661,4.88,1.02
202400028700,9.97,8.34
202400028702,11.54,7.3
202400028736,6.44,2.59
202400028739,5.08,5.14
202400028772,6.64,33.94
202400028774,12.53,11.41
202400028791,10.17,21.03
202400028793,3.63,30.29
202400028795,5.09,10.37
202400028817,5.7,8.21
202400028868,2.53,30.54
202400028981,8.33,22.32
202400028994,3.36,5.47
202400029002,10.41,14.85
202400029022,3.27,14.56
202400029023,8.03,18.86
202400029074,3.42,18.56
202400029139,6.88,12.1
202400029195,4.53,5.63
202400029196,10.96,9.32
202400029305,10.35,7.38
202400029328,9.93,11.83
202400029405,6.7,6.68
202400029421,12.05,12.41
202400029464,7.85,9.37
202400029466,3.97,7.66
202400029508,2.31,10.85
202400029513,3.1,15.66
202400029523,7.14,20.99
202400029612,11.1,1.93
202400029696,8.15,20.8
202400029854,4.79,6.08
202400029964,9.35,15.18
202400029988,3.85,32.97
202400030002,1.93,13.77
202400030029,12.23,8.15
202400030049,7.18,17.34
202400030075,6.92,12.85
202400030103,4.82,15.2
202400030125,3.57,7.51
202400030258,4.05,4.13
202400030267,5.76,6.86
202400030268,2.65,3.75
202400030270,11.37,7.21
202400030272,6.15,1.12
202400030429,2.04,4.15
202400030451,9.59,7.03
202400030493,7.93,26.04
202400030534,4.54,17.29
202400030535,2.09,14.04
202400030547,3.37,11.03
202400030548,3.77,7.48
202400030601,7.64,6.04
202400030723,4.47,5.2
202400030748,9.03,5.42
202400030773,10.33,4.64
202400030776,6.63,10.38
202400030843,12.62,7.96
202400030850,2.24,22.23
202400030860,9.51,21.31
202400030862,8.18,20.68
202400030875,5.07,29.31
202400030975,7.7,20.5
202400030979,8.62,4.83
202400030990,4.83,6.98
202400031156,7.11,6.19
202400031235,6.6,6.8
202400031236,6.57,4.42
202400031294,3.36,0.98
202400031306,7.8,4.91
202400031308,3.98,7.44
202400031326,2.54,3.15
202400031354,3.87,6.32
202400031356,6.92,7.8
202400031360,6.18,6.51
202400031383,4.3,2.94
202400031412,7.03,2.01
202400031427,6.12,8.23
202400031432,8.33,31.11
202400031443,1.65,24.38
202400031526,5.9,6.59
202400031538,6.02,20.92
202400031543,6.32,9.0
202400031558,2.98,3.84
202400031564,9.69,9.26
202400031578,5.87,15.7
202400031594,7.38,21.24
202400031627,3.35,4.03
202400031685,12.69,6.12
202400031727,3.37,4.01
202400031745,15.79,36.46
202400031831,6.21,1.47
202400031857,4.01,9.76
202400031894,2.24,29.2
202400031896,27.76,32.26
202400031903,6.61,7.26
202400031907,10.91,7.41
202400031931,6.05,8.39
202400031961,8.9,8.33
202400031973,4.8,5.54
202400031976,1.99,9.62
202400031977,6.25,2.88
202400031980,7.21,5.87
202400032047,4.31,7.63
202400032088,8.06,9.78
202400032091,7.13,18.65
202400032100,6.56,4.88
202400032123,6.55,3.57
202400032125,6.84,3.88
202400032214,7.49,5.18
202400032216,6.44,0.26
202400032256,5.81,34.33
202400032264,5.81,26.12
202400032266,6.0,18.8
202400032268,3.31,18.72
202400032269,14.93,16.05
202400032271,14.58,13.73
202400032276,2.38,28.76
202400032395,10.31,8.68
202400032396,5.02,2.35
202400032445,12.37,25.68
202400032495,0.72,23.6
202400032515,8.38,23.59
202400032516,9.04,8.98
202400032526,9.11,15.8
202400032643,6.73,15.68
202400032645,7.82,4.25
202400032652,1.78,2.44
202400032670,5.57,4.33
202400032674,10.99,27.4
202400032676,3.45,14.96
202400032678,4.53,16.25
202400032679,8.95,9.48
202400032718,8.58,16.51
202400032767,11.68,11.39
202400032781,10.07,8.62
202400032803,3.14,15.28
202400032828,6.37,24.12
202400032851,5.33,5.84
202400032853,8.6,19.98
202400032899,2.34,4.08
202400032910,7.82,6.08
202400032929,10.84,5.07
202400032931,9.82,3.65
202400032935,6.28,3.95
202400032937,9.67,1.91
202400032949,3.8,3.9
202400032965,4.58,6.87
202400032967,5.79,6.82
202400033058,13.32,14.24
202400033059,6.84,5.01
202400033082,4.58,3.08
202400033098,10.06,27.47
202400033114,1.29,3.07
202400033284,5.21,5.38
202400033288,7.89,4.37
202400033338,5.92,14.49
202400033341,11.32,6.32
202400033383,3.4,4.7
202400033386,4.71,3.53
202400033388,12.84,6.15
202400033391,2.03,4.27
202400033404,7.22,9.49
202400033415,13.11,16.66
202400033660,3.17,19.31
202400033694,9.92,18.96
202400033701,10.63,18.94
202400033710,8.06,12.01
202400033712,6.22,11.16
202400033715,7.35,6.44
202400033716,2.49,2.58
202400033718,13.66,24.69
202400033722,5.98,11.0
202400033727,0.99,18.21
202400033740,3.32,14.96
202400033763,4.06,4.63
202400033767,6.3,6.75
202400033773,7.5,6.18
202400033886,8.11,20.83
202400033932,4.3,5.03
202400033933,5.45,5.65
202400033961,1.39,3.72
202400033963,1.4,3.99
202400033977,5.13,7.24
202400034008,8.32,20.43
202400034035,5.46,19.42
202400034059,12.63,5.11
202400034067,10.49,12.64
202400034073,4.66,10.41
202400034084,8.04,22.91
202400034171,5.19,7.42
202400034183,4.38,18.05
202400034215,15.18,30.66
202400034266,2.92,3.01
202400034269,8.47,8.33
202400034272,10.69,4.44
202400034275,5.89,5.76
202400034344,0.71,23.96
202400034357,10.26,40.73
202400034392,5.61,22.12
202400034398,4.63,12.62
202400034568,5.14,3.96
202400034574,6.05,7.25
202400034587,4.38,5.7
202400034588,4.16,15.5
202400034591,3.4,3.97
202400034658,7.11,7.93
202400034672,6.62,6.3
202400034711,4.5,20.82
202400034721,6.88,16.9
202400034728,3.27,2.67
202400034729,6.5,3.76
202400034730,3.6,18.23
202400034798,2.4,15.51
202400034820,5.38,5.57
202400034822,4.68,2.0
202400034884,3.65,5.64
202400034953,3.66,13.98
202400034966,6.66,27.72
202400034974,6.09,12.05
202400035013,2.36,4.47
202400035032,4.79,1.43
202400035106,13.43,11.44
202400035135,2.47,2.73
202400035139,7.84,15.0
202400035171,9.16,17.02
202400035251,5.92,16.69
202400035253,1.62,13.36
202400035317,3.88,17.0
202400035379,2.08,23.68
202400035406,9.83,6.57
202400035413,6.16,6.24
202400035418,9.62,12.38
202400035421,4.07,5.37
202400035443,5.24,5.92
202400035453,0.16,2.43
202400035502,12.73,37.71
202400035534,9.36,7.72
202400035539,8.24,4.36
202400035543,8.51,8.38
202400035546,10.15,8.23
202400035547,9.09,9.17
202400035549,9.7,4.04
202400035559,5.32,7.79
202400035563,6.32,4.06
202400035573,11.59,12.48
202400035580,10.19,28.58
202400035605,4.49,10.18
202400035628,0.82,2.13
202400035635,4.54,5.11
202400035639,7.49,20.73
202400035707,8.38,43.14
202400035711,4.49,11.93
202400035712,9.23,9.92
202400035727,8.47,57.16
202400035867,8.85,29.24
202400035869,6.47,21.1
202400035880,7.14,5.88
202400035906,11.77,12.89
202400035939,6.68,6.22
202400035942,2.89,3.53
202400035944,6.05,5.34
202400035999,8.38,11.91
202400036064,7.44,15.35
202400036067,2.12,19.57
202400036090,5.5,7.17
202400036133,3.48,1.86
202400036172,5.78,3.84
202400036249,6.34,7.95
202400036269,3.98,16.9
202400036368,6.26,2.14
202400036385,7.11,4.16
202400036420,5.02,17.54
202400036422,5.15,40.15
202400036439,7.11,8.87
202400036466,3.67,3.87
202400036470,5.16,5.36
202400036474,4.72,5.4
202400036575,4.61,7.89
202400036576,4.11,18.31
202400036609,5.55,2.28
202400036649,5.2,4.44
202400036684,1.54,3.52
202400036702,10.13,5.74
202400036705,12.08,16.75
202400036786,5.2,25.88
202400036810,20.24,20.26
202400036812,8.1,28.49
202400036815,11.55,17.57
202400036829,3.55,11.04
202400036872,6.11,19.42
202400036936,5.25,9.18
202400037023,3.67,17.77
202400037086,6.4,6.48
202400037089,8.22,8.08
202400037200,12.81,5.67
202400037310,3.94,21.61
202400037386,1.91,12.95
202400037389,8.02,9.45
202400037475,5.5,3.84
202400037481,1.88,5.64
202400037485,4.18,4.31
202400037490,5.73,6.41
202400037495,3.7,6.75
202400037587,6.1,2.5
202400037631,9.53,26.4
202400037650,7.82,9.94
202400037691,10.33,19.01
202400037714,7.73,17.82
202400037725,2.79,11.29
202400037727,6.93,6.1
202400037761,16.67,15.06
202400037777,3.51,68.78
202400037846,9.27,8.33
202400037853,1.82,26.14
202400037882,5.84,5.44
202400037888,3.39,15.86
202400037890,0.95,19.83
202400037952,3.71,4.31
202400037996,2.95,3.52
202400038001,7.18,6.65
202400038006,6.38,3.34
202400038064,5.96,2.66
202400038166,4.38,11.72
202400038167,11.26,18.19
202400038173,11.2,13.73
202400038191,8.21,30.13
202400038210,6.39,17.07
202400038211,7.31,17.21
202400038212,5.85,5.93
202400038214,4.24,20.74
202400038215,10.66,24.62
202400038236,2.48,3.05
202400038363,12.07,20.58
202400038398,1.57,10.45
202400038421,10.25,14.4
202400038426,5.17,8.63
202400038490,5.64,3.33
202400038495,5.64,3.33
202400038499,9.8,9.26
202400038511,9.65,15.13
202400038558,5.41,6.09
202400038567,11.5,9.73
202400038569,1.34,5.98
202400038605,4.41,3.66
202400038616,4.22,6.33
202400038673,4.11,28.24
202400038685,3.3,11.84
202400038687,6.79,6.15
202400038688,3.76,15.49
202400038692,5.6,12.76
202400038743,6.62,19.62
202400038844,6.97,6.22
202400038977,6.16,8.45
202400038985,3.44,3.55
202400039042,5.37,0.35
202400039046,6.9,1.88
202400039047,7.15,8.76
202400039068,7.9,5.87
202400039071,4.73,6.8
202400039135,3.17,38.11
202400039141,7.88,16.17
202400039143,9.89,4.88
202400039148,8.53,11.18
202400039152,7.77,7.2
202400039155,11.8,2.21
202400039161,6.74,5.86
202400039165,3.73,22.14
202400039168,7.02,3.41
202400039172,3.16,4.43
202400039186,1.88,3.86
202400039214,8.32,4.36
202400039250,1.55,15.28
202400039264,7.46,6.71
202400039361,12.3,12.3
202400039402,8.3,19.87
202400039431,10.4,6.9
202400039444,8.18,8.87
202400039452,5.37,2.35
202400039463,6.53,11.61
202400039492,7.85,6.2
202400039494,7.11,6.86
202400039546,3.03,5.27
202400039615,7.18,11.42
202400039652,7.95,14.46
202400039662,8.12,22.75
202400039668,4.16,3.33
202400039704,14.28,16.14
202400039707,7.22,19.26
202400039732,11.0,21.09
202400039746,7.08,28.2
202400039873,7.47,5.83
202400039909,6.52,5.39
202400039945,15.72,25.19
202400039974,5.66,6.29
202400039992,5.84,20.76
202400039996,7.24,14.63
202400040009,5.11,7.5
202400040019,29.48,23.53
202400040026,3.28,40.92
202400040037,7.79,24.6
202400040072,10.87,29.75
202400040078,12.23,12.75
202400040084,6.89,12.65
202400040096,3.0,16.9
202400040099,4.03,11.72
202400040101,6.03,6.55
202400040103,9.22,6.55
202400040112,6.09,20.96
202400040199,3.37,4.43
202400040212,6.34,6.37
202400040237,2.4,2.48
202400040239,6.84,5.38
202400040318,6.44,8.67
202400040319,5.02,10.97
202400040345,1.38,23.56
202400040346,10.6,5.6
202400040349,2.64,22.86
202400040382,5.68,21.62
202400040388,5.99,25.7
202400040396,7.97,6.89
202400040403,1.81,19.33
202400040410,11.51,22.83
202400040413,8.85,12.14
202400040434,13.49,6.7
202400040449,2.15,1.81
202400040575,3.0,24.36
202400040578,2.79,15.31
202400040623,6.48,3.52
202400040625,3.6,16.71
202400040626,7.55,10.3
202400040628,7.76,4.75
202400040629,7.6,8.21
202400040630,6.6,22.87
202400040644,8.58,4.11
202400040685,7.33,2.31
202400040687,4.66,0.8
202400040733,3.06,16.46
202400040751,1.16,28.96
202400040760,4.62,27.3
202400040790,4.78,5.17
202400040793,10.23,27.7
202400040795,3.03,10.7
202400040797,4.49,15.28
202400040799,6.4,19.72
202400040831,4.11,4.25
202400040832,2.99,6.2
202400040847,1.01,2.11
202400040852,6.9,3.55
202400040867,7.46,6.92
202400040868,4.53,5.16
202400040939,12.13,21.88
202400040940,7.51,22.65
202400040956,5.43,18.39
202400040958,5.35,5.43
202400040964,10.3,13.05
202400040966,7.14,7.01
202400040972,5.83,20.8
202400041062,3.77,4.34
202400041229,3.91,14.86
202400041234,9.16,3.37
202400041281,2.2,20.4
202400041327,6.42,3.56
202400041331,7.54,2.57
202400041336,2.75,3.3
202400041359,6.66,10.37
202400041390,11.98,10.74
202400041467,5.42,3.13
202400041499,2.0,31.69
202400041517,8.59,28.65
202400041521,10.18,50.29
202400041523,3.51,28.82
202400041533,1.57,17.18
202400041581,15.1,29.3
202400041608,11.31,6.68
202400041769,4.86,3.59
202400041781,6.6,17.45
202400041783,10.42,12.61
202400041801,12.69,8.88
202400041816,2.87,4.73
202400041819,6.76,5.52
202400041823,4.92,5.56
202400041825,5.07,5.64
202400041836,3.38,38.7
202400041868,4.08,5.6
202400041870,7.7,25.45
202400041926,4.52,16.26
202400041976,5.04,7.16
202400042030,3.4,5.55
202400042082,7.12,4.65
202400042084,13.47,9.02
202400042087,7.28,7.0
202400042090,10.64,6.62
202400042093,11.45,7.92
202400042095,7.43,24.15
202400042131,4.96,3.6
202400042168,0.53,0.53
202400042196,4.91,19.95
202400042274,9.36,25.5
202400042277,7.58,8.1
202400042310,11.61,38.91
202400042315,7.12,25.23
202400042345,4.24,11.93
202400042377,5.46,6.14
202400042401,6.43,4.77
202400042403,12.72,7.26
202400042405,9.24,3.58
202400042500,1.96,37.58
202400042524,6.36,17.33
202400042569,8.25,5.19
202400042593,1.65,2.69
202400042690,4.58,5.26
202400042703,5.4,5.48
202400042705,11.24,5.08
202400042721,0.57,2.19
202400042748,12.88,19.26
202400042749,8.46,2.75
202400042815,6.68,21.31
202400042851,5.99,2.95
202400042854,5.57,4.77
202400042877,6.64,7.28
202400042898,3.15,7.72
202400042916,6.13,3.09
202400042959,1.08,2.19
202400042967,1.74,4.34
202400042971,23.82,24.52
202400043045,1.35,23.82
202400043051,7.28,7.96
202400043053,13.71,18.05
202400043137,11.38,14.22
202400043151,1.97,17.43
202400043173,8.53,31.2
202400043214,6.26,23.58
202400043255,5.05,8.98
202400043302,13.22,59.9
202400043305,1.69,9.6
202400043310,9.18,12.59
202400043313,7.63,24.04
202400043316,5.8,12.34
202400043322,8.13,7.22
202400043384,5.57,6.26
202400043395,4.09,12.0
202400043396,9.62,3.01
202400043413,7.58,2.97
202400043502,6.33,6.2
202400043507,4.88,4.49
202400043510,3.42,7.99
202400043520,2.23,31.89
202400043542,3.3,27.19
202400043696,10.85,4.55
202400043784,2.78,2.4
202400043786,4.91,9.81
202400043790,3.94,4.14
202400043794,7.91,5.26
202400043806,1.91,4.91
202400043896,2.54,6.23
202400043928,2.14,4.59
202400043931,2.95,5.4
202400044034,9.01,11.54
202400044036,1.06,19.21
202400044076,13.82,15.66
202400044085,5.53,17.61
202400044102,3.82,5.38
202400044109,4.07,6.06
202400044121,6.41,18.08
202400044142,6.89,15.58
202400044146,6.11,22.42
202400044152,1.33,1.33
202400044153,6.68,17.55
202400044157,5.25,10.89
202400044169,10.01,8.4
202400044174,7.8,14.54
202400044186,9.15,7.03
202400044191,9.27,7.64
202400044214,3.46,21.84
202400044243,2.22,26.7
202400044265,7.66,20.4
202400044269,9.47,14.81
202400044271,5.66,7.87
202400044416,4.47,7.62
202400044436,14.54,25.4
202400044453,4.92,5.0
202400044454,4.92,9.86
202400044455,6.92,25.1
202400044458,2.78,8.14
202400044464,6.28,1.67
202400044484,6.3,1.28
202400044513,5.84,5.71
202400044604,3.24,3.44
202400044607,4.8,5.11
202400044641,12.58,17.36
202400044663,8.28,26.05
202400044665,4.22,16.3
202400044681,6.56,13.72
202400044723,8.18,3.06
202400044751,4.23,14.56
202400044753,5.72,11.18
202400044852,6.43,11.14
202400044861,9.54,13.44
202400044864,8.08,44.59
202400044879,14.68,22.58
202400044880,9.28,7.9
202400044882,7.41,19.01
202400044889,7.03,14.7
202400044941,12.1,6.35
202400044962,5.67,4.81
202400044988,14.3,20.8
202400045003,2.06,12.63
202400045057,3.95,6.64
202400045091,6.6,2.75
202400045110,5.84,20.48
202400045136,2.65,14.54
202400045139,4.88,6.52
202400045174,10.81,6.48
202400045191,8.57,34.25
202400045224,7.87,7.78
202400045290,7.36,56.06
202400045337,7.69,17.72
202400045399,6.88,37.84
202400045404,6.96,8.68
202400045441,5.74,0.45
202400045444,7.01,35.81
202400045445,5.37,5.04
202400045448,4.51,23.03
202400045451,5.42,1.31
202400045526,7.65,7.51
202400045587,1.51,3.97
202400045601,11.08,6.52
202400045634,3.98,4.62
202400045637,7.42,5.66
202400045656,3.56,46.67
202400045676,7.73,17.09
202400045678,10.38,20.84
202400045681,8.11,19.0
202400045689,8.72,7.04
202400045704,2.8,3.36
202400045723,20.09,28.1
202400045772,0.49,28.0
202400045821,3.42,21.13
202400045904,9.94,23.93
202400045932,9.76,16.89
202400045969,6.87,5.24
202400045976,10.8,22.38
202400045998,14.62,23.9
202400046031,8.9,12.46
202400046048,5.21,18.75
202400046109,11.24,17.08
202400046113,7.41,21.64
202400046196,2.04,23.23
202400046260,10.29,1.12
202400046320,2.49,3.39
202400046323,12.96,11.49
202400046335,8.33,8.83
202400046404,10.36,19.25
202400046424,27.91,17.76
202400046428,12.86,16.42
202400046459,3.44,6.63
202400046497,4.61,12.54
202400046500,10.34,13.63
202400046733,13.82,5.67
202400046734,3.96,7.68
202400046735,7.68,5.48
202400046738,10.72,5.05
202400046770,5.05,1.69
202400046778,13.56,13.72
202400046822,5.79,0.76
202400046824,5.91,3.56
202400046902,6.4,25.7
202400046923,2.4,34.63
202400046939,4.53,20.87
202400046957,8.61,15.61
202400046968,5.25,17.73
202400046972,5.23,5.31
202400046976,3.9,5.01
202400046980,11.7,6.02
202400046999,8.81,2.02
202400047031,5.95,6.06
202400047044,4.96,49.71
202400047065,9.78,8.93
202400047111,5.32,0.9
202400047171,6.48,4.71
202400047198,7.19,5.27
202400047267,7.98,25.4
202400047285,17.06,20.27
202400047307,3.56,35.1
202400047359,5.1,5.3
202400047373,4.94,13.66
202400047376,7.54,8.23
202400047443,1.74,3.72
202400047466,4.38,3.9
202400047494,6.73,6.81
202400047496,9.1,25.1
202400047499,6.04,0.59
202400047536,4.51,67.78
202400047541,1.8,11.9
202400047552,7.05,12.41
202400047607,11.38,9.61
202400047614,5.78,6.55
202400047622,10.12,3.4
202400047648,3.65,8.11
202400047653,9.09,5.48
202400047809,11.27,6.26
202400047813,3.98,5.28
202400047833,8.19,13.76
202400047836,9.74,4.64
202400047844,4.41,2.12
202400047926,4.09,3.97
202400047945,6.79,19.39
202400047978,7.03,7.91
202400047982,3.6,4.62
202400048029,11.45,11.06
202400048054,5.9,13.22
202400048089,10.55,19.44
202400048094,10.34,18.61
202400048096,7.52,34.82
202400048143,8.77,18.06
202400048153,6.48,14.97
202400048155,8.36,16.46
202400048195,1.84,9.29
202400048208,8.6,15.67
202400048286,1.88,16.8
202400048295,9.94,20.84
202400048315,7.94,8.63
202400048427,4.6,5.15
202400048476,12.66,6.98
202400048483,4.04,7.1
202400048497,6.9,6.51
202400048506,11.35,3.26
202400048507,6.02,11.05
202400048517,6.15,2.54
202400048575,11.72,12.22
202400048640,1.82,20.7
202400048656,1.61,17.62
202400048658,4.81,4.44
202400048718,7.18,6.5
202400048724,11.96,14.27
202400048732,1.84,4.39
202400048739,5.45,6.08
202400048771,8.53,9.93
202400048795,4.44,21.85
202400048919,8.23,5.46
202400048923,12.88,8.43
202400048925,7.65,7.24
202400048928,14.16,6.39
202400048933,9.59,4.73
202400048990,5.47,7.23
202400049001,5.74,6.37
202400049022,11.45,32.6
202400049117,10.34,48.26
202400049131,8.6,9.34
202400049139,4.32,4.34
202400049226,11.48,5.32
202400049296,6.22,1.86
202400049303,6.16,1.14
202400049304,11.91,7.65
202400049310,6.76,2.91
202400049311,1.69,6.65
202400049314,6.14,15.56
202400049318,6.8,24.98
202400049334,6.56,8.87
202400049345,8.08,6.44
202400049349,2.34,2.34
202400049400,4.69,26.58
202400049472,7.63,13.92
202400049489,2.87,4.73
202400049498,7.96,7.43
202400049504,5.68,9.78
202400049510,9.29,9.63
202400049538,3.43,8.77
202400049541,9.99,16.98
202400049553,8.24,23.61
202400049561,4.87,3.38
202400049584,5.96,19.12
202400049636,22.55,27.06
202400049643,5.44,28.12
202400049647,7.81,23.6
202400049677,7.04,6.04
202400049703,6.9,20.98
202400049714,24.09,26.2
202400049744,10.07,19.82
202400049817,7.73,21.37
202400049825,9.13,30.41
202400049835,9.04,8.63
202400049839,8.73,7.09
202400049852,14.26,22.31
202400049921,12.1,12.9
202400049933,3.93,5.92
202400049954,5.51,9.07
202400050010,3.9,4.1
202400050025,11.65,23.12
202400050077,5.04,6.56
202400050085,6.2,19.98
202400050094,11.33,3.84
202400050113,11.47,8.02
202400050116,6.36,9.1
202400050122,11.43,11.43
202400050145,1.82,1.9
202400050152,3.94,21.12
202400050160,6.71,1.66
202400050163,8.69,20.4
202400050164,8.29,2.5
202400050167,7.09,25.28
202400050186,9.32,17.26
202400050195,4.71,4.58
202400050208,2.94,3.51
202400050254,3.8,4.37
202400050266,10.86,3.5
202400050325,11.06,11.06
202400050425,10.42,12.54
202400050427,5.19,5.13
202400050445,10.07,4.27
202400050466,7.83,7.16
202400050478,3.82,3.42
202400050485,9.16,60.29
202400050518,11.36,3.87
202400050547,4.96,4.25
202400050560,9.25,4.4
202400050573,6.6,1.58
202400050576,4.86,5.03
202400050604,15.15,7.09
202400050607,5.76,10.16
202400050635,5.45,6.33
202400050667,3.08,31.6
202400050672,5.6,19.27
202400050676,5.48,8.93
202400050682,11.32,6.33
202400050688,3.2,4.5
202400050693,11.1,4.84
202400050698,7.13,2.93
202400050707,6.76,34.76
202400050709,4.82,3.71
202400050714,5.99,4.42
202400050715,7.74,2.89
202400050716,8.47,7.34
202400050719,8.28,26.78
202400050760,8.45,15.93
202400050766,6.28,6.8
202400050789,13.49,13.1
202400050830,6.67,2.1
202400050910,6.98,9.36
202400050913,5.38,15.63
202400050916,6.76,11.06
202400050921,0.67,49.37
202400050930,10.0,7.87
202400051059,4.59,3.04
202400051124,5.34,2.08
202400051133,6.14,5.28
202400051200,5.76,5.73
202400051207,5.04,7.16
202400051208,10.37,7.22
202400051243,7.23,9.74
202400051252,4.3,0.94
202400051291,3.45,4.33
202400051298,10.5,6.89
202400051301,5.05,30.74
202400051305,10.93,5.26
202400051459,5.11,1.75
202400051470,5.08,2.78
202400051471,5.62,6.2
202400051485,13.28,5.41
202400051496,6.08,11.1
202400051497,6.32,19.85
202400051535,8.54,23.46
202400051559,7.79,57.03
202400051568,3.92,13.11
202400051600,4.73,6.78
202400051607,6.98,21.54
202400051612,4.18,4.38
202400051621,7.75,8.0
202400051632,7.21,6.22
202400051634,6.69,1.66
202400051687,4.8,7.03
202400051693,7.97,8.05
202400051702,6.43,6.19
202400051711,9.75,5.09
202400051722,6.93,6.27
202400051784,6.15,10.56
202400051792,2.49,22.47
202400051833,6.39,9.1
202400051861,7.3,2.79
202400051868,6.73,6.48
202400051879,7.93,7.39
202400051974,3.74,5.85
202400052004,4.97,5.16
202400052006,2.52,21.36
202400052010,7.63,11.62
202400052011,10.42,6.23
202400052027,10.06,4.32
202400052032,6.46,19.83
202400052103,1.14,12.47
202400052111,6.85,3.24
202400052121,1.52,14.2
202400052281,4.57,14.86
202400052304,6.18,2.62
202400052313,14.82,7.03
202400052322,10.06,4.9
202400052329,12.81,4.58
202400052356,2.53,3.52
202400052361,1.47,4.87
202400052368,3.72,4.4
202400052379,5.8,10.0
202400052382,8.92,7.28
202400052518,1.89,28.06
202400052560,6.96,2.45
202400052576,2.99,24.25
202400052683,12.93,15.08
202400052689,2.91,5.36
202400052710,7.34,23.94
202400052831,8.2,4.89
202400052982,8.52,6.84
202400053012,8.14,13.86
202400053068,8.26,23.76
202400053075,12.01,7.11
202400053213,25.3,25.3
202400053298,6.08,4.05
202400053361,4.08,5.13
202400053380,1.47,14.59
202400053388,3.04,3.74
202400053400,10.99,9.6
202400053422,11.57,7.48
202400053432,11.26,8.21
202400053437,6.6,2.93
202400053439,9.41,7.83
202400053480,5.34,15.98
202400053492,9.5,6.54
202400053505,9.52,6.96
202400053506,13.19,13.71
202400053517,8.15,3.92
202400053567,7.53,5.68
202400053581,11.66,26.56
202400053626,10.26,7.13
202400053700,9.56,13.1
202400053715,5.77,1.92
202400053842,11.28,27.12
202400053870,4.96,26.89
202400053946,4.67,4.67
202400053995,9.32,25.0
202400054009,6.48,5.62
202400054129,7.68,11.1
202400054132,9.34,6.18
202400054134,5.88,5.68
202400054143,8.48,3.63
202400054182,7.21,13.46
202400054189,8.53,4.31
202400054191,7.61,20.87
202400054199,14.32,9.86
202400054200,5.32,35.64
202400054209,3.77,12.24
202400054216,6.31,24.49
202400054353,12.82,16.38
202400054373,10.91,10.08
