Num_Acc,nearest_pompiers_min_osrm,nearest_sau_min_osrm
202200000097,6.91,21.15
202200000164,2.6,3.62
202200000228,9.8,18.91
202200000229,2.29,14.91
202200000286,3.76,30.15
202200000288,12.16,23.91
202200000323,3.49,3.17
202200000355,5.92,5.04
202200000369,3.31,6.17
202200000370,4.86,4.59
202200000438,6.8,27.27
202200000470,4.64,16.94
202200000475,4.5,35.45
202200000481,6.2,34.06
202200000483,7.75,3.98
202200000497,1.34,32.02
202200000498,13.3,39.48
202200000510,2.04,4.67
202200000514,7.01,29.74
202200000590,10.12,31.31
202200000683,1.84,22.51
202200000689,4.82,30.03
202200000691,2.3,27.28
202200000732,3.74,3.71
202200000735,2.29,7.22
202200000737,2.4,8.0
202200000739,4.39,5.84
202200000868,5.28,5.26
202200000875,2.08,5.4
202200000954,3.31,6.3
202200000969,13.94,20.57
202200000970,11.11,17.74
202200000976,10.22,15.7
202200001136,6.58,7.1
202200001138,3.38,4.72
202200001157,4.52,6.22
202200001158,6.19,7.74
202200001159,3.29,4.25
202200001160,5.24,5.99
202200001261,8.62,28.79
202200001303,4.83,25.74
202200001319,5.8,33.89
202200001320,8.18,25.36
202200001331,2.71,21.47
202200001338,5.47,14.43
202200001394,4.4,4.16
202200001395,6.38,5.34
202200001396,4.64,3.9
202200001397,7.2,5.38
202200001398,8.7,7.98
202200001440,6.23,23.91
202200001455,3.16,21.33
202200001470,4.74,14.24
202200001502,3.98,6.74
202200001534,0.68,4.66
202200001535,6.64,4.86
202200001536,3.72,2.78
202200001537,3.74,3.84
202200001538,7.44,3.66
202200001616,9.43,20.94
202200001629,5.74,23.88
202200001632,4.44,15.27
202200001640,0.7,27.43
202200001757,11.01,25.4
202200001775,7.34,27.43
202200001835,4.77,4.87
202200001883,5.18,5.15
202200001886,4.8,4.86
202200001906,6.62,15.72
202200001943,2.62,9.25
202200002003,8.51,30.14
202200002006,4.41,23.51
202200002011,3.09,2.69
202200002080,8.31,14.06
202200002205,5.59,4.69
202200002224,4.49,36.11
202200002251,28.6,19.0
202200002433,4.22,3.52
202200002437,4.14,2.45
202200002486,6.96,7.18
202200002501,3.85,5.1
202200002502,4.4,6.28
202200002506,3.32,5.43
202200002581,11.21,22.35
202200002653,3.96,3.18
202200002654,6.13,6.94
202200002655,7.8,3.28
202200002657,5.67,4.92
202200002723,3.91,18.48
202200002725,6.98,25.13
202200002726,5.89,24.23
202200002735,7.35,39.85
202200002739,19.14,38.92
202200002823,4.14,4.66
202200002846,4.99,4.66
202200002847,8.89,9.38
202200002933,7.62,14.14
202200002975,8.39,4.42
202200002976,7.52,8.12
202200002977,5.73,5.02
202200002978,4.89,6.61
202200003043,0.9,14.75
202200003049,7.81,14.33
202200003058,5.74,26.28
202200003059,8.2,34.65
202200003060,12.72,15.5
202200003095,5.98,19.04
202200003163,1.86,2.38
202200003164,1.43,3.9
202200003225,7.16,4.88
202200003294,3.66,19.34
202200003311,8.59,11.54
202200003364,6.71,22.02
202200003390,11.71,24.26
202200003412,2.07,22.25
202200003431,7.09,5.62
202200003432,6.8,22.86
202200003436,7.79,10.06
202200003439,7.41,7.93
202200003445,5.19,29.88
202200003452,6.61,21.43
202200003456,8.44,9.6
202200003499,8.83,8.27
202200003515,4.22,11.78
202200003532,3.33,3.64
202200003541,7.52,5.85
202200003586,10.29,20.65
202200003663,5.38,2.07
202200003668,5.64,8.34
202200003701,5.3,5.2
202200003705,3.97,5.32
202200003708,8.26,6.19
202200003712,5.94,6.23
202200003743,6.81,25.52
202200003770,5.42,2.41
202200003776,5.36,7.63
202200003901,4.98,7.82
202200003939,2.3,17.74
202200003994,2.52,15.28
202200004011,4.25,7.79
202200004013,6.48,5.14
202200004017,6.86,6.08
202200004052,11.72,35.29
202200004070,5.96,7.99
202200004103,8.05,16.66
202200004108,4.05,23.82
202200004126,9.81,30.5
202200004140,7.79,35.96
202200004173,4.24,11.05
202200004175,4.9,11.96
202200004302,7.56,4.75
202200004305,2.34,7.27
202200004306,5.6,4.09
202200004307,4.82,4.65
202200004331,4.52,8.73
202200004332,2.27,3.91
202200004430,12.79,22.58
202200004444,6.25,8.12
202200004459,1.95,9.27
202200004463,10.79,18.9
202200004464,6.6,9.16
202200004465,8.11,24.54
202200004492,3.14,9.67
202200004528,5.4,6.72
202200004588,7.89,19.75
202200004593,4.76,22.85
202200004599,12.92,31.26
202200004643,6.74,6.24
202200004651,6.19,4.46
202200004666,4.46,5.03
202200004668,4.31,5.88
202200004669,6.21,7.93
202200004722,8.12,35.22
202200004729,5.34,29.53
202200004738,4.01,28.2
202200004740,2.78,29.68
202200004749,8.15,22.97
202200004751,9.99,10.43
202200004778,4.04,2.16
202200004794,12.5,23.65
202200004878,5.14,3.48
202200004924,2.03,15.41
202200004952,8.04,6.96
202200004958,2.11,6.1
202200004970,8.03,28.65
202200005004,1.58,10.19
202200005107,12.43,13.6
202200005145,8.38,6.4
202200005148,4.1,5.61
202200005151,2.7,5.54
202200005205,3.43,4.6
202200005207,6.18,4.04
202200005340,2.85,22.86
202200005348,2.93,8.16
202200005352,0.5,6.23
202200005355,8.49,7.2
202200005359,8.32,14.92
202200005363,4.92,4.33
202200005401,8.24,25.19
202200005571,5.35,5.54
202200005572,1.14,10.82
202200005591,7.74,9.75
202200005610,10.33,9.99
202200005635,3.17,6.1
202200005639,5.87,7.46
202200005676,10.08,15.63
202200005680,8.45,23.16
202200005761,4.72,7.44
202200005797,4.69,7.59
202200005826,3.54,14.18
202200005847,5.44,27.1
202200005871,3.49,2.41
202200005898,9.64,11.48
202200005903,11.62,39.28
202200005915,3.74,29.91
202200005924,8.98,7.99
202200005926,7.81,22.09
202200005996,8.96,19.8
202200006017,11.03,28.2
202200006076,9.08,10.03
202200006100,9.53,9.5
202200006102,6.41,11.24
202200006104,6.14,4.07
202200006106,6.66,8.38
202200006233,8.11,30.58
202200006235,1.8,26.96
202200006239,6.78,32.96
202200006247,3.12,4.8
202200006248,1.66,21.83
202200006254,10.44,30.29
202200006288,15.44,10.21
202200006354,8.11,8.34
202200006355,7.14,5.13
202200006447,4.01,31.21
202200006452,9.54,11.81
202200006462,8.09,16.36
202200006466,3.36,25.29
202200006467,1.78,21.5
202200006593,7.5,32.89
202200006605,1.66,22.51
202200006609,3.44,35.42
202200006616,2.24,14.79
202200006619,6.29,12.92
202200006624,6.37,5.33
202200006630,2.77,7.69
202200006640,6.77,13.23
202200006645,3.65,21.93
202200006800,11.76,14.03
202200006906,5.18,8.02
202200006908,4.76,0.57
202200006910,3.44,6.29
202200006911,6.29,2.83
202200006912,9.75,13.14
202200006913,4.94,6.4
202200006928,7.82,10.09
202200006974,4.84,8.28
202200006975,5.0,8.38
202200007109,2.01,41.18
202200007168,13.47,8.64
202200007269,8.82,10.12
202200007280,6.89,16.59
202200007284,10.08,24.99
202200007312,5.76,14.31
202200007324,9.3,14.05
202200007332,8.08,36.25
202200007449,0.63,27.49
202200007455,4.26,4.62
202200007479,7.16,6.29
202200007507,2.48,4.81
202200007527,4.13,7.09
202200007582,6.48,9.43
202200007602,9.52,22.7
202200007606,6.69,8.7
202200007622,9.66,24.96
202200007634,4.88,24.17
202200007665,3.29,23.19
202200007666,10.34,29.09
202200007667,5.98,27.28
202200007674,1.88,21.06
202200007677,6.64,16.13
202200007687,4.54,24.57
202200007739,9.47,11.85
202200007740,2.42,26.99
202200007742,0.89,20.08
202200007787,6.54,27.79
202200007816,5.21,2.86
202200007848,8.08,8.6
202200007849,2.57,4.84
202200007899,2.99,5.08
202200007938,8.33,9.94
202200008039,4.87,26.15
202200008061,4.66,30.35
202200008068,9.06,19.98
202200008069,0.86,25.05
202200008072,11.48,13.76
202200008073,6.41,27.92
202200008077,6.84,19.7
202200008080,3.66,13.71
202200008084,8.47,26.1
202200008092,8.6,30.42
202200008094,11.94,25.46
202200008097,5.45,6.86
202200008131,7.49,26.68
202200008133,6.22,18.46
202200008227,8.33,8.8
202200008228,7.64,9.91
202200008229,6.34,6.34
202200008237,6.69,4.8
202200008257,5.52,3.18
202200008259,5.78,4.76
202200008261,8.93,7.4
202200008312,5.82,5.47
202200008314,4.75,7.6
202200008403,5.03,12.19
202200008569,4.13,3.19
202200008570,3.29,2.35
202200008571,3.02,5.45
202200008684,3.02,16.28
202200008701,4.49,32.53
202200008726,8.72,7.04
202200008727,8.53,6.59
202200008728,4.74,3.22
202200008752,5.86,4.92
202200008754,3.92,5.44
202200008755,4.85,6.06
202200008858,2.51,27.05
202200008916,6.35,5.37
202200008919,7.17,11.35
202200008923,4.7,16.7
202200008940,1.71,17.85
202200008949,7.48,20.01
202200008964,1.78,19.99
202200008974,13.92,16.19
202200009025,9.91,29.76
202200009044,4.72,23.15
202200009048,4.04,6.6
202200009092,3.38,1.82
202200009149,8.38,8.35
202200009153,3.89,6.2
202200009265,3.42,5.75
202200009270,10.5,12.77
202200009275,7.69,8.2
202200009280,6.17,8.44
202200009348,1.84,6.07
202200009355,5.85,8.78
202200009372,6.11,11.34
202200009375,4.61,17.17
202200009376,5.08,7.97
202200009399,9.24,15.37
202200009407,7.02,21.86
202200009412,10.47,31.77
202200009455,3.35,26.22
202200009576,3.17,2.56
202200009578,1.66,40.83
202200009602,12.66,31.62
202200009608,2.18,23.64
202200009644,4.17,5.12
202200009648,8.56,9.07
202200009695,4.64,4.62
202200009826,6.54,18.07
202200009832,4.16,16.6
202200009833,4.77,19.92
202200009863,5.79,22.59
202200009864,3.97,11.15
202200009998,5.08,20.17
202200010000,7.96,23.21
202200010014,11.27,16.0
202200010049,9.58,37.78
202200010062,6.89,26.56
202200010068,1.07,27.97
202200010072,8.07,29.96
202200010074,7.38,21.1
202200010076,5.31,28.39
202200010090,7.88,26.7
202200010150,13.02,30.63
202200010218,5.7,3.46
202200010235,2.56,7.0
202200010238,7.04,8.46
202200010241,5.12,5.8
202200010250,4.51,2.17
202200010272,3.82,8.26
202200010274,5.79,4.31
202200010275,1.36,10.05
202200010326,6.27,7.08
202200010356,3.12,5.39
202200010358,6.07,8.34
202200010408,1.83,37.71
202200010427,3.21,2.51
202200010432,3.56,19.84
202200010439,10.68,15.11
202200010511,4.56,23.61
202200010518,5.27,15.37
202200010519,6.39,13.25
202200010520,10.94,39.08
202200010676,8.88,28.27
202200010680,2.26,12.22
202200010705,6.07,19.6
202200010707,9.83,8.7
202200010711,6.45,22.57
202200010735,12.3,13.71
202200010867,6.59,7.11
202200010870,6.03,8.3
202200010873,7.81,8.76
202200010937,10.94,6.92
202200010987,3.8,5.57
202200010990,11.97,39.98
202200010999,3.23,8.84
202200011002,4.2,7.83
202200011006,10.47,9.86
202200011007,16.57,12.22
202200011009,4.73,4.58
202200011013,6.86,11.49
202200011015,8.04,6.62
202200011017,4.22,6.32
202200011024,7.62,6.28
202200011146,6.47,4.56
202200011150,5.08,9.94
202200011154,3.04,8.65
202200011158,6.06,7.87
202200011163,9.32,5.3
202200011182,5.59,9.39
202200011189,2.55,5.54
202200011201,1.74,37.97
202200011241,2.81,19.84
202200011243,2.71,40.1
202200011354,2.62,3.13
202200011446,1.72,16.82
202200011472,8.07,23.57
202200011495,2.24,5.44
202200011508,4.02,25.68
202200011531,7.66,29.98
202200011542,28.04,37.43
202200011550,2.56,1.08
202200011552,2.29,22.38
202200011557,0.83,25.5
202200011560,2.26,20.4
202200011561,2.73,33.28
202200011590,3.85,28.76
202200011596,2.8,10.9
202200011600,5.28,15.8
202200011631,3.77,5.84
202200011639,3.7,3.99
202200011660,8.53,9.48
202200011669,5.97,8.24
202200011688,5.62,5.84
202200011698,3.94,6.75
202200011701,5.19,3.8
202200011841,9.33,40.24
202200011862,3.52,21.33
202200011936,5.75,5.25
202200011937,1.27,5.98
202200011940,2.4,6.59
202200011941,2.08,6.27
202200011948,11.85,13.7
202200011951,4.18,5.67
202200011954,7.7,4.21
202200011956,6.28,1.88
202200011959,3.2,5.7
202200011967,3.2,6.19
202200011971,2.56,5.55
202200011974,7.44,10.46
202200012038,6.69,31.98
202200012095,3.61,7.15
202200012117,4.44,25.53
202200012118,7.67,6.19
202200012121,6.44,28.79
202200012192,2.64,4.42
202200012195,6.04,5.81
202200012197,5.2,4.04
202200012241,6.52,4.19
202200012352,7.02,22.13
202200012385,4.92,23.25
202200012388,8.22,20.08
202200012401,4.86,4.02
202200012410,6.51,20.04
202200012476,5.59,5.89
202200012477,7.08,3.92
202200012521,4.64,30.46
202200012524,6.05,20.9
202200012526,2.09,16.44
202200012529,3.02,25.94
202200012530,9.61,25.07
202200012538,2.19,22.46
202200012540,3.85,18.96
202200012572,7.75,23.28
202200012604,9.54,33.94
202200012606,5.82,12.66
202200012630,6.57,7.04
202200012650,8.28,10.32
202200012681,2.48,5.63
202200012682,14.17,11.16
202200012738,6.85,3.7
202200012739,6.61,9.6
202200012769,5.6,24.79
202200012773,34.11,22.7
202200012787,6.64,12.3
202200012834,5.91,6.43
202200012878,3.82,9.28
202200012881,5.94,10.12
202200012882,3.85,1.68
202200012898,5.3,21.54
202200012982,3.48,20.52
202200013017,9.27,17.1
202200013018,3.76,4.82
202200013019,8.36,9.31
202200013020,11.54,14.62
202200013023,5.13,5.65
202200013028,4.78,5.02
202200013030,0.86,3.35
202200013032,7.76,8.28
202200013044,5.06,6.18
202200013141,7.14,23.67
202200013154,6.97,8.17
202200013159,4.0,5.0
202200013162,6.55,9.48
202200013166,8.62,18.73
202200013169,5.21,6.03
202200013184,8.16,19.03
202200013196,5.22,5.91
202200013296,7.34,15.17
202200013298,6.61,13.51
202200013310,3.48,2.69
202200013357,6.57,9.56
202200013359,7.03,5.02
202200013378,1.82,4.14
202200013398,8.2,8.67
202200013401,8.72,7.64
202200013402,5.07,4.14
202200013415,2.28,5.0
202200013419,1.28,5.05
202200013421,4.82,5.5
202200013424,3.14,5.18
202200013427,7.52,3.74
202200013429,5.05,7.9
202200013430,2.83,3.49
202200013432,4.18,5.94
202200013441,2.34,6.33
202200013462,6.38,9.12
202200013466,6.19,4.77
202200013640,0.37,26.44
202200013672,5.69,6.21
202200013691,4.61,29.48
202200013694,5.96,17.57
202200013733,1.66,5.43
202200013814,4.38,5.62
202200013830,7.6,10.47
202200013835,4.82,11.63
202200013836,4.48,10.2
202200013915,4.51,28.46
202200013922,11.55,22.32
202200013934,3.66,30.7
202200013942,6.38,25.85
202200013947,7.12,18.88
202200013948,9.77,14.46
202200013952,6.21,24.54
202200013968,13.87,35.22
202200014006,5.58,9.47
202200014010,3.61,7.82
202200014013,8.78,7.79
202200014101,7.53,4.9
202200014104,4.63,5.49
202200014109,3.12,2.96
202200014196,6.32,20.45
202200014204,4.97,7.24
202200014210,11.19,21.44
202200014227,8.09,18.14
202200014265,11.38,35.16
202200014274,0.82,32.1
202200014279,5.87,3.69
202200014341,7.4,9.88
202200014343,7.22,4.23
202200014346,3.74,4.75
202200014417,5.19,23.12
202200014419,2.41,21.17
202200014440,10.76,13.03
202200014518,7.28,10.27
202200014535,3.18,4.18
202200014537,2.2,5.14
202200014539,8.2,11.54
202200014542,6.53,8.48
202200014545,6.94,4.01
202200014587,5.79,10.09
202200014732,9.3,16.25
202200014804,5.68,6.08
202200014807,1.38,5.61
202200014811,7.45,26.09
202200014813,7.85,30.65
202200014882,2.66,4.68
202200014886,10.56,13.95
202200014887,8.22,6.23
202200014904,3.05,7.63
202200014911,5.78,18.79
202200014926,10.58,12.39
202200014981,10.44,28.74
202200014987,5.34,26.44
202200015023,3.9,33.07
202200015051,7.58,18.83
202200015054,2.3,26.05
202200015274,6.76,3.59
202200015278,5.61,2.05
202200015279,13.65,20.28
202200015286,5.73,26.1
202200015287,7.11,8.82
202200015344,10.8,10.95
202200015352,5.94,8.21
202200015359,5.09,3.45
202200015363,8.32,26.0
202200015393,5.83,8.76
202200015396,2.1,6.33
202200015403,5.76,8.23
202200015417,1.2,4.17
202200015425,5.35,9.63
202200015428,2.42,5.01
202200015437,3.57,12.43
202200015520,2.85,21.92
202200015523,3.46,13.38
202200015587,4.94,22.86
202200015589,3.03,16.2
202200015592,4.58,28.53
202200015605,4.92,21.51
202200015612,6.12,15.38
202200015619,1.42,20.05
202200015624,6.81,28.41
202200015627,2.54,15.6
202200015644,5.68,5.68
202200015669,4.44,21.04
202200015672,4.08,3.89
202200015733,12.87,10.03
202200015739,7.86,8.81
202200015741,3.64,5.18
202200015743,3.02,5.29
202200015774,5.81,13.93
202200015776,1.63,36.97
202200015812,4.64,6.18
202200015851,3.8,3.78
202200015871,2.8,8.04
202200015983,8.24,28.11
202200015984,7.42,17.28
202200015986,6.89,13.19
202200015988,12.61,15.42
202200016013,8.09,21.43
202200016058,3.18,20.15
202200016061,4.38,18.06
202200016123,10.35,21.75
202200016146,8.11,8.63
202200016171,1.27,15.69
202200016187,2.36,1.66
202200016188,6.99,6.99
202200016207,8.3,22.81
202200016208,3.25,23.23
202200016262,4.81,14.22
202200016271,4.94,25.19
202200016281,0.82,19.51
202200016369,7.65,19.48
202200016381,5.03,18.88
202200016407,7.89,26.06
202200016433,2.72,17.12
202200016443,4.91,18.19
202200016469,11.22,20.75
202200016628,2.54,28.33
202200016634,1.72,3.8
202200016654,8.74,7.76
202200016658,3.33,6.42
202200016662,8.75,6.93
202200016668,4.69,3.22
202200016672,4.74,2.88
202200016676,12.74,14.37
202200016733,11.6,8.38
202200016741,5.1,5.61
202200016743,11.55,13.82
202200016780,5.94,34.04
202200016783,4.07,6.58
202200016786,4.85,7.36
202200016838,2.07,30.55
202200016858,5.52,26.15
202200016960,9.26,27.19
202200016963,11.88,13.09
202200016973,11.9,7.88
202200017072,8.0,25.99
202200017120,8.1,21.02
202200017162,4.57,10.51
202200017164,6.6,6.34
202200017169,4.04,3.45
202200017216,8.23,10.01
202200017249,6.51,8.78
202200017340,4.89,23.6
202200017380,6.24,5.2
202200017396,4.55,6.52
202200017420,3.55,1.99
202200017423,4.72,7.57
202200017426,9.38,7.43
202200017428,5.83,8.17
202200017443,6.61,9.12
202200017524,6.97,18.58
202200017597,1.78,3.55
202200017599,6.05,8.32
202200017601,3.63,5.17
202200017603,7.82,8.29
202200017619,5.23,4.29
202200017644,5.82,3.92
202200017772,2.83,24.67
202200017777,9.99,24.9
202200017811,2.82,32.71
202200017917,3.02,4.03
202200017935,5.16,5.75
202200017958,5.48,3.94
202200017960,3.23,6.08
202200017963,7.46,7.95
202200017965,1.18,9.87
202200018030,7.22,23.78
202200018060,5.36,5.12
202200018061,4.81,5.49
202200018113,2.3,17.75
202200018114,6.43,33.33
202200018115,5.33,29.46
202200018171,5.63,4.55
202200018178,7.38,4.39
202200018179,2.34,7.94
202200018252,3.16,9.84
202200018297,10.0,12.27
202200018298,6.07,6.17
202200018299,2.61,4.88
202200018300,8.87,9.2
202200018328,3.64,1.73
202200018330,7.93,10.5
202200018341,6.19,5.41
202200018409,3.5,19.96
202200018430,10.39,10.36
202200018444,3.41,3.72
202200018445,4.64,2.87
202200018448,5.32,4.37
202200018449,1.79,5.11
202200018566,6.13,27.8
202200018571,9.94,29.84
202200018608,8.53,14.4
202200018611,12.55,9.32
202200018646,6.38,8.57
202200018652,6.33,6.65
202200018656,4.38,4.44
202200018659,4.51,11.5
202200018840,7.93,19.65
202200018885,10.34,12.34
202200018900,3.38,30.14
202200018910,5.91,11.78
202200018923,5.15,25.72
202200018956,6.61,4.61
202200018973,5.61,8.66
202200018977,5.0,3.52
202200018980,6.76,4.48
202200018983,8.49,11.16
202200019072,4.84,25.46
202200019143,5.85,6.78
202200019145,5.11,6.0
202200019146,8.32,5.54
202200019235,5.22,35.59
202200019342,6.37,22.6
202200019344,3.83,15.62
202200019346,3.66,7.54
202200019350,4.02,18.34
202200019378,8.07,15.42
202200019403,8.9,34.26
202200019407,1.7,16.83
202200019408,9.06,11.34
202200019417,6.31,14.99
202200019518,2.71,5.53
202200019519,4.47,5.63
202200019522,9.06,7.0
202200019600,7.64,16.82
202200019601,9.71,30.74
202200019627,6.69,22.93
202200019632,2.48,11.4
202200019677,4.69,20.07
202200019679,8.22,16.86
202200019720,2.84,27.99
202200019744,8.7,7.66
202200019746,7.93,3.91
202200019748,6.21,3.79
202200019749,2.58,8.13
202200019751,3.72,8.95
202200019821,7.46,7.43
202200019846,5.52,24.14
202200019876,3.58,31.64
202200019878,4.46,17.06
202200019879,9.54,15.4
202200019881,4.91,22.74
202200019888,4.81,26.22
202200019897,6.88,11.9
202200019910,4.1,12.01
202200019919,6.0,11.44
202200019935,6.86,24.79
202200020032,3.6,5.93
202200020085,7.04,8.21
202200020086,7.36,10.47
202200020087,2.87,3.38
202200020112,6.05,2.74
202200020113,2.01,4.92
202200020212,7.16,22.36
202200020213,5.71,35.69
202200020216,1.37,19.18
202200020228,5.32,22.6
202200020405,1.78,4.25
202200020416,3.19,26.91
202200020516,5.18,23.44
202200020525,2.48,24.52
202200020557,4.31,3.02
202200020564,7.9,10.83
202200020565,3.47,9.02
202200020571,3.07,6.06
202200020590,2.34,27.86
202200020598,0.66,44.6
202200020663,11.04,11.04
202200020670,1.14,29.74
202200020672,9.61,24.5
202200020679,3.34,19.13
202200020838,10.36,12.64
202200020839,3.47,5.01
202200020840,4.37,3.29
202200020879,14.25,38.53
202200020900,4.06,4.98
202200020902,4.65,6.69
202200020904,11.0,6.99
202200021017,2.79,30.67
202200021018,8.59,24.85
202200021021,4.31,22.92
202200021022,2.68,29.44
202200021048,3.52,4.73
202200021069,4.67,4.11
202200021072,7.34,5.87
202200021073,5.0,5.1
202200021118,2.68,5.94
202200021120,5.54,10.39
202200021163,3.04,19.6
202200021181,3.89,2.81
202200021189,6.06,23.54
202200021244,1.51,12.64
202200021272,2.59,29.64
202200021293,1.46,20.25
202200021299,4.33,30.7
202200021300,3.35,35.05
202200021312,10.94,15.92
202200021314,6.44,21.43
202200021354,9.2,3.96
202200021365,5.38,6.43
202200021413,7.03,25.46
202200021481,5.77,7.82
202200021530,2.99,30.25
202200021547,3.98,20.37
202200021579,13.66,4.74
202200021601,6.98,23.99
202200021630,8.67,10.44
202200021639,0.75,7.98
202200021671,2.53,11.75
202200021686,8.68,9.99
202200021705,4.61,18.3
202200021739,6.36,5.58
202200021743,3.96,4.11
202200021808,4.96,31.13
202200021814,3.3,22.39
202200021825,5.65,43.42
202200021936,9.48,30.23
202200021941,2.19,14.15
202200021971,8.98,11.08
202200021972,8.22,10.21
202200021986,8.41,15.84
202200022021,4.83,30.02
202200022030,5.34,3.63
202200022031,5.55,4.62
202200022054,8.93,7.11
202200022078,3.39,29.78
202200022132,6.11,5.32
202200022143,5.67,11.22
202200022249,8.54,7.46
202200022273,3.66,9.66
202200022286,8.32,19.17
202200022299,4.61,6.15
202200022302,31.95,22.25
202200022305,35.5,24.56
202200022336,2.78,20.98
202200022416,1.1,26.92
202200022419,7.37,19.23
202200022585,5.44,15.63
202200022593,4.57,8.29
202200022763,11.76,14.04
202200022802,3.08,12.56
202200022843,6.11,16.85
202200022879,6.3,28.0
202200022888,8.13,9.08
202200022904,3.75,4.18
202200022905,4.27,3.33
202200022906,4.94,4.67
202200022907,0.69,4.92
202200022908,5.17,4.02
202200022909,7.23,4.65
202200023017,3.14,1.75
202200023024,15.59,34.14
202200023030,7.06,12.58
202200023033,8.2,9.15
202200023035,7.31,8.36
202200023051,4.0,19.35
202200023054,5.41,3.5
202200023110,11.9,10.82
202200023150,5.9,17.23
202200023152,5.45,17.54
202200023233,7.92,34.82
202200023249,8.58,25.52
202200023258,4.59,12.41
202200023260,7.04,27.96
202200023262,9.46,21.58
202200023281,3.28,10.0
202200023283,8.19,11.48
202200023288,2.02,4.18
202200023353,5.32,5.32
202200023356,6.42,4.12
202200023357,5.43,4.81
202200023358,9.5,15.04
202200023359,4.62,11.6
202200023564,8.7,23.39
202200023573,1.92,17.69
202200023574,6.23,8.78
202200023673,7.06,8.87
202200023675,3.88,3.1
202200023676,4.25,6.64
202200023678,4.56,4.39
202200023679,7.17,10.28
202200023870,1.65,21.87
202200023878,3.81,31.22
202200023879,4.64,13.7
202200023882,1.41,3.77
202200023935,8.05,8.51
202200023956,6.55,6.48
202200023959,5.12,6.0
202200023961,5.93,8.14
202200023965,0.75,6.84
202200023980,4.06,4.34
202200023981,4.51,4.74
202200023984,4.02,4.6
202200023987,4.91,4.64
202200023990,6.4,4.86
202200024090,7.57,6.4
202200024095,4.12,5.88
202200024108,5.08,5.95
202200024162,10.61,19.8
202200024172,3.24,5.25
202200024182,0.95,6.67
202200024183,5.93,21.62
202200024185,2.65,6.83
202200024192,6.08,10.93
202200024202,9.14,32.07
202200024208,1.33,18.66
202200024237,0.83,26.61
202200024281,10.44,24.18
202200024300,1.41,10.28
202200024320,3.53,36.11
202200024324,8.51,9.39
202200024326,4.94,5.9
202200024340,11.8,24.27
202200024371,3.9,19.34
202200024380,3.63,22.75
202200024405,6.33,13.26
202200024407,10.92,19.28
202200024409,8.22,40.53
202200024451,8.4,10.68
202200024487,6.64,18.66
202200024493,8.0,24.61
202200024496,10.31,9.23
202200024512,6.06,34.36
202200024527,7.31,7.81
202200024660,5.57,10.69
202200024676,5.06,4.51
202200024706,6.65,20.19
202200024727,1.92,4.36
202200024730,3.02,26.12
202200024741,4.68,19.86
202200024789,10.41,24.56
202200024792,0.14,25.21
202200024882,4.38,27.54
202200024903,11.27,17.34
202200024904,2.82,2.22
202200024907,6.28,9.5
202200024945,8.36,15.17
202200025007,1.58,31.05
202200025008,15.27,19.96
202200025017,9.1,20.7
202200025162,7.85,8.11
202200025178,12.78,21.96
202200025249,2.45,5.2
202200025250,2.91,6.0
202200025251,5.98,4.94
202200025379,6.6,8.23
202200025402,1.16,2.92
202200025493,6.52,3.49
202200025495,10.9,11.73
202200025511,10.96,13.23
202200025530,8.33,10.6
202200025538,5.6,2.48
202200025540,5.09,3.9
202200025553,6.54,8.5
202200025555,1.04,9.5
202200025691,8.02,14.58
202200025702,6.6,19.71
202200025728,6.56,6.66
202200025779,1.7,19.99
202200025794,4.08,3.38
202200025795,0.45,3.98
202200025897,3.93,6.29
202200025929,2.25,28.7
202200025931,7.9,34.36
202200025933,5.07,25.15
202200025946,7.14,35.58
202200025980,0.94,31.83
202200025984,1.74,15.46
202200025993,8.17,16.09
202200026007,5.86,30.16
202200026036,4.09,13.2
202200026037,3.82,19.55
202200026038,11.24,8.16
202200026039,2.17,27.31
202200026079,1.66,5.44
202200026158,4.39,3.45
202200026316,3.77,10.75
202200026323,1.38,28.2
202200026345,8.4,28.31
202200026387,6.46,5.52
202200026426,4.39,5.85
202200026506,3.49,3.16
202200026535,7.5,36.22
202200026607,3.91,4.86
202200026626,5.57,24.72
202200026635,4.4,30.08
202200026636,7.1,7.59
202200026642,2.14,21.4
202200026645,4.84,31.8
202200026647,5.98,34.34
202200026692,8.32,16.04
202200026695,11.28,12.49
202200026763,5.29,7.56
202200026775,9.46,21.41
202200026845,4.74,7.24
202200026860,0.34,16.34
202200026864,9.26,27.22
202200026871,3.1,11.2
202200026910,4.61,6.15
202200026944,5.42,15.99
202200026953,4.64,19.6
202200026966,4.62,17.11
202200027029,8.15,6.49
202200027044,4.62,31.14
202200027045,3.55,17.97
202200027046,11.01,22.59
202200027047,6.96,35.24
202200027063,5.75,26.15
202200027114,10.07,12.34
202200027123,3.46,6.31
202200027124,6.13,6.63
202200027125,4.76,4.48
202200027188,2.41,17.78
202200027189,2.79,28.85
202200027195,7.95,31.84
202200027200,8.82,19.04
202200027245,5.5,19.87
202200027261,9.07,22.18
202200027268,6.63,18.67
202200027288,4.88,12.62
202200027296,1.57,30.5
202200027320,2.71,29.81
202200027321,9.43,32.36
202200027325,3.12,22.29
202200027356,8.32,4.64
202200027548,5.16,4.03
202200027554,3.12,26.81
202200027555,4.55,13.7
202200027556,4.89,5.41
202200027568,5.35,21.06
202200027581,6.61,20.13
202200027632,2.9,30.0
202200027719,8.4,4.41
202200027721,6.95,8.16
202200027767,5.21,5.43
202200027780,1.92,5.53
202200027781,3.38,3.27
202200027782,3.23,7.74
202200027783,3.84,5.36
202200027876,8.51,26.42
202200027878,10.77,10.77
202200027880,5.9,28.32
202200027889,16.77,35.32
202200027893,4.69,10.62
202200027944,1.9,5.62
202200027945,5.16,8.49
202200027949,4.13,3.65
202200028021,4.22,5.67
202200028066,9.34,8.36
202200028069,4.44,5.38
202200028158,7.72,5.8
202200028196,4.52,3.58
202200028197,2.05,7.47
202200028199,6.87,6.11
202200028201,6.96,2.94
202200028202,6.74,4.46
202200028204,7.26,7.23
202200028216,2.45,6.64
202200028218,2.57,5.57
202200028219,6.34,14.14
202200028228,6.26,39.18
202200028248,3.99,24.57
202200028274,3.98,16.24
202200028291,4.79,4.09
202200028293,9.79,36.44
202200028403,1.08,29.46
202200028496,3.47,64.86
202200028498,6.72,11.99
202200028500,4.38,13.55
202200028533,9.21,10.78
202200028547,2.52,6.61
202200028549,7.18,13.99
202200028581,4.63,23.84
202200028582,7.1,22.61
202200028600,8.06,15.8
202200028605,12.48,36.49
202200028608,10.62,36.84
202200028638,8.67,6.89
202200028651,11.47,23.88
202200028747,6.32,3.65
202200028748,6.34,9.26
202200028749,5.96,8.86
202200028795,5.84,20.93
202200028808,1.32,28.22
202200028809,10.1,26.48
202200028810,4.84,23.07
202200028820,10.15,22.33
202200028840,3.48,19.57
202200028895,3.04,7.11
202200028896,11.22,7.21
202200028898,5.82,8.82
202200028981,6.69,4.28
202200028983,1.04,4.36
202200028986,6.04,11.76
202200029074,6.69,22.35
202200029075,4.64,35.55
202200029077,13.22,24.35
202200029080,7.82,11.89
202200029081,6.08,21.2
202200029092,6.69,19.72
202200029113,27.33,27.42
202200029127,6.12,8.84
202200029142,4.74,8.95
202200029143,11.16,10.74
202200029145,8.61,15.08
202200029330,6.16,19.95
202200029376,4.82,18.7
202200029419,10.78,32.8
202200029539,7.1,20.12
202200029555,7.14,10.06
202200029571,7.24,28.21
202200029574,6.49,19.05
202200029588,7.52,18.02
202200029605,5.32,20.16
202200029617,7.97,26.31
202200029623,12.37,15.32
202200029625,12.56,21.74
202200029766,4.42,8.18
202200029767,7.94,8.75
202200029794,6.75,10.76
202200029846,17.37,26.76
202200029863,4.08,20.0
202200029881,9.03,30.22
202200029882,3.84,30.61
202200029930,7.99,26.44
202200029932,12.92,18.73
202200029978,4.79,25.52
202200029981,5.03,18.87
202200030004,1.11,13.38
202200030007,5.09,5.61
202200030009,4.26,2.71
202200030012,5.13,3.3
202200030060,5.89,8.82
202200030092,7.26,26.63
202200030112,5.36,29.25
202200030126,11.13,15.94
202200030166,11.95,16.07
202200030168,9.31,21.26
202200030170,2.38,14.58
202200030211,7.45,12.84
202200030233,4.99,5.94
202200030235,7.46,7.98
202200030282,6.24,22.75
202200030296,1.7,5.02
202200030368,4.53,15.6
202200030370,6.31,27.34
202200030379,2.6,34.76
202200030381,2.48,36.26
202200030383,3.41,33.61
202200030443,2.84,21.77
202200030456,4.93,12.1
202200030470,4.38,12.91
202200030497,9.43,4.08
202200030499,2.3,6.64
202200030511,8.78,8.1
202200030567,9.26,5.24
202200030569,6.04,4.7
202200030571,5.58,3.72
202200030601,5.3,5.35
202200030668,2.75,25.16
202200030669,7.78,20.51
202200030714,1.84,29.96
202200030729,7.7,14.69
202200030730,4.29,4.15
202200030731,6.13,34.13
202200030744,4.4,11.13
202200030797,4.53,8.29
202200030798,7.11,8.81
202200030800,6.02,3.61
202200030914,5.97,19.21
202200030927,9.56,14.29
202200031056,0.98,24.41
202200031057,2.36,10.19
202200031174,1.25,7.92
202200031177,7.81,7.54
202200031200,6.94,21.62
202200031205,5.4,25.4
202200031206,6.27,22.83
202200031213,5.42,3.94
202200031233,14.58,38.77
202200031258,8.64,4.62
202200031263,7.72,19.05
202200031374,8.17,9.06
202200031395,4.26,3.49
202200031398,6.44,4.0
202200031404,4.02,8.38
202200031467,6.05,35.12
202200031533,1.7,35.08
202200031535,9.91,8.79
202200031552,5.15,24.9
202200031555,3.29,31.08
202200031583,1.37,14.46
202200031680,21.82,21.87
202200031781,8.56,23.07
202200031782,12.12,21.9
202200031787,10.42,31.4
202200031788,2.11,21.63
202200031811,7.72,17.87
202200031848,7.59,8.1
202200031962,12.47,14.09
202200031971,6.56,15.61
202200031984,6.97,24.22
202200031986,2.88,11.01
202200032046,8.12,19.44
202200032048,9.88,12.26
202200032095,6.12,4.66
202200032097,5.25,2.68
202200032121,4.07,20.42
202200032162,5.95,26.45
202200032251,5.96,10.52
202200032252,3.59,9.82
202200032324,4.92,8.36
202200032326,2.72,4.77
202200032328,6.11,3.92
202200032330,7.79,11.54
202200032387,5.16,19.04
202200032424,9.54,38.94
202200032429,6.51,24.07
202200032513,9.44,10.04
202200032577,5.47,25.33
202200032591,8.46,27.85
202200032608,7.51,35.38
202200032617,7.81,9.78
202200032620,8.72,9.25
202200032636,9.37,5.35
202200032713,5.34,5.86
202200032718,3.21,33.61
202200032728,4.36,7.93
202200032731,11.3,32.22
202200032732,4.8,27.36
202200032746,5.79,20.26
202200032826,3.54,21.35
202200032848,5.59,6.11
202200032853,9.0,18.18
202200032892,3.31,2.41
202200032893,3.39,2.6
202200032897,10.94,18.16
202200032958,3.13,5.4
202200032961,7.79,9.75
202200032990,3.02,5.77
202200033004,3.96,3.02
202200033011,4.76,9.99
202200033016,6.67,9.17
202200033047,2.68,28.12
202200033066,5.38,2.07
202200033173,1.88,15.22
202200033196,2.01,5.74
202200033202,5.84,4.84
202200033238,6.56,7.5
202200033271,4.63,6.06
202200033275,1.27,2.47
202200033385,6.43,7.38
202200033459,3.67,29.14
202200033471,2.85,7.79
202200033491,11.19,13.75
202200033544,1.84,16.48
202200033555,8.06,12.87
202200033589,8.04,3.84
202200033590,3.06,8.61
202200033591,9.02,14.05
202200033592,3.78,10.59
202200033667,8.82,24.15
202200033668,4.52,37.56
202200033675,5.66,31.9
202200033676,8.23,15.86
202200033721,14.52,11.44
202200033725,4.24,6.52
202200033741,2.34,4.67
202200033742,5.71,4.91
202200033743,3.51,3.94
202200033865,3.85,24.0
202200033868,3.85,35.02
202200033882,5.34,8.3
202200033900,8.51,19.83
202200033972,7.99,8.32
202200033974,4.21,5.28
202200033986,8.53,11.58
202200034026,5.31,5.33
202200034079,7.79,34.26
202200034147,5.29,8.27
202200034149,5.29,8.27
202200034152,4.69,3.74
202200034157,4.94,9.13
202200034310,2.0,14.05
202200034314,6.97,27.21
202200034333,0.64,17.94
202200034384,3.04,33.45
202200034400,8.36,20.55
202200034436,3.23,6.42
202200034440,4.4,7.24
202200034444,8.21,10.95
202200034543,7.0,10.28
202200034659,10.46,28.6
202200034660,1.41,10.47
202200034665,4.19,19.73
202200034669,3.76,25.32
202200034684,0.39,25.26
202200034698,7.02,11.06
202200034705,15.35,17.62
202200034722,9.42,21.02
202200034734,1.71,13.66
202200034778,8.09,19.06
202200034810,7.58,30.55
202200034879,10.87,25.5
202200034961,3.96,5.61
202200034966,7.15,8.96
202200034967,5.09,4.82
202200034970,8.18,10.45
202200034985,10.28,9.25
202200035025,14.99,13.19
202200035120,3.79,18.5
202200035131,4.8,7.07
202200035143,9.61,27.71
202200035186,7.01,37.66
202200035201,6.26,5.95
202200035210,6.24,9.45
202200035222,8.58,13.26
202200035225,17.13,18.13
202200035246,7.99,20.27
202200035249,2.56,19.11
202200035251,6.54,33.84
202200035355,10.38,12.65
202200035357,5.98,6.93
202200035449,5.63,25.95
202200035515,6.06,5.17
202200035545,10.5,9.49
202200035604,5.17,3.46
202200035616,8.64,13.08
202200035617,6.04,1.33
202200035618,5.57,3.75
202200035619,3.75,6.46
202200035620,10.74,10.97
202200035621,2.31,8.04
202200035622,3.69,5.21
202200035651,6.02,10.58
202200035653,8.24,9.33
202200035656,5.57,10.64
202200035680,7.28,7.62
202200035681,3.91,4.42
202200035727,10.36,9.38
202200035794,6.98,35.87
202200035801,3.1,35.77
202200035816,4.86,26.0
202200035831,8.33,17.01
202200035832,1.15,13.9
202200035898,5.35,3.52
202200035907,5.58,17.44
202200035908,11.85,10.77
202200035958,5.42,3.86
202200035974,3.92,8.13
202200036048,2.81,12.5
202200036063,6.52,34.89
202200036065,8.3,19.49
202200036105,1.63,28.83
202200036107,8.1,17.83
202200036134,2.56,30.08
202200036140,2.66,20.02
202200036148,10.36,28.15
202200036245,7.92,26.12
202200036315,7.61,20.64
202200036346,13.8,16.03
202200036485,1.46,3.1
202200036514,1.13,28.11
202200036516,2.09,22.59
202200036556,3.7,19.82
202200036572,4.96,7.82
202200036582,5.09,9.28
202200036589,2.01,4.16
202200036594,6.51,11.74
202200036602,7.97,8.3
202200036651,4.4,5.62
202200036759,5.84,3.94
202200036764,6.7,4.29
202200036820,3.34,30.37
202200036824,7.79,24.67
202200036826,2.94,28.43
202200036853,4.12,18.96
202200036917,17.08,20.62
202200036963,10.49,31.17
202200037000,5.72,7.18
202200037028,5.27,10.49
202200037049,8.83,13.81
202200037050,4.69,10.22
202200037115,5.67,3.56
202200037157,1.93,3.97
202200037159,2.22,8.1
202200037216,0.4,34.56
202200037217,8.05,21.08
202200037225,1.28,23.93
202200037229,6.96,8.13
202200037237,11.04,20.22
202200037256,3.64,9.6
202200037323,4.71,5.87
202200037324,7.48,5.57
202200037457,6.89,27.41
202200037651,4.96,8.51
202200037719,11.0,30.24
202200037721,7.61,25.31
202200037766,4.44,25.82
202200037792,7.18,8.13
202200037793,9.35,11.62
202200037794,4.5,5.55
202200037806,5.82,15.65
202200037865,6.16,6.68
202200037873,7.89,14.52
202200037874,4.84,5.52
202200037875,4.12,7.49
202200037910,5.86,2.4
202200037935,3.18,1.89
202200037937,6.23,5.31
202200037938,6.39,3.95
202200037939,5.62,5.86
202200037940,4.18,2.1
202200037941,9.17,9.14
202200038032,5.73,4.8
202200038035,6.14,6.38
202200038036,7.74,21.58
202200038050,7.09,8.5
202200038051,6.3,24.5
202200038063,35.3,33.27
202200038073,3.38,38.24
202200038086,7.2,2.08
202200038090,1.04,23.92
202200038095,1.11,2.51
202200038097,4.48,16.66
202200038138,0.36,13.42
202200038289,11.33,10.21
202200038292,10.54,19.24
202200038293,3.37,2.25
202200038303,6.22,9.43
202200038305,5.47,31.64
202200038313,4.91,12.99
202200038314,4.26,4.35
202200038326,3.79,7.32
202200038362,8.51,23.24
202200038403,5.66,5.28
202200038444,8.02,7.04
202200038447,7.48,12.15
202200038566,6.94,17.0
202200038572,2.49,21.08
202200038584,7.31,5.84
202200038612,2.77,23.29
202200038630,5.08,8.66
202200038638,2.3,19.77
202200038643,2.08,30.55
202200038707,3.34,4.41
202200038768,8.76,27.13
202200038800,3.41,5.68
202200038822,7.86,23.79
202200038827,11.67,15.73
202200038836,12.24,16.34
202200038841,3.03,30.13
202200038845,13.22,34.03
202200038848,9.71,9.57
202200038920,2.55,11.13
202200039038,2.88,7.81
202200039042,3.46,5.5
202200039047,5.44,3.53
202200039125,5.87,10.17
202200039130,3.84,2.27
202200039207,4.37,3.43
202200039209,6.4,9.4
202200039211,6.32,6.05
202200039212,2.03,7.26
202200039215,5.04,9.6
202200039318,11.63,35.78
202200039339,10.05,23.79
202200039351,9.17,34.6
202200039352,13.43,31.53
202200039366,13.02,24.12
202200039383,3.58,9.77
202200039452,7.73,9.76
202200039469,1.98,5.59
202200039470,2.99,6.51
202200039471,6.19,9.4
202200039472,6.32,3.17
202200039474,6.86,9.86
202200039498,2.6,5.44
202200039538,1.99,18.36
202200039549,7.8,6.72
202200039588,9.34,15.9
202200039590,5.74,26.68
202200039591,9.9,17.71
202200039601,4.26,25.38
202200039602,12.35,36.62
202200039655,5.83,19.35
202200039665,3.42,10.96
202200039849,7.44,7.23
202200039864,10.67,29.47
202200039872,7.36,7.02
202200039874,6.65,4.94
202200039876,5.54,40.63
202200039898,3.58,21.38
202200039945,7.03,19.92
202200039976,3.67,29.19
202200040027,2.45,5.07
202200040028,1.57,5.76
202200040030,9.02,8.69
202200040032,5.68,13.59
202200040090,5.91,7.36
202200040169,3.76,6.61
202200040243,9.34,6.68
202200040310,5.52,5.68
202200040312,9.09,9.06
202200040315,3.52,2.58
202200040318,9.4,9.37
202200040359,6.04,6.04
202200040417,7.24,5.14
202200040434,4.55,30.91
202200040441,4.01,22.22
202200040482,11.08,15.84
202200040520,4.1,12.06
202200040559,8.87,9.39
202200040567,9.63,21.07
202200040590,7.88,7.07
202200040634,2.84,20.76
202200040639,6.42,5.71
202200040643,4.63,4.36
202200040656,4.07,10.3
202200040667,2.3,19.76
202200040727,5.44,17.06
202200040751,5.16,24.2
202200040762,6.12,20.35
202200040778,9.61,21.1
202200040781,2.86,33.06
202200040793,11.06,37.24
202200040829,4.62,18.87
202200040853,14.94,35.45
202200040883,3.72,31.1
202200040896,4.54,14.45
202200040906,4.91,19.35
202200040930,3.93,13.19
202200041021,5.52,5.64
202200041024,7.18,10.99
202200041039,5.8,9.1
202200041048,3.56,4.14
202200041051,4.78,6.82
202200041078,12.62,11.76
202200041091,7.38,5.36
202200041099,3.07,23.16
202200041102,3.86,23.38
202200041154,1.81,1.67
202200041180,2.55,20.22
202200041263,5.34,14.04
202200041276,4.97,12.39
202200041278,3.75,6.64
202200041358,1.28,19.61
202200041372,5.92,19.08
202200041387,7.79,22.96
202200041404,7.11,9.66
202200041406,3.13,32.7
202200041408,7.12,29.15
202200041424,5.35,6.76
202200041447,8.44,10.94
202200041507,8.98,10.4
202200041515,9.54,33.45
202200041521,6.41,8.09
202200041527,12.52,7.28
202200041593,6.86,9.14
202200041594,5.17,5.76
202200041595,8.19,9.14
202200041596,5.49,3.66
202200041617,6.55,9.29
202200041618,4.4,3.4
202200041708,6.18,5.4
202200041748,4.82,30.02
202200041760,3.82,5.21
202200041773,3.47,6.31
202200041774,2.96,7.03
202200041838,3.21,36.51
202200041841,2.84,3.4
202200041848,6.64,15.7
202200041868,6.14,23.86
202200041876,4.18,18.7
202200041885,7.02,6.9
202200041890,8.92,4.4
202200041894,4.36,4.16
202200041896,6.04,5.06
202200041901,6.28,18.38
202200042005,4.3,16.02
202200042007,1.63,27.72
202200042039,1.58,21.35
202200042040,4.97,27.3
202200042089,3.84,32.7
202200042100,6.3,33.2
202200042114,14.13,37.83
202200042117,6.86,9.13
202200042224,4.28,3.33
202200042340,8.32,6.37
202200042342,7.68,5.55
202200042385,5.42,6.34
202200042395,9.9,14.18
202200042408,6.2,24.25
202200042442,1.93,3.34
202200042444,6.41,25.74
202200042459,3.88,13.88
202200042460,5.06,19.29
202200042461,1.73,13.78
202200042475,9.53,11.41
202200042496,4.41,15.96
202200042499,8.28,24.82
202200042502,10.53,30.86
202200042512,6.21,10.14
202200042536,0.49,1.21
202200042550,4.52,13.89
202200042562,2.02,22.62
202200042566,5.6,17.69
202200042601,6.68,15.15
202200042617,6.5,7.44
202200042642,5.87,6.39
202200042660,8.93,23.66
202200042663,5.19,17.28
202200042699,5.92,6.24
202200042704,6.57,4.19
202200042708,4.49,4.17
202200042710,6.25,4.77
202200042896,2.34,19.67
202200042932,9.0,26.9
202200042993,9.7,32.83
202200043013,2.92,5.4
202200043015,7.39,12.91
202200043035,7.82,5.9
202200043075,7.53,36.61
202200043093,6.61,23.4
202200043120,1.49,21.0
202200043149,3.66,2.36
202200043224,4.3,30.44
202200043258,10.27,31.18
202200043259,4.35,38.58
202200043307,6.58,23.49
202200043315,4.89,33.01
202200043317,8.52,8.66
202200043318,5.78,20.33
202200043342,5.8,22.82
202200043373,5.44,5.96
202200043375,6.99,4.98
202200043390,2.64,4.19
202200043429,12.52,25.95
202200043437,8.66,8.66
202200043530,2.21,6.44
202200043531,9.78,9.76
202200043532,3.71,5.22
202200043533,5.19,4.25
202200043537,4.65,8.69
202200043538,4.26,3.78
202200043539,6.18,4.38
202200043540,4.06,9.02
202200043624,3.72,9.95
202200043680,9.19,7.98
202200043681,2.93,5.59
202200043682,5.73,6.28
202200043790,5.0,5.52
202200043848,1.06,5.04
202200043850,6.24,9.22
202200043871,5.45,5.78
202200043904,17.25,23.92
202200043934,5.13,27.45
202200043970,9.96,29.81
202200043990,4.71,6.46
202200043992,7.73,6.64
202200043994,8.75,9.82
202200043995,3.76,9.31
202200044004,6.64,4.75
202200044147,13.42,15.69
202200044148,6.16,6.04
202200044178,4.69,30.97
202200044200,7.32,5.89
202200044202,3.83,5.0
202200044204,4.03,3.48
202200044242,4.53,25.42
202200044302,4.42,20.5
202200044381,7.56,5.23
202200044458,1.9,7.07
202200044462,3.18,5.62
202200044480,1.45,5.68
202200044485,3.96,3.02
202200044663,7.19,5.18
202200044666,8.52,9.04
202200044740,4.67,30.04
202200044745,5.0,6.71
202200044746,13.57,30.46
202200044747,8.54,4.52
202200044763,6.22,12.78
202200044774,8.82,9.69
202200044775,9.26,23.08
202200044777,6.29,26.05
202200044804,10.86,24.74
202200044808,4.17,19.92
202200044811,7.34,10.66
202200044969,11.25,26.59
202200044987,9.94,8.82
202200044992,15.03,14.96
202200045051,4.33,4.42
202200045114,2.33,9.46
202200045117,4.24,4.93
202200045119,9.34,8.37
202200045124,5.23,6.47
202200045128,6.26,7.42
202200045131,9.54,12.93
202200045133,2.46,6.91
202200045138,6.5,9.98
202200045146,6.55,28.74
202200045202,14.85,16.17
202200045235,6.16,6.25
202200045330,4.19,8.14
202200045382,8.31,6.58
202200045383,13.29,15.56
202200045384,12.86,15.13
202200045535,4.67,7.28
202200045536,2.96,7.41
202200045537,3.28,7.63
202200045599,5.11,13.8
202200045615,4.19,19.73
202200045674,4.45,3.51
202200045675,9.98,8.33
202200045713,9.53,22.56
202200045735,2.83,3.88
202200045736,2.07,6.3
202200045737,4.72,4.78
202200045738,7.36,6.02
202200045739,5.15,2.74
202200045815,3.79,19.32
202200045817,3.81,36.56
202200045826,13.0,14.0
202200045831,6.42,25.71
202200045864,7.14,4.46
202200045866,5.49,2.88
202200045869,5.2,7.25
202200045876,9.69,28.43
202200045896,6.42,8.91
202200045935,6.68,27.35
202200045965,9.2,17.02
202200045968,4.33,4.84
202200045972,5.68,2.88
202200045992,7.09,7.61
202200045994,4.31,6.59
202200045997,8.97,9.92
202200046047,4.44,19.66
202200046134,9.03,7.01
202200046139,6.08,29.08
202200046158,1.52,7.93
202200046162,5.36,3.16
202200046167,6.36,3.94
202200046171,5.79,14.28
202200046241,7.78,8.73
202200046246,6.69,8.96
202200046249,7.95,9.58
202200046303,8.82,9.34
202200046305,7.02,7.97
202200046311,5.78,4.84
202200046353,14.18,20.81
202200046357,3.1,3.52
202200046361,4.57,8.6
202200046372,5.48,7.31
202200046378,5.71,7.29
202200046408,6.58,19.98
202200046444,1.59,20.35
202200046448,6.08,7.48
202200046516,8.78,9.11
202200046654,1.75,28.65
202200046692,8.76,30.26
202200046708,6.53,34.33
202200046710,4.7,8.87
202200046769,9.25,19.74
202200046773,5.99,9.56
202200046916,5.46,9.22
202200046924,6.02,6.01
202200047062,4.89,4.59
202200047066,2.21,6.85
202200047071,7.03,8.7
202200047073,2.32,5.99
202200047202,6.85,15.75
202200047206,5.54,6.05
202200047231,9.16,19.62
202200047251,3.45,4.62
202200047255,3.6,5.0
202200047260,13.98,14.98
202200047277,9.23,15.97
202200047285,12.06,28.03
202200047405,4.69,4.42
202200047406,5.07,5.08
202200047407,5.87,9.42
202200047408,4.99,5.26
202200047409,6.17,13.57
202200047453,8.65,23.01
202200047455,6.12,6.12
202200047490,4.27,6.24
202200047531,1.67,0.9
202200047537,3.74,34.29
202200047634,4.25,5.93
202200047636,5.66,3.77
202200047776,4.93,26.7
202200047784,0.74,28.87
202200047801,2.37,4.06
202200047843,4.81,28.72
202200047865,5.47,4.28
202200047867,8.15,9.1
202200047870,5.43,7.46
202200047873,7.7,5.03
202200047877,7.61,7.4
202200047879,3.6,4.39
202200047886,7.72,6.04
202200047920,5.77,13.74
202200047992,1.3,20.43
202200048121,2.22,6.67
202200048124,4.34,7.2
202200048129,3.25,6.11
202200048136,5.36,1.74
202200048161,3.64,12.4
202200048162,9.18,8.85
202200048168,4.94,4.31
202200048182,3.18,36.2
202200048199,6.85,7.8
202200048205,3.69,3.74
202200048259,9.26,23.08
202200048330,8.42,9.37
202200048337,5.62,7.89
202200048364,10.84,10.7
202200048374,2.12,4.56
202200048384,2.32,4.96
202200048389,6.19,9.18
202200048460,4.36,27.94
202200048466,2.41,18.31
202200048519,7.27,8.48
202200048524,8.68,5.1
202200048542,4.5,4.18
202200048726,4.98,33.88
202200048728,5.55,10.78
202200048786,11.34,10.92
202200048792,2.58,7.03
202200048799,4.45,28.99
202200048831,5.96,21.82
202200048944,4.66,17.15
202200049001,11.36,21.59
202200049009,10.05,36.84
202200049027,8.35,17.27
202200049032,13.34,15.8
202200049061,3.22,4.39
202200049063,4.8,3.3
202200049215,7.29,35.36
202200049218,4.3,22.98
202200049219,9.28,9.14
202200049275,4.43,19.95
202200049276,9.54,16.76
202200049324,1.11,3.38
202200049325,4.42,6.7
202200049342,8.67,9.77
202200049354,8.91,15.28
202200049356,3.11,24.12
202200049358,6.52,4.7
202200049361,4.67,6.02
202200049363,4.47,5.84
202200049365,10.75,14.14
202200049377,7.21,18.78
202200049400,4.13,10.8
202200049442,1.68,5.45
202200049504,2.36,30.63
202200049577,8.47,8.1
202200049578,6.1,11.68
202200049580,7.12,4.85
202200049665,1.28,20.58
202200049671,5.91,19.71
202200049732,9.89,21.7
202200049752,1.05,27.6
202200049757,5.09,29.28
202200049758,7.79,6.08
202200049808,5.46,25.98
202200049859,4.19,15.56
202200049911,6.69,3.66
202200049939,0.62,12.71
202200049943,3.56,24.87
202200049991,3.66,5.18
202200049994,0.88,4.65
202200050138,8.22,36.54
202200050168,5.16,7.43
202200050173,8.25,10.52
202200050176,4.9,6.97
202200050183,7.84,8.17
202200050188,6.5,7.68
202200050211,2.07,24.79
202200050236,11.43,20.54
202200050391,3.79,5.87
202200050408,3.84,4.71
202200050415,1.8,4.32
202200050421,6.82,5.22
202200050432,6.25,8.75
202200050437,6.81,2.6
202200050443,5.18,4.39
202200050449,7.18,6.18
202200050458,4.87,5.76
202200050509,0.76,27.92
202200050523,3.35,25.54
202200050566,4.04,12.98
202200050595,5.53,19.72
202200050605,2.58,24.19
202200050667,3.06,3.58
202200050687,5.11,6.06
202200050751,6.1,5.05
202200050762,4.41,2.0
202200050770,3.91,3.74
202200050796,2.73,29.93
202200050804,4.54,7.4
202200050810,6.97,19.88
202200050816,6.93,9.14
202200050820,7.7,11.24
202200050828,5.46,5.18
202200050837,6.52,2.5
202200050858,4.64,8.83
202200050863,4.53,5.8
202200050950,4.13,24.76
202200050953,2.29,5.24
202200050957,4.26,7.1
202200051013,1.57,15.88
202200051049,6.74,32.34
202200051052,3.22,18.95
202200051063,10.95,10.95
202200051072,6.3,11.91
202200051119,4.56,25.36
202200051152,4.5,17.88
202200051157,5.89,9.1
202200051163,7.3,7.0
202200051187,4.29,24.55
202200051256,4.43,31.63
202200051372,3.13,9.96
202200051373,4.55,29.52
202200051427,4.48,6.75
202200051434,5.72,4.68
202200051435,6.98,6.39
202200051436,5.86,9.26
202200051514,5.95,12.96
202200051516,0.16,34.19
202200051519,8.18,34.92
202200051547,2.4,32.75
202200051550,3.21,5.72
202200051554,3.48,8.88
202200051605,10.09,35.18
202200051616,3.57,20.9
202200051646,1.79,26.39
202200051744,17.71,18.71
202200051795,11.98,30.15
202200051812,5.51,27.18
202200051818,14.22,21.52
202200051826,4.84,12.51
202200051926,9.36,25.21
202200051934,9.98,24.61
202200051984,9.44,21.7
202200051988,3.45,20.78
202200051993,2.18,20.6
202200051994,4.59,16.69
202200051997,0.94,21.31
202200051999,9.96,36.74
202200052000,4.67,30.32
202200052007,7.24,21.08
202200052013,14.9,29.1
202200052021,6.75,7.79
202200052024,6.6,6.29
202200052032,9.21,15.43
202200052045,7.5,5.44
202200052052,21.24,30.26
202200052112,7.52,20.36
202200052156,1.9,33.93
202200052194,2.02,6.46
202200052197,7.98,7.2
202200052199,7.23,9.9
202200052222,6.22,8.36
202200052226,5.18,4.86
202200052231,3.49,3.16
202200052298,1.52,17.45
202200052337,2.74,5.61
202200052342,8.44,9.87
202200052370,11.5,13.47
202200052385,4.84,3.57
202200052387,5.53,18.91
202200052391,6.86,9.14
202200052430,9.26,7.45
202200052522,5.08,5.38
202200052528,4.54,29.16
202200052530,7.58,13.65
202200052601,5.81,31.61
202200052610,9.6,27.6
202200052617,7.45,19.95
202200052623,5.82,25.34
202200052844,7.26,4.85
202200052899,7.2,11.29
202200052904,2.9,5.17
202200052910,5.75,5.86
202200052968,7.56,33.74
202200052979,3.48,9.04
202200052992,5.42,26.32
202200052998,9.28,21.86
202200053004,5.59,15.8
202200053008,3.14,5.64
202200053011,4.03,9.96
202200053048,6.42,9.34
202200053094,8.27,7.28
202200053220,3.53,18.45
202200053224,5.4,19.71
202200053238,5.83,37.8
202200053242,7.06,40.13
202200053262,3.92,8.11
202200053265,5.15,27.98
202200053270,7.72,22.29
202200053308,11.61,9.5
202200053336,9.16,19.17
202200053367,2.37,14.96
202200053415,9.13,24.59
202200053449,11.47,22.59
202200053464,4.14,4.65
202200053469,8.35,8.68
202200053498,6.64,1.67
202200053505,8.85,7.88
202200053506,12.26,40.64
202200053523,14.27,17.23
202200053634,6.15,30.79
202200053694,6.84,10.83
202200053702,8.42,8.94
202200053750,10.55,19.73
202200053773,3.25,6.96
202200053878,8.43,19.14
202200053909,11.7,27.3
202200053912,6.66,2.42
202200053914,5.23,23.83
202200053917,3.63,24.26
202200053920,5.86,2.4
202200053971,10.67,13.62
202200054024,9.23,9.76
202200054033,6.83,7.34
202200054038,5.15,16.82
202200054043,4.15,2.6
202200054047,5.41,20.29
202200054053,7.76,25.54
202200054061,7.8,8.32
202200054062,3.95,31.99
202200054069,5.84,6.79
202200054072,3.88,30.64
202200054083,3.26,14.78
202200054089,2.99,32.54
202200054098,6.73,23.7
202200054167,4.87,6.11
202200054177,5.58,25.94
202200054178,3.22,8.57
202200054207,3.05,35.81
202200054225,6.97,6.38
202200054246,6.13,16.82
202200054267,3.25,3.82
202200054279,5.72,5.28
202200054287,4.9,5.33
202200054297,5.46,4.27
202200054306,5.68,1.9
202200054312,8.1,10.37
202200054344,9.64,16.08
202200054352,7.32,8.38
202200054373,3.04,4.11
202200054442,7.51,20.98
202200054608,2.75,23.35
202200054620,6.5,10.67
202200054623,2.98,5.41
202200054646,2.73,1.94
202200054711,5.71,13.54
202200054730,3.23,66.75
202200054876,5.06,4.28
202200054903,5.08,2.07
202200054906,3.47,32.03
202200054915,9.88,11.62
202200054917,7.26,17.58
202200054924,7.6,18.58
202200055017,2.11,6.34
202200055062,4.55,5.45
202200055069,5.26,9.24
202200055078,4.97,5.67
202200055083,7.44,5.62
202200055097,5.68,6.15
202200055124,6.74,12.65
202200055166,6.62,6.6
202200055230,3.43,27.3
202200055232,7.02,9.29
202200055235,6.14,12.82
202200055237,3.8,25.53
202200055244,11.17,31.33
202200055248,9.8,20.92
202200055252,9.84,20.87
202300000115,3.64,5.92
202300000124,5.74,26.11
202300000137,4.93,23.2
202300000139,6.5,25.33
202300000147,9.67,5.65
202300000149,4.64,3.91
202300000180,3.33,30.63
202300000259,1.31,8.08
202300000261,2.51,4.77
202300000277,6.84,7.17
202300000309,2.72,9.4
202300000310,4.61,5.03
202300000312,5.9,5.28
202300000318,6.0,11.23
202300000320,8.85,15.66
202300000349,8.13,8.65
202300000394,6.98,6.19
202300000406,0.64,23.25
202300000473,5.14,6.09
202300000560,6.21,4.15
202300000561,5.01,11.82
202300000584,4.15,7.98
202300000586,3.2,5.71
202300000702,6.64,2.76
202300000749,7.22,25.47
202300000774,6.69,42.89
202300000828,8.12,15.5
202300000839,8.68,8.25
202300000841,4.11,38.58
202300000867,5.35,5.68
202300000872,0.84,40.01
202300000909,6.68,8.76
202300000916,8.53,17.45
202300000929,8.89,33.62
202300000940,4.11,25.56
202300000942,3.5,2.66
202300000964,4.07,3.93
202300000988,7.16,6.38
202300001001,6.26,8.53
202300001005,7.94,8.46
202300001015,9.53,16.25
202300001054,8.01,4.01
202300001062,4.27,19.58
202300001067,3.06,9.35
202300001068,3.35,3.78
202300001070,7.56,4.75
202300001080,8.02,10.3
202300001082,8.84,9.79
202300001152,6.98,6.39
202300001157,4.76,4.46
202300001204,5.3,20.2
202300001376,2.66,26.64
202300001404,7.41,15.77
202300001415,5.28,31.46
202300001444,10.09,15.07
202300001620,5.89,8.16
202300001687,0.81,8.14
202300001753,7.06,4.64
202300001819,6.33,11.42
202300001949,6.04,23.3
202300001973,5.26,12.85
202300002032,7.41,28.21
202300002113,5.57,23.8
202300002130,2.22,21.97
202300002131,5.37,10.6
202300002180,9.24,33.17
202300002186,3.86,15.78
202300002188,2.87,15.67
202300002203,9.65,26.28
202300002211,12.24,18.05
202300002249,6.04,35.7
202300002264,2.05,25.14
202300002301,9.76,36.15
202300002303,8.35,28.34
202300002304,4.08,32.68
202300002362,6.86,7.68
202300002371,10.86,13.14
202300002382,2.84,2.04
202300002399,6.08,5.37
202300002449,7.62,9.89
202300002465,7.34,8.75
202300002554,5.54,5.64
202300002556,5.93,6.13
202300002558,5.11,6.02
202300002570,3.95,3.01
202300002571,5.04,5.98
202300002580,3.23,8.56
202300002582,2.89,4.24
202300002591,1.28,3.19
202300002629,4.69,4.42
202300002632,4.38,4.24
202300002640,8.0,7.83
202300002691,4.43,6.14
202300002693,7.1,4.69
202300002696,5.08,3.41
202300002698,6.36,4.29
202300002702,5.34,5.84
202300002704,8.39,17.42
202300002706,3.58,12.2
202300002709,5.28,5.78
202300002711,6.84,9.45
202300002731,8.14,6.32
202300002737,8.18,9.3
202300002740,4.34,6.85
202300002754,3.7,1.57
202300002759,7.89,6.6
202300002761,5.98,8.48
202300002762,7.66,14.46
202300002765,3.64,6.14
202300002767,3.22,2.22
202300002771,4.8,5.54
202300002773,7.92,7.48
202300002774,6.51,9.37
202300002776,5.96,4.28
202300002778,3.59,6.48
202300002780,2.61,11.32
202300002783,5.69,4.69
202300002785,3.63,6.87
202300002787,2.73,9.36
202300002789,2.04,4.93
202300002791,5.06,4.27
202300002793,7.84,9.08
202300002796,5.69,4.02
202300002797,8.44,8.07
202300002834,8.61,8.27
202300002836,3.27,10.07
202300002837,6.2,3.79
202300002840,4.5,2.08
202300002842,2.16,8.57
202300002844,4.66,2.89
202300002845,6.33,23.0
202300002846,7.96,5.89
202300002847,7.32,9.55
202300002849,6.04,9.25
202300002852,9.1,7.48
202300002853,6.02,4.55
202300002864,13.0,31.34
202300002867,3.07,33.47
202300002892,8.33,6.44
202300002895,8.2,8.9
202300002901,3.11,7.22
202300002907,5.21,3.65
202300002912,4.91,7.41
202300002916,6.05,3.64
202300002919,8.06,13.67
202300002922,6.37,4.46
202300002932,5.6,22.69
202300002942,1.45,14.57
202300002954,4.89,4.72
202300002956,8.31,6.45
202300002960,8.78,7.02
202300002961,4.82,19.2
202300002964,8.97,8.24
202300002966,6.81,5.81
202300002972,7.01,18.87
202300002978,5.74,4.71
202300002983,2.31,7.96
202300002986,4.62,9.26
202300002989,12.26,12.57
202300002990,4.64,4.47
202300002991,7.95,23.79
202300002992,4.76,3.75
202300002996,5.16,8.39
202300002998,5.67,3.78
202300003005,3.71,6.6
202300003008,6.52,37.29
202300003009,6.86,15.24
202300003011,4.68,3.51
202300003012,10.57,14.51
202300003014,6.43,4.01
202300003017,6.63,4.22
202300003021,7.56,7.46
202300003030,9.25,7.44
202300003033,8.58,9.75
202300003036,7.49,9.16
202300003040,5.15,7.65
202300003042,2.09,1.3
202300003045,7.17,8.38
202300003048,4.75,11.56
202300003051,7.77,6.1
202300003054,7.38,15.47
202300003056,5.48,11.86
202300003060,4.93,2.86
202300003062,5.32,7.82
202300003065,3.76,10.56
202300003069,7.5,7.58
202300003071,9.14,7.31
202300003074,6.1,4.62
202300003077,8.43,6.18
202300003079,4.77,12.56
202300003080,4.15,5.71
202300003083,9.23,6.82
202300003085,3.74,9.0
202300003086,4.49,4.75
202300003088,6.9,8.11
202300003095,5.44,12.25
202300003096,4.9,32.11
202300003097,4.79,2.38
202300003102,4.96,6.3
202300003105,6.98,8.19
202300003108,4.25,1.96
202300003110,3.97,3.71
202300003113,8.46,9.63
202300003116,4.91,7.27
202300003119,4.8,4.48
202300003122,4.46,6.96
202300003124,6.05,8.56
202300003126,9.82,16.57
202300003134,6.42,5.08
202300003139,3.75,6.74
202300003140,6.4,9.05
202300003146,5.73,5.4
202300003207,8.45,9.07
202300003209,7.4,5.47
202300003303,8.18,5.4
202300003395,4.87,21.28
202300003402,1.97,9.29
202300003404,5.74,18.82
202300003424,1.2,29.01
202300003431,12.75,15.55
202300003435,5.22,5.81
202300003476,3.78,5.1
202300003482,4.24,27.93
202300003483,9.34,31.62
202300003484,5.48,10.4
202300003504,6.44,6.65
202300003528,2.69,7.62
202300003530,2.57,4.06
202300003600,4.99,31.56
202300003609,9.08,36.58
202300003630,8.26,26.26
202300003661,5.11,9.19
202300003663,1.12,27.06
202300003672,10.54,16.47
202300003825,10.25,9.17
202300003828,7.28,7.8
202300003902,7.21,31.13
202300003936,10.67,24.34
202300003938,7.74,39.7
202300003943,8.75,36.74
202300003944,5.72,10.5
202300003965,4.71,32.85
202300004052,10.19,14.68
202300004057,10.39,22.53
202300004063,2.38,15.14
202300004080,7.07,6.97
202300004101,7.86,21.0
202300004106,6.13,6.13
202300004120,3.57,1.87
202300004123,10.78,34.37
202300004127,31.42,20.02
202300004143,11.38,6.55
202300004176,7.74,7.52
202300004327,4.61,5.34
202300004331,5.73,5.7
202300004334,5.1,6.42
202300004337,5.69,7.15
202300004349,6.17,4.76
202300004376,5.0,5.1
202300004385,4.87,30.61
202300004428,0.81,28.51
202300004434,6.5,4.84
202300004436,3.84,5.36
202300004444,7.08,28.46
202300004469,6.26,5.88
202300004486,1.6,17.5
202300004487,9.5,23.18
202300004494,8.28,22.17
202300004502,8.06,8.57
202300004521,4.07,9.3
202300004525,8.3,9.97
202300004531,8.02,5.95
202300004535,9.25,8.71
202300004553,5.52,17.61
202300004558,3.04,4.56
202300004562,9.56,11.33
202300004566,5.3,7.01
202300004570,1.08,10.76
202300004575,8.5,6.09
202300004586,7.9,6.33
202300004590,6.02,8.52
202300004595,5.26,7.76
202300004599,5.34,9.53
202300004600,6.94,9.44
202300004602,8.7,9.4
202300004606,6.42,7.63
202300004609,3.76,6.03
202300004610,5.42,10.97
202300004613,5.38,7.88
202300004615,2.55,4.82
202300004619,7.8,5.39
202300004622,6.3,14.27
202300004627,8.86,8.13
202300004630,8.33,10.06
202300004636,9.16,7.1
202300004640,8.52,12.28
202300004648,7.69,16.33
202300004662,6.14,4.07
202300004664,4.78,5.82
202300004669,5.13,3.47
202300004673,7.18,6.71
202300004677,9.32,15.78
202300004681,9.04,18.12
202300004685,5.66,12.47
202300004690,10.38,16.56
202300004703,0.8,6.45
202300004705,7.48,6.39
202300004706,4.63,2.56
202300004711,3.82,11.74
202300004716,0.76,6.41
202300004719,5.81,3.9
202300004725,7.91,12.93
202300004727,3.51,5.0
202300004732,5.45,3.04
202300004736,5.04,4.19
202300004740,1.55,4.87
202300004744,8.61,6.54
202300004748,7.5,10.0
202300004751,9.34,16.15
202300004755,7.73,5.84
202300004760,4.84,7.74
202300004764,4.96,2.55
202300004769,3.65,1.24
202300004798,2.78,5.86
202300004801,4.51,6.45
202300004804,5.97,4.62
202300004806,7.66,14.18
202300004811,7.88,9.49
202300004814,8.15,6.26
202300004819,9.66,16.67
202300004823,5.02,9.03
202300004825,5.87,8.38
202300004829,5.08,13.17
202300004831,7.65,14.26
202300004841,9.46,16.21
202300004844,11.09,11.25
202300004847,7.68,14.78
202300004852,2.85,5.12
202300004863,8.44,6.88
202300004876,4.31,16.62
202300004889,6.63,23.71
202300004897,8.12,8.67
202300004899,7.96,7.64
202300004902,7.72,5.81
202300004904,5.39,3.32
202300004906,2.32,7.92
202300004907,6.33,4.27
202300004908,5.25,7.61
202300004909,6.74,5.42
202300004912,3.63,6.14
202300004913,9.07,11.81
202300004918,6.29,6.2
202300004921,4.77,11.58
202300004925,8.69,7.9
202300004928,2.83,4.53
202300004931,7.56,5.14
202300004935,6.2,11.19
202300004940,7.4,9.91
202300004944,0.93,10.38
202300004961,6.22,3.81
202300004970,8.57,18.83
202300004987,6.1,4.03
202300004992,4.82,4.2
202300004995,7.61,10.64
202300004997,2.99,3.71
202300005010,6.51,13.32
202300005070,6.55,8.49
202300005072,6.74,4.33
202300005075,5.73,11.27
202300005078,6.05,3.99
202300005081,8.45,8.21
202300005083,5.9,4.58
202300005085,5.1,4.88
202300005088,7.28,9.51
202300005091,9.92,14.95
202300005094,5.37,10.08
202300005095,9.06,7.53
202300005098,4.95,11.76
202300005101,2.44,4.95
202300005104,9.19,10.19
202300005107,2.92,16.76
202300005129,7.71,12.24
202300005133,4.74,5.74
202300005135,3.43,33.6
202300005137,3.93,7.25
202300005141,4.86,25.52
202300005143,4.22,8.22
202300005147,8.2,15.01
202300005151,4.08,8.26
202300005153,3.39,11.9
202300005160,8.22,7.22
202300005162,6.02,10.14
202300005165,9.65,29.57
202300005166,8.41,17.03
202300005174,8.22,5.8
202300005177,7.05,5.71
202300005179,9.82,16.63
202300005182,3.72,4.99
202300005187,10.08,16.72
202300005200,5.89,4.85
202300005204,6.94,6.15
202300005208,10.65,15.86
202300005225,2.69,18.51
202300005236,3.0,6.52
202300005238,11.37,23.17
202300005252,11.76,25.29
202300005316,7.86,3.04
202300005382,7.08,3.12
202300005384,5.97,6.2
202300005386,4.66,3.72
202300005388,14.66,10.65
202300005402,5.0,6.7
202300005405,7.78,10.52
202300005406,10.67,6.66
202300005523,8.53,19.05
202300005540,1.09,23.95
202300005544,7.93,11.77
202300005631,7.56,8.44
202300005714,6.64,16.9
202300005725,6.91,9.4
202300005732,4.92,15.12
202300005778,2.08,6.53
202300005818,5.25,5.77
202300005830,1.72,6.52
202300005831,1.87,5.64
202300005832,5.77,4.79
202300005931,4.87,31.26
202300005937,3.68,16.7
202300005945,1.62,21.36
202300005947,1.4,21.94
202300005984,8.75,23.36
202300005988,4.5,5.17
202300006005,8.13,8.6
202300006037,3.62,3.9
202300006070,9.03,13.74
202300006079,1.88,34.8
202300006163,7.76,14.11
202300006165,12.28,28.02
202300006195,4.39,6.15
202300006196,3.45,18.55
202300006213,4.84,15.82
202300006403,7.64,8.16
202300006408,6.1,8.37
202300006410,5.87,8.14
202300006413,2.97,4.23
202300006421,6.61,13.42
202300006428,10.24,11.82
202300006450,8.88,14.78
202300006505,4.25,31.02
202300006586,1.7,4.54
202300006598,5.12,11.08
202300006611,5.33,2.08
202300006617,8.13,4.12
202300006623,6.16,16.82
202300006650,7.34,12.96
202300006721,1.62,17.45
202300006725,9.4,22.26
202300006769,3.51,22.2
202300006775,8.49,12.34
202300006836,8.97,5.33
202300006840,5.24,10.1
202300006849,3.22,5.72
202300007112,3.65,26.29
202300007173,10.26,42.74
202300007174,3.92,5.92
202300007179,6.07,1.55
202300007199,11.39,19.65
202300007200,1.79,28.07
202300007202,5.58,28.76
202300007231,2.14,19.95
202300007268,8.42,15.4
202300007316,2.67,9.35
202300007318,4.53,7.37
202300007328,7.7,5.63
202300007409,4.29,32.22
202300007418,2.89,25.09
202300007422,15.8,29.34
202300007423,3.97,11.01
202300007498,5.23,7.5
202300007572,9.67,11.94
202300007573,6.38,33.94
202300007631,5.62,30.83
202300007650,2.95,5.46
202300007651,4.88,8.71
202300007652,8.63,6.81
202300007656,4.09,7.95
202300007709,9.3,32.48
202300007713,6.21,24.69
202300007791,5.82,7.25
202300007792,5.31,8.75
202300007793,1.84,4.84
202300007857,3.37,30.22
202300007865,9.13,42.86
202300007899,7.49,26.55
202300007931,6.67,11.6
202300007932,6.75,11.31
202300007983,5.95,22.42
202300007993,4.81,7.44
202300008006,6.8,6.01
202300008025,1.7,23.96
202300008043,3.31,28.52
202300008053,5.09,33.8
202300008059,8.06,5.99
202300008127,13.17,14.58
202300008129,1.71,7.94
202300008130,12.37,14.77
202300008136,4.23,5.69
202300008289,3.13,5.4
202300008316,12.98,15.25
202300008338,3.8,5.0
202300008340,8.26,7.28
202300008343,5.72,5.39
202300008416,4.54,7.4
202300008446,3.48,23.58
202300008454,11.0,29.01
202300008458,5.68,30.74
202300008472,8.69,28.87
202300008535,14.27,31.77
202300008590,5.01,37.17
202300008621,6.3,6.3
202300008625,2.6,4.87
202300008630,6.9,9.17
202300008631,6.37,8.93
202300008680,1.42,2.32
202300008687,8.72,13.44
202300008688,9.58,22.69
202300008741,8.08,8.59
202300008751,8.18,15.72
202300008865,2.5,5.69
202300008873,5.49,22.95
202300008877,3.16,15.41
202300008919,1.82,20.58
202300008946,11.34,24.72
202300008949,12.68,11.87
202300009035,7.83,9.88
202300009042,5.06,32.56
202300009080,5.3,22.96
202300009128,2.0,35.91
202300009181,8.54,10.81
202300009198,2.58,5.67
202300009203,6.63,4.81
202300009264,8.29,22.56
202300009267,10.96,31.62
202300009271,9.39,15.29
202300009274,6.47,30.24
202300009350,7.11,18.07
202300009400,6.52,3.49
202300009418,6.14,3.46
202300009419,3.73,2.79
202300009420,1.17,5.4
202300009448,2.79,15.34
202300009452,5.46,27.71
202300009458,7.8,8.3
202300009512,9.01,9.53
202300009513,6.02,7.19
202300009514,7.55,10.54
202300009544,3.66,3.48
202300009545,2.78,6.41
202300009546,5.37,10.89
202300009591,6.21,5.72
202300009592,3.37,5.64
202300009637,8.05,11.75
202300009639,5.53,5.04
202300009734,6.48,18.66
202300009743,4.1,14.88
202300009771,3.96,10.83
202300009775,9.53,8.11
202300009846,4.14,3.88
202300009855,10.59,12.84
202300009865,4.36,4.16
202300009911,4.08,23.57
202300009922,4.12,5.8
202300009927,1.07,8.72
202300009967,4.77,4.63
202300009969,6.81,4.39
202300009971,3.63,6.14
202300009988,7.13,9.4
202300010007,1.75,8.43
202300010008,3.38,3.04
202300010010,9.06,13.32
202300010012,3.76,7.26
202300010016,7.47,6.4
202300010118,9.24,27.02
202300010159,7.7,10.74
202300010163,3.9,23.67
202300010171,9.03,21.35
202300010229,8.25,12.69
202300010285,10.37,24.86
202300010288,8.65,13.46
202300010337,9.51,20.01
202300010343,9.15,21.01
202300010345,14.72,14.47
202300010404,7.08,7.6
202300010442,4.23,7.35
202300010447,7.67,20.86
202300010457,3.21,17.06
202300010482,6.71,4.3
202300010497,5.49,22.38
202300010535,9.64,15.56
202300010540,7.62,8.63
202300010541,3.36,12.8
202300010562,4.97,24.55
202300010606,2.05,8.36
202300010621,3.63,27.36
202300010627,7.63,15.46
202300010672,1.66,29.74
202300010675,4.32,28.75
202300010787,3.7,22.26
202300010858,0.55,9.59
202300010886,11.15,19.01
202300010901,4.36,22.28
202300010907,2.83,13.88
202300011055,8.24,6.11
202300011062,5.54,7.58
202300011138,8.02,6.2
202300011142,4.76,9.05
202300011187,3.14,12.53
202300011224,5.44,28.41
202300011225,3.2,22.57
202300011237,7.3,9.29
202300011257,11.53,12.96
202300011349,6.65,4.64
202300011389,5.56,15.9
202300011392,5.78,5.44
202300011393,2.75,33.3
202300011397,14.34,17.7
202300011412,0.96,19.8
202300011435,5.73,23.24
202300011483,4.86,16.95
202300011588,10.44,10.1
202300011607,7.66,27.92
202300011620,5.13,8.57
202300011797,4.47,13.25
202300011882,8.28,8.57
202300011951,6.1,11.74
202300011966,2.54,4.75
202300011968,8.43,8.4
202300011972,6.11,3.92
202300011981,5.56,5.23
202300011987,2.07,8.77
202300012020,4.26,5.41
202300012024,1.04,20.66
202300012083,4.36,12.94
202300012087,3.13,11.66
202300012130,6.63,4.61
202300012137,5.89,8.16
202300012186,9.18,7.5
202300012202,6.75,26.14
202300012212,3.69,2.53
202300012216,8.16,4.14
202300012219,2.72,38.98
202300012232,5.22,5.9
202300012245,9.89,11.27
202300012256,7.42,9.09
202300012323,9.62,32.31
202300012328,3.71,32.57
202300012331,6.62,8.39
202300012336,2.0,4.27
202300012339,3.32,69.74
202300012351,5.26,31.9
202300012394,6.21,37.64
202300012428,6.65,32.21
202300012449,5.8,10.25
202300012450,3.1,2.02
202300012458,4.3,7.93
202300012464,4.11,9.5
202300012489,4.87,4.55
202300012511,9.44,27.37
202300012517,2.48,12.64
202300012524,1.26,13.71
202300012564,7.6,8.12
202300012568,5.97,6.49
202300012618,10.99,12.4
202300012621,9.68,22.14
202300012670,4.76,6.79
202300012676,9.28,5.26
202300012680,4.61,8.45
202300012698,3.2,8.54
202300012702,5.18,8.07
202300012708,6.01,8.52
202300012710,5.27,9.02
202300012712,4.9,4.85
202300012717,6.36,8.64
202300012722,5.52,6.03
202300012808,3.31,4.23
202300012813,6.87,13.68
202300012849,1.7,8.38
202300012854,4.64,10.6
202300012859,4.5,5.76
202300012863,4.53,3.58
202300012867,8.87,7.88
202300012872,2.87,8.1
202300013048,6.83,15.41
202300013068,2.72,22.36
202300013106,1.97,20.28
202300013133,4.98,5.5
202300013172,5.46,3.02
202300013273,4.13,11.53
202300013279,11.39,10.89
202300013393,4.28,19.67
202300013524,6.6,7.78
202300013551,8.03,11.31
202300013593,7.06,7.58
202300013594,8.26,8.59
202300013609,9.54,5.53
202300013610,5.12,3.61
202300013611,9.06,12.44
202300013687,5.18,3.91
202300013698,9.44,9.3
202300013703,4.16,25.31
202300013725,4.72,23.58
202300013777,7.81,14.76
202300013813,4.91,4.18
202300013835,6.63,5.55
202300013836,8.15,8.48
202300013966,11.18,12.86
202300013989,8.12,27.74
202300014035,4.14,16.47
202300014041,5.8,30.86
202300014048,2.06,27.07
202300014055,3.5,2.29
202300014083,5.11,18.98
202300014101,1.79,21.36
202300014134,0.67,31.58
202300014237,6.38,11.61
202300014261,2.92,65.7
202300014360,5.74,28.57
202300014399,5.94,6.41
202300014403,6.56,27.7
202300014449,7.9,14.84
202300014452,7.56,6.2
202300014456,2.64,8.25
202300014468,7.26,22.11
202300014474,9.87,35.2
202300014479,2.58,21.82
202300014494,5.7,7.91
202300014499,9.54,9.51
202300014504,8.27,7.19
202300014509,3.29,2.35
202300014510,5.76,3.43
202300014512,7.24,12.35
202300014528,7.31,14.24
202300014535,7.02,4.32
202300014539,3.19,2.25
202300014699,4.48,19.59
202300014731,10.64,5.81
202300014735,3.89,64.09
202300014753,4.56,4.63
202300014754,6.8,33.31
202300014757,7.53,6.45
202300014758,7.45,10.19
202300014763,4.8,1.74
202300014774,4.58,29.31
202300014828,1.08,7.47
202300014831,3.05,5.92
202300014835,6.65,4.64
202300014845,3.44,4.54
202300014881,1.87,8.19
202300014926,3.1,4.26
202300014994,5.79,8.06
202300014995,4.17,6.44
202300015135,3.26,23.34
202300015286,11.34,21.77
202300015311,9.76,15.59
202300015312,4.05,3.91
202300015318,8.17,10.14
202300015371,8.19,8.7
202300015390,2.52,5.78
202300015392,9.26,6.85
202300015418,6.26,20.98
202300015506,3.78,4.3
202300015507,9.92,8.84
202300015533,4.0,3.64
202300015599,9.57,16.13
202300015606,2.89,30.58
202300015651,9.06,27.96
202300015652,7.42,27.33
202300015665,3.85,21.84
202300015674,10.8,22.05
202300015675,9.82,14.47
202300015738,7.87,8.38
202300015863,3.22,30.43
202300015924,5.18,16.89
202300015930,10.58,16.69
202300015958,3.92,22.67
202300015961,6.52,27.62
202300015980,12.08,25.92
202300015983,12.84,28.36
202300016022,2.5,14.52
202300016048,10.25,28.17
202300016058,0.86,31.57
202300016062,1.44,2.02
202300016169,3.52,26.44
202300016179,6.09,8.81
202300016281,2.05,4.0
202300016314,8.43,25.99
202300016331,4.28,35.7
202300016332,6.96,4.83
202300016373,8.66,24.35
202300016388,9.0,6.02
202300016402,7.72,7.63
202300016418,2.0,20.24
202300016463,8.5,26.46
202300016466,6.6,35.73
202300016469,3.47,28.47
202300016528,3.85,15.78
202300016531,10.18,23.56
202300016565,8.69,6.56
202300016633,6.43,10.87
202300016637,5.98,3.27
202300016642,8.14,7.16
202300016656,4.79,20.63
202300016719,1.56,27.96
202300016769,5.62,6.13
202300016771,2.64,3.54
202300016833,1.94,6.18
202300016834,3.42,3.85
202300016836,4.87,4.6
202300016841,8.24,14.71
202300016884,9.81,19.42
202300016920,4.55,5.6
202300017049,7.96,18.81
202300017050,5.56,28.83
202300017051,0.38,28.31
202300017068,2.06,31.16
202300017083,1.57,2.97
202300017085,6.34,13.91
202300017118,4.28,31.5
202300017141,9.28,36.49
202300017227,4.83,5.01
202300017271,8.07,6.13
202300017287,7.86,6.04
202300017288,7.89,11.17
202300017290,6.71,4.64
202300017425,7.89,9.86
202300017426,5.47,4.54
202300017443,4.63,5.57
202300017444,4.5,4.24
202300017523,3.22,17.68
202300017589,2.47,8.7
202300017590,2.79,3.95
202300017591,10.4,16.55
202300017592,3.82,16.12
202300017643,6.44,11.26
202300017646,0.5,32.04
202300017665,7.91,8.66
202300017667,2.71,5.56
202300017792,4.49,31.3
202300017811,7.55,30.62
202300017836,6.54,6.14
202300017843,17.22,12.77
202300018016,6.74,7.78
202300018020,8.73,10.4
202300018071,1.93,22.36
202300018074,4.98,23.26
202300018085,7.93,11.71
202300018119,2.09,30.11
202300018150,9.58,14.39
202300018151,1.59,4.5
202300018155,6.9,17.72
202300018160,3.2,8.54
202300018210,5.01,29.47
202300018283,7.34,7.85
202300018300,2.62,26.28
202300018362,16.38,29.67
202300018373,3.29,5.56
202300018376,2.89,3.45
202300018402,14.05,9.22
202300018406,0.46,31.75
202300018461,5.12,6.34
202300018464,6.08,5.36
202300018520,3.08,28.23
202300018562,4.75,8.73
202300018617,12.09,22.18
202300018621,3.69,5.96
202300018628,7.54,8.06
202300018633,6.48,6.82
202300018641,4.47,6.74
202300018659,8.79,6.68
202300018675,10.01,7.88
202300018730,5.49,4.78
202300018760,3.72,4.24
202300018954,1.9,31.22
202300018970,5.99,15.25
202300018996,9.48,26.64
202300019004,5.78,24.49
202300019021,5.13,25.43
202300019053,8.79,20.06
202300019057,3.25,28.27
202300019122,2.26,7.19
202300019124,7.75,10.68
202300019127,5.78,4.77
202300019129,8.07,7.09
202300019144,3.2,28.22
202300019204,8.17,22.24
202300019214,6.99,17.86
202300019217,6.66,15.79
202300019227,3.28,15.1
202300019318,5.7,4.91
202300019319,4.66,4.51
202300019366,6.76,27.56
202300019387,7.28,29.37
202300019394,15.92,17.9
202300019410,15.75,22.09
202300019499,5.07,4.8
202300019501,3.92,6.92
202300019509,6.77,26.9
202300019524,6.38,9.6
202300019592,3.95,18.98
202300019607,7.05,7.38
202300019610,3.32,5.59
202300019634,2.79,11.83
202300019641,2.86,6.55
202300019644,2.67,5.52
202300019647,7.82,11.69
202300019649,1.88,24.79
202300019693,3.9,31.92
202300019695,6.09,20.68
202300019754,8.82,35.0
202300019769,5.54,28.88
202300019792,3.92,7.19
202300019794,8.06,6.24
202300019795,1.36,4.28
202300019800,7.25,27.16
202300019811,3.76,2.86
202300019843,4.73,8.71
202300019845,2.57,8.12
202300019847,3.63,5.18
202300019848,7.86,7.94
202300020013,14.22,19.2
202300020070,3.94,11.85
202300020073,4.37,13.98
202300020108,5.63,34.74
202300020124,5.49,7.42
202300020128,8.7,11.82
202300020131,7.88,7.27
202300020135,9.4,17.21
202300020138,6.53,32.66
202300020141,5.0,35.91
202300020180,10.16,30.15
202300020221,6.2,14.89
202300020222,3.97,15.3
202300020357,7.04,10.42
202300020360,5.89,41.3
202300020373,9.01,12.34
202300020376,2.63,2.06
202300020403,7.66,8.18
202300020414,6.23,9.45
202300020462,6.89,3.9
202300020463,4.7,4.67
202300020468,3.32,5.82
202300020470,7.47,5.4
202300020532,9.29,12.51
202300020534,1.41,4.32
202300020562,9.37,7.74
202300020654,3.49,5.0
202300020675,10.01,38.29
202300020807,9.69,5.68
202300020826,3.91,23.81
202300020850,5.55,7.82
202300020854,4.63,5.69
202300020892,7.53,19.63
202300020893,5.17,22.07
202300020925,3.29,3.95
202300020940,4.39,11.02
202300021001,6.0,24.09
202300021004,2.37,35.5
202300021010,10.62,21.11
202300021029,5.22,7.32
202300021032,4.34,19.31
202300021044,4.8,25.68
202300021096,3.48,16.23
202300021169,4.61,8.14
202300021257,8.26,32.68
202300021265,0.66,16.18
202300021280,4.59,9.96
202300021289,4.62,29.45
202300021339,6.98,5.51
202300021341,7.73,8.78
202300021342,5.88,6.34
202300021394,4.44,3.5
202300021397,8.83,19.1
202300021410,1.42,15.88
202300021426,4.16,29.83
202300021564,5.21,5.07
202300021654,6.6,32.02
202300021659,4.44,29.81
202300021661,3.64,21.91
202300021688,9.0,28.3
202300021690,7.15,21.95
202300021716,4.37,28.53
202300021721,2.75,34.93
202300021722,8.63,10.04
202300021723,3.26,2.14
202300021724,7.92,9.09
202300021730,12.86,15.82
202300021757,4.5,13.23
202300021758,7.59,33.87
202300021769,1.05,21.79
202300021779,5.52,10.17
202300021791,12.01,14.0
202300021875,8.52,28.51
202300021894,6.69,7.58
202300021895,6.68,8.96
202300021896,5.48,7.76
202300021897,5.46,5.93
202300021952,3.88,7.32
202300021955,1.39,4.31
202300021967,3.56,3.91
202300021970,3.76,3.29
202300021974,4.39,4.1
202300021977,5.21,5.1
202300021979,3.62,4.24
202300021983,5.83,5.12
202300022037,8.72,9.67
202300022094,6.25,9.29
202300022123,6.17,11.28
202300022148,5.2,8.64
202300022150,6.58,6.55
202300022206,8.24,9.19
202300022211,7.69,8.16
202300022245,6.14,5.22
202300022283,7.67,20.4
202300022307,7.01,23.82
202300022330,6.32,16.45
202300022332,8.59,36.03
202300022341,4.58,6.91
202300022346,7.77,20.59
202300022375,4.89,15.7
202300022383,3.07,4.64
202300022389,13.82,23.29
202300022474,1.56,12.89
202300022520,9.26,9.87
202300022534,8.39,7.31
202300022538,5.27,22.41
202300022569,10.13,38.58
202300022583,2.81,5.14
202300022613,6.07,24.7
202300022747,3.76,2.44
202300022799,5.94,10.1
202300022802,3.05,7.5
202300022866,3.84,3.51
202300022976,9.18,19.8
202300023006,8.66,13.41
202300023018,7.82,9.67
202300023074,7.84,40.82
202300023139,8.85,21.69
202300023226,3.75,3.88
202300023244,2.02,29.9
202300023293,8.21,36.58
202300023304,1.14,22.49
202300023322,7.95,20.93
202300023333,5.98,18.74
202300023342,2.55,15.05
202300023441,3.19,2.25
202300023444,2.56,3.99
202300023445,3.91,4.77
202300023474,0.92,3.2
202300023475,5.52,5.14
202300023514,7.87,16.47
202300023545,4.03,6.59
202300023546,0.91,19.31
202300023547,4.54,2.94
202300023552,9.95,15.6
202300023609,2.19,6.53
202300023626,7.9,4.92
202300023803,7.33,5.14
202300023807,3.05,24.47
202300023852,2.82,6.2
202300023905,1.67,13.62
202300023935,4.16,16.16
202300023936,2.39,6.83
202300023939,6.9,28.28
202300023940,8.98,6.98
202300023959,3.83,13.03
202300023970,9.28,24.68
202300023971,11.23,11.94
202300023977,5.95,11.18
202300024073,8.59,19.59
202300024085,3.96,5.03
202300024110,1.53,6.71
202300024111,1.07,5.3
202300024171,1.24,17.63
202300024178,7.37,30.5
202300024181,6.18,23.19
202300024185,7.85,35.04
202300024186,4.62,19.73
202300024287,6.07,21.44
202300024292,3.71,25.28
202300024295,6.17,32.03
202300024305,9.14,16.92
202300024324,13.5,30.78
202300024327,6.66,9.22
202300024332,4.66,25.53
202300024338,4.47,17.05
202300024382,8.85,24.45
202300024398,1.7,16.22
202300024422,7.42,8.37
202300024464,9.72,30.25
202300024492,5.85,6.36
202300024521,5.1,10.26
202300024532,7.08,7.59
202300024629,8.75,11.02
202300024633,9.15,10.19
202300024637,4.28,6.55
202300024689,3.24,10.05
202300024691,1.09,5.07
202300024695,5.63,4.46
202300024723,12.14,11.06
202300024740,1.64,27.94
202300024772,0.72,31.63
202300024775,6.75,9.25
202300024778,6.2,8.88
202300024783,6.55,8.62
202300024792,4.95,9.4
202300024795,3.68,2.74
202300024911,4.0,30.27
202300024937,5.33,26.72
202300024946,6.63,20.43
202300024954,6.23,25.4
202300025015,8.4,9.59
202300025030,7.39,3.76
202300025031,5.21,8.21
202300025047,5.54,12.34
202300025095,8.88,16.78
202300025100,12.03,27.14
202300025126,2.52,15.11
202300025179,1.99,7.71
202300025180,4.38,9.64
202300025181,1.79,7.02
202300025325,6.63,5.07
202300025326,7.43,21.1
202300025334,2.53,14.32
202300025350,2.73,29.47
202300025351,8.44,23.97
202300025359,2.17,2.1
202300025363,14.66,18.21
202300025364,9.4,11.5
202300025385,4.72,21.68
202300025431,4.28,6.36
202300025432,9.43,7.38
202300025433,4.12,11.4
202300025440,9.45,32.48
202300025441,4.98,20.42
202300025454,7.51,17.24
202300025462,6.04,8.48
202300025504,10.4,22.7
202300025546,3.26,4.29
202300025557,2.38,5.22
202300025559,6.38,3.97
202300025567,3.86,26.62
202300025611,8.95,18.13
202300025682,4.66,10.03
202300025690,3.95,24.65
202300025707,3.7,9.25
202300025709,0.95,4.94
202300025711,3.76,5.28
202300025714,10.42,9.43
202300025720,4.25,9.48
202300025722,7.44,7.91
202300025819,8.97,32.25
202300025860,1.67,6.57
202300025864,5.16,8.4
202300025875,9.26,8.18
202300025886,2.28,44.61
202300025889,15.0,13.17
202300025893,6.96,21.47
202300025898,7.72,25.65
202300025902,7.46,23.97
202300025939,6.32,4.98
202300026188,4.61,4.6
202300026195,6.56,7.73
202300026203,12.89,25.43
202300026217,9.76,8.05
202300026235,3.51,24.21
202300026264,10.88,19.04
202300026275,6.74,5.67
202300026307,3.14,29.61
202300026385,6.12,5.85
202300026388,10.31,12.58
202300026433,5.28,5.58
202300026435,8.22,7.7
202300026604,4.85,8.17
202300026607,4.37,3.43
202300026628,5.42,21.81
202300026704,7.56,10.11
202300026705,6.99,32.83
202300026706,12.74,35.63
202300026726,5.56,12.4
202300026736,5.32,22.58
202300026863,5.37,6.56
202300026944,8.48,7.36
202300026945,9.05,19.31
202300026948,10.34,28.8
202300026983,4.76,26.36
202300026990,2.24,23.01
202300027007,3.23,30.43
202300027060,3.05,2.82
202300027061,6.56,7.17
202300027122,9.24,9.26
202300027125,4.76,34.07
202300027145,12.38,15.34
202300027217,9.43,18.04
202300027218,2.88,19.16
202300027225,2.16,29.87
202300027237,7.92,12.9
202300027238,3.91,26.57
202300027301,8.79,8.35
202300027302,4.47,3.5
202300027317,9.35,8.27
202300027318,5.99,6.22
202300027319,8.25,8.76
202300027320,4.06,5.44
202300027343,5.36,7.43
202300027346,3.32,5.3
202300027377,2.64,4.91
202300027378,6.62,7.57
202300027386,4.33,3.11
202300027412,8.26,9.05
202300027528,7.19,22.86
202300027540,1.85,17.72
202300027579,5.16,9.08
202300027587,0.27,28.42
202300027598,3.18,16.24
202300027635,11.14,17.37
202300027636,1.74,20.93
202300027655,4.07,27.05
202300027661,7.86,27.6
202300027672,6.2,26.31
202300027717,4.42,4.25
202300027718,9.82,18.44
202300027720,6.52,13.16
202300027732,2.66,8.4
202300027739,3.74,6.73
202300027743,6.07,11.13
202300027748,1.68,5.41
202300027798,6.38,6.29
202300027818,1.54,4.2
202300027932,6.48,10.67
202300028054,10.06,32.17
202300028071,14.03,16.02
202300028096,3.02,25.45
202300028099,9.24,16.88
202300028112,1.77,14.19
202300028185,8.04,21.6
202300028186,7.48,14.54
202300028268,5.68,3.79
202300028331,7.56,20.05
202300028382,4.84,27.79
202300028404,1.88,4.16
202300028405,1.23,31.97
202300028409,6.9,7.89
202300028413,6.76,5.05
202300028459,7.35,10.96
202300028462,5.43,8.87
202300028515,2.85,3.49
202300028634,3.95,4.47
202300028637,7.16,10.97
202300028639,7.39,7.86
202300028683,4.88,8.18
202300028686,7.01,9.28
202300028690,3.58,4.93
202300028738,10.4,12.67
202300028740,5.17,5.29
202300028743,6.66,6.76
202300028745,1.41,3.68
202300028772,1.42,20.81
202300028799,2.95,6.9
202300028800,7.21,5.39
202300028802,4.26,2.13
202300028803,7.23,4.01
202300028805,3.24,2.46
202300028914,5.91,6.38
202300028915,6.38,4.82
202300028933,3.35,3.78
202300028934,8.9,13.72
202300028935,6.96,5.14
202300029010,7.78,24.68
202300029017,5.31,27.74
202300029039,2.56,21.31
202300029180,10.85,34.84
202300029201,6.73,9.75
202300029202,1.94,18.17
202300029272,10.05,23.21
202300029318,3.84,9.38
202300029339,6.25,3.67
202300029342,5.51,7.86
202300029427,0.58,33.46
202300029430,6.32,39.29
202300029472,7.06,30.52
202300029497,30.95,22.02
202300029539,9.73,7.91
202300029550,6.16,19.32
202300029587,1.76,15.48
202300029600,8.36,19.35
202300029606,5.29,19.69
202300029624,11.7,35.43
202300029679,6.67,20.87
202300029738,6.31,6.64
202300029739,5.46,7.73
202300029741,5.49,6.0
202300029743,4.22,2.22
202300029755,5.98,23.14
202300029779,4.65,3.7
202300029780,8.77,31.37
202300029793,2.92,5.19
202300029819,4.89,14.37
202300029912,7.84,8.31
202300029946,5.91,8.64
202300029950,7.71,30.01
202300029964,7.04,17.3
202300029970,3.28,34.98
202300029984,4.17,16.22
202300029986,7.77,10.04
202300029996,3.57,37.81
202300030009,7.71,19.57
202300030021,2.72,13.38
202300030025,5.37,34.59
202300030053,8.66,19.33
202300030071,8.08,5.38
202300030077,7.62,10.68
202300030078,6.83,5.23
202300030082,7.97,21.35
202300030085,2.88,11.5
202300030086,10.74,17.95
202300030090,8.95,9.34
202300030193,8.68,9.19
202300030196,8.6,8.93
202300030207,3.94,3.35
202300030250,3.3,5.38
202300030266,3.15,7.59
202300030270,2.45,9.13
202300030300,6.64,20.99
202300030342,8.75,6.94
202300030347,3.36,3.02
202300030349,4.79,5.73
202300030352,6.47,7.91
202300030356,4.39,3.45
202300030361,3.85,5.06
202300030372,5.16,2.75
202300030375,4.5,5.95
202300030414,2.89,7.81
202300030416,3.42,6.03
202300030418,8.03,10.7
202300030567,3.86,6.62
202300030586,6.81,31.69
202300030617,3.3,20.33
202300030637,4.28,3.43
202300030650,9.4,12.02
202300030659,3.63,23.54
202300030669,4.53,4.45
202300030672,5.73,8.58
202300030675,8.39,9.18
202300030707,11.12,37.33
202300030708,1.79,16.14
202300030711,7.06,9.99
202300030723,9.57,22.52
202300030843,7.38,32.27
202300030862,2.12,19.25
202300030895,3.22,6.97
202300030899,3.84,27.44
202300030902,7.66,19.52
202300030942,2.34,28.84
202300030944,7.68,34.89
202300030946,4.62,6.7
202300030948,4.36,6.63
202300030956,6.24,8.58
202300030958,8.15,7.68
202300030959,8.81,4.79
202300030960,4.02,3.99
202300030964,4.88,5.4
202300030966,7.38,7.9
202300030969,5.64,5.98
202300031001,3.04,27.22
202300031002,7.89,24.42
202300031012,6.36,18.47
202300031013,5.95,11.42
202300031082,5.67,7.71
202300031170,8.02,21.64
202300031176,7.85,21.09
202300031177,2.08,27.53
202300031178,6.78,11.6
202300031227,8.95,9.46
202300031248,7.53,3.01
202300031249,4.09,4.69
202300031250,5.62,5.95
202300031251,7.92,3.9
202300031345,4.32,6.33
202300031347,3.41,10.22
202300031400,2.18,14.14
202300031402,7.92,13.39
202300031403,5.32,2.38
202300031406,9.3,9.28
202300031407,8.3,6.48
202300031465,8.31,32.75
202300031468,2.56,5.19
202300031469,16.1,38.33
202300031502,4.88,25.38
202300031519,4.89,7.16
202300031520,7.85,8.37
202300031549,4.67,11.3
202300031552,4.78,2.92
202300031554,5.52,6.03
202300031555,2.67,5.38
202300031556,1.5,9.86
202300031710,6.31,8.58
202300031713,5.46,5.55
202300031727,8.91,24.18
202300031750,1.86,18.15
202300031767,2.88,15.9
202300031799,5.37,19.41
202300031839,4.44,35.57
202300031840,1.86,27.32
202300032076,5.32,7.59
202300032107,5.62,5.95
202300032111,6.54,4.99
202300032118,9.56,8.58
202300032124,3.56,4.02
202300032127,3.32,28.53
202300032144,3.51,12.22
202300032149,2.14,9.98
202300032174,4.8,15.6
202300032176,5.26,13.21
202300032180,9.66,22.2
202300032183,5.94,8.93
202300032186,4.03,6.07
202300032190,8.35,7.49
202300032202,6.82,9.5
202300032211,4.68,6.61
202300032215,6.13,8.64
202300032310,1.74,8.41
202300032315,5.33,2.09
202300032334,6.36,10.92
202300032339,6.23,12.05
202300032413,6.43,8.7
202300032417,5.34,4.61
202300032506,5.32,13.78
202300032548,11.07,19.13
202300032551,2.77,15.21
202300032577,1.29,28.39
202300032590,3.62,2.72
202300032647,2.48,22.25
202300032683,8.52,29.53
202300032688,7.88,28.89
202300032695,2.55,15.55
202300032697,7.69,8.03
202300032715,3.6,36.6
202300032717,7.37,26.01
202300032732,2.87,0.95
202300032737,1.63,24.28
202300032738,6.56,7.03
202300032739,10.78,11.3
202300032742,5.68,5.78
202300032864,8.28,10.55
202300032866,13.5,14.74
202300032884,2.6,5.76
202300032886,3.8,4.87
202300032936,11.12,12.98
202300032974,5.64,13.79
202300033024,3.12,5.4
202300033040,4.6,5.02
202300033043,7.07,11.63
202300033183,2.95,26.04
202300033194,4.32,5.71
202300033195,1.86,2.38
202300033196,7.28,8.23
202300033197,6.84,9.12
202300033198,4.47,6.74
202300033212,5.01,4.23
202300033315,6.21,7.64
202300033316,7.63,2.67
202300033352,4.24,8.0
202300033379,6.64,3.49
202300033380,5.5,2.36
202300033381,2.95,3.27
202300033382,5.03,7.88
202300033383,5.08,5.76
202300033384,6.03,3.36
202300033492,8.75,25.34
202300033526,4.53,21.5
202300033588,6.76,28.5
202300033611,6.78,5.7
202300033614,1.2,26.88
202300033633,8.18,12.01
202300033641,5.57,5.81
202300033677,6.9,27.7
202300033691,3.39,64.9
202300033693,6.25,3.66
202300033697,6.43,5.77
202300033769,11.19,17.82
202300033859,7.97,23.82
202300033907,6.26,26.92
202300033945,7.01,7.02
202300033951,7.2,38.57
202300033955,3.56,40.94
202300033961,2.72,22.96
202300033972,3.95,32.23
202300033977,1.57,17.23
202300034048,5.51,29.45
202300034055,5.26,3.02
202300034102,5.19,26.42
202300034110,9.25,9.32
202300034116,5.74,4.68
202300034119,8.41,7.42
202300034134,2.89,17.81
202300034192,8.63,6.53
202300034216,3.99,6.27
202300034266,8.91,13.52
202300034277,6.06,8.33
202300034280,5.49,7.76
202300034366,3.78,7.22
202300034435,2.0,27.07
202300034439,2.13,29.8
202300034478,5.82,7.89
202300034484,7.12,2.99
202300034486,3.83,11.15
202300034493,7.0,13.81
202300034506,7.95,8.84
202300034507,7.23,6.15
202300034591,10.02,21.14
202300034642,3.31,16.32
202300034695,8.49,6.36
202300034717,6.43,6.76
202300034751,6.29,8.0
202300034752,5.36,5.36
202300034805,2.58,3.65
202300034836,2.16,5.13
202300034837,2.27,6.5
202300034864,5.57,31.38
202300034896,8.25,21.54
202300034969,7.78,8.73
202300035011,3.69,8.44
202300035012,3.27,2.94
202300035013,5.0,7.09
202300035016,8.03,10.53
202300035021,7.11,12.77
202300035116,6.56,6.65
202300035118,5.82,1.82
202300035121,2.93,4.2
202300035207,9.77,5.52
202300035321,5.86,5.14
202300035322,3.34,4.41
202300035352,10.73,10.95
202300035353,5.64,8.62
202300035354,5.89,10.2
202300035355,3.56,6.06
202300035529,7.5,8.71
202300035532,10.49,10.46
202300035534,4.81,5.53
202300035537,2.83,6.95
202300035547,3.7,5.23
202300035549,3.84,5.33
202300035552,5.58,3.52
202300035567,6.05,8.85
202300035569,6.28,7.7
202300035575,10.8,10.93
202300035579,4.72,5.0
202300035827,6.86,7.33
202300035866,0.67,24.01
202300035871,4.97,8.71
202300035880,5.75,24.14
202300035889,2.67,5.57
202300035893,3.12,8.68
202300035965,2.68,2.23
202300035968,4.74,4.57
202300035975,8.3,6.44
202300035982,3.56,22.01
202300035998,4.2,14.4
202300036048,4.78,34.42
202300036052,7.29,21.6
202300036112,3.17,24.46
202300036196,10.09,25.14
202300036263,5.54,6.67
202300036345,13.86,14.17
202300036356,8.02,13.5
202300036403,3.52,30.72
202300036444,10.77,18.03
202300036455,6.6,8.01
202300036457,8.22,37.45
202300036526,6.08,6.6
202300036631,7.31,23.92
202300036640,4.52,21.64
202300036652,3.86,2.73
202300036653,2.06,2.58
202300036656,8.51,10.8
202300036657,0.91,27.81
202300036745,4.74,4.76
202300036746,2.28,6.84
202300036748,7.86,7.95
202300036878,13.46,14.7
202300036882,5.36,3.81
202300036897,2.35,9.39
202300036898,0.36,16.35
202300036910,4.72,17.21
202300036940,3.18,6.12
202300036943,5.94,7.76
202300036953,0.06,5.67
202300036956,8.24,7.32
202300037032,1.31,38.74
202300037052,3.88,21.81
202300037080,9.18,11.45
202300037123,5.74,3.52
202300037124,1.03,5.01
202300037127,7.84,9.5
202300037172,11.98,16.5
202300037216,6.05,22.56
202300037258,8.41,9.46
202300037268,4.64,4.5
202300037269,6.83,6.24
202300037270,3.75,6.36
202300037273,7.38,14.02
202300037329,9.49,16.05
202300037335,4.28,27.87
202300037337,1.98,14.03
202300037382,2.52,3.03
202300037383,6.07,6.17
202300037415,3.95,6.26
202300037416,5.95,3.62
202300037420,4.66,3.87
202300037421,0.46,10.14
202300037472,6.98,8.57
202300037475,4.49,4.73
202300037476,3.49,4.72
202300037553,15.12,28.8
202300037562,3.22,4.11
202300037565,0.74,4.72
202300037567,9.55,12.77
202300037569,6.48,4.04
202300037574,6.74,12.65
202300037575,3.06,21.75
202300037578,9.98,28.04
202300037608,6.67,4.29
202300037614,3.81,8.95
202300037747,10.89,18.45
202300037766,7.8,30.39
202300037788,5.93,5.66
202300037808,7.22,24.26
202300037811,6.63,16.78
202300037818,3.16,6.42
202300037824,6.67,12.58
202300037827,0.44,19.64
202300037898,9.51,21.96
202300037915,8.19,16.6
202300037925,9.39,41.86
202300037961,11.3,34.38
202300037979,8.6,19.4
202300037983,9.47,9.3
202300037989,2.87,20.94
202300037990,7.59,7.83
202300038023,5.17,7.4
202300038052,2.26,3.33
202300038055,8.1,8.62
202300038074,5.81,24.79
202300038093,1.88,26.78
202300038123,5.8,7.11
202300038126,2.26,7.99
202300038128,3.88,8.24
202300038131,8.48,6.95
202300038134,2.98,8.95
202300038135,2.14,6.37
202300038138,6.69,7.19
202300038153,4.44,12.08
202300038155,9.09,36.61
202300038180,5.94,12.92
202300038193,8.86,22.24
202300038198,4.19,17.38
202300038250,5.28,3.72
202300038296,8.78,15.41
202300038298,4.69,37.76
202300038358,19.9,25.18
202300038360,1.92,4.48
202300038368,3.16,18.63
202300038370,14.64,21.31
202300038372,3.49,5.24
202300038425,7.97,7.36
202300038434,3.44,24.18
202300038451,12.4,12.06
202300038455,5.34,7.09
202300038481,4.24,21.2
202300038586,7.2,23.44
202300038588,6.51,24.13
202300038590,4.4,18.76
202300038652,10.41,21.21
202300038672,4.96,7.52
202300038760,3.87,17.26
202300038781,11.23,18.21
202300038795,0.72,24.63
202300038798,1.03,16.36
202300038799,6.1,8.65
202300038800,4.07,16.9
202300038801,1.07,38.95
202300038804,7.64,35.5
202300038856,8.39,27.73
202300038861,6.26,9.28
202300038880,6.5,6.73
202300038882,2.77,3.29
202300038884,4.98,6.03
202300038886,7.09,7.42
202300038888,4.04,6.31
202300038930,8.0,6.32
202300038932,8.54,7.34
202300038934,7.43,10.87
202300038936,0.31,9.99
202300039138,10.56,9.89
202300039139,3.92,8.14
202300039187,6.16,21.59
202300039234,6.55,33.24
202300039368,5.99,8.02
202300039369,10.2,10.36
202300039370,3.62,5.51
202300039466,8.22,8.74
202300039491,10.47,19.08
202300039492,2.26,5.17
202300039509,6.9,26.8
202300039520,3.92,15.71
202300039521,4.52,31.26
202300039522,3.05,33.51
202300039539,5.97,3.9
202300039583,3.82,28.22
202300039602,8.56,15.63
202300039612,3.93,33.15
202300039705,10.84,41.66
202300039723,3.68,26.11
202300039753,5.76,7.18
202300039772,3.21,3.76
202300039863,5.61,7.88
202300039899,11.13,22.55
202300039907,1.64,11.32
202300039930,2.22,30.87
202300039942,14.68,44.53
202300039951,11.24,22.39
202300040062,5.29,7.64
202300040065,7.46,7.45
202300040070,2.43,7.81
202300040116,6.16,5.12
202300040118,8.53,16.14
202300040151,3.47,2.04
202300040156,6.28,11.34
202300040157,6.05,8.94
202300040230,4.95,6.0
202300040231,4.93,6.47
202300040235,6.43,6.94
202300040285,5.29,6.24
202300040287,3.41,4.95
202300040299,5.24,10.76
202300040301,5.1,4.83
202300040304,4.84,7.68
202300040310,7.74,14.2
202300040313,10.09,7.68
202300040316,7.46,7.81
202300040317,10.99,12.09
202300040348,16.48,22.82
202300040479,8.55,9.5
202300040487,2.88,24.3
202300040514,12.9,27.45
202300040518,5.79,3.54
202300040524,4.45,4.31
202300040526,5.55,4.41
202300040550,5.05,4.26
202300040551,5.78,4.9
202300040552,6.86,5.04
202300040554,5.81,11.04
202300040584,7.24,27.15
202300040596,1.47,20.2
202300040610,4.49,15.76
202300040613,4.99,4.26
202300040615,3.22,4.29
202300040617,6.47,6.47
202300040618,3.61,24.06
202300040640,15.18,21.53
202300040644,5.12,4.85
202300040645,6.22,4.54
202300040647,3.79,2.53
202300040649,1.26,5.28
202300040651,8.38,11.72
202300040656,1.97,20.28
202300040708,6.88,4.61
202300040723,9.88,10.22
202300040765,6.9,6.31
202300040766,8.08,6.4
202300040771,6.6,9.61
202300040891,5.83,7.26
202300040893,2.71,6.85
202300040895,5.4,5.71
202300040898,4.11,6.25
202300040907,5.55,10.61
202300041002,7.32,7.42
202300041026,1.93,19.85
202300041042,6.24,9.71
202300041044,5.93,5.96
202300041127,4.4,3.8
202300041151,9.06,26.44
202300041172,1.99,28.58
202300041176,5.84,19.02
202300041223,11.22,12.62
202300041273,10.94,9.25
202300041303,2.24,5.1
202300041304,5.72,5.01
202300041306,5.3,7.96
202300041307,2.1,3.74
202300041369,12.33,27.25
202300041371,6.66,27.59
202300041392,1.77,5.86
202300041427,9.96,32.47
202300041432,4.94,32.46
202300041442,9.59,31.0
202300041504,2.22,29.33
202300041528,6.8,13.78
202300041530,1.55,20.76
202300041536,3.69,14.96
202300041555,6.58,17.96
202300041557,7.09,18.61
202300041561,6.3,29.04
202300041570,1.27,7.36
202300041572,3.97,10.78
202300041591,6.25,17.58
202300041641,4.48,7.85
202300041649,8.72,6.8
202300041674,5.25,6.07
202300041727,5.33,5.8
202300041743,24.72,24.82
202300041784,13.02,20.42
202300041818,6.06,25.09
202300041852,4.08,6.54
202300041866,8.07,11.73
202300041886,1.18,23.6
202300041919,1.41,23.2
202300041924,5.14,15.64
202300041935,9.58,6.27
202300042016,8.44,6.55
202300042072,7.84,24.74
202300042076,10.68,16.78
202300042081,3.43,19.35
202300042085,8.91,20.67
202300042119,5.96,24.88
202300042190,9.82,28.15
202300042225,3.64,24.74
202300042303,8.51,21.59
202300042308,13.02,12.74
202300042312,5.27,30.4
202300042315,2.55,13.77
202300042322,5.5,26.62
202300042365,11.78,7.76
202300042441,0.68,2.94
202300042444,6.09,6.56
202300042480,6.3,7.05
202300042482,6.74,6.25
202300042484,6.57,3.9
202300042517,5.03,5.0
202300042519,4.22,4.4
202300042525,6.61,4.95
202300042564,7.27,11.26
202300042582,6.61,34.36
202300042601,3.99,24.82
202300042657,1.97,17.79
202300042697,4.45,38.47
202300042720,4.8,5.85
202300042722,7.08,6.81
202300042763,4.72,8.16
202300042765,10.57,6.56
202300042775,2.72,29.93
202300042923,8.73,33.24
202300042947,8.58,20.9
202300042958,8.55,10.93
202300042961,9.59,9.61
202300042963,6.09,33.6
202300042976,7.54,7.65
202300042988,11.48,16.01
202300042994,7.39,24.4
202300042996,5.91,33.08
202300043007,4.09,21.06
202300043020,6.65,22.38
202300043093,6.47,6.99
202300043113,4.35,6.62
202300043125,6.92,3.59
202300043141,1.91,17.55
202300043142,12.72,24.52
202300043143,8.32,11.64
202300043150,2.54,15.1
202300043151,9.45,11.14
202300043158,4.33,28.14
202300043159,3.69,31.54
202300043238,7.79,10.06
202300043239,5.92,8.19
202300043240,8.71,9.04
202300043241,5.71,7.94
202300043265,5.85,7.89
202300043266,6.98,4.0
202300043267,4.3,6.29
202300043351,2.66,23.05
202300043360,5.98,5.05
202300043396,3.56,6.07
202300043400,4.16,6.45
202300043425,6.47,14.56
202300043524,5.02,20.1
202300043529,3.49,2.64
202300043540,11.08,29.42
202300043542,5.47,17.55
202300043546,5.24,14.52
202300043547,11.31,15.4
202300043558,5.91,24.16
202300043560,2.28,29.01
202300043565,28.9,19.31
202300043585,11.31,9.39
202300043599,10.01,26.06
202300043665,7.35,5.11
202300043667,3.66,5.94
202300043689,1.38,6.22
202300043749,3.93,6.2
202300043781,7.38,14.01
202300043904,4.52,30.11
202300043928,7.36,19.41
202300043940,3.1,4.74
202300043943,3.47,10.86
202300043950,9.37,34.38
202300043953,1.34,8.0
202300043962,12.49,18.35
202300043964,5.63,23.62
202300043968,4.05,16.55
202300043997,1.23,17.46
202300044037,3.73,8.3
202300044087,7.86,13.87
202300044174,5.18,26.56
202300044186,5.28,5.48
202300044189,5.59,2.12
202300044194,6.66,4.12
202300044196,6.52,4.11
202300044198,8.57,14.48
202300044199,6.34,11.39
202300044201,8.96,9.66
202300044208,4.26,3.78
202300044209,4.56,19.6
202300044213,8.17,9.34
202300044221,8.0,23.25
202300044224,9.4,36.25
202300044228,6.08,13.11
202300044253,14.51,43.28
202300044287,6.88,10.46
202300044306,6.91,33.28
202300044369,1.78,27.98
202300044373,3.31,24.72
202300044401,7.35,28.22
202300044423,8.19,23.86
202300044450,9.57,12.34
202300044458,1.65,8.52
202300044462,1.64,5.42
202300044470,10.32,10.44
202300044476,2.96,21.46
202300044503,6.14,3.47
202300044506,3.49,2.02
202300044508,5.46,3.02
202300044512,3.34,6.58
202300044536,3.83,15.16
202300044539,3.92,18.2
202300044541,12.92,21.34
202300044586,3.47,25.79
202300044611,7.98,8.87
202300044801,1.78,22.89
202300044821,0.18,28.82
202300044849,35.84,24.44
202300044886,6.31,19.62
202300044919,6.27,31.83
202300044926,14.68,21.35
202300044928,8.02,20.14
202300044959,2.95,13.28
202300044978,8.91,8.97
202300044985,5.92,8.29
202300044986,4.84,5.8
202300045000,0.87,5.1
202300045082,11.47,13.85
202300045090,4.35,14.41
202300045093,2.51,15.18
202300045138,11.14,36.22
202300045144,8.38,16.95
202300045155,3.73,30.75
202300045169,9.26,11.94
202300045191,2.47,13.27
202300045230,8.75,34.62
202300045231,6.76,15.08
202300045250,8.27,6.45
202300045252,2.38,6.57
202300045334,10.69,25.0
202300045352,5.14,15.64
202300045353,2.93,2.93
202300045372,6.54,9.46
202300045380,10.74,12.22
202300045475,10.39,9.31
202300045476,8.76,9.0
202300045478,0.13,2.47
202300045479,6.06,3.82
202300045512,6.22,3.78
202300045514,3.17,3.63
202300045516,11.1,7.08
202300045567,6.41,24.57
202300045579,10.56,22.63
202300045587,7.24,20.28
202300045666,8.11,9.38
202300045680,12.3,24.19
202300045685,4.81,35.72
202300045689,5.4,27.14
202300045702,3.52,23.84
202300045732,10.1,36.19
202300045802,0.9,12.99
202300045810,13.0,10.92
202300045889,6.79,8.86
202300045894,2.86,3.38
202300045895,7.95,8.42
202300045896,7.18,14.02
202300045908,4.53,3.59
202300045914,4.58,5.52
202300045918,9.18,6.19
202300045925,5.35,28.01
202300045939,4.54,4.56
202300045941,2.0,6.23
202300045953,7.85,7.68
202300045978,4.14,3.44
202300045983,10.49,33.24
202300046026,4.78,21.82
202300046084,3.7,16.12
202300046202,10.28,18.65
202300046224,5.17,20.6
202300046226,5.26,19.98
202300046231,2.62,41.79
202300046306,8.43,27.28
202300046329,5.91,1.79
202300046332,6.81,6.03
202300046334,2.64,6.25
202300046337,8.36,8.33
202300046340,3.91,8.06
202300046370,6.76,15.56
202300046468,1.63,23.64
202300046488,2.21,8.32
202300046509,2.31,6.54
202300046565,8.28,24.81
202300046578,1.45,3.14
202300046601,2.63,16.49
202300046608,2.31,17.64
202300046741,4.27,19.2
202300046790,5.99,5.72
202300046796,3.72,5.99
202300046799,7.79,26.22
202300046830,3.73,2.79
202300046832,5.94,8.84
202300046834,9.43,26.29
202300046846,5.6,4.09
202300046868,11.02,11.3
202300046871,2.63,17.73
202300046877,5.44,21.7
202300046945,6.19,18.05
202300046960,3.41,26.46
202300046971,9.96,15.49
202300046998,3.36,28.58
202300047015,8.67,19.51
202300047021,6.53,19.74
202300047025,9.28,40.04
202300047044,10.32,25.74
202300047045,4.96,24.06
202300047068,3.15,24.2
202300047071,3.57,36.49
202300047072,3.57,19.88
202300047089,2.54,20.31
202300047104,2.12,31.85
202300047112,6.8,18.66
202300047128,8.92,27.88
202300047193,7.94,3.12
202300047204,4.33,5.34
202300047205,8.42,9.91
202300047206,6.3,4.06
202300047207,11.54,10.46
202300047235,5.0,9.82
202300047293,0.48,19.29
202300047318,2.02,23.5
202300047376,4.77,9.93
202300047379,2.0,14.49
202300047389,7.48,8.0
202300047412,6.31,10.97
202300047433,3.83,6.1
202300047439,4.73,5.2
202300047446,6.67,1.62
202300047449,8.04,8.01
202300047488,2.73,6.33
202300047491,5.99,8.97
202300047545,11.75,26.26
202300047626,2.21,5.18
202300047685,8.22,10.32
202300047692,7.77,11.82
202300047718,1.25,12.63
202300047768,3.56,11.77
202300047868,8.39,16.09
202300047904,7.95,10.22
202300047922,1.35,23.88
202300047923,7.03,26.94
202300047924,10.06,34.7
202300047926,11.42,19.78
202300047943,14.33,35.68
202300047974,6.13,19.2
202300047977,8.73,17.41
202300047988,9.67,7.78
202300048002,6.31,29.17
202300048019,8.89,28.23
202300048023,9.82,14.06
202300048111,11.11,10.55
202300048113,7.61,22.12
202300048153,4.44,28.47
202300048166,3.25,16.0
202300048210,4.62,15.66
202300048216,5.75,8.47
202300048223,1.66,27.02
202300048242,3.47,26.06
202300048247,7.25,8.63
202300048270,3.73,8.18
202300048272,4.25,10.88
202300048275,10.4,8.13
202300048292,5.07,7.34
202300048312,7.22,27.72
202300048419,6.94,7.87
202300048420,8.44,8.95
202300048423,5.84,6.76
202300048425,3.55,3.66
202300048429,9.14,7.41
202300048431,6.81,7.24
202300048447,6.52,13.33
202300048448,5.85,8.12
202300048451,4.5,4.59
202300048454,5.47,7.98
202300048456,8.52,8.99
202300048533,5.36,7.26
202300048565,11.36,10.76
202300048570,6.56,10.75
202300048571,4.83,9.02
202300048574,7.49,3.47
202300048577,6.15,13.95
202300048579,3.5,2.73
202300048582,3.91,8.13
202300048583,6.98,8.43
202300048592,2.33,3.97
202300048595,5.2,8.99
202300048609,17.78,39.13
202300048847,4.34,30.16
202300048887,14.88,26.26
202300048923,2.17,17.23
202300048926,6.73,15.63
202300048958,5.71,33.3
202300048961,1.26,29.68
202300048993,3.97,11.14
202300049012,8.25,24.03
202300049015,3.54,19.41
202300049025,8.22,14.99
202300049109,4.35,6.34
202300049110,4.06,3.12
202300049112,6.36,14.34
202300049164,4.06,18.87
202300049192,11.62,15.17
202300049202,3.86,4.81
202300049224,4.9,4.63
202300049247,6.98,11.02
202300049252,5.46,22.64
202300049277,0.98,4.19
202300049310,3.08,14.94
202300049353,8.96,19.57
202300049357,3.65,14.79
202300049381,10.48,18.63
202300049385,24.08,24.17
202300049480,5.89,10.87
202300049572,9.36,27.29
202300049586,6.95,7.9
202300049617,3.38,10.06
202300049688,5.3,21.04
202300049762,6.82,1.77
202300049767,5.17,5.47
202300049772,5.82,5.54
202300049826,5.24,7.13
202300049833,5.12,5.23
202300049841,2.03,4.3
202300049848,7.58,5.57
202300049878,9.74,28.08
202300049893,22.85,17.1
202300049895,5.82,4.76
202300049896,10.68,5.86
202300049900,10.48,41.52
202300049908,6.42,31.5
202300049909,5.46,9.64
202300049916,4.29,9.14
202300049919,6.24,7.19
202300049935,15.63,38.75
202300049964,2.67,3.52
202300050009,7.28,22.0
202300050019,5.8,17.98
202300050092,1.28,5.05
202300050100,2.97,6.74
202300050102,2.29,7.48
202300050109,3.64,7.05
202300050124,3.67,4.15
202300050215,5.41,5.45
202300050240,2.78,4.46
202300050276,14.06,37.9
202300050313,5.33,3.62
202300050318,4.49,2.08
202300050320,4.64,28.92
202300050325,8.74,9.21
202300050376,7.07,21.79
202300050414,6.46,11.19
202300050465,5.94,2.79
202300050493,0.47,68.28
202300050512,4.37,4.1
202300050522,1.29,11.52
202300050536,7.14,7.66
202300050539,1.63,3.9
202300050543,6.55,7.07
202300050545,4.67,6.81
202300050565,4.19,13.21
202300050570,10.01,25.35
202300050578,5.02,29.88
202300050604,4.76,21.77
202300050625,4.09,7.91
202300050627,1.73,6.51
202300050631,1.59,4.14
202300050737,11.62,18.3
202300050809,4.95,31.98
202300050812,3.48,25.18
202300050854,1.1,29.19
202300050894,10.85,15.58
202300050909,7.04,7.55
202300050918,5.34,7.02
202300050963,7.18,9.46
202300050973,5.83,12.45
202300050974,3.96,4.72
202300050975,3.74,4.74
202300050985,2.79,30.46
202300051003,1.44,10.5
202300051052,4.25,25.05
202300051122,4.24,5.55
202300051229,7.43,42.87
202300051237,3.92,24.42
202300051239,9.4,9.87
202300051240,5.42,5.03
202300051244,2.27,9.78
202300051249,4.78,5.02
202300051253,7.2,7.2
202300051256,6.68,8.96
202300051268,3.1,23.99
202300051295,2.56,7.24
202300051302,2.86,33.4
202300051306,0.06,4.42
202300051338,4.04,2.19
202300051436,6.76,27.56
202300051460,2.03,15.3
202300051478,7.16,13.84
202300051505,5.21,20.49
202300051506,2.71,18.1
202300051508,1.83,31.3
202300051557,12.64,16.73
202300051591,3.93,22.19
202300051596,9.31,23.46
202300051600,8.49,22.33
202300051620,5.2,19.72
202300051674,6.31,23.7
202300051732,6.53,4.09
202300051743,10.11,8.62
202300051753,8.77,10.2
202300051827,5.61,25.98
202300051881,6.36,16.1
202300051906,8.44,8.44
202300051921,8.86,11.14
202300051930,8.64,17.5
202300051958,8.56,18.57
202300051967,8.61,6.92
202300051984,3.36,28.57
202300052057,3.62,13.24
202300052062,8.86,28.79
202300052074,13.41,29.0
202300052111,6.61,9.45
202300052117,4.39,19.35
202300052120,12.44,11.65
202300052182,8.78,35.16
202300052187,8.03,8.22
202300052196,8.65,6.83
202300052213,4.48,6.0
202300052221,7.52,4.54
202300052247,6.29,9.09
202300052254,3.65,5.92
202300052257,3.72,7.22
202300052261,12.36,23.51
202300052263,9.43,10.84
202300052271,3.43,2.64
202300052276,2.95,25.8
202300052282,8.34,31.06
202300052364,4.79,7.64
202300052380,2.48,7.71
202300052423,9.11,12.13
202300052431,4.23,6.24
202300052444,9.32,9.92
202300052448,6.27,11.09
202300052475,2.03,1.24
202300052625,3.3,5.98
202300052746,2.41,8.14
202300052749,6.25,2.24
202300052752,3.84,9.7
202300052764,8.95,17.35
202300052814,9.28,15.17
202300052976,7.64,10.85
202300053005,4.0,18.07
202300053057,11.36,6.13
202300053063,12.08,25.61
202300053125,3.82,18.6
202300053143,9.72,19.26
202300053152,4.3,21.1
202300053153,1.06,32.16
202300053181,2.54,40.29
202300053196,0.94,28.86
202300053204,6.48,25.76
202300053205,8.79,9.12
202300053207,5.32,14.52
202300053228,13.42,38.51
202300053235,3.89,4.84
202300053285,5.22,7.32
202300053314,11.93,30.26
202300053322,6.53,19.77
202300053347,5.68,17.54
202300053351,3.36,17.12
202300053356,5.48,17.17
202300053403,4.52,29.21
202300053409,2.41,16.62
202300053417,6.04,11.14
202300053533,4.44,28.46
202300053572,3.32,20.93
202300053575,6.19,30.38
202300053634,1.6,31.25
202300053641,5.05,6.0
202300053645,6.4,3.57
202300053667,3.33,3.46
202300053689,4.54,6.52
202300053707,3.11,5.4
202300053763,5.36,5.33
202300053768,7.65,10.34
202300053772,5.72,10.97
202300053778,8.67,9.01
202300053783,6.37,10.81
202300053794,3.97,6.11
202300053800,5.91,4.68
202300053809,4.82,7.33
202300053921,5.66,8.38
202300053925,5.94,7.12
202300053931,6.49,8.76
202300053949,8.2,9.29
202300053959,5.09,8.53
202300053972,5.54,10.78
202300053984,8.71,17.18
202300054080,6.34,17.7
202300054085,2.95,5.29
202300054099,5.26,8.11
202300054121,1.85,12.09
202300054258,6.81,21.94
202300054322,9.68,18.29
202300054339,7.53,8.48
202300054358,6.9,21.67
202300054387,6.16,25.44
202300054389,10.05,30.73
202300054401,3.84,5.59
202300054410,8.39,7.04
202300054420,6.59,5.84
202300054421,7.23,20.58
202300054425,14.32,15.32
202300054426,4.86,5.54
202300054431,13.75,28.58
202300054441,4.4,5.81
202300054450,5.98,19.58
202300054470,2.18,24.32
202300054473,1.2,2.44
202300054532,8.42,11.7
202300054557,9.2,26.17
202300054706,9.25,4.0
202300054770,7.76,8.46
202300054772,5.71,5.83
202300054788,5.65,4.86
202400000027,8.14,6.25
202400000028,4.79,8.11
202400000075,6.28,8.55
202400000079,1.51,3.68
202400000080,10.18,38.48
202400000158,4.79,30.44
202400000169,3.16,35.81
202400000190,10.47,21.05
202400000211,4.24,28.82
202400000212,8.3,37.52
202400000219,8.23,19.46
202400000230,9.02,6.96
202400000231,8.51,6.26
202400000232,5.71,8.61
202400000233,5.12,4.12
202400000234,9.49,17.45
202400000235,4.89,5.59
202400000236,5.03,6.24
202400000271,6.99,7.75
202400000370,2.07,17.33
202400000379,5.46,30.91
202400000403,11.16,17.04
202400000404,5.68,13.74
202400000487,4.78,3.27
202400000488,6.96,4.94
202400000490,2.13,3.12
202400000570,6.2,10.14
202400000583,1.02,26.23
202400000598,2.37,24.84
202400000632,2.42,7.29
202400000634,3.5,6.35
202400000694,8.04,31.19
202400000739,6.4,5.46
202400000744,5.86,4.83
202400000850,8.18,14.48
202400000936,6.3,26.62
202400000941,6.08,3.95
202400000958,1.76,6.0
202400001009,0.23,3.83
202400001012,6.09,31.51
202400001017,27.79,18.2
202400001045,8.32,8.84
202400001048,7.37,5.48
202400001136,5.69,11.29
202400001162,2.61,29.8
202400001164,4.21,15.68
202400001167,4.62,12.44
202400001218,10.41,12.68
202400001250,1.95,14.86
202400001291,4.88,35.08
202400001327,5.17,27.75
202400001328,9.93,16.04
202400001330,9.89,24.81
202400001372,6.99,5.83
202400001374,3.86,4.38
202400001408,3.53,13.24
202400001412,3.51,22.81
202400001428,7.22,10.44
202400001525,6.33,22.26
202400001526,5.45,31.63
202400001530,5.9,6.37
202400001585,6.57,18.43
202400001589,4.55,30.19
202400001610,9.11,12.95
202400001612,3.39,32.37
202400001718,6.5,9.0
202400001729,3.66,3.2
202400001731,8.32,10.59
202400001732,5.77,6.24
202400001735,6.74,6.84
202400001737,5.99,5.72
202400001773,8.16,8.68
202400001775,3.18,3.22
202400001777,1.19,4.93
202400001778,6.58,6.32
202400001779,5.08,4.3
202400001826,3.28,8.19
202400001829,5.86,7.07
202400001833,2.5,5.4
202400001835,4.42,3.8
202400001898,6.19,6.38
202400001903,5.87,24.58
202400001908,8.87,7.08
202400001911,8.0,13.84
202400001920,3.2,6.1
202400001921,10.59,8.18
202400001924,9.48,8.47
202400001967,2.72,31.65
202400001975,6.19,34.04
202400001981,6.94,5.3
202400001989,3.91,39.02
202400002011,5.5,22.47
202400002036,6.47,16.56
202400002159,3.73,5.61
202400002199,5.27,8.13
202400002208,7.56,14.37
202400002233,4.57,3.63
202400002236,4.21,3.94
202400002241,4.34,4.17
202400002249,11.02,19.11
202400002407,8.48,13.28
202400002411,13.4,23.18
202400002469,8.74,21.7
202400002482,11.81,28.69
202400002485,3.33,15.88
202400002491,4.82,13.49
202400002505,4.16,6.43
202400002525,5.1,12.12
202400002526,2.5,25.08
202400002527,2.58,1.64
202400002530,6.3,15.79
202400002576,9.24,9.1
202400002687,6.75,29.14
202400002688,8.42,19.35
202400002695,5.5,3.86
202400002696,6.61,24.46
202400002720,2.62,11.33
202400002721,2.74,5.3
202400002722,7.53,5.12
202400002723,3.88,6.3
202400002724,8.54,6.64
202400002725,7.96,9.63
202400002772,4.99,7.26
202400002833,8.12,6.96
202400002852,5.02,29.76
202400002867,6.03,6.5
202400002925,3.45,25.92
202400002926,5.24,10.54
202400002927,3.53,10.57
202400002936,6.68,3.0
202400002981,9.18,8.2
202400003038,6.58,7.1
202400003041,2.84,2.88
202400003108,4.56,5.48
202400003113,5.59,2.44
202400003120,9.21,7.14
202400003121,7.72,8.89
202400003122,1.1,10.78
202400003149,12.88,25.12
202400003151,7.9,16.56
202400003198,4.73,7.58
202400003207,4.49,4.47
202400003210,5.94,3.53
202400003300,4.76,3.82
202400003355,7.94,11.51
202400003357,2.74,18.48
202400003365,6.87,10.32
202400003427,3.77,13.87
202400003437,3.12,4.76
202400003453,8.92,19.59
202400003527,1.31,28.58
202400003541,9.12,36.15
202400003549,11.48,21.67
202400003550,4.33,24.47
202400003557,3.11,30.74
202400003582,11.01,22.58
202400003584,8.82,21.88
202400003586,4.14,17.98
202400003587,5.94,20.46
202400003608,7.86,20.59
202400003610,0.65,13.72
202400003645,1.69,32.35
202400003647,3.54,19.66
202400003650,4.95,20.3
202400003672,8.95,9.42
202400003680,4.5,7.4
202400003707,3.96,5.61
202400003708,3.64,4.56
202400003715,6.06,4.46
202400003717,9.08,7.02
202400003728,4.9,5.0
202400003853,3.7,14.04
202400003855,1.9,26.17
202400003868,4.72,10.7
202400003884,3.29,43.55
202400003885,6.96,22.8
202400003917,5.16,7.15
202400003927,9.72,35.89
202400004038,7.75,9.54
202400004116,6.22,6.3
202400004118,3.97,4.92
202400004120,7.66,8.18
202400004166,2.68,5.61
202400004170,2.9,6.22
202400004275,5.92,7.13
202400004359,6.52,12.72
202400004371,6.66,25.85
202400004381,1.42,32.8
202400004489,6.94,6.35
202400004490,3.41,8.97
202400004492,3.98,6.83
202400004534,4.39,5.34
202400004566,3.11,4.42
202400004568,5.03,5.46
202400004647,1.37,19.18
202400004650,7.47,19.47
202400004665,10.82,16.91
202400004714,8.72,27.4
202400004718,6.17,26.49
202400004722,3.04,33.73
202400004750,6.7,9.07
202400004758,6.35,6.54
202400004790,4.95,21.98
202400004843,5.07,7.96
202400004851,9.16,9.12
202400004853,6.44,13.09
202400004854,10.05,13.76
202400004856,3.84,2.56
202400004883,6.56,5.17
202400004885,4.97,6.69
202400004887,6.56,12.14
202400004890,6.0,7.21
202400004892,9.23,8.52
202400004894,8.79,16.76
202400004896,1.7,5.31
202400004897,4.09,13.77
202400004899,7.64,17.55
202400004900,7.94,5.87
202400004903,8.48,9.66
202400004918,6.84,12.67
202400004938,5.7,3.29
202400004940,3.01,2.22
202400004984,2.54,5.86
202400004985,9.65,16.65
202400004987,5.79,7.0
202400004991,6.15,3.74
202400005029,9.5,9.99
202400005035,4.09,7.33
202400005038,4.37,3.58
202400005041,6.08,6.54
202400005046,5.27,7.76
202400005050,6.98,7.85
202400005051,6.08,11.77
202400005052,5.55,11.35
202400005054,8.08,7.76
202400005055,4.07,4.04
202400005057,4.33,6.83
202400005059,5.53,7.12
202400005061,6.59,9.1
202400005063,5.88,3.81
202400005083,8.54,29.68
202400005091,7.82,10.1
202400005092,7.22,7.56
202400005107,3.81,5.23
202400005108,7.97,7.76
202400005109,2.62,3.6
202400005110,6.73,6.84
202400005190,9.29,5.27
202400005222,8.34,16.95
202400005229,9.25,13.82
202400005258,12.86,9.03
202400005267,8.95,15.4
202400005269,11.59,11.52
202400005270,1.46,40.63
202400005283,3.29,18.04
202400005286,4.99,21.65
202400005308,6.09,13.07
202400005312,4.23,6.72
202400005342,5.28,14.46
202400005363,7.64,6.3
202400005516,7.24,4.83
202400005517,7.54,5.48
202400005518,6.52,5.18
202400005519,8.01,7.75
202400005521,3.52,6.84
202400005545,2.9,6.94
202400005546,10.98,8.14
202400005575,2.99,5.08
202400005577,2.95,8.0
202400005579,2.78,4.5
202400005671,4.01,30.07
202400005694,6.29,12.06
202400005709,10.21,20.14
202400005755,2.07,11.93
202400005757,3.89,15.22
202400005789,3.14,10.92
202400005852,3.52,2.58
202400005883,3.04,22.38
202400005967,11.27,24.43
202400005971,7.56,19.15
202400006016,9.59,24.12
202400006039,10.99,11.08
202400006041,9.41,11.51
202400006047,8.36,26.32
202400006051,5.6,23.42
202400006066,3.65,21.44
202400006069,6.75,3.12
202400006071,2.27,7.07
202400006076,8.52,11.74
202400006079,7.04,4.38
202400006100,1.65,23.12
202400006109,5.09,3.21
202400006112,4.68,35.59
202400006136,8.14,10.42
202400006200,6.62,7.14
202400006244,2.78,17.97
202400006245,3.52,4.09
202400006247,2.7,7.6
202400006248,6.28,3.61
202400006267,7.79,9.39
202400006410,5.18,3.63
202400006439,0.97,10.03
202400006445,11.34,13.62
202400006467,5.79,2.64
202400006525,10.23,13.38
202400006541,3.5,6.01
202400006542,5.59,7.7
202400006545,4.66,4.49
202400006548,5.15,6.42
202400006550,3.24,10.6
202400006553,4.92,7.82
202400006556,2.28,7.93
202400006558,9.17,14.19
202400006561,8.8,6.73
202400006565,6.52,9.02
202400006566,3.9,9.8
202400006569,2.71,5.7
202400006572,7.41,6.74
202400006574,4.96,7.86
202400006576,2.96,2.79
202400006609,7.32,10.66
202400006628,1.41,5.18
202400006631,4.4,7.25
202400006637,7.34,4.93
202400006698,9.3,26.47
202400006727,7.27,5.56
202400006749,9.45,8.04
202400006754,8.55,7.74
202400006757,5.25,5.23
202400006759,3.13,9.11
202400006760,5.32,6.54
202400006761,6.85,1.8
202400006763,7.97,14.57
202400006765,2.66,8.56
202400006768,8.47,9.32
202400006771,5.96,8.56
202400006774,3.5,3.71
202400006785,7.38,11.82
202400006795,6.65,12.52
202400006850,8.58,13.75
202400006861,3.36,9.68
202400006868,4.0,22.44
202400006917,3.66,15.66
202400006960,7.3,29.89
202400006985,8.61,9.66
202400006988,2.05,4.12
202400007007,1.32,28.6
202400007018,3.14,4.02
202400007019,4.94,5.83
202400007021,8.1,8.93
202400007115,6.88,22.06
202400007119,7.09,20.4
202400007121,4.33,27.07
202400007194,6.44,8.94
202400007195,8.83,15.64
202400007197,10.06,11.14
202400007200,7.99,7.82
202400007201,4.73,10.56
202400007202,7.9,7.88
202400007203,9.54,7.43
202400007204,4.24,3.08
202400007205,6.3,6.8
202400007207,4.02,1.6
202400007209,5.29,11.92
202400007211,8.67,10.44
202400007212,4.46,2.68
202400007214,5.37,12.18
202400007260,4.34,6.84
202400007262,5.78,3.72
202400007285,3.71,4.78
202400007302,2.22,5.17
202400007304,7.46,7.81
202400007352,8.49,10.58
202400007399,4.07,24.87
202400007460,7.42,3.6
202400007462,6.88,10.1
202400007464,4.93,7.59
202400007466,4.66,7.51
202400007471,5.23,10.67
202400007549,4.51,33.68
202400007554,5.49,26.93
202400007556,4.11,24.63
202400007572,7.44,22.11
202400007585,1.86,23.56
202400007587,4.51,27.04
202400007594,14.1,16.38
202400007688,10.38,8.7
202400007718,6.65,3.33
202400007719,2.86,5.92
202400007771,4.96,4.41
202400007792,6.85,14.12
202400007793,7.42,8.36
202400007840,0.34,10.44
202400007842,1.33,14.96
202400007846,4.16,9.74
202400007887,3.33,5.6
202400007890,3.67,5.21
202400007918,7.86,6.18
202400007943,1.18,27.24
202400007944,2.4,5.15
202400007947,4.56,3.62
202400007950,6.71,4.09
202400007961,4.24,5.96
202400007994,5.69,14.58
202400008012,5.2,4.42
202400008049,9.72,17.29
202400008252,6.92,20.51
202400008257,2.9,28.4
202400008261,3.68,27.38
202400008273,2.9,2.45
202400008278,2.37,30.64
202400008299,3.67,27.66
202400008303,0.84,4.24
202400008310,9.43,11.7
202400008314,9.71,11.98
202400008370,7.8,5.98
202400008428,7.62,9.88
202400008431,4.46,4.56
202400008469,4.72,20.12
202400008471,6.6,0.62
202400008480,6.41,4.52
202400008518,6.62,26.94
202400008524,10.84,25.4
202400008526,5.2,25.26
202400008561,3.06,26.08
202400008628,7.69,13.65
202400008630,9.39,30.32
202400008647,4.99,22.51
202400008650,5.72,35.61
202400008654,2.1,24.96
202400008697,10.56,22.86
202400008710,2.94,20.86
202400008812,6.62,8.03
202400008827,5.37,2.06
202400008924,6.33,8.6
202400008942,7.1,9.61
202400009000,3.09,30.51
202400009010,6.4,20.45
202400009025,4.61,9.1
202400009031,11.77,24.01
202400009077,6.88,7.89
202400009078,3.73,6.62
202400009080,8.0,6.64
202400009082,8.33,8.09
202400009084,6.54,7.58
202400009085,8.39,7.38
202400009086,7.43,5.54
202400009088,2.48,5.8
202400009110,7.33,7.43
202400009122,6.06,6.82
202400009148,4.94,7.79
202400009152,5.02,3.35
202400009238,5.09,19.47
202400009239,2.78,23.61
202400009257,5.0,8.45
202400009327,8.75,8.99
202400009328,6.31,4.82
202400009329,4.91,7.18
202400009340,8.27,10.04
202400009341,4.44,5.71
202400009342,8.01,7.55
202400009443,7.31,13.82
202400009450,7.83,20.66
202400009452,3.07,20.23
202400009479,3.26,35.47
202400009482,3.03,28.4
202400009483,2.52,5.48
202400009494,0.71,25.84
202400009496,9.81,20.93
202400009517,7.22,9.84
202400009527,4.61,8.14
202400009575,5.02,67.22
202400009576,6.58,5.8
202400009651,7.53,10.53
202400009673,2.97,9.91
202400009679,3.88,6.16
202400009715,4.34,4.44
202400009717,3.22,6.3
202400009720,4.14,2.17
202400009774,6.64,5.76
202400009777,4.42,5.88
202400009779,6.08,28.92
202400009804,3.56,5.83
202400009806,6.83,7.16
202400009822,4.48,2.71
202400009836,6.32,5.1
202400009985,1.49,18.83
202400010012,4.52,27.47
202400010016,8.7,9.44
202400010027,5.63,11.07
202400010031,3.47,2.93
202400010033,3.0,22.78
202400010035,1.16,2.42
202400010039,3.53,8.39
202400010055,3.09,67.35
202400010059,6.39,6.22
202400010074,6.64,8.01
202400010094,2.74,15.55
202400010220,5.62,25.14
202400010227,8.7,36.05
202400010229,1.57,4.16
202400010231,5.12,4.86
202400010247,7.15,9.42
202400010253,2.73,25.75
202400010268,7.48,8.66
202400010273,8.05,22.25
202400010281,8.04,19.45
202400010284,8.58,9.09
202400010326,12.68,18.16
202400010351,10.22,14.66
202400010354,8.26,4.24
202400010356,5.84,5.06
202400010362,10.81,27.03
202400010366,10.79,13.17
202400010371,8.27,10.01
202400010374,4.25,11.53
202400010384,8.45,17.66
202400010387,5.04,30.85
202400010506,13.04,34.21
202400010518,4.76,10.99
202400010546,7.08,23.92
202400010593,3.12,15.93
202400010601,0.56,19.45
202400010670,7.77,9.08
202400010678,5.15,6.1
202400010736,7.78,10.12
202400010774,5.04,4.78
202400010779,5.08,10.32
202400010873,11.58,12.99
202400010895,7.24,13.88
202400010896,8.35,8.28
202400010898,3.33,6.48
202400010899,6.04,4.56
202400010901,5.95,12.76
202400010959,8.2,4.19
202400010962,3.87,2.93
202400010969,4.24,7.24
202400011060,4.16,29.6
202400011082,9.7,28.81
202400011089,7.89,19.75
202400011091,11.5,13.88
202400011119,2.75,3.02
202400011151,9.42,27.75
202400011210,2.7,4.2
202400011219,7.09,11.13
202400011265,8.11,6.54
202400011268,5.96,4.86
202400011313,1.65,5.42
202400011316,7.34,8.55
202400011450,6.38,14.99
202400011471,2.01,15.27
202400011484,6.96,25.29
202400011497,5.49,21.35
202400011498,4.82,15.92
202400011535,5.04,23.75
202400011580,9.53,8.52
202400011581,4.49,12.46
202400011582,3.85,5.1
202400011644,8.88,31.55
202400011801,6.06,36.16
202400011916,4.56,28.35
202400011937,3.48,2.95
202400011939,4.51,16.97
202400011949,7.92,20.68
202400011960,9.43,8.35
202400011968,1.9,24.48
202400011972,8.0,26.2
202400011974,7.29,8.26
202400011980,5.02,8.02
202400011993,0.96,27.94
202400012019,5.68,18.37
202400012063,6.91,9.47
202400012074,5.43,25.71
202400012076,8.44,14.84
202400012153,4.09,6.17
202400012170,5.82,5.09
202400012173,2.21,8.1
202400012207,6.02,31.83
202400012219,7.62,29.95
202400012231,3.63,5.9
202400012255,11.36,32.56
202400012260,11.02,8.44
202400012263,6.22,5.18
202400012269,5.31,10.58
202400012356,6.07,23.35
202400012358,6.43,4.04
202400012359,4.74,15.38
202400012361,3.3,4.23
202400012362,4.14,17.2
202400012363,3.56,20.29
202400012364,6.08,3.65
202400012367,4.5,6.55
202400012392,6.61,13.19
202400012402,12.02,15.57
202400012441,6.33,18.29
202400012484,8.32,8.84
202400012487,4.05,4.1
202400012490,5.89,6.18
202400012496,7.23,4.99
202400012558,7.08,27.14
202400012629,5.78,24.75
202400012714,3.44,13.15
202400012783,7.46,2.23
202400012808,5.08,6.87
202400012809,5.4,5.65
202400012894,16.1,47.33
202400012895,4.08,25.55
202400012906,9.09,21.23
202400012921,3.44,30.65
202400012979,4.46,5.63
202400013048,4.29,19.32
202400013125,4.28,29.42
202400013130,4.71,3.45
202400013170,2.54,6.99
202400013171,5.99,5.82
202400013218,2.62,4.66
202400013256,3.5,14.09
202400013284,1.43,7.15
202400013360,5.84,31.36
202400013445,4.24,10.6
202400013447,1.33,7.77
202400013448,4.3,7.93
202400013449,4.71,4.78
202400013493,5.18,6.13
202400013494,9.77,10.72
202400013495,6.53,6.87
202400013516,5.23,8.23
202400013517,6.27,5.38
202400013518,1.92,7.36
202400013571,3.2,5.47
202400013572,2.34,4.61
202400013595,3.55,8.59
202400013596,7.1,7.29
202400013597,4.59,6.35
202400013598,8.01,6.33
202400013599,3.92,5.24
202400013600,4.68,6.44
202400013629,6.28,4.22
202400013736,6.89,30.92
202400013763,10.89,22.68
202400013779,3.36,29.97
202400013816,4.78,19.54
202400013822,3.07,13.44
202400013840,4.55,12.49
202400013953,6.65,4.76
202400013957,7.61,8.13
202400014012,9.16,12.38
202400014036,3.66,34.01
202400014050,8.65,28.29
202400014069,11.14,2.22
202400014077,8.2,8.72
202400014135,1.5,29.14
202400014136,9.14,12.48
202400014139,6.91,8.28
202400014152,3.63,3.43
202400014165,7.09,37.64
202400014191,9.38,22.76
202400014193,3.95,27.98
202400014195,5.57,5.75
202400014198,5.72,10.58
202400014203,8.71,9.22
202400014273,7.52,4.89
202400014279,8.6,6.19
202400014373,4.93,14.26
202400014405,2.79,23.32
202400014406,6.55,11.24
202400014409,7.89,14.7
202400014445,4.27,26.99
202400014454,3.6,16.02
202400014470,4.97,31.67
202400014477,8.96,19.73
202400014479,4.72,27.58
202400014488,3.16,15.28
202400014496,4.0,20.52
202400014542,4.66,28.23
202400014592,8.22,8.31
202400014635,5.17,5.9
202400014637,4.21,7.45
202400014638,4.84,20.07
202400014706,8.71,7.72
202400014707,3.1,4.18
202400014709,8.7,7.57
202400014711,6.67,17.2
202400014721,3.28,16.87
202400014802,1.77,28.58
202400014804,0.36,12.2
202400014828,6.93,20.9
202400014829,2.56,25.29
202400014830,3.06,18.16
202400014831,8.04,15.33
202400014856,2.83,5.33
202400014857,4.06,6.56
202400014858,6.87,8.08
202400014859,8.53,15.0
202400014860,7.94,10.73
202400014861,1.19,5.82
202400014877,5.13,4.06
202400014972,23.94,24.04
202400014989,2.79,33.59
202400015025,4.06,5.01
202400015036,2.64,9.32
202400015210,5.55,27.32
202400015212,5.61,39.88
202400015246,1.16,39.26
202400015256,4.92,22.38
202400015351,5.03,7.54
202400015379,5.59,6.11
202400015396,6.56,6.95
202400015397,5.06,5.03
202400015400,3.39,3.91
202400015404,5.24,7.51
202400015428,1.17,7.1
202400015503,4.94,6.82
202400015520,5.78,7.21
202400015521,5.06,3.23
202400015526,7.89,12.91
202400015596,8.88,27.62
202400015598,5.81,17.67
202400015599,3.03,11.25
202400015607,4.53,8.62
202400015609,7.76,27.36
202400015635,6.07,14.52
202400015671,3.99,25.47
202400015709,8.76,9.0
202400015711,7.52,9.72
202400015716,8.9,7.06
202400015718,4.98,4.1
202400015767,6.22,6.11
202400015812,12.23,14.22
202400015814,9.66,14.1
202400015815,7.32,7.84
202400015816,4.54,6.3
202400015834,2.71,7.15
202400015837,5.47,6.39
202400015839,4.09,3.32
202400015945,7.25,13.72
202400015961,2.94,9.94
202400015974,7.56,14.37
202400015978,8.77,8.5
202400015982,4.58,4.56
202400015987,2.92,11.54
202400015999,7.37,10.38
202400016012,2.55,28.11
202400016035,2.53,13.76
202400016053,1.95,4.54
202400016058,4.55,40.54
202400016079,5.95,2.21
202400016092,4.53,34.12
202400016127,3.92,14.12
202400016130,6.6,23.57
202400016136,1.82,4.15
202400016180,7.37,5.55
202400016183,5.26,3.76
202400016195,0.55,33.57
202400016206,10.84,31.83
202400016245,4.98,4.81
202400016331,9.29,13.57
202400016353,9.38,23.74
202400016385,2.1,23.28
202400016403,9.18,10.66
202400016416,7.04,19.84
202400016421,6.84,33.01
202400016447,3.98,34.29
202400016455,5.74,5.84
202400016457,7.02,10.76
202400016489,6.49,15.01
202400016492,8.38,13.55
202400016503,4.54,6.3
202400016621,3.53,35.34
202400016634,1.97,7.61
202400016636,3.26,22.78
202400016641,3.99,6.99
202400016643,5.94,3.87
202400016645,3.8,7.82
202400016648,3.73,20.33
202400016650,4.65,6.39
202400016652,8.82,27.64
202400016720,7.5,23.21
202400016721,8.06,35.64
202400016725,2.87,18.42
202400016800,3.38,16.96
202400016804,7.1,7.61
202400016834,8.07,6.26
202400016837,5.2,3.6
202400016838,5.74,5.03
202400016859,11.3,9.4
202400016861,7.15,27.83
202400016919,3.53,2.18
202400016959,10.63,27.22
202400016971,6.64,21.94
202400016972,7.56,11.62
202400016978,12.73,12.39
202400017003,4.98,17.48
202400017004,6.36,6.19
202400017027,7.92,14.53
202400017028,2.31,6.31
202400017029,6.59,12.24
202400017074,1.97,22.36
202400017135,5.81,13.89
202400017137,8.43,4.79
202400017159,11.43,13.4
202400017178,11.24,23.21
202400017183,7.56,10.12
202400017185,5.78,6.23
202400017227,6.86,4.45
202400017230,5.0,4.43
202400017232,5.5,11.06
202400017234,8.95,8.04
202400017350,6.39,3.89
202400017353,3.96,4.82
202400017357,7.3,5.96
202400017367,11.92,18.59
202400017369,5.94,37.12
202400017404,5.78,21.99
202400017411,7.78,23.49
202400017417,5.73,8.07
202400017421,8.37,31.27
202400017424,5.84,4.77
202400017430,7.48,21.32
202400017433,5.43,22.44
202400017435,6.63,11.68
202400017468,1.29,25.48
202400017470,3.52,25.38
202400017479,7.46,36.29
202400017492,2.33,31.5
202400017501,5.75,4.91
202400017515,3.99,25.09
202400017516,10.27,31.44
202400017536,0.25,27.01
202400017537,7.95,20.84
202400017564,3.5,7.54
202400017600,9.24,11.98
202400017603,5.61,14.86
202400017667,10.67,16.58
202400017669,6.15,16.67
202400017671,6.37,4.31
202400017673,7.26,8.93
202400017675,3.61,11.68
202400017680,6.62,7.13
202400017711,8.23,9.18
202400017713,5.01,3.18
202400017721,1.48,8.15
202400017724,3.22,10.54
202400017726,7.22,7.19
202400017729,5.8,5.01
202400017737,7.72,9.75
202400017807,6.61,11.06
202400017811,2.4,4.44
202400017817,4.46,4.61
202400017820,7.39,5.57
202400017878,5.93,4.26
202400017882,4.65,7.55
202400017978,6.96,24.14
202400017991,7.74,11.06
202400018003,10.93,13.2
202400018013,8.22,9.64
202400018033,2.13,25.43
202400018037,7.4,35.26
202400018045,4.71,22.57
202400018097,12.37,11.58
202400018101,7.57,30.14
202400018137,7.62,29.94
202400018175,4.04,4.92
202400018311,8.98,20.19
202400018320,3.59,11.23
202400018377,5.28,4.9
202400018386,5.01,30.48
202400018390,6.8,23.77
202400018431,1.55,20.26
202400018461,8.12,8.63
202400018571,7.35,10.4
202400018578,1.76,10.13
202400018600,4.6,24.1
202400018602,4.65,19.36
202400018609,6.18,30.09
202400018685,3.47,4.09
202400018778,8.5,8.96
202400018861,5.45,23.46
202400018875,13.59,22.79
202400018883,1.2,33.83
202400018952,5.36,7.64
202400018953,6.34,6.08
202400018954,5.41,6.46
202400018972,2.63,22.15
202400019029,7.27,4.86
202400019031,7.33,4.92
202400019033,8.35,9.38
202400019035,3.55,6.44
202400019036,10.01,13.72
202400019038,5.23,8.92
202400019039,0.81,10.49
202400019042,4.12,6.49
202400019043,9.31,16.15
202400019075,7.62,9.88
202400019111,8.5,10.78
202400019154,4.37,8.82
202400019181,6.11,6.75
202400019206,4.23,36.57
202400019270,6.72,27.46
202400019337,6.86,11.34
202400019341,6.27,26.6
202400019345,7.33,22.14
202400019398,10.99,15.97
202400019401,15.58,17.05
202400019418,2.2,7.24
202400019420,4.16,4.47
202400019422,6.48,11.82
202400019468,8.45,8.21
202400019471,5.74,3.68
202400019472,3.07,8.41
202400019475,4.54,5.82
202400019477,7.31,8.37
202400019478,3.84,8.98
202400019481,3.16,2.15
202400019507,10.96,24.7
202400019515,8.68,11.22
202400019521,8.66,16.55
202400019524,13.14,16.5
202400019531,8.09,18.77
202400019532,6.4,11.63
202400019569,6.51,9.72
202400019570,5.1,6.37
202400019600,1.96,26.01
202400019611,3.31,25.5
202400019613,4.45,16.94
202400019623,10.18,12.45
202400019627,33.28,21.88
202400019655,5.86,18.63
202400019656,7.62,33.39
202400019657,5.78,17.51
202400019677,3.97,16.52
202400019702,5.02,4.01
202400019704,5.05,7.56
202400019706,3.45,2.66
202400019707,7.28,5.94
202400019709,1.04,30.02
202400019710,5.76,8.99
202400019711,8.01,5.6
202400019716,3.2,24.49
202400019721,9.36,7.65
202400019760,3.51,18.21
202400019761,8.06,14.66
202400019762,5.37,24.56
202400019790,6.2,13.13
202400019792,10.76,32.78
202400019879,8.12,8.63
202400019882,2.71,4.98
202400019909,6.92,6.11
202400019923,2.19,31.34
202400019924,4.46,27.71
202400019949,8.85,34.14
202400020048,5.28,26.73
202400020059,7.36,19.22
202400020065,7.45,18.7
202400020068,2.06,21.0
202400020104,5.15,2.74
202400020106,11.87,15.91
202400020107,7.1,5.44
202400020110,6.37,9.43
202400020127,1.61,27.3
202400020139,2.87,6.92
202400020168,4.89,29.98
202400020194,2.81,3.38
202400020197,4.47,4.39
202400020275,5.22,5.33
202400020290,3.53,4.11
202400020293,5.88,3.47
202400020311,6.06,5.6
202400020313,6.82,5.83
202400020329,2.43,23.73
202400020479,4.09,6.36
202400020517,4.17,5.84
202400020520,6.11,18.42
202400020551,3.78,23.31
202400020570,8.93,30.93
202400020573,6.02,35.72
202400020670,4.57,9.54
202400020689,2.44,5.59
202400020690,7.44,9.78
202400020691,7.07,5.25
202400020692,5.26,8.24
202400020706,8.13,7.0
202400020709,5.4,4.76
202400020796,2.25,20.21
202400020805,4.81,21.65
202400020874,3.27,5.54
202400020920,9.06,9.58
202400020947,7.44,10.24
202400020949,3.84,3.57
202400020950,4.31,4.32
202400020952,4.28,5.6
202400020954,4.67,8.86
202400020957,5.48,8.32
202400021063,5.78,20.5
202400021065,1.43,20.91
202400021067,1.05,26.12
202400021090,4.19,23.77
202400021104,2.5,5.09
202400021106,3.54,13.17
202400021126,10.05,15.64
202400021129,9.88,34.49
202400021165,1.96,15.33
202400021190,4.26,10.62
202400021197,8.88,17.34
202400021226,5.94,11.8
202400021357,2.44,3.66
202400021424,2.84,8.39
202400021432,7.87,12.92
202400021433,9.25,21.57
202400021461,8.16,29.3
202400021484,6.25,8.59
202400021550,9.28,16.79
202400021572,9.28,31.34
202400021593,6.15,11.24
202400021597,9.22,23.74
202400021627,2.14,26.78
202400021646,1.68,26.61
202400021743,6.86,7.82
202400021749,6.24,6.13
202400021771,9.65,12.03
202400021788,4.21,17.18
202400021830,6.25,8.59
202400021841,8.22,17.68
202400021845,8.75,33.01
202400021871,2.09,6.53
202400021874,3.76,9.32
202400021881,5.82,7.54
202400021895,2.6,33.15
202400022013,6.96,9.98
202400022033,11.27,27.09
202400022067,6.33,18.09
202400022073,5.38,5.57
202400022082,2.99,15.83
202400022091,8.33,19.73
202400022137,7.7,6.14
202400022140,6.29,7.46
202400022182,1.37,4.28
202400022185,3.34,6.19
202400022188,7.69,6.02
202400022190,6.01,8.97
202400022229,3.3,9.97
202400022232,3.34,8.02
202400022234,4.89,4.4
202400022250,3.94,6.86
202400022253,5.62,3.56
202400022311,6.74,4.61
202400022314,4.87,29.75
202400022414,1.52,7.94
202400022528,3.88,4.15
202400022529,5.46,29.06
202400022562,5.64,4.89
202400022612,4.94,8.27
202400022615,4.09,3.31
202400022619,7.25,6.17
202400022621,2.52,5.67
202400022624,6.56,3.42
202400022629,0.72,10.4
202400022715,4.64,7.01
202400022719,4.21,38.31
202400022734,5.95,11.81
202400022760,6.09,8.02
202400022761,4.53,3.52
202400022794,11.02,9.94
202400022956,13.29,23.07
202400023012,11.11,24.61
202400023021,4.39,18.13
202400023040,9.16,9.4
202400023041,8.62,9.14
202400023044,5.07,5.59
202400023090,6.8,13.64
202400023107,5.84,9.48
202400023110,8.41,11.24
202400023114,8.0,14.93
202400023193,4.94,5.37
202400023197,6.44,4.38
202400023266,9.57,19.41
202400023285,5.53,16.6
202400023286,8.63,13.68
202400023292,6.0,14.96
202400023302,4.07,36.75
202400023327,11.77,19.57
202400023422,5.83,28.46
202400023464,6.04,5.64
202400023469,1.2,10.3
202400023472,7.04,28.09
202400023521,6.25,11.04
202400023553,9.46,4.22
202400023642,6.83,20.85
202400023645,9.72,23.42
202400023646,2.82,7.92
202400023650,7.69,7.23
202400023671,11.29,32.44
202400023750,3.35,30.14
202400023785,0.6,12.69
202400023868,4.48,13.82
202400023874,6.69,28.43
202400023884,2.37,28.75
202400023885,8.61,27.78
202400023888,8.43,35.59
202400023903,3.27,4.34
202400023907,7.13,9.38
202400023909,3.65,2.75
202400023910,6.98,7.96
202400023914,7.92,8.43
202400023956,4.61,7.57
202400023976,8.54,7.34
202400023978,7.31,4.16
202400024012,4.46,2.95
202400024018,0.82,20.03
202400024033,7.69,12.45
202400024036,13.16,33.74
202400024159,4.99,3.32
202400024269,3.82,26.95
202400024288,4.2,22.91
202400024292,7.85,12.29
202400024398,5.91,4.68
202400024400,5.41,29.57
202400024456,6.91,5.09
202400024457,9.08,8.1
202400024534,5.71,3.11
202400024537,3.96,3.7
202400024543,7.23,10.4
202400024544,6.81,13.79
202400024636,5.5,20.28
202400024649,14.46,16.44
202400024689,2.82,6.19
202400024690,6.87,2.63
202400024711,2.56,7.01
202400024712,6.32,6.52
202400024713,8.74,4.72
202400024714,5.29,7.63
202400024746,4.95,2.54
202400024765,7.15,5.68
202400024766,5.85,8.12
202400024788,5.4,5.16
202400024789,0.69,7.58
202400024790,4.42,2.79
202400024831,12.4,21.85
202400024913,5.32,25.7
202400024934,5.9,4.19
202400024976,2.98,6.93
202400024979,3.79,4.67
202400024982,9.1,5.9
202400024995,1.45,4.44
202400024998,3.68,1.26
202400025011,7.93,10.42
202400025032,3.88,5.92
202400025035,5.24,2.62
202400025037,2.93,5.78
202400025240,10.69,16.78
202400025259,2.35,7.91
202400025261,2.71,3.37
202400025349,4.76,7.26
202400025352,7.08,9.58
202400025354,5.46,6.8
202400025356,8.71,7.82
202400025357,7.5,5.09
202400025360,6.83,9.43
202400025362,5.98,12.78
202400025364,6.44,7.48
202400025366,9.54,8.53
202400025368,8.16,6.27
202400025370,6.51,9.01
202400025372,5.65,4.7
202400025442,5.34,26.72
202400025445,6.61,24.37
202400025459,6.4,18.62
202400025471,1.62,28.08
202400025473,5.57,25.71
202400025475,2.85,3.03
202400025518,4.89,10.12
202400025522,6.64,6.08
202400025540,4.74,7.25
202400025575,3.94,4.24
202400025627,8.71,16.56
202400025715,9.41,9.9
202400025755,6.02,19.54
202400025791,11.74,21.2
202400025817,2.9,1.0
202400025874,8.46,22.26
202400025898,9.65,8.9
202400025908,4.88,2.47
202400025953,3.6,25.92
202400026011,1.06,30.98
202400026021,5.88,14.19
202400026037,6.92,4.25
202400026088,2.35,23.58
202400026162,12.34,14.72
202400026167,3.27,20.64
202400026176,3.51,5.55
202400026226,33.29,21.89
202400026268,2.21,28.03
202400026271,13.4,17.84
202400026274,5.16,25.47
202400026289,6.4,19.9
202400026319,0.28,8.64
202400026347,0.9,2.58
202400026365,12.21,24.28
202400026447,5.11,8.48
202400026465,3.68,5.22
202400026531,5.11,33.96
202400026543,5.69,25.6
202400026611,10.35,36.52
202400026684,14.15,11.55
202400026799,6.4,5.62
202400026801,6.34,3.91
202400026830,12.37,28.49
202400026886,2.66,1.19
202400026905,2.49,26.43
202400026907,7.12,10.53
202400026912,7.41,17.92
202400026939,6.37,6.62
202400026940,8.81,24.03
202400027000,5.79,10.38
202400027002,5.56,8.06
202400027043,4.22,4.58
202400027044,2.86,5.61
202400027065,7.3,5.48
202400027070,3.15,9.78
202400027083,4.62,4.29
202400027187,0.67,27.07
202400027202,3.57,7.8
202400027234,2.86,5.13
202400027257,6.18,3.76
202400027266,4.81,11.44
202400027268,2.93,8.57
202400027296,5.73,8.55
202400027298,6.75,8.99
202400027301,4.88,30.08
202400027307,5.25,9.81
202400027310,7.47,5.58
202400027336,8.65,9.17
202400027491,9.51,12.96
202400027609,3.02,20.08
202400027639,7.49,22.32
202400027649,10.56,23.43
202400027661,3.42,8.55
202400027666,7.31,8.37
202400027669,8.47,6.41
202400027672,2.83,12.51
202400027673,6.69,11.52
202400027676,3.4,2.39
202400027685,1.08,10.76
202400027689,2.19,7.85
202400027692,6.02,3.96
202400027695,7.87,13.7
202400027716,4.5,2.09
202400027721,2.62,5.12
202400027726,1.2,7.29
202400027737,6.88,8.28
202400027741,4.77,5.81
202400027745,5.66,3.24
202400027748,7.63,9.29
202400027757,1.49,18.26
202400027790,5.56,6.14
202400027792,4.74,29.83
202400027822,1.46,4.78
202400027857,9.44,11.71
202400027860,7.41,8.45
202400027866,7.18,10.98
202400027871,9.37,22.71
202400027872,5.72,3.88
202400027927,3.57,2.78
202400027930,9.65,8.9
202400027934,4.82,6.09
202400027935,2.92,5.87
202400027939,3.73,2.79
202400028113,9.57,27.74
202400028164,7.11,7.45
202400028166,8.04,35.07
202400028168,1.58,26.1
202400028200,9.36,23.46
202400028223,10.31,23.83
202400028288,10.52,23.38
202400028312,4.82,19.13
202400028327,9.99,21.8
202400028339,5.36,29.24
202400028343,5.94,29.14
202400028372,7.43,7.94
202400028376,3.42,6.26
202400028381,8.18,8.96
202400028406,3.66,6.56
202400028439,5.71,34.8
202400028444,8.05,19.27
202400028446,9.06,15.9
202400028457,12.54,15.6
202400028551,2.9,23.07
202400028576,6.46,33.49
202400028577,7.24,35.18
202400028581,7.08,10.84
202400028646,3.27,2.33
202400028815,8.71,19.33
202400028842,1.75,13.3
202400028848,9.78,11.54
202400028851,5.68,8.19
202400028853,9.0,15.81
202400028886,3.76,12.34
202400028920,7.48,8.9
202400028926,8.62,15.26
202400028945,7.92,8.02
202400029013,12.97,27.8
202400029014,7.27,9.54
202400029017,26.97,27.06
202400029031,2.63,22.0
202400029092,1.51,3.19
202400029094,7.52,9.79
202400029106,7.38,7.62
202400029121,6.27,17.08
202400029149,9.18,11.45
202400029150,2.79,17.67
202400029181,3.7,2.91
202400029184,5.59,11.39
202400029187,2.45,12.13
202400029188,2.94,2.15
202400029191,2.28,4.78
202400029194,5.79,4.76
202400029197,7.97,16.99
202400029199,8.42,16.51
202400029200,2.02,11.7
202400029201,7.72,13.56
202400029203,5.4,8.3
202400029204,3.67,6.18
202400029206,5.47,4.68
202400029208,5.16,5.55
202400029246,4.25,29.46
202400029393,4.31,6.58
202400029395,7.15,10.97
202400029423,3.8,29.71
202400029428,12.67,21.98
202400029515,4.61,20.13
202400029631,9.12,8.04
202400029634,0.44,13.66
202400029659,15.92,33.57
202400029664,8.63,35.41
202400029675,7.55,11.21
202400029690,6.53,24.87
202400029702,7.89,19.75
202400029746,5.02,18.82
202400029788,9.12,13.05
202400029802,5.23,14.79
202400029843,4.28,27.56
202400029916,7.84,17.42
202400029917,3.06,33.46
202400029922,6.34,17.87
202400029973,5.36,24.96
202400029979,7.46,26.79
202400029983,8.39,22.64
202400029993,8.5,29.85
202400029997,7.2,7.72
202400030001,6.83,7.16
202400030014,6.88,5.24
202400030026,2.17,7.09
202400030036,2.99,20.32
202400030040,11.54,11.89
202400030044,10.68,28.77
202400030053,13.47,37.62
202400030082,6.48,33.35
202400030113,3.66,5.93
202400030116,9.38,7.83
202400030128,3.8,20.4
202400030159,5.58,4.52
202400030168,8.98,16.48
202400030184,5.71,3.64
202400030186,6.58,6.36
202400030189,3.58,3.86
202400030221,6.94,7.46
202400030229,8.36,8.88
202400030232,4.11,6.38
202400030244,2.81,5.9
202400030251,5.82,7.13
202400030253,6.55,3.88
202400030257,7.15,11.71
202400030356,5.96,34.53
202400030366,5.77,24.32
202400030367,5.45,19.3
202400030435,6.14,8.41
202400030446,4.73,6.2
202400030447,7.6,9.84
202400030448,6.22,13.03
202400030504,9.5,13.78
202400030519,5.63,13.79
202400030529,4.21,2.34
202400030599,8.0,24.61
202400030638,9.36,14.34
202400030639,2.06,33.08
202400030673,10.3,21.62
202400030693,8.75,7.03
202400030695,6.04,3.98
202400030736,4.96,9.07
202400030953,3.95,6.22
202400030971,4.05,4.32
202400030978,3.08,26.89
202400030995,4.58,27.14
202400031157,1.03,9.72
202400031158,7.1,13.9
202400031159,3.04,6.01
202400031160,3.2,8.74
202400031161,9.74,12.62
202400031267,3.64,7.08
202400031269,3.81,3.54
202400031271,4.15,8.34
202400031336,6.86,1.81
202400031338,5.91,12.38
202400031425,2.84,17.52
202400031460,4.27,23.33
202400031470,8.3,27.23
202400031483,9.28,18.34
202400031506,5.59,25.7
202400031533,6.17,5.05
202400031610,8.88,6.95
202400031613,6.5,5.76
202400031614,7.52,8.04
202400031650,6.09,5.82
202400031658,3.07,7.23
202400031660,6.25,6.56
202400031663,6.46,2.44
202400031668,3.23,2.77
202400031671,3.4,10.59
202400031740,6.57,8.85
202400031766,3.29,27.95
202400031776,4.49,29.49
202400031819,5.04,12.09
202400031820,4.43,15.28
202400031823,5.57,34.37
202400031864,2.84,5.11
202400031868,4.33,3.16
202400031869,6.61,17.71
202400031873,5.68,7.61
202400031874,5.88,10.11
202400031891,8.24,11.58
202400031938,5.69,8.65
202400031943,5.5,23.11
202400031956,15.51,26.65
202400032032,8.1,8.53
202400032034,4.26,5.31
202400032072,4.62,9.17
202400032078,6.32,8.82
202400032079,7.14,20.03
202400032117,5.73,8.65
202400032120,7.05,8.71
202400032211,5.6,17.33
202400032248,3.53,28.54
202400032250,6.1,16.68
202400032252,7.16,36.47
202400032258,4.06,13.21
202400032261,8.79,13.88
202400032263,4.52,19.02
202400032290,13.09,35.91
202400032291,1.29,12.87
202400032292,12.92,16.75
202400032298,8.76,25.2
202400032303,9.57,24.08
202400032304,5.72,17.95
202400032351,10.96,11.48
202400032352,9.37,9.89
202400032353,3.75,4.7
202400032379,3.01,8.36
202400032380,4.22,5.74
202400032384,4.37,7.36
202400032385,3.93,7.92
202400032492,5.3,25.4
202400032497,5.5,20.71
202400032498,7.28,12.01
202400032510,11.78,26.19
202400032511,3.98,26.34
202400032512,1.59,40.76
202400032532,9.0,11.08
202400032587,7.73,8.2
202400032589,3.37,4.44
202400032592,5.48,5.99
202400032620,4.47,31.51
202400032634,2.31,8.03
202400032637,3.2,5.36
202400032646,0.96,3.55
202400032723,8.44,13.41
202400032726,8.3,7.87
202400032766,7.89,5.76
202400032826,7.56,8.89
202400032829,8.3,10.58
202400032837,4.17,17.43
202400032894,4.04,6.89
202400032896,3.48,5.8
202400032898,5.39,4.45
202400032901,6.54,5.49
202400032906,4.14,5.09
202400032911,7.08,9.59
202400032913,4.47,10.0
202400032925,3.95,3.01
202400032930,5.42,7.06
202400033034,3.98,20.1
202400033041,7.49,17.47
202400033044,9.22,11.14
202400033078,6.83,27.15
202400033090,2.02,12.51
202400033150,9.36,29.27
202400033262,5.5,3.57
202400033266,3.68,5.95
202400033272,8.44,8.78
202400033312,2.08,8.51
202400033335,6.17,24.28
202400033365,7.39,8.96
202400033458,8.54,19.28
202400033509,5.32,28.19
202400033513,0.84,25.43
202400033535,6.5,18.15
202400033540,0.64,28.5
202400033555,12.95,15.51
202400033604,5.16,6.21
202400033609,0.91,2.6
202400033616,0.98,31.11
202400033663,3.8,18.35
202400033678,8.23,34.69
202400033680,10.29,7.88
202400033689,7.41,36.63
202400033693,1.18,31.16
202400033791,1.88,14.65
202400033821,4.57,4.31
202400033926,4.26,5.31
202400033947,2.86,6.18
202400034032,11.47,36.56
202400034041,5.62,4.46
202400034064,10.36,10.02
202400034103,9.5,9.34
202400034166,8.4,7.32
202400034194,4.12,6.39
202400034197,3.97,4.92
202400034209,12.69,14.53
202400034211,2.9,29.63
202400034252,6.13,8.63
202400034361,4.14,16.57
202400034419,2.28,21.01
202400034490,6.95,10.28
202400034513,3.32,4.86
202400034542,4.76,34.1
202400034547,6.4,9.25
202400034549,3.16,5.6
202400034552,4.39,3.45
202400034555,2.95,5.03
202400034556,7.88,10.65
202400034559,3.77,8.72
202400034560,5.88,13.85
202400034655,5.44,33.55
202400034673,5.72,25.2
202400034697,5.53,31.58
202400034724,6.5,12.27
202400034743,2.77,3.28
202400034783,6.83,3.0
202400034786,9.36,18.55
202400034814,5.33,3.62
202400034848,4.92,6.28
202400034850,6.38,3.94
202400034964,6.53,24.87
202400034965,2.73,29.53
202400035023,5.73,19.41
202400035082,3.79,25.25
202400035118,4.85,27.92
202400035147,4.22,38.8
202400035184,3.82,13.78
202400035210,3.8,30.47
202400035227,8.12,9.68
202400035231,6.6,8.87
202400035235,3.94,4.45
202400035255,4.66,7.02
202400035297,2.9,5.82
202400035301,3.87,6.23
202400035330,6.07,6.55
202400035333,10.18,9.17
202400035388,4.7,3.2
202400035424,4.51,6.78
202400035505,4.45,6.2
202400035507,7.42,7.46
202400035509,1.6,7.25
202400035533,10.77,15.97
202400035538,12.04,13.82
202400035553,8.43,29.81
202400035569,1.23,23.92
202400035610,8.38,30.26
202400035895,4.24,15.33
202400035912,1.1,21.62
202400036014,9.75,9.01
202400036024,9.88,34.02
202400036029,6.64,6.29
202400036043,8.46,8.8
202400036065,5.08,8.02
202400036066,5.45,11.91
202400036110,3.96,3.01
202400036112,9.16,13.14
202400036115,3.02,12.7
202400036117,2.36,6.33
202400036204,7.89,11.14
202400036208,5.5,7.86
202400036211,2.17,19.24
202400036280,9.12,7.29
202400036281,2.27,20.65
202400036295,5.17,33.44
202400036308,8.15,20.86
202400036309,9.86,10.1
202400036337,5.03,4.78
202400036339,5.88,6.7
202400036347,3.19,10.18
202400036383,7.12,13.32
202400036396,7.82,20.65
202400036412,5.47,13.8
202400036455,2.96,5.23
202400036456,4.91,11.89
202400036476,6.46,17.41
202400036536,0.69,7.58
202400036546,3.55,3.93
202400036547,2.43,6.66
202400036551,3.11,6.15
202400036567,12.24,17.22
202400036632,3.8,5.19
202400036661,5.1,8.34
202400036663,7.2,9.7
202400036695,8.24,13.71
202400036772,1.15,23.34
202400036851,5.51,21.03
202400036869,6.06,10.46
202400036882,7.67,16.65
202400036883,4.4,18.09
202400036907,8.14,8.36
202400036908,8.86,16.82
202400036909,3.74,2.08
202400036910,6.83,7.85
202400036911,11.22,13.96
202400036912,4.19,7.43
202400036913,4.66,6.11
202400036921,4.52,7.41
202400036922,6.4,8.91
202400036923,5.63,9.82
202400036924,5.59,3.18
202400036943,5.9,6.01
202400036944,8.02,6.1
202400036953,5.24,7.28
202400036954,5.11,4.53
202400036978,7.96,37.36
202400037000,2.21,28.67
202400037007,5.27,9.92
202400037016,3.14,3.65
202400037020,8.51,8.85
202400037026,5.23,6.28
202400037057,5.78,3.88
202400037163,4.01,29.22
202400037193,2.98,3.04
202400037256,4.24,3.3
202400037260,3.07,5.92
202400037277,6.28,4.53
202400037281,1.57,22.83
202400037330,9.28,12.45
202400037348,8.65,33.59
202400037382,6.25,8.52
202400037385,8.94,11.21
202400037390,8.8,9.04
202400037394,3.73,4.24
202400037398,5.61,5.72
202400037415,6.76,20.84
202400037416,7.18,20.52
202400037586,8.25,14.12
202400037651,2.58,19.74
202400037656,2.57,4.93
202400037673,5.46,7.95
202400037680,6.0,33.65
202400037695,3.78,5.29
202400037698,11.14,14.32
202400037700,6.26,8.6
202400037701,3.38,15.84
202400037702,4.03,8.24
202400037705,5.54,2.29
202400037707,5.17,3.78
202400037711,3.74,6.46
202400037753,11.79,28.35
202400037840,3.4,18.79
202400037859,5.22,21.66
202400037865,6.73,5.47
202400037866,4.69,17.69
202400037880,5.88,10.12
202400037947,10.19,7.61
202400037949,7.03,4.2
202400037961,2.21,16.02
202400037981,6.14,9.9
202400037994,5.11,7.38
202400037995,5.63,5.96
202400037997,5.69,10.67
202400038035,6.1,7.61
202400038038,2.12,5.01
202400038043,8.12,13.95
202400038120,11.24,15.58
202400038148,6.68,17.19
202400038174,3.8,6.65
202400038176,3.96,3.02
202400038179,10.47,7.39
202400038189,7.41,13.45
202400038199,1.59,34.47
202400038202,5.07,23.12
202400038222,3.6,25.26
202400038276,8.91,9.4
202400038333,3.9,6.17
202400038370,6.59,19.62
202400038393,4.22,8.66
202400038397,7.06,8.27
202400038412,8.97,14.58
202400038415,10.58,8.63
202400038484,5.28,11.91
202400038487,2.79,10.73
202400038489,8.36,9.93
202400038492,6.7,7.91
202400038494,10.41,11.82
202400038543,7.26,5.36
202400038585,5.13,8.13
202400038646,6.43,10.62
202400038657,3.88,31.11
202400038659,0.74,21.07
202400038723,0.59,10.27
202400038725,3.75,7.75
202400038726,10.17,15.2
202400038728,8.42,6.35
202400038730,4.69,4.07
202400038733,4.46,5.01
202400038777,6.41,4.88
202400038805,5.66,4.82
202400038832,13.04,10.26
202400038838,7.72,9.37
202400038839,7.37,3.36
202400038919,8.75,21.08
202400038939,3.57,21.69
202400039004,2.58,5.57
202400039007,6.84,27.98
202400039009,6.14,11.62
202400039013,6.55,14.34
202400039017,5.23,6.94
202400039128,1.08,4.85
202400039133,6.47,3.57
202400039146,4.6,4.27
202400039353,10.06,23.09
202400039363,10.4,6.16
202400039420,5.56,26.85
202400039592,3.66,20.13
202400039599,4.93,35.3
202400039627,8.63,29.52
202400039630,9.5,13.95
202400039638,4.34,30.15
202400039642,4.2,32.36
202400039661,4.8,20.02
202400039666,8.04,20.26
202400039672,10.74,31.54
202400039695,1.14,38.88
202400039716,7.24,8.94
202400039729,2.36,15.63
202400039827,3.43,24.08
202400039834,7.74,7.38
202400039845,6.51,6.74
202400039887,6.33,2.31
202400040049,4.01,31.21
202400040054,6.19,3.05
202400040059,4.53,4.64
202400040113,12.18,18.36
202400040225,3.51,8.46
202400040295,4.69,26.03
202400040324,2.8,16.34
202400040368,1.6,23.15
202400040389,11.11,12.37
202400040397,4.12,3.0
202400040399,9.83,18.76
202400040411,7.2,3.08
202400040432,9.59,27.14
202400040486,6.46,7.41
202400040493,2.17,10.89
202400040498,7.46,8.52
202400040501,8.2,8.22
202400040506,6.05,7.98
202400040509,10.29,7.88
202400040512,1.78,5.1
202400040552,10.71,36.45
202400040571,3.61,26.23
202400040574,5.0,4.88
202400040604,6.46,5.52
202400040614,3.83,6.19
202400040658,9.54,12.41
202400040715,6.69,18.56
202400040737,6.81,21.93
202400040764,4.66,12.56
202400040768,8.29,29.78
202400040821,8.52,15.16
202400040822,3.07,3.98
202400040823,3.67,1.26
202400040826,3.15,2.6
202400040828,4.73,4.0
202400040839,3.62,7.8
202400040840,8.05,10.72
202400040841,5.37,4.64
202400040843,8.18,7.48
202400040914,4.09,13.79
202400040924,0.9,8.41
202400040928,6.83,18.44
202400040942,4.84,4.57
202400040946,6.91,6.91
202400040955,11.39,26.35
202400040969,5.74,21.5
202400041029,7.08,23.27
202400041149,5.52,6.46
202400041199,1.22,4.14
202400041203,4.65,4.5
202400041210,3.95,5.84
202400041212,4.26,25.47
202400041241,1.58,27.22
202400041265,10.94,23.14
202400041290,10.56,9.48
202400041349,3.34,19.86
202400041354,2.2,22.53
202400041433,6.59,13.2
202400041434,0.27,10.38
202400041485,6.67,33.32
202400041488,1.78,3.52
202400041493,9.34,29.98
202400041507,2.46,18.87
202400041531,10.06,35.14
202400041554,8.45,10.18
202400041577,8.72,8.81
202400041591,5.48,4.77
202400041635,4.65,10.97
202400041637,2.36,23.55
202400041648,0.57,12.66
202400041693,9.67,11.41
202400041694,7.18,6.72
202400041695,6.8,4.73
202400041703,9.14,9.63
202400041739,2.36,2.15
202400041764,6.19,6.26
202400041768,7.98,39.58
202400041807,3.92,17.69
202400041811,2.54,21.81
202400041820,4.66,9.92
202400041821,4.92,27.49
202400041892,5.26,5.09
202400042012,9.88,14.91
202400042015,3.46,5.96
202400042157,10.7,13.57
202400042160,9.05,7.64
202400042222,3.58,26.4
202400042225,1.46,20.2
202400042252,7.14,20.38
202400042253,5.12,23.94
202400042256,8.42,17.7
202400042260,7.3,9.8
202400042279,5.36,15.4
202400042281,6.93,4.52
202400042286,7.47,13.7
202400042293,5.3,25.84
202400042351,1.46,17.32
202400042354,5.53,5.27
202400042356,9.88,12.16
202400042369,6.96,14.68
202400042385,4.69,3.68
202400042480,8.16,34.77
202400042512,7.87,8.34
202400042544,3.32,20.6
202400042546,4.84,4.58
202400042548,6.56,11.65
202400042552,5.68,5.59
202400042677,5.78,5.52
202400042799,11.05,12.94
202400042800,9.18,11.39
202400042869,4.73,4.37
202400042892,4.24,3.79
202400042944,7.49,8.91
202400042947,7.4,9.83
202400042949,5.64,9.82
202400042994,7.46,10.67
202400042998,2.35,4.09
202400043002,5.75,15.92
202400043011,4.69,24.77
202400043033,1.9,23.36
202400043037,9.59,30.48
202400043103,11.18,25.8
202400043126,7.69,36.91
202400043187,3.42,25.41
202400043193,3.75,27.97
202400043266,6.8,7.75
202400043269,15.25,22.24
202400043340,6.16,19.54
202400043344,4.54,16.64
202400043345,2.74,5.7
202400043346,0.72,9.93
202400043348,5.84,5.06
202400043352,4.31,6.97
202400043426,6.56,13.84
202400043444,5.99,21.19
202400043505,5.73,18.83
202400043509,1.88,20.48
202400043515,4.35,35.6
202400043531,11.26,19.1
202400043546,9.34,33.65
202400043551,11.44,13.82
202400043560,5.31,3.6
202400043563,6.74,31.34
202400043591,9.48,11.33
202400043754,5.38,6.42
202400043759,7.75,9.53
202400043761,5.19,4.46
202400043845,8.76,11.04
202400043873,7.34,6.41
202400043874,4.86,3.04
202400043878,5.24,2.63
202400043879,3.2,7.64
202400043882,10.18,12.85
202400043943,4.38,35.12
202400043957,7.71,7.73
202400044047,2.64,31.81
202400044060,5.48,17.34
202400044069,8.35,8.82
202400044071,6.31,6.52
202400044075,7.59,10.36
202400044090,3.23,35.64
202400044114,3.28,3.15
202400044148,4.6,6.93
202400044159,7.91,7.91
202400044353,7.33,5.32
202400044355,8.52,8.99
202400044357,6.6,5.52
202400044360,4.26,6.53
202400044364,7.77,8.72
202400044367,7.91,8.24
202400044370,10.46,12.73
202400044384,5.71,21.17
202400044403,7.17,13.62
202400044423,5.04,6.34
202400044425,4.54,6.6
202400044431,4.49,7.81
202400044433,2.71,11.42
202400044435,4.01,3.24
202400044437,4.55,8.97
202400044461,8.04,22.6
202400044466,3.61,12.19
202400044655,3.36,23.72
202400044669,4.69,3.21
202400044671,4.99,6.23
202400044678,7.03,8.7
202400044704,10.64,11.15
202400044705,4.28,9.68
202400044706,3.76,4.21
202400044718,8.27,11.61
202400044719,1.93,5.54
202400044811,7.9,23.41
202400044847,6.35,24.92
202400044851,1.66,23.4
202400044853,5.57,37.19
202400044892,1.12,23.12
202400044902,4.56,9.18
202400044906,6.56,11.12
202400044909,6.25,9.2
202400044915,8.58,24.17
202400044959,4.45,13.6
202400045022,4.73,2.49
202400045050,3.33,28.46
202400045088,3.05,25.21
202400045129,7.14,17.83
202400045143,7.87,7.73
202400045169,4.85,10.23
202400045195,1.16,39.39
202400045241,4.23,15.56
202400045250,2.3,13.93
202400045261,5.61,23.71
202400045276,8.38,21.4
202400045277,7.39,9.46
202400045282,5.07,4.07
202400045287,6.95,7.44
202400045293,3.06,2.89
202400045297,3.54,10.35
202400045308,9.74,23.86
202400045314,9.89,22.2
202400045319,2.45,3.14
202400045342,6.54,33.83
202400045358,3.89,27.53
202400045366,4.09,2.12
202400045385,4.14,2.43
202400045397,4.24,29.59
202400045466,7.17,23.91
202400045472,10.09,9.92
202400045485,5.74,17.97
202400045492,6.34,8.54
202400045537,5.92,5.29
202400045540,7.78,7.76
202400045566,3.66,3.34
202400045651,6.8,3.16
202400045657,6.46,5.84
202400045662,3.98,8.36
202400045668,2.7,5.2
202400045672,1.69,11.37
202400045673,6.45,31.58
202400045675,5.64,35.11
202400045679,6.56,7.6
202400045719,3.54,29.39
202400045727,3.44,32.33
202400045837,12.92,33.68
202400045870,3.08,14.1
202400045876,1.62,22.06
202400045919,4.87,25.93
202400045931,7.56,11.19
202400045937,4.36,21.83
202400045955,8.47,17.57
202400045985,7.08,5.02
202400046013,4.82,7.78
202400046039,5.25,23.96
202400046079,5.58,34.21
202400046104,4.74,4.98
202400046108,6.22,8.69
202400046178,9.84,6.97
202400046181,5.65,7.24
202400046223,1.72,7.59
202400046226,5.81,6.14
202400046235,4.85,4.06
202400046357,10.7,7.93
202400046364,3.01,14.16
202400046393,3.24,12.51
202400046469,10.28,10.31
202400046484,11.86,22.98
202400046496,5.76,6.71
202400046521,8.42,15.02
202400046523,7.02,4.61
202400046525,3.47,1.05
202400046554,3.72,5.78
202400046557,6.5,7.99
202400046559,5.81,4.77
202400046671,7.34,7.86
202400046674,4.85,4.12
202400046677,6.68,8.95
202400046685,6.68,16.54
202400046694,4.58,15.13
202400046722,4.42,2.99
202400046732,1.53,31.81
202400046748,9.96,18.88
202400046750,6.72,8.36
202400046773,4.42,30.39
202400046807,4.65,2.42
202400046810,3.75,3.88
202400046815,5.17,13.14
202400046942,10.95,20.42
202400046961,5.16,23.83
202400046981,7.14,8.91
202400046984,7.83,32.26
202400047001,9.99,25.7
202400047061,5.6,28.74
202400047116,6.94,7.46
202400047123,6.26,5.78
202400047157,6.88,19.5
202400047188,0.85,9.1
202400047224,1.42,29.26
202400047247,0.34,13.47
202400047269,3.65,5.92
202400047300,2.21,33.3
202400047369,1.93,31.36
202400047374,9.57,5.56
202400047382,7.22,1.94
202400047394,6.57,11.13
202400047419,11.17,19.31
202400047421,5.62,15.35
202400047426,3.98,34.88
202400047433,7.16,2.92
202400047442,5.36,4.83
202400047454,9.5,8.08
202400047460,5.17,4.39
202400047480,7.89,9.72
202400047531,4.86,5.51
202400047538,3.36,6.2
202400047544,0.75,4.98
202400047553,7.96,31.61
202400047557,5.44,8.36
202400047563,4.21,3.42
202400047582,5.19,9.2
202400047591,6.52,17.88
202400047600,14.3,37.84
202400047650,3.43,8.98
202400047654,5.72,6.92
202400047657,7.98,10.58
202400047670,4.86,7.36
202400047671,3.82,5.81
202400047782,6.7,9.63
202400047785,7.54,16.06
202400047904,7.28,20.1
202400047928,4.5,7.13
202400047932,3.35,10.02
202400047939,4.7,4.43
202400047975,5.2,13.39
202400048049,5.82,27.1
202400048057,6.01,24.56
202400048064,2.78,1.59
202400048082,5.6,15.66
202400048085,5.02,31.86
202400048090,1.85,14.34
202400048104,1.04,20.01
202400048107,7.17,38.87
202400048114,7.86,16.29
202400048125,5.39,26.87
202400048177,6.11,16.31
202400048180,5.95,28.12
202400048220,7.81,8.76
202400048227,5.51,3.57
202400048257,11.69,33.57
202400048332,5.03,2.96
202400048337,6.09,3.68
202400048350,6.63,9.13
202400048351,9.15,15.3
202400048359,7.68,13.23
202400048416,1.41,26.61
202400048474,3.96,3.44
202400048500,5.13,4.86
202400048586,5.05,23.52
202400048590,12.08,20.35
202400048596,11.62,29.52
202400048597,3.85,19.66
202400048653,6.05,4.22
202400048664,11.23,13.3
202400048669,6.52,21.74
202400048693,4.72,3.21
202400048697,4.53,3.59
202400048793,10.88,9.8
202400048799,8.48,8.82
202400048809,10.63,34.22
202400048810,8.29,19.55
202400048853,8.75,29.85
202400048878,5.41,6.76
202400048930,11.28,7.26
202400048936,9.24,5.23
202400049096,5.72,10.45
202400049108,4.62,5.57
202400049120,3.43,4.76
202400049123,7.33,30.48
202400049202,8.54,8.87
202400049210,12.42,26.61
202400049215,3.12,17.64
202400049234,11.01,8.74
202400049243,5.27,8.43
202400049245,4.11,3.71
202400049251,7.75,7.1
202400049265,7.25,7.33
202400049274,1.46,5.23
202400049297,6.07,6.55
202400049367,7.46,24.49
202400049368,6.01,26.93
202400049377,7.46,23.96
202400049379,1.59,16.74
202400049387,3.01,11.59
202400049397,2.43,17.35
202400049412,3.38,2.19
202400049418,4.41,2.18
202400049425,8.05,6.97
202400049507,8.72,14.43
202400049548,4.38,19.2
202400049590,3.71,2.86
202400049595,1.79,22.52
202400049609,8.15,20.87
202400049620,7.15,40.07
202400049628,7.06,24.01
202400049635,2.86,18.96
202400049658,8.63,12.67
202400049698,5.93,2.19
202400049708,4.5,30.73
202400049786,11.77,16.42
202400049897,5.5,9.62
202400049964,6.56,9.55
202400049992,5.86,24.68
202400050035,11.35,8.37
202400050087,5.5,6.54
202400050108,4.82,4.77
202400050139,10.35,9.37
202400050174,5.03,23.6
202400050178,4.39,25.0
202400050205,7.01,25.94
202400050209,1.97,9.29
202400050218,5.02,26.62
202400050226,3.74,30.35
202400050327,10.84,9.76
202400050332,6.16,10.51
202400050370,5.5,13.82
202400050404,3.47,4.04
202400050409,4.84,10.36
202400050414,5.87,7.91
202400050417,4.3,4.33
202400050463,7.05,18.17
202400050479,5.97,14.14
202400050483,6.09,18.05
202400050493,2.72,4.99
202400050504,4.39,8.61
202400050511,6.49,9.0
202400050592,3.92,8.13
202400050663,3.73,4.24
202400050664,2.01,19.32
202400050683,2.38,31.3
202400050728,7.58,29.89
202400050793,5.74,7.49
202400050804,5.51,2.36
202400050893,5.41,24.44
202400050976,1.53,21.7
202400050991,6.96,29.68
202400051018,5.31,5.37
202400051030,4.16,5.72
202400051036,11.83,9.72
202400051040,3.86,2.58
202400051043,8.7,16.07
202400051053,6.1,4.04
202400051074,5.33,12.14
202400051130,5.75,12.35
202400051173,5.04,8.37
202400051186,5.74,10.9
202400051245,4.53,3.59
202400051256,7.6,10.47
202400051264,7.65,17.56
202400051285,6.24,33.88
202400051319,3.26,24.94
202400051358,12.28,26.83
202400051363,2.42,19.43
202400051385,5.79,4.34
202400051393,8.21,6.48
202400051403,6.8,7.32
202400051426,7.51,5.96
202400051436,4.09,28.18
202400051443,12.34,43.25
202400051468,7.26,7.25
202400051474,7.02,8.99
202400051476,4.02,3.74
202400051488,3.67,31.53
202400051490,4.14,3.2
202400051503,4.08,6.93
202400051550,4.91,7.4
202400051552,6.65,7.17
202400051562,7.76,9.55
202400051579,2.69,2.9
202400051661,13.42,16.38
202400051670,6.24,22.18
202400051679,9.12,32.03
202400051736,9.51,9.88
202400051742,5.89,8.89
202400051743,3.73,12.28
202400051750,4.03,19.27
202400051815,6.52,3.49
202400051826,7.82,5.88
202400051944,13.66,38.68
202400051956,8.15,11.22
202400051969,5.4,5.58
202400051999,2.06,19.14
202400052064,3.97,6.72
202400052065,8.24,10.51
202400052072,3.57,3.65
202400052079,6.26,6.78
202400052093,8.5,9.02
202400052097,5.56,23.76
202400052141,7.58,20.4
202400052175,5.88,6.06
202400052199,7.74,19.18
202400052206,2.75,14.01
202400052255,5.6,3.16
202400052262,4.77,3.27
202400052268,2.08,7.21
202400052274,7.58,5.9
202400052280,4.69,8.65
202400052312,2.59,1.8
202400052331,4.24,64.44
202400052344,2.04,7.76
202400052349,3.79,19.36
202400052412,6.88,5.06
202400052419,7.57,3.57
202400052444,4.35,19.66
202400052478,8.34,34.6
202400052484,7.58,29.06
202400052565,8.92,17.82
202400052566,6.19,4.77
202400052569,3.46,20.47
202400052575,2.86,3.61
202400052579,4.78,4.61
202400052588,5.07,20.18
202400052759,3.35,17.96
202400052769,5.27,10.39
202400052793,10.31,15.82
202400052849,10.34,9.21
202400052897,2.65,32.06
202400052966,3.95,3.01
202400052978,3.14,5.99
202400052980,6.57,4.16
202400052993,6.78,5.99
202400052997,4.81,19.85
202400052999,3.92,15.78
202400053002,3.5,9.43
202400053006,4.64,9.74
202400053011,1.83,5.26
202400053019,5.48,7.19
202400053060,6.22,8.94
202400053215,8.84,10.25
202400053230,1.59,19.47
202400053232,7.28,16.08
202400053234,5.87,6.21
202400053241,2.38,22.1
202400053243,6.36,8.63
202400053245,3.43,10.1
202400053252,1.21,7.89
202400053261,1.31,14.11
202400053265,10.53,11.61
202400053293,2.03,2.83
202400053347,2.07,15.83
202400053356,3.7,24.06
202400053383,3.72,24.89
202400053385,0.69,4.67
202400053395,4.65,12.62
202400053396,7.95,3.93
202400053410,5.32,2.16
202400053443,7.14,25.06
202400053447,6.42,5.34
202400053453,13.1,28.78
202400053482,1.0,20.81
202400053494,7.83,10.1
202400053502,10.18,11.65
202400053511,13.97,25.78
202400053523,5.79,7.0
202400053534,4.89,6.22
202400053557,6.61,4.95
202400053666,6.37,6.7
202400053718,15.14,21.49
202400053729,6.9,23.87
202400053769,7.02,9.1
202400053773,10.21,10.92
202400053778,2.85,11.47
202400053784,9.42,9.91
202400053786,3.86,16.88
202400053808,2.84,9.48
202400053813,2.46,33.63
202400053820,4.09,7.66
202400053878,5.38,16.3
202400053934,4.21,5.84
202400053945,6.4,6.92
202400053953,6.22,6.74
202400053959,5.74,5.84
202400053967,2.67,4.94
202400053987,4.03,24.58
202400053989,11.48,40.68
202400054008,12.07,18.7
202400054011,7.56,20.94
202400054075,7.01,5.27
202400054084,5.44,7.52
202400054093,9.29,10.4
202400054094,5.03,5.58
202400054104,4.12,4.54
202400054111,3.69,25.13
202400054116,3.99,6.77
202400054140,11.02,8.09
202400054145,4.86,10.42
202400054154,4.68,3.98
202400054201,3.94,5.82
202400054203,11.23,11.84
202400054210,4.15,2.59
202400054250,13.99,16.26
202400054260,12.43,11.35
202400054267,4.89,7.17
202400054284,7.37,7.34
202400054299,5.87,13.84
202400054306,6.56,11.65
202400054324,9.42,15.56
202400054325,3.89,24.39
202400054336,4.71,9.87
202400054344,3.23,3.53
202400054345,6.74,5.96
202400054372,15.16,21.83
