Num_Acc,nearest_pompiers_min_osrm,nearest_sau_min_osrm
202200000234,16.32,35.36
202200000595,2.14,27.26
202200000595,2.14,27.26
202200000685,3.77,5.43
202200000685,3.77,5.43
202200000687,5.08,4.56
202200000687,5.08,4.56
202200000687,5.08,4.56
202200000809,6.49,1.34
202200000892,7.63,2.35
202200000892,7.63,2.35
202200000895,7.15,2.76
202200000895,7.15,2.76
202200000952,4.72,7.48
202200000952,4.72,7.48
202200000952,4.72,7.48
202200000953,0.24,7.24
202200000953,0.24,7.24
202200000980,6.9,16.57
202200001114,6.12,9.64
202200001114,6.12,9.64
202200001115,4.43,6.08
202200001115,4.43,6.08
202200001117,5.26,8.78
202200001178,6.88,0.76
202200001501,8.7,10.38
202200001501,8.7,10.38
202200001501,8.7,10.38
202200001776,3.6,5.31
202200001776,3.6,5.31
202200001779,0.99,6.11
202200001780,6.57,7.25
202200001780,6.57,7.25
202200001780,6.57,7.25
202200001937,3.9,7.04
202200001937,3.9,7.04
202200001942,7.94,4.52
202200002014,9.36,8.76
202200002014,9.36,8.76
202200002194,5.85,7.05
202200002194,5.85,7.05
202200002194,5.85,7.05
202200002194,5.85,7.05
202200002298,5.48,1.79
202200002298,5.48,1.79
202200002412,6.96,9.72
202200002412,6.96,9.72
202200002412,6.96,9.72
202200002416,4.44,3.48
202200002416,4.44,3.48
202200002421,6.01,11.06
202200002620,4.03,2.93
202200002621,6.84,12.41
202200002621,6.84,12.41
202200002621,6.84,12.41
202200002728,14.95,22.48
202200002728,14.95,22.48
202200002729,12.46,8.41
202200002814,5.3,9.06
202200002814,5.3,9.06
202200002815,2.28,4.6
202200002815,2.28,4.6
202200003061,8.39,13.39
202200003061,8.39,13.39
202200003061,8.39,13.39
202200003061,8.39,13.39
202200003061,8.39,13.39
202200003061,8.39,13.39
202200003061,8.39,13.39
202200003061,8.39,13.39
202200003061,8.39,13.39
202200003061,8.39,13.39
202200003061,8.39,13.39
202200003061,8.39,13.39
202200003148,8.4,17.27
202200003433,10.0,3.86
202200003433,10.0,3.86
202200003442,6.74,10.73
202200003533,8.38,29.08
202200003533,8.38,29.08
202200003574,12.13,13.35
202200003574,12.13,13.35
202200003574,12.13,13.35
202200003574,12.13,13.35
202200003642,7.51,1.26
202200003642,7.51,1.26
202200003737,4.15,5.32
202200003737,4.15,5.32
202200003740,2.01,7.81
202200003740,2.01,7.81
202200003744,8.25,14.5
202200003844,8.66,7.79
202200003844,8.66,7.79
202200003891,2.81,4.4
202200003893,8.53,7.93
202200003893,8.53,7.93
202200004020,3.74,2.6
202200004020,3.74,2.6
202200004239,3.03,5.47
202200004239,3.03,5.47
202200004241,3.61,8.62
202200004241,3.61,8.62
202200004243,12.81,12.21
202200004243,12.81,12.21
202200004243,12.81,12.21
202200004245,4.3,3.93
202200004274,1.22,3.3
202200004602,4.15,45.89
202200004602,4.15,45.89
202200004606,16.39,19.18
202200004606,16.39,19.18
202200004642,3.61,8.62
202200004680,11.68,6.73
202200004680,11.68,6.73
202200004771,4.71,2.22
202200004771,4.71,2.22
202200004932,4.54,9.77
202200004935,6.54,8.04
202200004935,6.54,8.04
202200005072,9.23,7.61
202200005072,9.23,7.61
202200005075,3.96,10.02
202200005075,3.96,10.02
202200005101,3.68,7.06
202200005101,3.68,7.06
202200005134,2.71,6.34
202200005134,2.71,6.34
202200005198,2.57,5.2
202200005198,2.57,5.2
202200005325,2.42,8.47
202200005325,2.42,8.47
202200005328,3.28,7.6
202200005328,3.28,7.6
202200005332,4.17,4.45
202200005332,4.17,4.45
202200005336,5.82,2.84
202200005336,5.82,2.84
202200005342,5.83,5.24
202200005342,5.83,5.24
202200005568,9.08,8.21
202200005568,9.08,8.21
202200005975,1.34,27.9
202200005975,1.34,27.9
202200006062,4.2,7.24
202200006062,4.2,7.24
202200006136,6.35,5.07
202200006136,6.35,5.07
202200006212,10.78,16.07
202200006214,3.69,29.24
202200006263,3.65,29.52
202200006263,3.65,29.52
202200006599,7.22,9.45
202200006599,7.22,9.45
202200006599,7.22,9.45
202200006601,13.92,10.77
202200006601,13.92,10.77
202200006669,5.92,9.2
202200006669,5.92,9.2
202200006669,5.92,9.2
202200006669,5.92,9.2
202200006669,5.92,9.2
202200006699,10.21,15.26
202200006699,10.21,15.26
202200006757,6.29,6.7
202200006757,6.29,6.7
202200006769,6.68,10.32
202200006769,6.68,10.32
202200006772,1.28,23.2
202200006772,1.28,23.2
202200006772,1.28,23.2
202200006774,4.23,4.12
202200006774,4.23,4.12
202200006776,2.67,4.42
202200006776,2.67,4.42
202200006776,2.67,4.42
202200006907,6.58,9.5
202200006907,6.58,9.5
202200006909,7.19,13.44
202200006909,7.19,13.44
202200006909,7.19,13.44
202200006962,5.01,5.66
202200006962,5.01,5.66
202200006986,4.21,7.29
202200006986,4.21,7.29
202200006986,4.21,7.29
202200007195,9.76,15.06
202200007229,2.64,9.62
202200007229,2.64,9.62
202200007242,8.12,30.98
202200007242,8.12,30.98
202200007242,8.12,30.98
202200007242,8.12,30.98
202200007345,7.65,8.96
202200007345,7.65,8.96
202200007682,1.74,20.81
202200007821,6.14,32.02
202200007840,5.32,8.85
202200007840,5.32,8.85
202200008203,6.88,9.75
202200008203,6.88,9.75
202200008203,6.88,9.75
202200008205,2.49,4.34
202200008205,2.49,4.34
202200008206,6.61,5.49
202200008208,3.23,3.16
202200008219,3.3,3.57
202200008219,3.3,3.57
202200008546,6.59,5.56
202200008546,6.59,5.56
202200008724,10.48,15.49
202200008724,10.48,15.49
202200008765,7.12,2.05
202200008765,7.12,2.05
202200008855,3.68,12.19
202200008965,2.92,6.6
202200008965,2.92,6.6
202200008966,10.48,5.95
202200008966,10.48,5.95
202200009033,11.65,18.02
202200009208,4.38,10.43
202200009208,4.38,10.43
202200009217,3.31,3.58
202200009217,3.31,3.58
202200009581,9.92,15.22
202200009584,6.51,6.07
202200009627,3.65,2.91
202200009627,3.65,2.91
202200009681,11.06,20.99
202200009877,1.87,5.89
202200009877,1.87,5.89
202200009931,4.18,4.76
202200009931,4.18,4.76
202200010057,5.8,19.18
202200010057,5.8,19.18
202200010078,13.36,17.0
202200010078,13.36,17.0
202200010078,13.36,17.0
202200010286,7.25,2.28
202200010286,7.25,2.28
202200010471,8.98,10.54
202200010471,8.98,10.54
202200010522,1.49,15.53
202200010550,7.5,41.38
202200010550,7.5,41.38
202200010550,7.5,41.38
202200010550,7.5,41.38
202200010550,7.5,41.38
202200010625,6.61,5.49
202200010626,4.8,4.69
202200010626,4.8,4.69
202200010626,4.8,4.69
202200010626,4.8,4.69
202200010712,9.28,27.62
202200010798,2.63,4.57
202200010798,2.63,4.57
202200010802,4.32,12.59
202200010802,4.32,12.59
202200010849,2.53,4.23
202200010849,2.53,4.23
202200010851,3.74,8.51
202200010921,6.05,11.32
202200010921,6.05,11.32
202200010925,3.02,13.01
202200010927,4.49,9.5
202200010927,4.49,9.5
202200010931,4.18,3.81
202200010934,1.68,6.69
202200010934,1.68,6.69
202200010939,12.94,12.34
202200010939,12.94,12.34
202200010954,7.87,21.99
202200011100,9.58,6.25
202200011106,7.64,10.92
202200011106,7.64,10.92
202200011181,5.7,16.43
202200011591,10.39,12.34
202200011591,10.39,12.34
202200011653,7.11,12.12
202200011797,9.15,17.92
202200011799,10.75,26.82
202200011799,10.75,26.82
202200011844,9.19,19.62
202200011844,9.19,19.62
202200011845,3.32,33.42
202200011900,6.93,12.5
202200011901,3.87,5.53
202200011901,3.87,5.53
202200012130,5.66,10.71
202200012130,5.66,10.71
202200012403,6.06,8.04
202200012403,6.06,8.04
202200012406,0.61,6.97
202200012406,0.61,6.97
202200012408,3.57,7.18
202200012409,6.55,11.6
202200012409,6.55,11.6
202200012411,4.13,6.99
202200012512,9.85,34.94
202200012512,9.85,34.94
202200012512,9.85,34.94
202200012546,2.98,31.31
202200012546,2.98,31.31
202200012669,0.75,6.91
202200012803,8.01,11.02
202200012803,8.01,11.02
202200013000,4.23,4.11
202200013000,4.23,4.11
202200013033,3.66,33.76
202200013036,2.56,25.35
202200013128,3.87,8.01
202200013128,3.87,8.01
202200013321,8.3,21.35
202200013321,8.3,21.35
202200013321,8.3,21.35
202200013330,2.9,8.95
202200013334,1.64,4.18
202200013379,6.23,7.43
202200013379,6.23,7.43
202200013723,2.12,16.86
202200013723,2.12,16.86
202200013894,3.19,26.58
202200013966,5.72,23.1
202200013966,5.72,23.1
202200014022,6.46,8.78
202200014022,6.46,8.78
202200014022,6.46,8.78
202200014219,4.14,34.24
202200014219,4.14,34.24
202200014275,3.57,11.84
202200014275,3.57,11.84
202200014277,3.7,4.71
202200014277,3.7,4.71
202200014280,9.67,13.29
202200014280,9.67,13.29
202200014391,10.15,13.79
202200014391,10.15,13.79
202200014391,10.15,13.79
202200014391,10.15,13.79
202200014392,7.35,13.16
202200014502,1.3,6.16
202200014502,1.3,6.16
202200014621,3.68,28.17
202200014621,3.68,28.17
202200014777,7.91,33.41
202200014777,7.91,33.41
202200014849,8.71,5.38
202200014849,8.71,5.38
202200014901,9.34,9.3
202200014901,9.34,9.3
202200014901,9.34,9.3
202200015025,10.88,14.13
202200015025,10.88,14.13
202200015121,8.47,29.53
202200015318,9.35,8.76
202200015318,9.35,8.76
202200015324,0.98,6.39
202200015324,0.98,6.39
202200015370,8.74,5.42
202200015370,8.74,5.42
202200015452,4.83,34.04
202200015452,4.83,34.04
202200015598,6.47,17.62
202200015598,6.47,17.62
202200015598,6.47,17.62
202200015731,6.55,5.96
202200015731,6.55,5.96
202200015761,5.94,15.1
202200015761,5.94,15.1
202200015761,5.94,15.1
202200015784,6.56,16.52
202200015784,6.56,16.52
202200015797,3.83,8.17
202200015797,3.83,8.17
202200015797,3.83,8.17
202200015797,3.83,8.17
202200015797,3.83,8.17
202200015798,1.59,6.6
202200015798,1.59,6.6
202200016000,3.72,36.24
202200016000,3.72,36.24
202200016111,7.8,11.44
202200016111,7.8,11.44
202200016111,7.8,11.44
202200016111,7.8,11.44
202200016111,7.8,11.44
202200016111,7.8,11.44
202200016111,7.8,11.44
202200016111,7.8,11.44
202200016111,7.8,11.44
202200016125,1.49,5.72
202200016125,1.49,5.72
202200016153,5.62,23.89
202200016153,5.62,23.89
202200016423,12.12,6.64
202200016574,4.44,8.68
202200016574,4.44,8.68
202200016701,10.01,14.29
202200016701,10.01,14.29
202200016702,3.18,29.73
202200016702,3.18,29.73
202200016790,3.22,24.34
202200016790,3.22,24.34
202200017047,2.52,7.56
202200017047,2.52,7.56
202200017051,10.4,15.96
202200017051,10.4,15.96
202200017055,5.28,10.32
202200017055,5.28,10.32
202200017058,5.78,10.07
202200017058,5.78,10.07
202200017058,5.78,10.07
202200017114,8.54,29.39
202200017114,8.54,29.39
202200017116,14.82,19.83
202200017116,14.82,19.83
202200017205,3.9,3.78
202200017205,3.9,3.78
202200017210,4.16,3.0
202200017210,4.16,3.0
202200017215,4.3,1.69
202200017215,4.3,1.69
202200017575,5.68,9.15
202200017575,5.68,9.15
202200017576,6.86,6.27
202200017577,6.03,9.67
202200017577,6.03,9.67
202200017577,6.03,9.67
202200017577,6.03,9.67
202200017578,7.5,9.46
202200017580,4.99,4.28
202200017580,4.99,4.28
202200017580,4.99,4.28
202200017580,4.99,4.28
202200017580,4.99,4.28
202200017582,7.73,11.37
202200017582,7.73,11.37
202200017645,9.07,6.58
202200017874,2.73,4.67
202200017874,2.73,4.67
202200018069,4.92,2.97
202200018069,4.92,2.97
202200018107,8.17,11.81
202200018107,8.17,11.81
202200018133,1.65,19.41
202200018133,1.65,19.41
202200018280,4.91,2.31
202200018281,4.82,7.58
202200018281,4.82,7.58
202200018281,4.82,7.58
202200018281,4.82,7.58
202200018282,3.74,9.66
202200018282,3.74,9.66
202200018283,6.92,13.16
202200018283,6.92,13.16
202200018563,5.81,2.24
202200018563,5.81,2.24
202200018574,1.47,7.0
202200018574,1.47,7.0
202200018587,3.25,6.64
202200018587,3.25,6.64
202200018587,3.25,6.64
202200018600,16.02,22.64
202200018600,16.02,22.64
202200018600,16.02,22.64
202200018743,5.28,13.79
202200018747,1.9,4.63
202200018747,1.9,4.63
202200018877,1.02,27.17
202200018877,1.02,27.17
202200018878,12.15,14.97
202200019094,3.78,4.67
202200019094,3.78,4.67
202200019220,10.69,15.98
202200019220,10.69,15.98
202200019355,4.3,9.31
202200019419,8.87,13.01
202200019419,8.87,13.01
202200019419,8.87,13.01
202200019493,10.82,16.39
202200019493,10.82,16.39
202200019538,3.96,6.3
202200019538,3.96,6.3
202200019590,7.78,13.85
202200019590,7.78,13.85
202200019592,11.64,13.82
202200019592,11.64,13.82
202200019604,7.29,27.58
202200019604,7.29,27.58
202200019623,5.54,25.52
202200019623,5.54,25.52
202200019625,1.88,27.2
202200019625,1.88,27.2
202200019717,9.3,16.71
202200019762,3.7,4.02
202200019762,3.7,4.02
202200019762,3.7,4.02
202200019771,3.32,10.58
202200019771,3.32,10.58
202200019771,3.32,10.58
202200020076,8.19,10.09
202200020076,8.19,10.09
202200020231,8.17,6.42
202200020231,8.17,6.42
202200020426,9.15,18.22
202200020426,9.15,18.22
202200020508,2.4,4.46
202200020508,2.4,4.46
202200020596,4.61,7.76
202200020596,4.61,7.76
202200020680,8.64,34.33
202200020680,8.64,34.33
202200020680,8.64,34.33
202200020681,9.85,13.99
202200020681,9.85,13.99
202200020804,3.44,7.59
202200020804,3.44,7.59
202200020804,3.44,7.59
202200020809,2.02,1.32
202200020809,2.02,1.32
202200020885,11.75,31.09
202200020959,7.9,5.56
202200020959,7.9,5.56
202200021040,3.44,5.28
202200021040,3.44,5.28
202200021042,5.31,6.98
202200021042,5.31,6.98
202200021045,11.2,16.21
202200021045,11.2,16.21
202200021045,11.2,16.21
202200021231,4.06,15.58
202200021231,4.06,15.58
202200021231,4.06,15.58
202200021231,4.06,15.58
202200021273,1.47,32.95
202200021364,10.33,5.8
202200021364,10.33,5.8
202200021415,1.56,1.56
202200021486,5.43,0.63
202200021488,6.91,11.95
202200021551,8.37,3.16
202200021551,8.37,3.16
202200021689,18.93,37.97
202200022309,12.53,20.86
202200022390,6.06,14.31
202200022390,6.06,14.31
202200022390,6.06,14.31
202200022390,6.06,14.31
202200022390,6.06,14.31
202200022390,6.06,14.31
202200022390,6.06,14.31
202200022390,6.06,14.31
202200022390,6.06,14.31
202200022390,6.06,14.31
202200022390,6.06,14.31
202200022390,6.06,14.31
202200022390,6.06,14.31
202200022390,6.06,14.31
202200022390,6.06,14.31
202200022829,11.99,17.2
202200022878,4.1,11.95
202200023125,1.83,21.7
202200023212,5.12,11.37
202200023213,12.56,8.51
202200023213,12.56,8.51
202200023214,3.26,3.75
202200023214,3.26,3.75
202200023316,10.94,6.42
202200023316,10.94,6.42
202200023318,3.1,5.57
202200023318,3.1,5.57
202200023331,0.69,6.89
202200023331,0.69,6.89
202200023332,9.34,14.35
202200023547,13.99,20.09
202200023547,13.99,20.09
202200023549,6.37,17.59
202200023634,2.17,8.23
202200023636,3.71,3.26
202200023695,13.42,7.81
202200023695,13.42,7.81
202200023695,13.42,7.81
202200023884,4.46,24.02
202200023921,3.37,11.63
202200024020,7.68,4.25
202200024020,7.68,4.25
202200024084,3.44,11.94
202200024084,3.44,11.94
202200024087,6.23,5.11
202200024087,6.23,5.11
202200024121,10.83,7.25
202200024211,10.0,28.5
202200024262,2.76,45.25
202200024262,2.76,45.25
202200024520,13.79,23.72
202200024520,13.79,23.72
202200024523,5.06,36.9
202200024641,1.03,6.49
202200024641,1.03,6.49
202200024644,8.91,8.04
202200024644,8.91,8.04
202200024644,8.91,8.04
202200024644,8.91,8.04
202200024715,8.1,19.08
202200024718,10.44,36.29
202200024718,10.44,36.29
202200024724,3.83,2.45
202200024726,3.91,12.42
202200024726,3.91,12.42
202200024728,9.14,5.09
202200025056,5.28,4.56
202200025057,6.32,11.59
202200025058,6.2,12.28
202200025127,9.35,25.15
202200025127,9.35,25.15
202200025127,9.35,25.15
202200025127,9.35,25.15
202200025127,9.35,25.15
202200025262,7.84,3.68
202200025262,7.84,3.68
202200025407,14.56,29.64
202200025507,10.97,16.02
202200025510,8.23,11.91
202200025510,8.23,11.91
202200025510,8.23,11.91
202200025510,8.23,11.91
202200025512,3.72,9.73
202200025512,3.72,9.73
202200025512,3.72,9.73
202200025577,4.85,4.19
202200025577,4.85,4.19
202200025867,3.6,5.31
202200025867,3.6,5.31
202200025922,6.9,28.47
202200026035,6.04,4.42
202200026035,6.04,4.42
202200026035,6.04,4.42
202200026035,6.04,4.42
202200026035,6.04,4.42
202200026076,4.63,10.45
202200026076,4.63,10.45
202200026078,4.45,6.37
202200026078,4.45,6.37
202200026078,4.45,6.37
202200026080,3.57,3.55
202200026080,3.57,3.55
202200026114,8.7,5.38
202200026417,13.02,11.4
202200026417,13.02,11.4
202200026420,0.62,7.07
202200026420,0.62,7.07
202200026423,4.22,13.04
202200026596,2.99,21.29
202200026596,2.99,21.29
202200026648,7.61,13.72
202200026648,7.61,13.72
202200027103,10.5,15.54
202200027103,10.5,15.54
202200027104,1.08,7.25
202200027105,2.2,4.51
202200027106,7.46,11.15
202200027106,7.46,11.15
202200027106,7.46,11.15
202200027107,5.52,6.73
202200027107,5.52,6.73
202200027107,5.52,6.73
202200027108,7.42,11.1
202200027108,7.42,11.1
202200027108,7.42,11.1
202200027205,4.72,26.23
202200027205,4.72,26.23
202200027208,8.55,35.44
202200027208,8.55,35.44
202200027208,8.55,35.44
202200027211,14.66,21.07
202200027381,8.04,4.71
202200027476,4.35,6.17
202200027476,4.35,6.17
202200027476,4.35,6.17
202200027677,11.93,16.94
202200027677,11.93,16.94
202200027677,11.93,16.94
202200027677,11.93,16.94
202200027677,11.93,16.94
202200027677,11.93,16.94
202200027765,5.99,7.19
202200027765,5.99,7.19
202200027897,4.82,22.07
202200027897,4.82,22.07
202200028014,8.13,13.17
202200028014,8.13,13.17
202200028017,3.8,5.66
202200028017,3.8,5.66
202200028130,3.31,10.47
202200028130,3.31,10.47
202200028441,1.14,20.82
202200028601,4.12,9.13
202200028601,4.12,9.13
202200028938,3.71,4.71
202200028938,3.71,4.71
202200028938,3.71,4.71
202200029121,14.37,10.79
202200029122,1.87,6.1
202200029122,1.87,6.1
202200029123,4.22,3.05
202200029123,4.22,3.05
202200029124,3.76,12.27
202200029590,9.44,14.73
202200029590,9.44,14.73
202200029590,9.44,14.73
202200029590,9.44,14.73
202200029593,2.3,6.08
202200029593,2.3,6.08
202200029593,2.3,6.08
202200029622,4.02,13.7
202200029622,4.02,13.7
202200029640,1.8,5.48
202200029640,1.8,5.48
202200029765,6.12,11.13
202200029765,6.12,11.13
202200029765,6.12,11.13
202200029980,6.58,12.45
202200029980,6.58,12.45
202200029980,6.58,12.45
202200029980,6.58,12.45
202200029982,5.94,7.76
202200029982,5.94,7.76
202200029984,9.6,10.5
202200029984,9.6,10.5
202200029984,9.6,10.5
202200029985,4.07,6.15
202200029986,3.22,3.17
202200029986,3.22,3.17
202200029986,3.22,3.17
202200030203,5.92,10.93
202200030206,2.17,4.08
202200030206,2.17,4.08
202200030208,13.62,18.63
202200030208,13.62,18.63
202200030222,3.06,33.16
202200030224,4.44,28.58
202200030224,4.44,28.58
202200030494,4.34,3.1
202200030494,4.34,3.1
202200030773,3.24,4.89
202200030773,3.24,4.89
202200031039,3.3,37.18
202200031039,3.3,37.18
202200031232,9.0,14.86
202200031232,9.0,14.86
202200031232,9.0,14.86
202200031232,9.0,14.86
202200031362,1.97,7.78
202200031362,1.97,7.78
202200031525,14.48,17.69
202200031525,14.48,17.69
202200031525,14.48,17.69
202200031525,14.48,17.69
202200031601,4.96,10.3
202200031606,11.85,15.49
202200031606,11.85,15.49
202200031606,11.85,15.49
202200031652,8.51,34.36
202200031652,8.51,34.36
202200031674,10.54,15.55
202200031674,10.54,15.55
202200031675,3.02,40.85
202200031675,3.02,40.85
202200031678,7.99,7.96
202200031678,7.99,7.96
202200031935,4.59,13.74
202200031935,4.59,13.74
202200031935,4.59,13.74
202200031935,4.59,13.74
202200031935,4.59,13.74
202200032087,3.3,2.35
202200032087,3.3,2.35
202200032088,4.06,9.68
202200032088,4.06,9.68
202200032296,7.53,8.83
202200032296,7.53,8.83
202200032382,2.29,1.58
202200032382,2.29,1.58
202200032439,10.48,17.41
202200032439,10.48,17.41
202200032490,0.83,6.56
202200032490,0.83,6.56
202200032494,5.07,8.85
202200032494,5.07,8.85
202200032494,5.07,8.85
202200032494,5.07,8.85
202200032495,2.69,4.69
202200032495,2.69,4.69
202200032496,3.42,5.27
202200032496,3.42,5.27
202200032831,4.89,11.14
202200032831,4.89,11.14
202200032832,3.6,5.31
202200032832,3.6,5.31
202200032832,3.6,5.31
202200032832,3.6,5.31
202200032832,3.6,5.31
202200033065,7.41,3.46
202200033065,7.41,3.46
202200033289,4.64,1.68
202200033289,4.64,1.68
202200033365,0.89,6.66
202200033365,0.89,6.66
202200033504,9.08,32.96
202200033504,9.08,32.96
202200033504,9.08,32.96
202200033656,11.55,15.19
202200033720,1.23,6.24
202200033720,1.23,6.24
202200033755,8.09,2.16
202200033856,3.79,26.09
202200033856,3.79,26.09
202200033916,9.76,9.36
202200033962,10.74,16.04
202200034061,8.04,33.41
202200034401,3.24,3.39
202200034401,3.24,3.39
202200034450,20.12,26.41
202200034516,6.35,5.07
202200034516,6.35,5.07
202200034516,6.35,5.07
202200034518,5.51,8.79
202200034518,5.51,8.79
202200034739,7.52,30.17
202200034739,7.52,30.17
202200034861,5.4,10.26
202200034861,5.4,10.26
202200035055,0.95,23.76
202200035055,0.95,23.76
202200035055,0.95,23.76
202200035067,7.94,6.82
202200035071,11.48,21.89
202200035076,4.56,8.62
202200035076,4.56,8.62
202200035221,12.64,16.32
202200035221,12.64,16.32
202200035265,2.66,25.37
202200035265,2.66,25.37
202200035294,7.31,4.91
202200035305,5.31,3.43
202200035305,5.31,3.43
202200035335,3.67,6.88
202200035335,3.67,6.88
202200035466,5.17,49.15
202200035466,5.17,49.15
202200035800,15.16,45.34
202200035800,15.16,45.34
202200035806,3.89,27.54
202200035806,3.89,27.54
202200035806,3.89,27.54
202200035887,13.08,18.22
202200035887,13.08,18.22
202200035888,3.1,5.54
202200035888,3.1,5.54
202200035888,3.1,5.54
202200035889,7.79,8.24
202200035952,6.5,5.47
202200035952,6.5,5.47
202200035953,7.13,9.45
202200035953,7.13,9.45
202200036042,7.68,21.69
202200036042,7.68,21.69
202200036042,7.68,21.69
202200036042,7.68,21.69
202200036141,4.29,30.02
202200036161,9.56,28.61
202200036269,2.79,38.23
202200036269,2.79,38.23
202200036325,9.86,24.28
202200036433,3.42,5.48
202200036433,3.42,5.48
202200036438,11.24,16.53
202200036438,11.24,16.53
202200036441,9.17,14.22
202200036441,9.17,14.22
202200036444,7.28,6.4
202200036902,7.74,15.34
202200037293,7.72,11.4
202200037419,2.51,30.26
202200037574,4.78,42.89
202200037658,6.89,10.17
202200037658,6.89,10.17
202200037855,2.51,5.8
202200037907,3.7,9.75
202200037907,3.7,9.75
202200037908,4.16,4.04
202200037909,4.21,2.95
202200037909,4.21,2.95
202200037909,4.21,2.95
202200038004,5.27,10.28
202200038004,5.27,10.28
202200038007,4.2,3.28
202200038007,4.2,3.28
202200038009,5.46,9.87
202200038009,5.46,9.87
202200038053,8.93,34.58
202200038053,8.93,34.58
202200038101,0.43,31.33
202200038101,0.43,31.33
202200038103,7.18,24.94
202200038103,7.18,24.94
202200038188,8.72,5.4
202200038188,8.72,5.4
202200038568,10.72,22.86
202200038579,5.58,4.87
202200038579,5.58,4.87
202200038579,5.58,4.87
202200038579,5.58,4.87
202200038579,5.58,4.87
202200038579,5.58,4.87
202200038582,9.75,37.1
202200038582,9.75,37.1
202200038582,9.75,37.1
202200038784,2.44,19.68
202200038784,2.44,19.68
202200038784,2.44,19.68
202200038849,17.61,16.52
202200038849,17.61,16.52
202200038849,17.61,16.52
202200038849,17.61,16.52
202200038980,4.99,12.71
202200038980,4.99,12.71
202200038980,4.99,12.71
202200039040,8.99,14.03
202200039040,8.99,14.03
202200039043,13.28,19.64
202200039043,13.28,19.64
202200039046,12.8,17.85
202200039046,12.8,17.85
202200039046,12.8,17.85
202200039046,12.8,17.85
202200039050,14.32,10.27
202200039050,14.32,10.27
202200039163,8.12,12.11
202200039163,8.12,12.11
202200039322,4.0,36.16
202200039323,7.72,15.56
202200039323,7.72,15.56
202200039436,7.35,12.92
202200039436,7.35,12.92
202200039436,7.35,12.92
202200039437,6.56,7.76
202200039437,6.56,7.76
202200039491,4.02,7.17
202200039491,4.02,7.17
202200039605,7.02,21.46
202200039606,8.71,14.0
202200039914,17.68,36.73
202200040089,5.52,2.53
202200040151,8.39,12.16
202200040151,8.39,12.16
202200040151,8.39,12.16
202200040151,8.39,12.16
202200040156,4.01,5.25
202200040156,4.01,5.25
202200040156,4.01,5.25
202200040160,3.44,6.08
202200040202,7.29,4.21
202200040202,7.29,4.21
202200040202,7.29,4.21
202200040203,4.47,8.12
202200040203,4.47,8.12
202200040203,4.47,8.12
202200040233,1.61,6.46
202200040233,1.61,6.46
202200040233,1.61,6.46
202200040235,5.31,7.84
202200040235,5.31,7.84
202200040238,2.77,4.71
202200040238,2.77,4.71
202200040242,3.79,6.32
202200040353,6.89,7.08
202200040353,6.89,7.08
202200040354,4.45,6.55
202200040354,4.45,6.55
202200040483,10.9,26.69
202200040483,10.9,26.69
202200040483,10.9,26.69
202200040582,6.68,11.7
202200040587,3.66,2.04
202200040587,3.66,2.04
202200040846,11.75,15.39
202200040846,11.75,15.39
202200040846,11.75,15.39
202200040859,2.53,29.96
202200040999,2.54,8.7
202200040999,2.54,8.7
202200041000,11.5,12.14
202200041000,11.5,12.14
202200041410,5.44,27.98
202200041410,5.44,27.98
202200041410,5.44,27.98
202200041576,10.27,15.31
202200041576,10.27,15.31
202200042018,11.29,18.15
202200042018,11.29,18.15
202200042331,5.6,0.8
202200042334,4.32,3.22
202200042334,4.32,3.22
202200042335,3.87,8.64
202200042335,3.87,8.64
202200042443,6.74,15.89
202200042443,6.74,15.89
202200042443,6.74,15.89
202200042443,6.74,15.89
202200042443,6.74,15.89
202200042443,6.74,15.89
202200042443,6.74,15.89
202200042443,6.74,15.89
202200042584,7.18,8.44
202200042584,7.18,8.44
202200042620,7.33,7.25
202200042620,7.33,7.25
202200042620,7.33,7.25
202200042620,7.33,7.25
202200043031,10.02,13.4
202200043031,10.02,13.4
202200043207,10.81,23.12
202200043207,10.81,23.12
202200043207,10.81,23.12
202200043207,10.81,23.12
202200043291,10.7,31.39
202200043291,10.7,31.39
202200043640,4.14,7.18
202200043640,4.14,7.18
202200043640,4.14,7.18
202200043780,5.95,7.16
202200043780,5.95,7.16
202200044046,7.23,12.53
202200044046,7.23,12.53
202200044046,7.23,12.53
202200044046,7.23,12.53
202200044046,7.23,12.53
202200044046,7.23,12.53
202200044047,4.11,3.99
202200044047,4.11,3.99
202200044049,7.14,5.02
202200044049,7.14,5.02
202200044125,5.33,7.35
202200044125,5.33,7.35
202200044127,6.28,9.06
202200044127,6.28,9.06
202200044482,2.73,30.03
202200044482,2.73,30.03
202200044609,8.32,8.2
202200044609,8.32,8.2
202200044615,4.57,4.2
202200044621,3.7,8.46
202200044621,3.7,8.46
202200044734,10.51,5.98
202200044734,10.51,5.98
202200044787,5.61,23.9
202200044787,5.61,23.9
202200044787,5.61,23.9
202200044787,5.61,23.9
202200044787,5.61,23.9
202200044886,2.38,22.4
202200044886,2.38,22.4
202200044900,12.61,21.05
202200044900,12.61,21.05
202200044900,12.61,21.05
202200044900,12.61,21.05
202200045014,3.26,10.02
202200045014,3.26,10.02
202200045014,3.26,10.02
202200045014,3.26,10.02
202200045014,3.26,10.02
202200045014,3.26,10.02
202200045017,9.7,14.97
202200045017,9.7,14.97
202200045093,2.72,26.9
202200045102,4.41,3.45
202200045106,0.28,7.16
202200045106,0.28,7.16
202200045194,12.66,20.51
202200045194,12.66,20.51
202200045281,6.52,2.57
202200045372,5.18,6.74
202200045372,5.18,6.74
202200045391,9.9,44.42
202200045451,5.79,6.25
202200045451,5.79,6.25
202200045451,5.79,6.25
202200045647,4.03,12.53
202200045647,4.03,12.53
202200045647,4.03,12.53
202200045647,4.03,12.53
202200045709,6.39,32.95
202200045709,6.39,32.95
202200045886,3.18,4.39
202200045969,2.4,4.46
202200045969,2.4,4.46
202200046093,9.98,9.39
202200046093,9.98,9.39
202200046118,4.34,6.65
202200046118,4.34,6.65
202200046118,4.34,6.65
202200046122,10.32,8.7
202200046122,10.32,8.7
202200046124,5.95,6.41
202200046124,5.95,6.41
202200046124,5.95,6.41
202200046126,7.25,8.51
202200046198,6.46,4.59
202200046198,6.46,4.59
202200046199,4.06,6.85
202200046199,4.06,6.85
202200046446,3.82,6.44
202200046446,3.82,6.44
202200046507,7.35,2.17
202200046507,7.35,2.17
202200046636,14.54,23.78
202200046817,3.18,26.85
202200046817,3.18,26.85
202200046817,3.18,26.85
202200046843,4.78,18.7
202200046843,4.78,18.7
202200046982,6.73,12.3
202200047168,6.37,9.2
202200047168,6.37,9.2
202200047171,4.18,3.01
202200047171,4.18,3.01
202200047215,11.66,25.54
202200047215,11.66,25.54
202200047259,8.75,22.63
202200047367,4.31,9.54
202200047367,4.31,9.54
202200047368,4.77,2.95
202200047368,4.77,2.95
202200047443,11.65,15.29
202200047945,3.17,11.68
202200047945,3.17,11.68
202200048295,7.14,12.41
202200048295,7.14,12.41
202200048295,7.14,12.41
202200048295,7.14,12.41
202200048295,7.14,12.41
202200048302,2.85,4.53
202200048302,2.85,4.53
202200048341,2.86,3.21
202200048341,2.86,3.21
202200048341,2.86,3.21
202200048453,4.92,4.38
202200048453,4.92,4.38
202200048453,4.92,4.38
202200048535,2.58,5.21
202200048535,2.58,5.21
202200048540,5.58,3.13
202200048540,5.58,3.13
202200048708,7.4,26.4
202200048708,7.4,26.4
202200048778,4.5,4.76
202200048778,4.5,4.76
202200048882,12.18,13.01
202200048882,12.18,13.01
202200049004,2.57,5.21
202200049004,2.57,5.21
202200049086,9.22,6.72
202200049086,9.22,6.72
202200049193,2.46,18.77
202200049193,2.46,18.77
202200049319,6.74,12.31
202200049319,6.74,12.31
202200049319,6.74,12.31
202200049319,6.74,12.31
202200049319,6.74,12.31
202200049320,3.39,4.74
202200049320,3.39,4.74
202200049345,6.78,14.4
202200049502,8.58,29.73
202200049502,8.58,29.73
202200049502,8.58,29.73
202200049502,8.58,29.73
202200049768,6.55,25.72
202200049902,4.72,9.74
202200049902,4.72,9.74
202200050042,3.63,2.79
202200050042,3.63,2.79
202200050056,3.61,2.47
202200050063,1.5,6.51
202200050063,1.5,6.51
202200050069,3.83,8.16
202200050069,3.83,8.16
202200050076,7.22,11.78
202200050076,7.22,11.78
202200050076,7.22,11.78
202200050099,5.26,23.71
202200050099,5.26,23.71
202200050192,4.74,7.89
202200050192,4.74,7.89
202200050192,4.74,7.89
202200050198,9.07,8.48
202200050206,2.5,4.34
202200050206,2.5,4.34
202200050501,8.3,4.88
202200050508,4.0,7.69
202200050508,4.0,7.69
202200050600,5.31,7.4
202200050600,5.31,7.4
202200050600,5.31,7.4
202200050609,12.75,18.32
202200050609,12.75,18.32
202200050609,12.75,18.32
202200050609,12.75,18.32
202200050609,12.75,18.32
202200050609,12.75,18.32
202200050706,6.88,10.0
202200050706,6.88,10.0
202200050714,8.01,13.05
202200050714,8.01,13.05
202200050727,10.61,11.37
202200050727,10.61,11.37
202200050727,10.61,11.37
202200050727,10.61,11.37
202200050926,8.21,3.68
202200050926,8.21,3.68
202200050988,9.05,9.68
202200050988,9.05,9.68
202200051083,15.17,16.1
202200051083,15.17,16.1
202200051190,7.24,2.52
202200051190,7.24,2.52
202200051190,7.24,2.52
202200051190,7.24,2.52
202200051190,7.24,2.52
202200051192,9.24,3.1
202200051192,9.24,3.1
202200051201,9.17,34.82
202200051201,9.17,34.82
202200051292,6.65,23.08
202200051482,12.09,20.31
202200051482,12.09,20.31
202200051482,12.09,20.31
202200051537,13.48,18.49
202200051537,13.48,18.49
202200051592,11.16,9.69
202200051592,11.16,9.69
202200051592,11.16,9.69
202200051597,7.66,13.45
202200051597,7.66,13.45
202200051597,7.66,13.45
202200052041,7.21,34.1
202200052041,7.21,34.1
202200052041,7.21,34.1
202200052607,9.21,22.52
202200052607,9.21,22.52
202200052607,9.21,22.52
202200052694,2.53,17.95
202200052694,2.53,17.95
202200052736,9.51,10.41
202200052747,3.92,3.8
202200052747,3.92,3.8
202200052756,4.31,5.97
202200052767,10.52,15.53
202200052767,10.52,15.53
202200052775,7.38,11.62
202200052786,3.95,5.79
202200052786,3.95,5.79
202200052797,5.14,7.32
202200052797,5.14,7.32
202200052804,0.8,24.99
202200052808,6.86,24.02
202200052852,4.31,7.17
202200052852,4.31,7.17
202200052860,9.68,8.06
202200052860,9.68,8.06
202200052860,9.68,8.06
202200052957,1.86,4.6
202200053293,7.71,8.54
202200053293,7.71,8.54
202200053579,3.56,4.39
202200053579,3.56,4.39
202200053585,4.75,9.76
202200053596,8.13,11.25
202200053729,7.24,33.9
202200053904,10.43,15.47
202200053904,10.43,15.47
202200053904,10.43,15.47
202200053904,10.43,15.47
202200053904,10.43,15.47
202200054063,14.1,24.03
202200054063,14.1,24.03
202200054172,2.83,22.7
202200054172,2.83,22.7
202200054441,12.21,24.35
202200054441,12.21,24.35
202200054441,12.21,24.35
202200054474,2.15,1.44
202200054474,2.15,1.44
202200054484,10.43,24.76
202200054484,10.43,24.76
202200054561,4.25,29.62
202200054677,4.64,9.87
202200054677,4.64,9.87
202200054688,9.46,8.89
202200054688,9.46,8.89
202200054700,8.3,8.3
202200054700,8.3,8.3
202200054700,8.3,8.3
202200054700,8.3,8.3
202200054700,8.3,8.3
202200054782,10.85,16.42
202200054782,10.85,16.42
202200054793,3.58,6.11
202200054793,3.58,6.11
202200055015,4.61,4.25
202200055015,4.61,4.25
202200055015,4.61,4.25
202200055023,7.52,12.79
202200055023,7.52,12.79
202200055029,1.01,5.86
202300000043,10.21,23.03
202300000043,10.21,23.03
202300000043,10.21,23.03
202300000043,10.21,23.03
202300000044,4.42,18.28
202300000044,4.42,18.28
202300000044,4.42,18.28
202300000044,4.42,18.28
202300000098,1.12,3.2
202300000098,1.12,3.2
202300000098,1.12,3.2
202300000098,1.12,3.2
202300000250,8.28,12.28
202300000250,8.28,12.28
202300000459,2.23,11.58
202300000459,2.23,11.58
202300000460,2.31,7.32
202300000461,4.64,2.41
202300000461,4.64,2.41
202300000463,6.6,15.1
202300000463,6.6,15.1
202300000505,10.32,15.3
202300000505,10.32,15.3
202300000505,10.32,15.3
202300000505,10.32,15.3
202300000527,3.31,2.97
202300000686,6.19,25.1
202300000687,6.14,31.14
202300000965,2.9,4.78
202300000978,9.81,23.02
202300000978,9.81,23.02
202300000978,9.81,23.02
202300000978,9.81,23.02
202300001117,3.38,6.33
202300001117,3.38,6.33
202300001379,8.17,32.21
202300001460,3.47,4.19
202300001601,4.34,10.16
202300001601,4.34,10.16
202300001601,4.34,10.16
202300001601,4.34,10.16
202300001810,8.21,13.77
202300001942,16.89,16.38
202300001942,16.89,16.38
202300002103,15.22,35.2
202300002103,15.22,35.2
202300002103,15.22,35.2
202300002103,15.22,35.2
202300002103,15.22,35.2
202300002103,15.22,35.2
202300002103,15.22,35.2
202300002103,15.22,35.2
202300002103,15.22,35.2
202300002205,3.06,24.14
202300002298,4.9,3.73
202300002300,7.84,6.72
202300002300,7.84,6.72
202300002300,7.84,6.72
202300002302,4.04,5.2
202300002302,4.04,5.2
202300002302,4.04,5.2
202300002360,5.98,11.02
202300002418,4.92,2.72
202300002418,4.92,2.72
202300002427,1.92,6.09
202300002427,1.92,6.09
202300002460,6.06,2.98
202300002460,6.06,2.98
202300002460,6.06,2.98
202300002460,6.06,2.98
202300002493,7.57,9.31
202300002493,7.57,9.31
202300002913,6.08,32.64
202300002913,6.08,32.64
202300002913,6.08,32.64
202300002913,6.08,32.64
202300002918,16.61,20.25
202300002918,16.61,20.25
202300002918,16.61,20.25
202300002918,16.61,20.25
202300002918,16.61,20.25
202300002918,16.61,20.25
202300002918,16.61,20.25
202300002918,16.61,20.25
202300002918,16.61,20.25
202300002926,1.14,20.26
202300003024,4.75,30.3
202300003024,4.75,30.3
202300003253,1.15,4.77
202300003253,1.15,4.77
202300003253,1.15,4.77
202300003253,1.15,4.77
202300003406,4.94,6.87
202300003406,4.94,6.87
202300003425,3.09,19.42
202300003612,9.36,35.09
202300003612,9.36,35.09
202300003715,5.5,3.54
202300003715,5.5,3.54
202300003716,8.06,11.7
202300003716,8.06,11.7
202300003744,10.67,16.16
202300003744,10.67,16.16
202300003802,1.27,3.34
202300003802,1.27,3.34
202300003804,6.57,5.53
202300003804,6.57,5.53
202300003870,6.13,11.14
202300003870,6.13,11.14
202300003967,7.29,27.24
202300003967,7.29,27.24
202300003969,13.67,14.13
202300003969,13.67,14.13
202300004064,5.66,26.91
202300004066,5.16,0.92
202300004066,5.16,0.92
202300004069,4.22,7.78
202300004069,4.22,7.78
202300004069,4.22,7.78
202300004069,4.22,7.78
202300004072,2.3,4.55
202300004075,7.14,9.32
202300004078,7.99,8.89
202300004454,11.88,10.2
202300004454,11.88,10.2
202300004454,11.88,10.2
202300004466,4.41,7.2
202300004569,12.11,26.36
202300004571,5.31,24.33
202300004635,4.56,7.71
202300004635,4.56,7.71
202300004951,3.86,15.08
202300004951,3.86,15.08
202300005245,2.64,29.94
202300005245,2.64,29.94
202300005245,2.64,29.94
202300005245,2.64,29.94
202300005245,2.64,29.94
202300005245,2.64,29.94
202300005245,2.64,29.94
202300005245,2.64,29.94
202300005245,2.64,29.94
202300005245,2.64,29.94
202300005245,2.64,29.94
202300005245,2.64,29.94
202300005245,2.64,29.94
202300005245,2.64,29.94
202300005245,2.64,29.94
202300005245,2.64,29.94
202300005312,9.34,8.74
202300005312,9.34,8.74
202300005313,5.14,1.52
202300005314,10.82,16.12
202300005452,2.91,6.6
202300005452,2.91,6.6
202300005452,2.91,6.6
202300005452,2.91,6.6
202300005556,7.56,11.24
202300005556,7.56,11.24
202300005556,7.56,11.24
202300005556,7.56,11.24
202300005559,6.48,7.69
202300005562,7.06,3.01
202300005562,7.06,3.01
202300005611,13.65,18.7
202300005611,13.65,18.7
202300005730,6.85,9.08
202300005730,6.85,9.08
202300005808,11.72,16.77
202300005808,11.72,16.77
202300005808,11.72,16.77
202300005808,11.72,16.77
202300005809,9.63,13.4
202300005809,9.63,13.4
202300005809,9.63,13.4
202300005842,2.15,8.48
202300005842,2.15,8.48
202300005940,1.59,23.88
202300005985,3.16,7.38
202300006078,4.58,7.72
202300006080,6.61,3.95
202300006080,6.61,3.95
202300006210,6.28,43.14
202300006286,2.72,4.32
202300006286,2.72,4.32
202300006286,2.72,4.32
202300006286,2.72,4.32
202300006291,3.98,13.15
202300006291,3.98,13.15
202300006297,3.81,5.52
202300006297,3.81,5.52
202300006297,3.81,5.52
202300006297,3.81,5.52
202300006297,3.81,5.52
202300006297,3.81,5.52
202300006300,6.53,10.48
202300006300,6.53,10.48
202300006300,6.53,10.48
202300006436,3.02,39.91
202300006436,3.02,39.91
202300006720,4.57,3.89
202300006720,4.57,3.89
202300006726,4.8,2.45
202300006735,5.49,4.9
202300006735,5.49,4.9
202300006735,5.49,4.9
202300006735,5.49,4.9
202300006907,3.54,18.37
202300006947,6.39,11.95
202300006947,6.39,11.95
202300006947,6.39,11.95
202300006947,6.39,11.95
202300006947,6.39,11.95
202300006947,6.39,11.95
202300006952,5.02,9.33
202300006952,5.02,9.33
202300006973,8.51,20.15
202300006973,8.51,20.15
202300007556,15.32,10.8
202300007556,15.32,10.8
202300007579,7.08,39.79
202300007579,7.08,39.79
202300007771,4.8,5.26
202300007771,4.8,5.26
202300007772,7.21,12.22
202300007772,7.21,12.22
202300007772,7.21,12.22
202300007772,7.21,12.22
202300007966,8.0,13.01
202300007966,8.0,13.01
202300007969,10.24,48.21
202300008060,9.49,52.9
202300008060,9.49,52.9
202300008239,6.98,12.0
202300008239,6.98,12.0
202300008242,3.79,5.86
202300008242,3.79,5.86
202300008242,3.79,5.86
202300008242,3.79,5.86
202300008246,6.05,9.01
202300008246,6.05,9.01
202300008246,6.05,9.01
202300008246,6.05,9.01
202300008248,4.28,2.66
202300008248,4.28,2.66
202300008342,8.98,36.19
202300008342,8.98,36.19
202300008342,8.98,36.19
202300008342,8.98,36.19
202300008350,15.78,27.93
202300008350,15.78,27.93
202300008427,1.69,30.04
202300008427,1.69,30.04
202300008427,1.69,30.04
202300008427,1.69,30.04
202300008427,1.69,30.04
202300008427,1.69,30.04
202300008613,13.04,17.47
202300008613,13.04,17.47
202300008639,11.66,10.18
202300008639,11.66,10.18
202300008639,11.66,10.18
202300008639,11.66,10.18
202300008644,10.58,4.44
202300008644,10.58,4.44
202300008661,17.34,20.98
202300008699,2.2,4.59
202300008699,2.2,4.59
202300008758,1.42,21.58
202300008758,1.42,21.58
202300008758,1.42,21.58
202300008947,9.0,43.52
202300009123,7.23,12.24
202300009123,7.23,12.24
202300009123,7.23,12.24
202300009123,7.23,12.24
202300009123,7.23,12.24
202300009272,7.59,1.45
202300009272,7.59,1.45
202300009272,7.59,1.45
202300009272,7.59,1.45
202300009273,3.43,8.44
202300009273,3.43,8.44
202300009333,11.32,23.46
202300009333,11.32,23.46
202300009399,7.36,9.15
202300009490,6.25,3.26
202300009503,7.54,8.74
202300009503,7.54,8.74
202300009576,2.78,7.83
202300009576,2.78,7.83
202300009576,2.78,7.83
202300009576,2.78,7.83
202300009576,2.78,7.83
202300009576,2.78,7.83
202300009578,3.53,3.22
202300009578,3.53,3.22
202300009578,3.53,3.22
202300009578,3.53,3.22
202300009593,7.02,2.33
202300009593,7.02,2.33
202300009593,7.02,2.33
202300009593,7.02,2.33
202300009720,7.0,8.51
202300009720,7.0,8.51
202300009720,7.0,8.51
202300009720,7.0,8.51
202300009720,7.0,8.51
202300009720,7.0,8.51
202300009720,7.0,8.51
202300009720,7.0,8.51
202300009720,7.0,8.51
202300009720,7.0,8.51
202300009722,7.23,9.55
202300009722,7.23,9.55
202300009722,7.23,9.55
202300009722,7.23,9.55
202300009723,5.78,4.89
202300009723,5.78,4.89
202300009725,4.27,7.06
202300009725,4.27,7.06
202300009725,4.27,7.06
202300009725,4.27,7.06
202300009786,6.37,3.2
202300009786,6.37,3.2
202300009906,2.97,21.32
202300009977,3.88,3.55
202300009977,3.88,3.55
202300009977,3.88,3.55
202300009977,3.88,3.55
202300009979,5.41,3.79
202300009979,5.41,3.79
202300009981,11.09,16.65
202300009981,11.09,16.65
202300009981,11.09,16.65
202300009981,11.09,16.65
202300010212,6.7,7.57
202300010212,6.7,7.57
202300010253,4.25,5.72
202300010321,13.53,13.35
202300010348,5.03,4.67
202300010348,5.03,4.67
202300010348,5.03,4.67
202300010348,5.03,4.67
202300010354,2.6,3.54
202300010354,2.6,3.54
202300010354,2.6,3.54
202300010354,2.6,3.54
202300010361,7.91,10.92
202300010361,7.91,10.92
202300010473,8.36,17.85
202300010473,8.36,17.85
202300010478,5.57,9.21
202300010478,5.57,9.21
202300010570,10.43,26.12
202300010802,11.24,22.82
202300011023,3.81,8.15
202300011023,3.81,8.15
202300011046,12.12,17.68
202300011046,12.12,17.68
202300011046,12.12,17.68
202300011046,12.12,17.68
202300011046,12.12,17.68
202300011046,12.12,17.68
202300011046,12.12,17.68
202300011046,12.12,17.68
202300011046,12.12,17.68
202300011046,12.12,17.68
202300011046,12.12,17.68
202300011046,12.12,17.68
202300011046,12.12,17.68
202300011046,12.12,17.68
202300011046,12.12,17.68
202300011046,12.12,17.68
202300011191,15.03,24.28
202300011342,2.52,4.6
202300011342,2.52,4.6
202300011373,6.82,4.47
202300011373,6.82,4.47
202300011373,6.82,4.47
202300011373,6.82,4.47
202300011373,6.82,4.47
202300011373,6.82,4.47
202300011373,6.82,4.47
202300011373,6.82,4.47
202300011457,8.83,15.38
202300011457,8.83,15.38
202300011457,8.83,15.38
202300011485,8.5,2.85
202300011485,8.5,2.85
202300011485,8.5,2.85
202300011485,8.5,2.85
202300011525,5.15,8.88
202300011525,5.15,8.88
202300011525,5.15,8.88
202300011525,5.15,8.88
202300011527,6.98,10.66
202300011527,6.98,10.66
202300011529,9.8,9.32
202300011532,4.86,2.0
202300011532,4.86,2.0
202300011534,3.13,2.77
202300011534,3.13,2.77
202300011536,11.97,9.3
202300011536,11.97,9.3
202300011590,7.62,21.5
202300011590,7.62,21.5
202300011673,4.89,1.56
202300011789,13.68,19.78
202300011789,13.68,19.78
202300011975,7.83,31.43
202300011975,7.83,31.43
202300011975,7.83,31.43
202300011980,13.71,19.59
202300011980,13.71,19.59
202300012167,9.36,18.22
202300012167,9.36,18.22
202300012167,9.36,18.22
202300012167,9.36,18.22
202300012258,8.11,11.8
202300012258,8.11,11.8
202300012538,4.13,12.83
202300012538,4.13,12.83
202300012538,4.13,12.83
202300012608,7.62,11.26
202300012608,7.62,11.26
202300012612,4.66,3.88
202300012651,4.53,4.99
202300012651,4.53,4.99
202300012651,4.53,4.99
202300012653,7.8,11.16
202300012653,7.8,11.16
202300012965,15.56,40.65
202300012965,15.56,40.65
202300012969,6.55,13.22
202300012976,3.74,5.06
202300012976,3.74,5.06
202300012976,3.74,5.06
202300012976,3.74,5.06
202300013200,7.95,0.93
202300013200,7.95,0.93
202300013200,7.95,0.93
202300013200,7.95,0.93
202300013427,11.09,36.13
202300013506,4.66,4.09
202300013506,4.66,4.09
202300013506,4.66,4.09
202300013506,4.66,4.09
202300013507,2.73,4.67
202300013507,2.73,4.67
202300013507,2.73,4.67
202300013507,2.73,4.67
202300013528,14.45,19.68
202300013528,14.45,19.68
202300013530,7.26,9.21
202300013534,14.45,19.68
202300013534,14.45,19.68
202300013534,14.45,19.68
202300013584,6.58,10.98
202300013584,6.58,10.98
202300013827,4.22,4.11
202300013828,5.83,5.24
202300013828,5.83,5.24
202300013828,5.83,5.24
202300013828,5.83,5.24
202300013828,5.83,5.24
202300013828,5.83,5.24
202300013829,2.66,1.71
202300013829,2.66,1.71
202300013829,2.66,1.71
202300013829,2.66,1.71
202300014082,13.84,20.42
202300014082,13.84,20.42
202300014088,2.6,37.36
202300014139,11.67,24.87
202300014139,11.67,24.87
202300014139,11.67,24.87
202300014139,11.67,24.87
202300014139,11.67,24.87
202300014139,11.67,24.87
202300014139,11.67,24.87
202300014139,11.67,24.87
202300014139,11.67,24.87
202300014139,11.67,24.87
202300014139,11.67,24.87
202300014139,11.67,24.87
202300014139,11.67,24.87
202300014139,11.67,24.87
202300014181,7.88,21.75
202300014332,6.99,10.12
202300014334,11.68,11.1
202300014335,4.56,10.04
202300014335,4.56,10.04
202300014335,4.56,10.04
202300014335,4.56,10.04
202300014337,7.14,12.7
202300014342,1.74,2.78
202300014342,1.74,2.78
202300014342,1.74,2.78
202300014346,6.37,5.77
202300014346,6.37,5.77
202300014350,2.28,1.84
202300014350,2.28,1.84
202300014400,10.81,14.68
202300014400,10.81,14.68
202300014537,3.73,34.1
202300014750,6.1,11.37
202300014750,6.1,11.37
202300014756,2.25,4.56
202300014756,2.25,4.56
202300014761,7.24,12.25
202300014761,7.24,12.25
202300014765,6.42,12.66
202300014770,2.83,4.42
202300014770,2.83,4.42
202300014770,2.83,4.42
202300014795,8.11,14.0
202300014795,8.11,14.0
202300014795,8.11,14.0
202300014795,8.11,14.0
202300014795,8.11,14.0
202300014795,8.11,14.0
202300014795,8.11,14.0
202300014795,8.11,14.0
202300014977,8.96,10.16
202300014977,8.96,10.16
202300014979,2.3,3.53
202300014979,2.3,3.53
202300014979,2.3,3.53
202300014979,2.3,3.53
202300014979,2.3,3.53
202300014979,2.3,3.53
202300015108,9.73,12.38
202300015108,9.73,12.38
202300015108,9.73,12.38
202300015108,9.73,12.38
202300015121,7.17,22.62
202300015123,1.5,34.58
202300015163,11.62,18.89
202300015183,9.38,19.05
202300015331,10.69,7.36
202300015331,10.69,7.36
202300015361,8.91,13.96
202300015362,1.22,5.35
202300015362,1.22,5.35
202300015363,3.44,5.18
202300015363,3.44,5.18
202300015363,3.44,5.18
202300015363,3.44,5.18
202300015417,8.99,12.27
202300015417,8.99,12.27
202300015417,8.99,12.27
202300015417,8.99,12.27
202300015420,4.44,31.0
202300015420,4.44,31.0
202300015420,4.44,31.0
202300015489,4.05,10.04
202300015489,4.05,10.04
202300015489,4.05,10.04
202300015489,4.05,10.04
202300015490,9.23,8.54
202300015550,6.1,2.94
202300015550,6.1,2.94
202300015550,6.1,2.94
202300015550,6.1,2.94
202300015550,6.1,2.94
202300015550,6.1,2.94
202300015732,4.49,2.68
202300015732,4.49,2.68
202300016144,3.52,6.06
202300016144,3.52,6.06
202300016144,3.52,6.06
202300016144,3.52,6.06
202300016144,3.52,6.06
202300016144,3.52,6.06
202300016144,3.52,6.06
202300016144,3.52,6.06
202300016144,3.52,6.06
202300016144,3.52,6.06
202300016148,2.82,4.05
202300016152,3.46,3.32
202300016152,3.46,3.32
202300016152,3.46,3.32
202300016152,3.46,3.32
202300016152,3.46,3.32
202300016152,3.46,3.32
202300016410,8.93,27.02
202300016410,8.93,27.02
202300016410,8.93,27.02
202300016592,3.73,13.87
202300016593,5.78,6.5
202300016593,5.78,6.5
202300016738,5.0,6.34
202300016742,6.1,5.73
202300016742,6.1,5.73
202300016742,6.1,5.73
202300016742,6.1,5.73
202300017036,8.84,12.22
202300017036,8.84,12.22
202300017036,8.84,12.22
202300017036,8.84,12.22
202300017036,8.84,12.22
202300017038,5.35,18.41
202300017038,5.35,18.41
202300017136,4.08,18.22
202300017136,4.08,18.22
202300017219,5.16,33.45
202300017410,2.82,11.94
202300017411,5.72,6.93
202300017411,5.72,6.93
202300017459,4.4,7.55
202300017459,4.4,7.55
202300017460,4.38,7.52
202300017460,4.38,7.52
202300017540,12.87,13.58
202300017540,12.87,13.58
202300017574,6.05,8.02
202300017597,6.81,4.54
202300017598,3.91,6.33
202300017690,5.63,3.4
202300017690,5.63,3.4
202300017823,8.11,3.06
202300017823,8.11,3.06
202300018023,2.96,7.97
202300018027,8.57,14.13
202300018027,8.57,14.13
202300018027,8.57,14.13
202300018027,8.57,14.13
202300018040,13.87,19.81
202300018040,13.87,19.81
202300018250,11.34,27.61
202300018256,3.77,12.27
202300018256,3.77,12.27
202300018256,3.77,12.27
202300018256,3.77,12.27
202300018308,2.7,21.98
202300018344,3.16,7.49
202300018344,3.16,7.49
202300018344,3.16,7.49
202300018344,3.16,7.49
202300018346,5.56,4.96
202300018346,5.56,4.96
202300018348,3.73,2.55
202300018348,3.73,2.55
202300018348,3.73,2.55
202300018348,3.73,2.55
202300018350,0.75,6.83
202300018350,0.75,6.83
202300018354,5.79,16.07
202300018354,5.79,16.07
202300018354,5.79,16.07
202300018354,5.79,16.07
202300018354,5.79,16.07
202300018354,5.79,16.07
202300018512,8.66,8.07
202300018512,8.66,8.07
202300018515,6.14,7.34
202300018598,4.02,6.6
202300018673,5.31,3.82
202300018943,1.52,11.49
202300019056,10.23,14.22
202300019056,10.23,14.22
202300019056,10.23,14.22
202300019056,10.23,14.22
202300019056,10.23,14.22
202300019056,10.23,14.22
202300019058,5.16,3.54
202300019058,5.16,3.54
202300019359,5.22,21.67
202300019359,5.22,21.67
202300019616,9.09,12.85
202300019655,12.62,26.54
202300019657,11.46,15.6
202300019657,11.46,15.6
202300019657,11.46,15.6
202300019657,11.46,15.6
202300019743,12.53,20.86
202300019743,12.53,20.86
202300019796,3.64,5.3
202300019796,3.64,5.3
202300019796,3.64,5.3
202300019796,3.64,5.3
202300019797,8.2,11.88
202300019797,8.2,11.88
202300019935,9.42,36.33
202300019935,9.42,36.33
202300019935,9.42,36.33
202300019935,9.42,36.33
202300020050,14.89,16.84
202300020121,5.12,9.2
202300020121,5.12,9.2
202300020121,5.12,9.2
202300020121,5.12,9.2
202300020121,5.12,9.2
202300020121,5.12,9.2
202300020121,5.12,9.2
202300020121,5.12,9.2
202300020121,5.12,9.2
202300020121,5.12,9.2
202300020350,4.4,6.69
202300020350,4.4,6.69
202300020350,4.4,6.69
202300020350,4.4,6.69
202300020353,6.37,14.88
202300020353,6.37,14.88
202300020397,4.4,24.76
202300020397,4.4,24.76
202300020397,4.4,24.76
202300020397,4.4,24.76
202300020397,4.4,24.76
202300020397,4.4,24.76
202300020415,11.94,8.93
202300020723,11.93,27.73
202300020772,11.2,16.25
202300020772,11.2,16.25
202300020772,11.2,16.25
202300020772,11.2,16.25
202300020777,5.5,10.16
202300020777,5.5,10.16
202300020791,3.94,2.87
202300020791,3.94,2.87
202300020791,3.94,2.87
202300020791,3.94,2.87
202300020797,2.13,7.94
202300020797,2.13,7.94
202300020797,2.13,7.94
202300020797,2.13,7.94
202300020803,1.58,4.71
202300020803,1.58,4.71
202300020803,1.58,4.71
202300020803,1.58,4.71
202300020831,5.12,22.79
202300020994,3.43,20.82
202300021065,3.45,7.58
202300021065,3.45,7.58
202300021065,3.45,7.58
202300021065,3.45,7.58
202300021068,5.83,9.3
202300021070,1.83,4.74
202300021070,1.83,4.74
202300021070,1.83,4.74
202300021070,1.83,4.74
202300021073,2.85,1.9
202300021073,2.85,1.9
202300021073,2.85,1.9
202300021073,2.85,1.9
202300021208,2.32,5.21
202300021208,2.32,5.21
202300021243,13.32,18.62
202300021248,2.68,25.68
202300021326,3.45,5.18
202300021326,3.45,5.18
202300021326,3.45,5.18
202300021326,3.45,5.18
202300021326,3.45,5.18
202300021326,3.45,5.18
202300021513,11.41,16.46
202300021513,11.41,16.46
202300021513,11.41,16.46
202300021513,11.41,16.46
202300021565,7.1,3.52
202300021565,7.1,3.52
202300021595,7.81,2.05
202300021595,7.81,2.05
202300021595,7.81,2.05
202300021639,6.33,16.0
202300021639,6.33,16.0
202300021639,6.33,16.0
202300021639,6.33,16.0
202300021681,2.33,2.75
202300021681,2.33,2.75
202300021871,11.52,17.09
202300021871,11.52,17.09
202300021871,11.52,17.09
202300021871,11.52,17.09
202300021872,2.75,5.06
202300021872,2.75,5.06
202300021872,2.75,5.06
202300021873,10.32,14.0
202300021874,7.04,6.6
202300021966,8.99,2.85
202300021966,8.99,2.85
202300021966,8.99,2.85
202300021966,8.99,2.85
202300022455,3.6,5.31
202300022455,3.6,5.31
202300022455,3.6,5.31
202300022455,3.6,5.31
202300022559,3.74,5.53
202300022559,3.74,5.53
202300022559,3.74,5.53
202300022559,3.74,5.53
202300022730,4.5,5.66
202300022730,4.5,5.66
202300022906,6.78,4.66
202300022906,6.78,4.66
202300022906,6.78,4.66
202300022906,6.78,4.66
202300022907,5.15,3.88
202300022907,5.15,3.88
202300022907,5.15,3.88
202300022907,5.15,3.88
202300023117,3.25,3.39
202300023117,3.25,3.39
202300023117,3.25,3.39
202300023117,3.25,3.39
202300023554,15.68,27.36
202300023554,15.68,27.36
202300023554,15.68,27.36
202300023554,15.68,27.36
202300023554,15.68,27.36
202300023554,15.68,27.36
202300023640,3.5,4.71
202300023640,3.5,4.71
202300023660,7.62,2.24
202300023660,7.62,2.24
202300023769,11.68,27.64
202300023769,11.68,27.64
202300023912,9.48,20.28
202300023912,9.48,20.28
202300023966,16.35,16.5
202300023969,9.23,9.93
202300023969,9.23,9.93
202300024003,4.4,1.77
202300024003,4.4,1.77
202300024048,6.48,10.12
202300024048,6.48,10.12
202300024055,4.55,4.05
202300024135,6.96,4.38
202300024135,6.96,4.38
202300024138,4.13,7.28
202300024138,4.13,7.28
202300024251,12.01,16.13
202300024326,9.24,9.24
202300024326,9.24,9.24
202300024404,7.31,8.62
202300024404,7.31,8.62
202300024465,4.0,9.44
202300024465,4.0,9.44
202300024465,4.0,9.44
202300024465,4.0,9.44
202300024585,0.44,7.14
202300024654,5.6,6.81
202300024657,11.99,11.4
202300024660,0.9,6.64
202300024662,5.77,7.95
202300024665,1.73,4.44
202300024665,1.73,4.44
202300024665,1.73,4.44
202300024665,1.73,4.44
202300024668,8.32,7.88
202300024668,8.32,7.88
202300024668,8.32,7.88
202300025007,9.38,14.39
202300025106,10.6,37.48
202300025106,10.6,37.48
202300025106,10.6,37.48
202300025106,10.6,37.48
202300025106,10.6,37.48
202300025106,10.6,37.48
202300025106,10.6,37.48
202300025106,10.6,37.48
202300025106,10.6,37.48
202300025106,10.6,37.48
202300025232,2.01,5.69
202300025232,2.01,5.69
202300025232,2.01,5.69
202300025232,2.01,5.69
202300025413,4.43,4.07
202300025413,4.43,4.07
202300025413,4.43,4.07
202300025413,4.43,4.07
202300025586,8.67,6.46
202300025586,8.67,6.46
202300025586,8.67,6.46
202300025588,6.78,5.81
202300025588,6.78,5.81
202300025588,6.78,5.81
202300025588,6.78,5.81
202300026080,7.41,15.03
202300026080,7.41,15.03
202300026080,7.41,15.03
202300026080,7.41,15.03
202300026080,7.41,15.03
202300026080,7.41,15.03
202300026208,11.97,17.43
202300026208,11.97,17.43
202300026208,11.97,17.43
202300026208,11.97,17.43
202300026208,11.97,17.43
202300026208,11.97,17.43
202300026320,2.9,30.07
202300026476,6.55,2.6
202300026479,4.07,5.33
202300026479,4.07,5.33
202300026479,4.07,5.33
202300026479,4.07,5.33
202300026485,4.72,9.77
202300026485,4.72,9.77
202300026545,1.13,6.14
202300026545,1.13,6.14
202300026545,1.13,6.14
202300026545,1.13,6.14
202300026545,1.13,6.14
202300026545,1.13,6.14
202300026598,4.14,45.72
202300026598,4.14,45.72
202300026701,4.42,17.7
202300026711,11.46,26.47
202300026771,4.4,5.12
202300026771,4.4,5.12
202300026771,4.4,5.12
202300026771,4.4,5.12
202300026771,4.4,5.12
202300026771,4.4,5.12
202300026782,10.5,8.73
202300026906,7.55,4.31
202300026906,7.55,4.31
202300026927,13.19,36.06
202300027045,11.04,16.6
202300027045,11.04,16.6
202300027045,11.04,16.6
202300027045,11.04,16.6
202300027046,7.09,12.36
202300027046,7.09,12.36
202300027046,7.09,12.36
202300027046,7.09,12.36
202300027046,7.09,12.36
202300027163,4.7,3.52
202300027163,4.7,3.52
202300027163,4.7,3.52
202300027163,4.7,3.52
202300027297,1.48,6.25
202300027298,3.53,1.92
202300027298,3.53,1.92
202300027298,3.53,1.92
202300027298,3.53,1.92
202300027299,4.12,4.39
202300027299,4.12,4.39
202300027300,1.84,4.38
202300027402,3.69,5.37
202300027402,3.69,5.37
202300027402,3.69,5.37
202300027402,3.69,5.37
202300027404,7.8,11.16
202300027404,7.8,11.16
202300027405,7.34,11.03
202300027405,7.34,11.03
202300027405,7.34,11.03
202300027405,7.34,11.03
202300027451,5.99,5.17
202300027451,5.99,5.17
202300027451,5.99,5.17
202300027451,5.99,5.17
202300027451,5.99,5.17
202300027451,5.99,5.17
202300027451,5.99,5.17
202300027451,5.99,5.17
202300027694,3.78,8.8
202300027966,7.05,7.19
202300027966,7.05,7.19
202300028067,3.95,25.3
202300028067,3.95,25.3
202300028195,6.93,6.74
202300028195,6.93,6.74
202300028195,6.93,6.74
202300028195,6.93,6.74
202300028372,1.2,3.28
202300028372,1.2,3.28
202300028375,7.69,11.37
202300028375,7.69,11.37
202300028379,2.9,12.45
202300028436,11.8,23.24
202300028436,11.8,23.24
202300028716,0.75,6.92
202300028810,8.24,23.18
202300028810,8.24,23.18
202300028847,6.39,4.58
202300028847,6.39,4.58
202300028879,4.6,6.52
202300028879,4.6,6.52
202300028906,1.82,4.74
202300028906,1.82,4.74
202300028906,1.82,4.74
202300028906,1.82,4.74
202300029092,6.87,10.51
202300029092,6.87,10.51
202300029162,0.81,16.85
202300029162,0.81,16.85
202300029162,0.81,16.85
202300029162,0.81,16.85
202300029164,19.86,23.5
202300029164,19.86,23.5
202300029231,5.77,3.27
202300029231,5.77,3.27
202300029446,2.66,26.11
202300029446,2.66,26.11
202300029446,2.66,26.11
202300029446,2.66,26.11
202300029584,8.09,24.48
202300029584,8.09,24.48
202300029595,14.13,14.97
202300029630,7.17,24.82
202300029630,7.17,24.82
202300029630,7.17,24.82
202300029630,7.17,24.82
202300029635,17.52,20.32
202300029635,17.52,20.32
202300029976,4.79,9.05
202300029976,4.79,9.05
202300029976,4.79,9.05
202300030147,5.94,7.15
202300030147,5.94,7.15
202300030186,2.88,5.51
202300030186,2.88,5.51
202300030186,2.88,5.51
202300030460,7.97,3.54
202300030460,7.97,3.54
202300030463,3.2,6.88
202300030463,3.2,6.88
202300030463,3.2,6.88
202300030463,3.2,6.88
202300030555,3.22,7.67
202300030555,3.22,7.67
202300030559,5.06,1.57
202300030559,5.06,1.57
202300030559,5.06,1.57
202300030559,5.06,1.57
202300030562,2.82,3.81
202300030562,2.82,3.81
202300030562,2.82,3.81
202300030564,6.15,9.67
202300030888,21.54,27.82
202300030888,21.54,27.82
202300030888,21.54,27.82
202300030891,7.87,10.99
202300031156,4.18,24.44
202300031219,1.77,6.61
202300031219,1.77,6.61
202300031219,1.77,6.61
202300031219,1.77,6.61
202300031220,5.37,6.75
202300031220,5.37,6.75
202300031263,5.04,4.12
202300031263,5.04,4.12
202300031340,6.07,10.06
202300031340,6.07,10.06
202300031471,9.1,13.77
202300031471,9.1,13.77
202300031472,1.92,2.34
202300031472,1.92,2.34
202300031595,7.07,5.55
202300031595,7.07,5.55
202300031595,7.07,5.55
202300031595,7.07,5.55
202300031603,8.01,4.59
202300031603,8.01,4.59
202300031603,8.01,4.59
202300031603,8.01,4.59
202300031603,8.01,4.59
202300031603,8.01,4.59
202300031606,8.36,4.41
202300031606,8.36,4.41
202300031606,8.36,4.41
202300031606,8.36,4.41
202300031657,7.19,26.03
202300031761,6.3,23.6
202300031761,6.3,23.6
202300031761,6.3,23.6
202300031761,6.3,23.6
202300031761,6.3,23.6
202300031784,6.26,9.65
202300031784,6.26,9.65
202300031784,6.26,9.65
202300031784,6.26,9.65
202300031848,15.53,23.42
202300032037,9.61,14.88
202300032040,8.0,13.26
202300032053,2.63,4.57
202300032053,2.63,4.57
202300032053,2.63,4.57
202300032053,2.63,4.57
202300032059,7.4,12.67
202300032059,7.4,12.67
202300032063,9.44,7.82
202300032063,9.44,7.82
202300032063,9.44,7.82
202300032066,3.34,11.6
202300032066,3.34,11.6
202300032318,4.88,7.37
202300032318,4.88,7.37
202300032378,4.32,2.64
202300032378,4.32,2.64
202300032383,3.04,4.63
202300032383,3.04,4.63
202300032427,12.69,24.41
202300032427,12.69,24.41
202300032599,8.72,34.56
202300032599,8.72,34.56
202300032599,8.72,34.56
202300032634,15.54,20.56
202300032634,15.54,20.56
202300032634,15.54,20.56
202300032634,15.54,20.56
202300032705,4.88,17.18
202300032705,4.88,17.18
202300032705,4.88,17.18
202300032705,4.88,17.18
202300032818,4.02,3.06
202300032818,4.02,3.06
202300032818,4.02,3.06
202300032818,4.02,3.06
202300032818,4.02,3.06
202300032851,5.99,5.26
202300032851,5.99,5.26
202300032851,5.99,5.26
202300032851,5.99,5.26
202300032851,5.99,5.26
202300032851,5.99,5.26
202300032908,4.99,4.28
202300032908,4.99,4.28
202300032908,4.99,4.28
202300032908,4.99,4.28
202300032909,7.29,2.52
202300032909,7.29,2.52
202300032909,7.29,2.52
202300032909,7.29,2.52
202300032909,7.29,2.52
202300032909,7.29,2.52
202300033299,2.44,3.67
202300033299,2.44,3.67
202300033408,5.11,3.92
202300033408,5.11,3.92
202300033603,1.41,16.79
202300033603,1.41,16.79
202300033684,10.19,4.06
202300033743,4.74,31.57
202300033743,4.74,31.57
202300033916,15.42,20.43
202300033916,15.42,20.43
202300033952,6.27,16.55
202300033952,6.27,16.55
202300033952,6.27,16.55
202300033983,5.39,10.66
202300033986,9.94,9.63
202300033989,4.92,13.42
202300034040,5.64,31.19
202300034040,5.64,31.19
202300034040,5.64,31.19
202300034040,5.64,31.19
202300034040,5.64,31.19
202300034040,5.64,31.19
202300034148,1.11,29.18
202300034148,1.11,29.18
202300034187,1.9,4.63
202300034187,1.9,4.63
202300034187,1.9,4.63
202300034187,1.9,4.63
202300034187,1.9,4.63
202300034187,1.9,4.63
202300034189,3.6,8.37
202300034226,2.28,4.6
202300034226,2.28,4.6
202300034226,2.28,4.6
202300034226,2.28,4.6
202300034258,2.48,25.85
202300034258,2.48,25.85
202300034332,8.23,1.64
202300034332,8.23,1.64
202300034332,8.23,1.64
202300034332,8.23,1.64
202300034442,0.96,5.81
202300034442,0.96,5.81
202300034474,5.29,9.24
202300034474,5.29,9.24
202300034474,5.29,9.24
202300034477,6.39,4.77
202300034477,6.39,4.77
202300034480,5.98,3.31
202300034480,5.98,3.31
202300034482,7.93,12.94
202300034482,7.93,12.94
202300034520,5.82,9.51
202300034520,5.82,9.51
202300034520,5.82,9.51
202300034520,5.82,9.51
202300034663,8.82,6.37
202300034663,8.82,6.37
202300034783,5.08,7.47
202300034893,5.99,32.65
202300034893,5.99,32.65
202300034893,5.99,32.65
202300035046,3.32,5.62
202300035046,3.32,5.62
202300035046,3.32,5.62
202300035046,3.32,5.62
202300035051,3.27,6.21
202300035051,3.27,6.21
202300035051,3.27,6.21
202300035063,5.46,9.87
202300035063,5.46,9.87
202300035063,5.46,9.87
202300035063,5.46,9.87
202300035136,7.48,1.34
202300035136,7.48,1.34
202300035136,7.48,1.34
202300035136,7.48,1.34
202300035313,5.18,1.36
202300035447,3.86,5.4
202300035447,3.86,5.4
202300035492,1.07,6.18
202300035492,1.07,6.18
202300035497,11.6,17.17
202300035497,11.6,17.17
202300035497,11.6,17.17
202300035497,11.6,17.17
202300035497,11.6,17.17
202300035497,11.6,17.17
202300035671,6.81,2.67
202300035671,6.81,2.67
202300035699,10.7,13.38
202300035699,10.7,13.38
202300035783,5.52,6.73
202300035783,5.52,6.73
202300035803,1.86,3.06
202300035803,1.86,3.06
202300035808,3.18,3.6
202300035808,3.18,3.6
202300035890,5.89,24.79
202300035939,8.16,4.84
202300035939,8.16,4.84
202300035944,8.13,3.04
202300035944,8.13,3.04
202300035944,8.13,3.04
202300036101,7.36,8.57
202300036101,7.36,8.57
202300036101,7.36,8.57
202300036101,7.36,8.57
202300036243,11.05,10.45
202300036361,5.66,28.6
202300036434,17.2,9.63
202300036434,17.2,9.63
202300036434,17.2,9.63
202300036434,17.2,9.63
202300036434,17.2,9.63
202300036434,17.2,9.63
202300036514,1.89,4.64
202300036717,2.32,4.95
202300036718,0.36,6.92
202300036718,0.36,6.92
202300036719,2.52,4.46
202300036719,2.52,4.46
202300036719,2.52,4.46
202300036719,2.52,4.46
202300036720,6.25,5.66
202300036720,6.25,5.66
202300036721,7.75,6.13
202300036721,7.75,6.13
202300036722,8.67,8.07
202300036722,8.67,8.07
202300036722,8.67,8.07
202300036722,8.67,8.07
202300036844,1.72,5.96
202300036844,1.72,5.96
202300036844,1.72,5.96
202300036844,1.72,5.96
202300036886,8.78,12.42
202300036886,8.78,12.42
202300036886,8.78,12.42
202300037050,13.35,17.14
202300037050,13.35,17.14
202300037194,14.72,47.38
202300037194,14.72,47.38
202300037214,7.86,9.81
202300037214,7.86,9.81
202300037236,5.41,2.34
202300037236,5.41,2.34
202300037237,5.18,2.09
202300037237,5.18,2.09
202300037237,5.18,2.09
202300037237,5.18,2.09
202300037237,5.18,2.09
202300037237,5.18,2.09
202300037237,5.18,2.09
202300037237,5.18,2.09
202300037253,6.71,6.34
202300037253,6.71,6.34
202300037279,2.13,5.82
202300037279,2.13,5.82
202300037318,9.12,31.98
202300037318,9.12,31.98
202300037318,9.12,31.98
202300037318,9.12,31.98
202300037662,7.37,8.2
202300037662,7.37,8.2
202300037662,7.37,8.2
202300037662,7.37,8.2
202300037662,7.37,8.2
202300037662,7.37,8.2
202300037664,8.8,2.66
202300037664,8.8,2.66
202300037668,4.81,4.45
202300037668,4.81,4.45
202300037718,9.97,6.64
202300037786,9.41,4.2
202300037869,9.04,7.52
202300037877,9.66,32.53
202300037877,9.66,32.53
202300038019,2.56,5.19
202300038019,2.56,5.19
202300038019,2.56,5.19
202300038019,2.56,5.19
202300038266,12.0,15.64
202300038266,12.0,15.64
202300038470,8.01,28.3
202300038809,11.49,18.78
202300038809,11.49,18.78
202300038809,11.49,18.78
202300038809,11.49,18.78
202300038929,5.11,0.86
202300038929,5.11,0.86
202300039002,7.92,2.97
202300039003,8.4,1.79
202300039003,8.4,1.79
202300039191,9.22,14.49
202300039191,9.22,14.49
202300039191,9.22,14.49
202300039265,2.24,6.87
202300039265,2.24,6.87
202300039339,4.39,9.4
202300039339,4.39,9.4
202300039339,4.39,9.4
202300039446,1.85,6.86
202300039446,1.85,6.86
202300039449,3.16,2.8
202300039449,3.16,2.8
202300039449,3.16,2.8
202300039449,3.16,2.8
202300039451,3.51,8.52
202300039453,6.59,9.56
202300039783,2.91,4.75
202300039783,2.91,4.75
202300039783,2.91,4.75
202300039783,2.91,4.75
202300039786,3.53,6.86
202300039786,3.53,6.86
202300039786,3.53,6.86
202300039786,3.53,6.86
202300039916,13.97,18.98
202300039916,13.97,18.98
202300039918,5.74,28.85
202300040011,12.76,8.72
202300040274,13.85,14.3
202300040274,13.85,14.3
202300040274,13.85,14.3
202300040274,13.85,14.3
202300040478,3.22,10.99
202300040508,4.92,9.93
202300040511,4.78,7.09
202300040511,4.78,7.09
202300040511,4.78,7.09
202300040511,4.78,7.09
202300040576,0.88,5.89
202300040576,0.88,5.89
202300040576,0.88,5.89
202300040576,0.88,5.89
202300040576,0.88,5.89
202300040576,0.88,5.89
202300040576,0.88,5.89
202300040576,0.88,5.89
202300040576,0.88,5.89
202300040576,0.88,5.89
202300040576,0.88,5.89
202300040576,0.88,5.89
202300040577,10.81,15.86
202300040577,10.81,15.86
202300040580,15.6,16.43
202300040580,15.6,16.43
202300040704,5.54,4.95
202300040704,5.54,4.95
202300040704,5.54,4.95
202300040704,5.54,4.95
202300040704,5.54,4.95
202300040704,5.54,4.95
202300040705,2.2,6.84
202300040705,2.2,6.84
202300040706,2.27,5.22
202300040706,2.27,5.22
202300040706,2.27,5.22
202300040706,2.27,5.22
202300040747,7.99,35.2
202300040747,7.99,35.2
202300040747,7.99,35.2
202300040928,8.73,2.6
202300040928,8.73,2.6
202300040928,8.73,2.6
202300040928,8.73,2.6
202300040993,5.04,3.51
202300040993,5.04,3.51
202300040993,5.04,3.51
202300040993,5.04,3.51
202300040995,4.56,6.22
202300041163,6.64,12.35
202300041163,6.64,12.35
202300041163,6.64,12.35
202300041190,10.15,35.99
202300041190,10.15,35.99
202300041190,10.15,35.99
202300041190,10.15,35.99
202300041190,10.15,35.99
202300041516,15.14,15.6
202300041638,2.67,4.05
202300041640,3.8,5.11
202300041640,3.8,5.11
202300041710,3.1,5.98
202300041710,3.1,5.98
202300041710,3.1,5.98
202300041710,3.1,5.98
202300041710,3.1,5.98
202300041710,3.1,5.98
202300041714,6.44,8.72
202300041714,6.44,8.72
202300041714,6.44,8.72
202300041714,6.44,8.72
202300041716,7.72,11.28
202300041716,7.72,11.28
202300041716,7.72,11.28
202300041716,7.72,11.28
202300041799,4.5,27.76
202300041925,4.89,9.59
202300041925,4.89,9.59
202300041925,4.89,9.59
202300041925,4.89,9.59
202300042117,13.5,18.51
202300042222,10.04,19.61
202300042222,10.04,19.61
202300042269,11.26,16.45
202300042423,8.66,8.07
202300042423,8.66,8.07
202300042423,8.66,8.07
202300042423,8.66,8.07
202300042423,8.66,8.07
202300042423,8.66,8.07
202300042423,8.66,8.07
202300042423,8.66,8.07
202300042423,8.66,8.07
202300042423,8.66,8.07
202300042430,3.66,6.47
202300042430,3.66,6.47
202300042693,4.57,3.97
202300042693,4.57,3.97
202300042693,4.57,3.97
202300042693,4.57,3.97
202300042705,11.52,9.0
202300042705,11.52,9.0
202300042768,7.12,9.86
202300042768,7.12,9.86
202300043073,1.24,3.31
202300043073,1.24,3.31
202300043073,1.24,3.31
202300043073,1.24,3.31
202300043075,5.22,7.3
202300043075,5.22,7.3
202300043077,3.6,8.62
202300043077,3.6,8.62
202300043077,3.6,8.62
202300043109,8.66,13.7
202300043110,12.05,10.43
202300043280,8.6,4.07
202300043280,8.6,4.07
202300043500,3.02,10.96
202300043500,3.02,10.96
202300043661,3.83,8.16
202300043661,3.83,8.16
202300043661,3.83,8.16
202300043661,3.83,8.16
202300043663,1.12,2.4
202300043663,1.12,2.4
202300043812,1.71,5.74
202300043812,1.71,5.74
202300043915,7.82,41.71
202300043915,7.82,41.71
202300044094,4.01,2.96
202300044094,4.01,2.96
202300044094,4.01,2.96
202300044094,4.01,2.96
202300044097,1.74,6.75
202300044100,10.02,9.15
202300044100,10.02,9.15
202300044100,10.02,9.15
202300044104,6.98,7.43
202300044104,6.98,7.43
202300044104,6.98,7.43
202300044104,6.98,7.43
202300044107,8.9,9.36
202300044107,8.9,9.36
202300044107,8.9,9.36
202300044107,8.9,9.36
202300044122,7.46,12.5
202300044122,7.46,12.5
202300044232,1.68,5.37
202300044232,1.68,5.37
202300044232,1.68,5.37
202300044232,1.68,5.37
202300044389,4.27,30.91
202300044437,1.7,6.71
202300044437,1.7,6.71
202300044583,9.46,8.86
202300044583,9.46,8.86
202300044828,0.45,26.54
202300044828,0.45,26.54
202300044828,0.45,26.54
202300044828,0.45,26.54
202300044885,4.59,7.21
202300044885,4.59,7.21
202300044923,13.09,26.24
202300045070,4.81,22.72
202300045221,11.26,12.18
202300045221,11.26,12.18
202300045221,11.26,12.18
202300045544,4.3,7.45
202300045544,4.3,7.45
202300045544,4.3,7.45
202300045544,4.3,7.45
202300045544,4.3,7.45
202300045544,4.3,7.45
202300045545,9.88,5.35
202300045545,9.88,5.35
202300045545,9.88,5.35
202300045545,9.88,5.35
202300045872,4.53,5.87
202300045872,4.53,5.87
202300045875,5.11,9.21
202300045875,5.11,9.21
202300045875,5.11,9.21
202300045875,5.11,9.21
202300045905,5.09,23.46
202300045905,5.09,23.46
202300045905,5.09,23.46
202300045905,5.09,23.46
202300046028,5.66,31.62
202300046088,3.82,6.96
202300046088,3.82,6.96
202300046093,4.22,6.04
202300046093,4.22,6.04
202300046155,13.04,18.77
202300046161,4.08,17.46
202300046165,7.26,21.54
202300046165,7.26,21.54
202300046168,4.64,10.4
202300046168,4.64,10.4
202300046216,7.85,13.12
202300046221,3.66,5.49
202300046221,3.66,5.49
202300046221,3.66,5.49
202300046221,3.66,5.49
202300046221,3.66,5.49
202300046221,3.66,5.49
202300046221,3.66,5.49
202300046221,3.66,5.49
202300046222,5.13,10.68
202300046233,2.48,3.24
202300046237,0.88,33.64
202300046237,0.88,33.64
202300046237,0.88,33.64
202300046237,0.88,33.64
202300046294,8.37,5.88
202300046294,8.37,5.88
202300046294,8.37,5.88
202300046294,8.37,5.88
202300046380,6.1,4.75
202300046380,6.1,4.75
202300046546,4.91,48.79
202300046664,4.67,14.63
202300046664,4.67,14.63
202300046680,8.54,52.52
202300046757,3.47,26.15
202300046757,3.47,26.15
202300046776,1.29,3.37
202300046948,12.61,11.62
202300047158,7.15,9.1
202300047191,5.71,4.68
202300047192,5.64,8.71
202300047192,5.64,8.71
202300047360,2.6,5.23
202300047360,2.6,5.23
202300047360,2.6,5.23
202300047360,2.6,5.23
202300047362,3.27,4.82
202300047362,3.27,4.82
202300047362,3.27,4.82
202300047365,2.25,6.26
202300047365,2.25,6.26
202300047365,2.25,6.26
202300047365,2.25,6.26
202300047451,5.31,3.44
202300047540,12.69,13.53
202300047540,12.69,13.53
202300047656,5.98,8.4
202300047656,5.98,8.4
202300047656,5.98,8.4
202300047656,5.98,8.4
202300047845,11.85,17.12
202300047845,11.85,17.12
202300047845,11.85,17.12
202300047845,11.85,17.12
202300047918,5.88,10.89
202300047918,5.88,10.89
202300047918,5.88,10.89
202300047918,5.88,10.89
202300047918,5.88,10.89
202300047918,5.88,10.89
202300047935,9.5,13.6
202300047935,9.5,13.6
202300047935,9.5,13.6
202300047935,9.5,13.6
202300047935,9.5,13.6
202300047937,3.97,28.76
202300047937,3.97,28.76
202300048269,8.15,8.32
202300048269,8.15,8.32
202300048271,5.49,10.96
202300048271,5.49,10.96
202300048271,5.49,10.96
202300048271,5.49,10.96
202300048274,9.39,14.44
202300048274,9.39,14.44
202300048304,4.34,4.7
202300048304,4.34,4.7
202300048304,4.34,4.7
202300048375,8.37,13.42
202300048375,8.37,13.42
202300048378,3.6,5.31
202300048378,3.6,5.31
202300048378,3.6,5.31
202300048378,3.6,5.31
202300048380,3.0,8.01
202300048380,3.0,8.01
202300048386,5.84,5.24
202300048386,5.84,5.24
202300048386,5.84,5.24
202300048386,5.84,5.24
202300048602,5.11,19.03
202300048602,5.11,19.03
202300048602,5.11,19.03
202300048602,5.11,19.03
202300048602,5.11,19.03
202300048636,3.94,5.1
202300048636,3.94,5.1
202300048899,17.93,16.83
202300048996,19.86,23.5
202300049022,8.89,29.98
202300049093,5.62,1.04
202300049093,5.62,1.04
202300049093,5.62,1.04
202300049560,5.82,5.22
202300049560,5.82,5.22
202300049563,7.67,13.23
202300049563,7.67,13.23
202300049674,5.23,4.56
202300049686,4.09,9.31
202300049686,4.09,9.31
202300049689,8.12,7.24
202300049692,3.32,3.02
202300049700,7.04,6.17
202300049700,7.04,6.17
202300049700,7.04,6.17
202300049700,7.04,6.17
202300049707,7.56,12.86
202300049707,7.56,12.86
202300049711,3.73,2.11
202300049714,5.76,12.01
202300049726,6.44,9.8
202300049726,6.44,9.8
202300049726,6.44,9.8
202300049731,11.04,7.0
202300049731,11.04,7.0
202300049731,11.04,7.0
202300049731,11.04,7.0
202300049735,5.41,7.78
202300049735,5.41,7.78
202300049735,5.41,7.78
202300049735,5.41,7.78
202300049740,1.87,7.92
202300049740,1.87,7.92
202300049747,4.06,12.33
202300049754,4.79,2.12
202300049754,4.79,2.12
202300049754,4.79,2.12
202300049754,4.79,2.12
202300049885,11.37,24.68
202300049885,11.37,24.68
202300049885,11.37,24.68
202300049938,8.04,4.62
202300049938,8.04,4.62
202300049938,8.04,4.62
202300049938,8.04,4.62
202300049986,3.28,6.71
202300049986,3.28,6.71
202300050241,4.48,2.04
202300050241,4.48,2.04
202300050386,6.87,9.72
202300050504,7.56,7.86
202300050504,7.56,7.86
202300050893,6.15,11.16
202300050956,0.86,7.02
202300050956,0.86,7.02
202300050956,0.86,7.02
202300050956,0.86,7.02
202300051407,2.84,3.48
202300051681,10.7,10.5
202300051681,10.7,10.5
202300051681,10.7,10.5
202300051681,10.7,10.5
202300051855,12.98,23.88
202300051950,9.51,14.56
202300051960,1.44,2.68
202300051960,1.44,2.68
202300052088,8.51,8.65
202300052088,8.51,8.65
202300052088,8.51,8.65
202300052088,8.51,8.65
202300052088,8.51,8.65
202300052088,8.51,8.65
202300052126,16.16,26.32
202300052391,3.11,5.57
202300052391,3.11,5.57
202300052391,3.11,5.57
202300052391,3.11,5.57
202300052591,3.72,5.51
202300052591,3.72,5.51
202300052591,3.72,5.51
202300052591,3.72,5.51
202300052597,4.67,4.59
202300052597,4.67,4.59
202300052601,4.89,4.34
202300052601,4.89,4.34
202300052601,4.89,4.34
202300052601,4.89,4.34
202300052660,6.69,2.74
202300052660,6.69,2.74
202300052784,3.93,2.02
202300052784,3.93,2.02
202300052920,3.98,32.62
202300052920,3.98,32.62
202300053584,2.51,6.97
202300053584,2.51,6.97
202300053584,2.51,6.97
202300053584,2.51,6.97
202300053584,2.51,6.97
202300053584,2.51,6.97
202300053650,4.83,4.46
202300053650,4.83,4.46
202300053650,4.83,4.46
202300053682,5.69,4.65
202300053719,3.32,30.38
202300053719,3.32,30.38
202300053719,3.32,30.38
202300053934,5.13,2.17
202300054091,5.12,24.09
202300054156,11.83,46.17
202300054156,11.83,46.17
202300054191,5.93,4.68
202300054191,5.93,4.68
202300054329,9.7,20.1
202300054329,9.7,20.1
202300054422,10.83,26.76
202300054422,10.83,26.76
202300054597,6.95,18.03
202300054597,6.95,18.03
202300054604,3.64,3.96
202300054604,3.64,3.96
202300054622,13.49,17.12
202300054703,7.56,16.52
202300054703,7.56,16.52
202300054746,5.99,6.37
202300054746,5.99,6.37
202300054746,5.99,6.37
202300054746,5.99,6.37
202400000165,9.4,27.8
202400000165,9.4,27.8
202400000165,9.4,27.8
202400000515,5.47,3.68
202400000515,5.47,3.68
202400000515,5.47,3.68
202400000688,2.3,6.93
202400000690,3.18,4.78
202400000692,3.81,5.52
202400000692,3.81,5.52
202400000692,3.81,5.52
202400000692,3.81,5.52
202400000692,3.81,5.52
202400000692,3.81,5.52
202400000771,2.64,36.52
202400000779,2.84,6.52
202400000779,2.84,6.52
202400000779,2.84,6.52
202400000779,2.84,6.52
202400000939,3.63,2.65
202400000940,3.49,7.45
202400001000,6.7,31.56
202400001004,7.99,11.92
202400001004,7.99,11.92
202400001004,7.99,11.92
202400001004,7.99,11.92
202400001006,10.79,15.8
202400001006,10.79,15.8
202400001006,10.79,15.8
202400001006,10.79,15.8
202400001160,7.84,3.88
202400001160,7.84,3.88
202400001160,7.84,3.88
202400001232,3.47,21.1
202400001343,11.2,16.25
202400001343,11.2,16.25
202400001343,11.2,16.25
202400001343,11.2,16.25
202400001345,5.06,5.34
202400001347,2.1,4.17
202400001347,2.1,4.17
202400001363,8.34,22.18
202400001363,8.34,22.18
202400001620,9.45,13.09
202400001708,5.25,11.17
202400001853,3.98,6.28
202400001853,3.98,6.28
202400001853,3.98,6.28
202400001853,3.98,6.28
202400001853,3.98,6.28
202400002016,6.88,24.17
202400002016,6.88,24.17
202400002119,5.17,10.22
202400002119,5.17,10.22
202400002119,5.17,10.22
202400002119,5.17,10.22
202400002123,3.72,7.75
202400002123,3.72,7.75
202400002123,3.72,7.75
202400002123,3.72,7.75
202400002150,11.58,12.29
202400002150,11.58,12.29
202400002200,6.44,29.24
202400002200,6.44,29.24
202400002200,6.44,29.24
202400002264,9.23,3.1
202400002264,9.23,3.1
202400002264,9.23,3.1
202400002264,9.23,3.1
202400002266,7.64,5.41
202400002266,7.64,5.41
202400002266,7.64,5.41
202400002266,7.64,5.41
202400002352,5.61,8.86
202400002352,5.61,8.86
202400002352,5.61,8.86
202400002352,5.61,8.86
202400002414,8.36,16.18
202400002414,8.36,16.18
202400002414,8.36,16.18
202400002432,0.66,37.65
202400002432,0.66,37.65
202400002432,0.66,37.65
202400002432,0.66,37.65
202400002432,0.66,37.65
202400002435,0.9,23.32
202400002435,0.9,23.32
202400002677,5.01,15.24
202400002677,5.01,15.24
202400002678,3.81,25.81
202400002704,5.77,47.51
202400002704,5.77,47.51
202400002704,5.77,47.51
202400002704,5.77,47.51
202400003070,1.18,33.09
202400003070,1.18,33.09
202400003102,4.59,8.65
202400003102,4.59,8.65
202400003102,4.59,8.65
202400003102,4.59,8.65
202400003102,4.59,8.65
202400003102,4.59,8.65
202400003102,4.59,8.65
202400003102,4.59,8.65
202400003180,9.58,6.0
202400003180,9.58,6.0
202400003180,9.58,6.0
202400003180,9.58,6.0
202400003223,5.07,3.17
202400003223,5.07,3.17
202400003223,5.07,3.17
202400003223,5.07,3.17
202400003223,5.07,3.17
202400003223,5.07,3.17
202400003246,0.27,7.17
202400003246,0.27,7.17
202400003246,0.27,7.17
202400003246,0.27,7.17
202400003248,3.28,3.38
202400003248,3.28,3.38
202400003248,3.28,3.38
202400003248,3.28,3.38
202400003249,4.77,2.95
202400003251,1.93,7.74
202400003251,1.93,7.74
202400003251,1.93,7.74
202400003251,1.93,7.74
202400003253,11.22,16.79
202400003253,11.22,16.79
202400003253,11.22,16.79
202400003253,11.22,16.79
202400003841,6.12,12.19
202400003841,6.12,12.19
202400003860,8.95,23.15
202400003860,8.95,23.15
202400003861,4.83,28.64
202400003862,6.49,32.04
202400003862,6.49,32.04
202400003862,6.49,32.04
202400004017,2.74,3.6
202400004017,2.74,3.6
202400004019,5.25,3.63
202400004019,5.25,3.63
202400004342,1.51,29.71
202400004362,3.02,31.89
202400004362,3.02,31.89
202400004517,9.0,4.34
202400004517,9.0,4.34
202400004519,3.38,6.7
202400004519,3.38,6.7
202400004519,3.38,6.7
202400004519,3.38,6.7
202400004519,3.38,6.7
202400004519,3.38,6.7
202400004950,7.96,2.85
202400004950,7.96,2.85
202400004950,7.96,2.85
202400004950,7.96,2.85
202400005014,9.05,6.9
202400005014,9.05,6.9
202400005062,4.86,24.98
202400005079,3.39,12.57
202400005079,3.39,12.57
202400005080,2.14,8.22
202400005080,2.14,8.22
202400005136,5.88,10.1
202400005136,5.88,10.1
202400005136,5.88,10.1
202400005136,5.88,10.1
202400005137,6.53,3.11
202400005137,6.53,3.11
202400005137,6.53,3.11
202400005137,6.53,3.11
202400005137,6.53,3.11
202400005137,6.53,3.11
202400005410,2.83,6.52
202400005410,2.83,6.52
202400005410,2.83,6.52
202400005410,2.83,6.52
202400005474,9.72,8.46
202400005474,9.72,8.46
202400005474,9.72,8.46
202400005536,2.46,7.47
202400005536,2.46,7.47
202400005536,2.46,7.47
202400005536,2.46,7.47
202400005538,7.61,12.66
202400005538,7.61,12.66
202400005540,6.88,5.26
202400005540,6.88,5.26
202400005542,2.3,6.93
202400005542,2.3,6.93
202400005542,2.3,6.93
202400005542,2.3,6.93
202400005544,6.92,9.28
202400005544,6.92,9.28
202400005601,5.31,1.93
202400005601,5.31,1.93
202400005601,5.31,1.93
202400005601,5.31,1.93
202400005601,5.31,1.93
202400005601,5.31,1.93
202400005601,5.31,1.93
202400005601,5.31,1.93
202400005603,8.58,4.06
202400005603,8.58,4.06
202400005753,12.51,13.14
202400005753,12.51,13.14
202400005753,12.51,13.14
202400005980,3.98,8.99
202400006117,0.62,20.2
202400006117,0.62,20.2
202400006124,14.34,26.5
202400006124,14.34,26.5
202400006374,3.26,7.57
202400006374,3.26,7.57
202400006512,9.06,2.92
202400006512,9.06,2.92
202400006562,5.14,6.36
202400006562,5.14,6.36
202400006630,2.42,4.84
202400006630,2.42,4.84
202400006633,1.8,5.94
202400006633,1.8,5.94
202400006633,1.8,5.94
202400006633,1.8,5.94
202400006671,7.77,17.27
202400006722,7.89,4.47
202400006722,7.89,4.47
202400006922,7.52,3.82
202400006922,7.52,3.82
202400006922,7.52,3.82
202400006937,2.39,14.84
202400006937,2.39,14.84
202400006937,2.39,14.84
202400006937,2.39,14.84
202400006995,3.03,6.72
202400006995,3.03,6.72
202400007238,1.87,7.93
202400007238,1.87,7.93
202400007238,1.87,7.93
202400007238,1.87,7.93
202400007238,1.87,7.93
202400007238,1.87,7.93
202400007238,1.87,7.93
202400007238,1.87,7.93
202400007238,1.87,7.93
202400007238,1.87,7.93
202400007238,1.87,7.93
202400007238,1.87,7.93
202400007240,5.51,3.63
202400007240,5.51,3.63
202400007241,5.0,6.21
202400007241,5.0,6.21
202400007313,9.88,5.36
202400007313,9.88,5.36
202400007313,9.88,5.36
202400007313,9.88,5.36
202400007376,4.85,48.47
202400007686,5.41,10.42
202400007687,10.48,16.05
202400007687,10.48,16.05
202400007687,10.48,16.05
202400007687,10.48,16.05
202400007821,2.84,6.53
202400007821,2.84,6.53
202400007821,2.84,6.53
202400007821,2.84,6.53
202400007916,4.25,5.56
202400007916,4.25,5.56
202400007966,5.09,24.5
202400007966,5.09,24.5
202400007966,5.09,24.5
202400007966,5.09,24.5
202400007966,5.09,24.5
202400008074,7.21,1.82
202400008074,7.21,1.82
202400008074,7.21,1.82
202400008074,7.21,1.82
202400008074,7.21,1.82
202400008074,7.21,1.82
202400008078,6.1,2.94
202400008078,6.1,2.94
202400008078,6.1,2.94
202400008078,6.1,2.94
202400008193,5.04,8.92
202400008193,5.04,8.92
202400008196,6.09,9.58
202400008196,6.09,9.58
202400008199,7.26,6.39
202400008223,7.54,16.55
202400008223,7.54,16.55
202400008223,7.54,16.55
202400008525,3.68,4.96
202400008525,3.68,4.96
202400008525,3.68,4.96
202400008772,6.74,11.75
202400008772,6.74,11.75
202400008772,6.74,11.75
202400008772,6.74,11.75
202400008772,6.74,11.75
202400008772,6.74,11.75
202400008774,15.52,21.09
202400008776,4.85,9.6
202400008776,4.85,9.6
202400008776,4.85,9.6
202400008776,4.85,9.6
202400008902,8.7,18.93
202400008902,8.7,18.93
202400008903,3.83,7.47
202400008903,3.83,7.47
202400008904,2.04,20.42
202400008904,2.04,20.42
202400008904,2.04,20.42
202400008904,2.04,20.42
202400008904,2.04,20.42
202400008904,2.04,20.42
202400008904,2.04,20.42
202400008904,2.04,20.42
202400008905,6.27,14.5
202400008905,6.27,14.5
202400009178,6.93,4.06
202400009178,6.93,4.06
202400009196,13.62,47.7
202400009247,0.76,29.08
202400009247,0.76,29.08
202400009247,0.76,29.08
202400009247,0.76,29.08
202400009294,6.01,3.34
202400009294,6.01,3.34
202400009294,6.01,3.34
202400009294,6.01,3.34
202400009322,5.03,9.32
202400009322,5.03,9.32
202400009322,5.03,9.32
202400009322,5.03,9.32
202400009356,4.99,4.28
202400009356,4.99,4.28
202400009356,4.99,4.28
202400009356,4.99,4.28
202400009356,4.99,4.28
202400009356,4.99,4.28
202400009638,4.04,12.55
202400009638,4.04,12.55
202400009763,4.4,7.14
202400009763,4.4,7.14
202400009766,4.29,6.66
202400009766,4.29,6.66
202400009766,4.29,6.66
202400009769,3.32,10.57
202400009769,3.32,10.57
202400009769,3.32,10.57
202400009769,3.32,10.57
202400009772,4.59,8.68
202400009772,4.59,8.68
202400009772,4.59,8.68
202400009964,5.69,19.84
202400010152,2.74,3.95
202400010152,2.74,3.95
202400010256,3.6,5.31
202400010256,3.6,5.31
202400010256,3.6,5.31
202400010256,3.6,5.31
202400010259,6.43,7.63
202400010259,6.43,7.63
202400010276,6.15,34.76
202400010276,6.15,34.76
202400010276,6.15,34.76
202400010276,6.15,34.76
202400010464,5.74,0.66
202400010464,5.74,0.66
202400010464,5.74,0.66
202400010464,5.74,0.66
202400010553,9.61,5.96
202400010561,7.71,27.72
202400010583,7.46,30.88
202400010614,9.01,30.9
202400010639,7.4,12.45
202400010639,7.4,12.45
202400010639,7.4,12.45
202400010639,7.4,12.45
202400010643,4.16,9.38
202400010643,4.16,9.38
202400010643,4.16,9.38
202400010643,4.16,9.38
202400010643,4.16,9.38
202400010643,4.16,9.38
202400010643,4.16,9.38
202400010643,4.16,9.38
202400010643,4.16,9.38
202400010643,4.16,9.38
202400010734,14.99,20.2
202400010734,14.99,20.2
202400010734,14.99,20.2
202400010734,14.99,20.2
202400010756,7.02,5.99
202400010756,7.02,5.99
202400010832,4.56,4.19
202400010832,4.56,4.19
202400010832,4.56,4.19
202400010832,4.56,4.19
202400010999,3.54,5.03
202400011101,5.19,11.66
202400011101,5.19,11.66
202400011101,5.19,11.66
202400011101,5.19,11.66
202400011141,5.29,26.01
202400011141,5.29,26.01
202400011141,5.29,26.01
202400011141,5.29,26.01
202400011141,5.29,26.01
202400011141,5.29,26.01
202400011141,5.29,26.01
202400011141,5.29,26.01
202400011141,5.29,26.01
202400011141,5.29,26.01
202400011143,2.84,27.32
202400011143,2.84,27.32
202400011143,2.84,27.32
202400011143,2.84,27.32
202400011149,16.68,35.72
202400011149,16.68,35.72
202400011228,2.06,4.4
202400011228,2.06,4.4
202400011229,4.47,28.56
202400011307,6.57,3.15
202400011307,6.57,3.15
202400011307,6.57,3.15
202400011307,6.57,3.15
202400011394,7.22,22.24
202400011394,7.22,22.24
202400011500,4.28,26.67
202400011672,9.24,15.63
202400012081,1.48,28.98
202400012081,1.48,28.98
202400012081,1.48,28.98
202400012090,7.33,12.38
202400012116,6.32,0.09
202400012116,6.32,0.09
202400012116,6.32,0.09
202400012116,6.32,0.09
202400012116,6.32,0.09
202400012116,6.32,0.09
202400012202,5.7,8.65
202400012298,7.35,7.16
202400012298,7.35,7.16
202400012298,7.35,7.16
202400012443,4.38,9.39
202400012443,4.38,9.39
202400012525,7.08,3.13
202400012525,7.08,3.13
202400012561,15.36,20.37
202400012628,5.48,3.71
202400012628,5.48,3.71
202400012628,5.48,3.71
202400012628,5.48,3.71
202400012713,17.1,15.42
202400012782,3.76,3.2
202400012782,3.76,3.2
202400012782,3.76,3.2
202400012782,3.76,3.2
202400012899,3.28,8.29
202400012901,4.47,28.14
202400012902,1.75,34.61
202400013005,5.47,9.15
202400013005,5.47,9.15
202400013005,5.47,9.15
202400013005,5.47,9.15
202400013062,13.92,16.84
202400013062,13.92,16.84
202400013062,13.92,16.84
202400013063,14.22,49.1
202400013063,14.22,49.1
202400013124,6.84,6.4
202400013478,3.7,7.95
202400013478,3.7,7.95
202400013564,8.26,8.43
202400013564,8.26,8.43
202400013565,2.9,7.91
202400013565,2.9,7.91
202400013565,2.9,7.91
202400013565,2.9,7.91
202400013565,2.9,7.91
202400013565,2.9,7.91
202400013842,10.52,9.26
202400013842,10.52,9.26
202400013842,10.52,9.26
202400013882,2.98,22.63
202400014011,4.77,11.24
202400014011,4.77,11.24
202400014011,4.77,11.24
202400014011,4.77,11.24
202400014011,4.77,11.24
202400014192,0.83,5.84
202400014192,0.83,5.84
202400014192,0.83,5.84
202400014192,0.83,5.84
202400014192,0.83,5.84
202400014192,0.83,5.84
202400014192,0.83,5.84
202400014192,0.83,5.84
202400014202,3.48,7.16
202400014202,3.48,7.16
202400014299,3.19,8.2
202400014299,3.19,8.2
202400014299,3.19,8.2
202400014299,3.19,8.2
202400014483,5.97,4.7
202400014483,5.97,4.7
202400014483,5.97,4.7
202400014483,5.97,4.7
202400014487,8.22,0.67
202400014487,8.22,0.67
202400014487,8.22,0.67
202400014487,8.22,0.67
202400014489,3.94,7.09
202400014489,3.94,7.09
202400014693,7.42,23.8
202400014693,7.42,23.8
202400014693,7.42,23.8
202400014693,7.42,23.8
202400014736,6.54,10.22
202400014737,9.34,4.31
202400014737,9.34,4.31
202400014737,9.34,4.31
202400014737,9.34,4.31
202400014878,2.14,4.22
202400014878,2.14,4.22
202400014904,7.0,1.46
202400014904,7.0,1.46
202400015277,2.84,29.73
202400015277,2.84,29.73
202400015368,2.17,4.08
202400015368,2.17,4.08
202400015368,2.17,4.08
202400015368,2.17,4.08
202400015380,5.56,9.08
202400015380,5.56,9.08
202400015382,6.56,5.96
202400015382,6.56,5.96
202400015382,6.56,5.96
202400015382,6.56,5.96
202400015382,6.56,5.96
202400015382,6.56,5.96
202400015494,4.22,4.11
202400015494,4.22,4.11
202400015495,3.94,3.06
202400015495,3.94,3.06
202400015495,3.94,3.06
202400015495,3.94,3.06
202400015611,7.48,34.15
202400015752,2.22,6.62
202400015752,2.22,6.62
202400015753,3.84,2.89
202400015753,3.84,2.89
202400015753,3.84,2.89
202400015753,3.84,2.89
202400015754,4.69,2.35
202400015754,4.69,2.35
202400015755,4.1,9.03
202400015794,2.93,7.39
202400015992,7.78,13.32
202400015992,7.78,13.32
202400015992,7.78,13.32
202400015992,7.78,13.32
202400016054,8.28,24.48
202400016064,1.66,7.82
202400016067,7.97,8.87
202400016070,2.62,4.56
202400016070,2.62,4.56
202400016070,2.62,4.56
202400016070,2.62,4.56
202400016075,2.71,8.38
202400016075,2.71,8.38
202400016174,3.17,8.86
202400016174,3.17,8.86
202400016174,3.17,8.86
202400016174,3.17,8.86
202400016209,11.2,15.38
202400016209,11.2,15.38
202400016226,11.54,9.33
202400016226,11.54,9.33
202400016411,2.23,6.29
202400016411,2.23,6.29
202400016411,2.23,6.29
202400016411,2.23,6.29
202400016415,12.37,8.32
202400016415,12.37,8.32
202400016415,12.37,8.32
202400016501,16.86,23.56
202400016536,6.03,5.22
202400016603,13.42,29.37
202400016603,13.42,29.37
202400016603,13.42,29.37
202400016603,13.42,29.37
202400016603,13.42,29.37
202400016609,0.76,15.55
202400016609,0.76,15.55
202400016609,0.76,15.55
202400016609,0.76,15.55
202400016610,6.6,25.73
202400016659,9.04,4.52
202400016659,9.04,4.52
202400016788,2.87,6.02
202400016788,2.87,6.02
202400016788,2.87,6.02
202400016788,2.87,6.02
202400016789,3.7,4.71
202400016789,3.7,4.71
202400016789,3.7,4.71
202400016789,3.7,4.71
202400016981,9.43,10.21
202400017061,12.88,28.84
202400017061,12.88,28.84
202400017061,12.88,28.84
202400017156,4.89,9.59
202400017156,4.89,9.59
202400017156,4.89,9.59
202400017156,4.89,9.59
202400017158,3.77,7.8
202400017158,3.77,7.8
202400017158,3.77,7.8
202400017158,3.77,7.8
202400017160,2.26,1.31
202400017160,2.26,1.31
202400017160,2.26,1.31
202400017160,2.26,1.31
202400017219,8.62,1.19
202400017219,8.62,1.19
202400017280,4.18,4.26
202400017563,2.61,5.24
202400017563,2.61,5.24
202400017658,6.52,9.36
202400017660,2.93,4.16
202400017779,4.02,6.24
202400017779,4.02,6.24
202400017919,3.77,3.75
202400017919,3.77,3.75
202400017920,10.92,15.93
202400017958,8.03,21.56
202400017960,7.52,33.25
202400018074,11.48,23.61
202400018074,11.48,23.61
202400018074,11.48,23.61
202400018074,11.48,23.61
202400018074,11.48,23.61
202400018094,10.3,13.72
202400018117,4.44,8.05
202400018117,4.44,8.05
202400018117,4.44,8.05
202400018117,4.44,8.05
202400018117,4.44,8.05
202400018117,4.44,8.05
202400018121,9.47,14.74
202400018125,4.46,3.54
202400018125,4.46,3.54
202400018225,5.97,11.24
202400018225,5.97,11.24
202400018281,1.44,18.69
202400018281,1.44,18.69
202400018281,1.44,18.69
202400018281,1.44,18.69
202400018287,8.39,8.19
202400018287,8.39,8.19
202400018287,8.39,8.19
202400018440,5.23,3.8
202400018440,5.23,3.8
202400018518,6.62,23.81
202400018518,6.62,23.81
202400018518,6.62,23.81
202400018518,6.62,23.81
202400018518,6.62,23.81
202400018518,6.62,23.81
202400018557,11.54,20.2
202400018557,11.54,20.2
202400018601,12.85,21.98
202400018601,12.85,21.98
202400018634,12.52,13.24
202400018634,12.52,13.24
202400018867,6.93,9.16
202400018867,6.93,9.16
202400018867,6.93,9.16
202400018867,6.93,9.16
202400018867,6.93,9.16
202400018867,6.93,9.16
202400018869,15.22,15.22
202400018912,7.94,13.9
202400018912,7.94,13.9
202400018939,6.96,6.52
202400019095,4.42,7.06
202400019095,4.42,7.06
202400019098,4.51,9.74
202400019098,4.51,9.74
202400019098,4.51,9.74
202400019176,10.93,21.1
202400019176,10.93,21.1
202400019176,10.93,21.1
202400019176,10.93,21.1
202400019288,6.22,37.61
202400019288,6.22,37.61
202400019288,6.22,37.61
202400019288,6.22,37.61
202400019288,6.22,37.61
202400019288,6.22,37.61
202400019288,6.22,37.61
202400019288,6.22,37.61
202400019380,6.0,31.97
202400019380,6.0,31.97
202400019380,6.0,31.97
202400019380,6.0,31.97
202400019380,6.0,31.97
202400019380,6.0,31.97
202400019485,9.75,12.32
202400019485,9.75,12.32
202400019485,9.75,12.32
202400019485,9.75,12.32
202400019485,9.75,12.32
202400019485,9.75,12.32
202400019485,9.75,12.32
202400019485,9.75,12.32
202400019542,6.83,2.04
202400019542,6.83,2.04
202400019542,6.83,2.04
202400019580,1.93,6.72
202400019580,1.93,6.72
202400019668,3.31,13.27
202400019668,3.31,13.27
202400019668,3.31,13.27
202400019881,6.69,8.93
202400019881,6.69,8.93
202400019881,6.69,8.93
202400019881,6.69,8.93
202400019887,16.72,15.18
202400019887,16.72,15.18
202400020040,7.83,15.45
202400020040,7.83,15.45
202400020040,7.83,15.45
202400020040,7.83,15.45
202400020131,6.87,7.33
202400020131,6.87,7.33
202400020136,5.78,10.78
202400020136,5.78,10.78
202400020136,5.78,10.78
202400020136,5.78,10.78
202400020320,2.22,6.24
202400020338,7.77,3.82
202400020440,5.14,1.68
202400020442,4.49,9.53
202400020442,4.49,9.53
202400020547,6.62,16.55
202400020547,6.62,16.55
202400020735,4.62,2.72
202400020735,4.62,2.72
202400020735,4.62,2.72
202400020735,4.62,2.72
202400020737,5.14,4.42
202400020737,5.14,4.42
202400020901,4.51,6.19
202400020901,4.51,6.19
202400020901,4.51,6.19
202400020901,4.51,6.19
202400021134,10.9,22.48
202400021181,6.78,19.13
202400021181,6.78,19.13
202400021181,6.78,19.13
202400021181,6.78,19.13
202400021181,6.78,19.13
202400021181,6.78,19.13
202400021181,6.78,19.13
202400021181,6.78,19.13
202400021622,5.83,31.38
202400021622,5.83,31.38
202400021622,5.83,31.38
202400021622,5.83,31.38
202400021705,3.62,3.4
202400021705,3.62,3.4
202400021827,2.16,29.32
202400021827,2.16,29.32
202400022003,15.06,13.44
202400022003,15.06,13.44
202400022056,5.23,0.84
202400022056,5.23,0.84
202400022060,6.78,12.05
202400022060,6.78,12.05
202400022060,6.78,12.05
202400022060,6.78,12.05
202400022087,3.29,15.96
202400022087,3.29,15.96
202400022087,3.29,15.96
202400022096,14.73,44.45
202400022096,14.73,44.45
202400022295,5.89,2.62
202400022295,5.89,2.62
202400022295,5.89,2.62
202400022295,5.89,2.62
202400022299,7.04,4.3
202400022299,7.04,4.3
202400022299,7.04,4.3
202400022299,7.04,4.3
202400022307,2.9,3.3
202400022447,6.7,51.78
202400022526,4.24,3.17
202400022526,4.24,3.17
202400022526,4.24,3.17
202400022526,4.24,3.17
202400022527,6.53,9.24
202400022701,9.07,18.74
202400022860,7.69,4.45
202400022860,7.69,4.45
202400022884,7.64,4.96
202400022884,7.64,4.96
202400023268,2.57,19.42
202400023275,13.34,13.16
202400023275,13.34,13.16
202400023440,12.97,19.08
202400023657,5.53,8.82
202400023712,4.06,30.93
202400023712,4.06,30.93
202400023712,4.06,30.93
202400023712,4.06,30.93
202400023745,6.05,10.04
202400023745,6.05,10.04
202400023745,6.05,10.04
202400023745,6.05,10.04
202400023858,4.74,13.24
202400023858,4.74,13.24
202400023858,4.74,13.24
202400023861,6.23,12.48
202400023861,6.23,12.48
202400023861,6.23,12.48
202400023861,6.23,12.48
202400023864,3.61,5.31
202400023864,3.61,5.31
202400023864,3.61,5.31
202400023864,3.61,5.31
202400023869,6.08,11.13
202400023940,8.24,29.4
202400023943,9.27,27.28
202400023943,9.27,27.28
202400024010,13.51,20.37
202400024010,13.51,20.37
202400024010,13.51,20.37
202400024010,13.51,20.37
202400024010,13.51,20.37
202400024010,13.51,20.37
202400024072,1.84,5.53
202400024072,1.84,5.53
202400024072,1.84,5.53
202400024072,1.84,5.53
202400024073,4.9,8.59
202400024076,10.04,5.52
202400024076,10.04,5.52
202400024076,10.04,5.52
202400024076,10.04,5.52
202400024147,0.88,24.33
202400024147,0.88,24.33
202400024147,0.88,24.33
202400024147,0.88,24.33
202400024252,11.38,7.52
202400024252,11.38,7.52
202400024252,11.38,7.52
202400024322,18.17,19.6
202400024471,7.79,1.13
202400024471,7.79,1.13
202400024471,7.79,1.13
202400024471,7.79,1.13
202400024472,6.81,5.52
202400024472,6.81,5.52
202400024472,6.81,5.52
202400024472,6.81,5.52
202400024633,2.97,22.76
202400024734,5.78,1.74
202400024734,5.78,1.74
202400024734,5.78,1.74
202400024734,5.78,1.74
202400025165,14.73,41.65
202400025307,7.92,9.87
202400025307,7.92,9.87
202400025307,7.92,9.87
202400025307,7.92,9.87
202400025420,8.41,29.27
202400025429,11.61,15.25
202400025429,11.61,15.25
202400025431,5.18,23.56
202400025431,5.18,23.56
202400025511,11.34,32.13
202400025542,6.7,2.75
202400025542,6.7,2.75
202400025544,7.8,11.44
202400025544,7.8,11.44
202400025718,5.3,11.77
202400025727,2.92,22.05
202400025735,1.35,6.36
202400025735,1.35,6.36
202400025735,1.35,6.36
202400025735,1.35,6.36
202400025735,1.35,6.36
202400025735,1.35,6.36
202400025758,4.68,7.29
202400025758,4.68,7.29
202400025758,4.68,7.29
202400025758,4.68,7.29
202400025954,4.96,4.4
202400025954,4.96,4.4
202400025954,4.96,4.4
202400025954,4.96,4.4
202400026200,2.34,5.75
202400026200,2.34,5.75
202400026200,2.34,5.75
202400026200,2.34,5.75
202400026200,2.34,5.75
202400026200,2.34,5.75
202400026203,4.29,1.68
202400026203,4.29,1.68
202400026203,4.29,1.68
202400026203,4.29,1.68
202400026207,5.02,4.92
202400026207,5.02,4.92
202400026211,5.28,8.51
202400026211,5.28,8.51
202400026211,5.28,8.51
202400026211,5.28,8.51
202400026253,4.48,21.75
202400026325,11.45,16.46
202400026325,11.45,16.46
202400026327,9.01,29.02
202400026440,8.24,13.29
202400026440,8.24,13.29
202400026440,8.24,13.29
202400026441,4.03,12.53
202400026441,4.03,12.53
202400026443,4.73,10.14
202400026443,4.73,10.14
202400026535,6.16,38.55
202400026535,6.16,38.55
202400026629,3.78,5.1
202400026629,3.78,5.1
202400026630,1.91,4.72
202400026630,1.91,4.72
202400026630,1.91,4.72
202400026630,1.91,4.72
202400026631,1.24,7.4
202400026631,1.24,7.4
202400026659,4.66,3.83
202400026659,4.66,3.83
202400026824,8.35,2.41
202400026824,8.35,2.41
202400027004,9.28,7.66
202400027004,9.28,7.66
202400027004,9.28,7.66
202400027004,9.28,7.66
202400027183,3.98,10.03
202400027183,3.98,10.03
202400027185,3.71,8.72
202400027185,3.71,8.72
202400027185,3.71,8.72
202400027185,3.71,8.72
202400027185,3.71,8.72
202400027185,3.71,8.72
202400027293,7.67,8.57
202400027359,11.24,16.8
202400027482,4.37,6.02
202400027482,4.37,6.02
202400027548,5.86,9.5
202400027548,5.86,9.5
202400027550,6.98,4.37
202400027651,7.22,34.11
202400027651,7.22,34.11
202400027651,7.22,34.11
202400027651,7.22,34.11
202400027651,7.22,34.11
202400027651,7.22,34.11
202400027651,7.22,34.11
202400027651,7.22,34.11
202400027793,2.66,12.65
202400027793,2.66,12.65
202400027793,2.66,12.65
202400027793,2.66,12.65
202400027797,3.74,5.4
202400027797,3.74,5.4
202400027979,7.16,3.04
202400027979,7.16,3.04
202400027979,7.16,3.04
202400027979,7.16,3.04
202400027979,7.16,3.04
202400027979,7.16,3.04
202400027984,4.99,4.28
202400027984,4.99,4.28
202400027984,4.99,4.28
202400027984,4.99,4.28
202400027984,4.99,4.28
202400027984,4.99,4.28
202400028102,7.51,38.9
202400028102,7.51,38.9
202400028102,7.51,38.9
202400028102,7.51,38.9
202400028102,7.51,38.9
202400028102,7.51,38.9
202400028102,7.51,38.9
202400028123,6.99,25.49
202400028139,2.03,6.28
202400028142,13.4,32.68
202400028250,9.3,12.97
202400028250,9.3,12.97
202400028250,9.3,12.97
202400028250,9.3,12.97
202400028334,6.92,11.16
202400028338,3.24,7.87
202400028338,3.24,7.87
202400028625,1.09,3.17
202400028917,6.27,24.82
202400028917,6.27,24.82
202400028917,6.27,24.82
202400028917,6.27,24.82
202400028998,6.3,17.93
202400028998,6.3,17.93
202400028998,6.3,17.93
202400028998,6.3,17.93
202400028998,6.3,17.93
202400028998,6.3,17.93
202400028998,6.3,17.93
202400028998,6.3,17.93
202400028998,6.3,17.93
202400028998,6.3,17.93
202400028998,6.3,17.93
202400028998,6.3,17.93
202400029072,9.07,27.98
202400029072,9.07,27.98
202400029072,9.07,27.98
202400029116,4.12,7.16
202400029116,4.12,7.16
202400029118,2.13,7.94
202400029118,2.13,7.94
202400029118,2.13,7.94
202400029118,2.13,7.94
202400029120,3.6,5.31
202400029120,3.6,5.31
202400029120,3.6,5.31
202400029120,3.6,5.31
202400029213,3.38,5.96
202400029213,3.38,5.96
202400029213,3.38,5.96
202400029215,4.21,5.86
202400029215,4.21,5.86
202400029215,4.21,5.86
202400029215,4.21,5.86
202400029357,3.16,7.49
202400029357,3.16,7.49
202400029357,3.16,7.49
202400029357,3.16,7.49
202400029359,6.28,9.06
202400029359,6.28,9.06
202400029359,6.28,9.06
202400029359,6.28,9.06
202400029360,6.04,11.09
202400029360,6.04,11.09
202400029479,5.42,8.56
202400029479,5.42,8.56
202400029867,1.42,5.83
202400029892,7.9,22.04
202400029892,7.9,22.04
202400030051,5.44,32.66
202400030051,5.44,32.66
202400030051,5.44,32.66
202400030051,5.44,32.66
202400030051,5.44,32.66
202400030051,5.44,32.66
202400030051,5.44,32.66
202400030051,5.44,32.66
202400030051,5.44,32.66
202400030051,5.44,32.66
202400030208,10.87,15.91
202400030208,10.87,15.91
202400030208,10.87,15.91
202400030208,10.87,15.91
202400030210,1.82,6.83
202400030494,10.65,28.97
202400030494,10.65,28.97
202400030494,10.65,28.97
202400030532,4.56,30.65
202400030532,4.56,30.65
202400030532,4.56,30.65
202400030532,4.56,30.65
202400030576,6.35,9.99
202400030627,9.21,25.78
202400030757,6.96,4.38
202400030757,6.96,4.38
202400030758,2.84,6.52
202400030758,2.84,6.52
202400030758,2.84,6.52
202400030758,2.84,6.52
202400030760,6.42,5.06
202400030760,6.42,5.06
202400031220,9.58,35.43
202400031220,9.58,35.43
202400031220,9.58,35.43
202400031220,9.58,35.43
202400031220,9.58,35.43
202400031220,9.58,35.43
202400031220,9.58,35.43
202400031220,9.58,35.43
202400031220,9.58,35.43
202400031220,9.58,35.43
202400031282,4.36,5.59
202400031282,4.36,5.59
202400031282,4.36,5.59
202400031282,4.36,5.59
202400031282,4.36,5.59
202400031282,4.36,5.59
202400031346,7.06,5.95
202400031346,7.06,5.95
202400031586,2.06,26.92
202400031589,2.17,31.65
202400031589,2.17,31.65
202400031589,2.17,31.65
202400031589,2.17,31.65
202400031697,4.15,7.19
202400031697,4.15,7.19
202400031697,4.15,7.19
202400031697,4.15,7.19
202400031699,4.84,6.74
202400031699,4.84,6.74
202400031703,4.47,10.72
202400031765,5.06,4.02
202400031765,5.06,4.02
202400031846,8.46,35.09
202400031846,8.46,35.09
202400031889,10.09,34.17
202400031889,10.09,34.17
202400032004,2.91,5.44
202400032004,2.91,5.44
202400032109,8.51,2.37
202400032109,8.51,2.37
202400032228,16.72,40.71
202400032337,3.14,8.16
202400032338,9.15,14.45
202400032338,9.15,14.45
202400032452,6.52,30.19
202400032463,7.26,30.09
202400032464,3.7,14.5
202400032464,3.7,14.5
202400032514,2.99,34.86
202400032561,3.51,8.28
202400032597,6.03,20.55
202400032761,4.12,31.03
202400032762,1.87,7.92
202400032762,1.87,7.92
202400032762,1.87,7.92
202400032762,1.87,7.92
202400032762,1.87,7.92
202400032762,1.87,7.92
202400032802,5.85,16.29
202400032805,5.25,28.9
202400032805,5.25,28.9
202400032805,5.25,28.9
202400032805,5.25,28.9
202400032939,9.55,7.13
202400032939,9.55,7.13
202400032941,5.25,8.93
202400032941,5.25,8.93
202400032941,5.25,8.93
202400032941,5.25,8.93
202400033104,4.66,7.1
202400033104,4.66,7.1
202400033104,4.66,7.1
202400033104,4.66,7.1
202400033105,7.79,2.51
202400033105,7.79,2.51
202400033105,7.79,2.51
202400033563,3.61,5.55
202400033563,3.61,5.55
202400033563,3.61,5.55
202400033563,3.61,5.55
202400033566,6.29,9.83
202400033566,6.29,9.83
202400033566,6.29,9.83
202400033566,6.29,9.83
202400033571,3.42,5.12
202400033571,3.42,5.12
202400033571,3.42,5.12
202400033571,3.42,5.12
202400033576,4.77,3.15
202400033576,4.77,3.15
202400033576,4.77,3.15
202400033719,2.2,8.0
202400033719,2.2,8.0
202400033724,2.44,4.76
202400033724,2.44,4.76
202400033755,6.35,4.33
202400033755,6.35,4.33
202400033892,5.52,6.72
202400033892,5.52,6.72
202400033892,5.52,6.72
202400033892,5.52,6.72
202400033892,5.52,6.72
202400033892,5.52,6.72
202400033892,5.52,6.72
202400033892,5.52,6.72
202400033892,5.52,6.72
202400033892,5.52,6.72
202400033894,2.94,4.53
202400033897,7.02,8.07
202400033897,7.02,8.07
202400033897,7.02,8.07
202400033897,7.02,8.07
202400034246,3.97,32.84
202400034291,7.92,3.97
202400034291,7.92,3.97
202400034291,7.92,3.97
202400034291,7.92,3.97
202400034371,11.19,11.19
202400034391,4.26,28.3
202400034457,4.21,4.09
202400034457,4.21,4.09
202400034457,4.21,4.09
202400034457,4.21,4.09
202400034503,12.26,12.58
202400034503,12.26,12.58
202400034503,12.26,12.58
202400034571,12.79,11.17
202400034571,12.79,11.17
202400034872,5.01,4.03
202400034872,5.01,4.03
202400034872,5.01,4.03
202400034945,2.34,8.41
202400034945,2.34,8.41
202400034945,2.34,8.41
202400034945,2.34,8.41
202400034945,2.34,8.41
202400034945,2.34,8.41
202400035011,6.84,4.17
202400035011,6.84,4.17
202400035012,10.33,15.38
202400035012,10.33,15.38
202400035071,3.0,18.32
202400035071,3.0,18.32
202400035102,6.57,16.26
202400035102,6.57,16.26
202400035102,6.57,16.26
202400035102,6.57,16.26
202400035485,3.76,23.51
202400035489,10.32,24.8
202400035489,10.32,24.8
202400035489,10.32,24.8
202400035489,10.32,24.8
202400035577,1.92,4.54
202400035577,1.92,4.54
202400035584,9.35,4.7
202400035584,9.35,4.7
202400035584,9.35,4.7
202400035584,9.35,4.7
202400035584,9.35,4.7
202400035584,9.35,4.7
202400035778,10.79,14.93
202400035815,2.08,8.21
202400036149,3.6,3.19
202400036149,3.6,3.19
202400036149,3.6,3.19
202400036149,3.6,3.19
202400036298,5.17,11.32
202400036298,5.17,11.32
202400036300,2.99,4.06
202400036300,2.99,4.06
202400036300,2.99,4.06
202400036300,2.99,4.06
202400036405,7.12,7.97
202400036405,7.12,7.97
202400036468,6.66,27.46
202400036515,16.8,16.28
202400036515,16.8,16.28
202400036594,7.55,2.59
202400036594,7.55,2.59
202400036696,7.96,2.85
202400036696,7.96,2.85
202400036696,7.96,2.85
202400036696,7.96,2.85
202400036696,7.96,2.85
202400036696,7.96,2.85
202400036696,7.96,2.85
202400036696,7.96,2.85
202400036698,4.26,12.52
202400036698,4.26,12.52
202400036698,4.26,12.52
202400036698,4.26,12.52
202400036698,4.26,12.52
202400036698,4.26,12.52
202400036700,6.46,7.72
202400036700,6.46,7.72
202400036934,3.4,9.1
202400036934,3.4,9.1
202400036935,4.63,3.46
202400036935,4.63,3.46
202400036935,4.63,3.46
202400036935,4.63,3.46
202400036971,2.66,8.6
202400036971,2.66,8.6
202400036971,2.66,8.6
202400036971,2.66,8.6
202400036973,13.34,18.38
202400036973,13.34,18.38
202400036973,13.34,18.38
202400036973,13.34,18.38
202400037111,5.35,9.03
202400037111,5.35,9.03
202400037111,5.35,9.03
202400037111,5.35,9.03
202400037113,8.4,0.64
202400037113,8.4,0.64
202400037148,7.69,6.82
202400037148,7.69,6.82
202400037148,7.69,6.82
202400037152,7.13,8.33
202400037152,7.13,8.33
202400037152,7.13,8.33
202400037152,7.13,8.33
202400037152,7.13,8.33
202400037152,7.13,8.33
202400037158,4.44,3.48
202400037158,4.44,3.48
202400037158,4.44,3.48
202400037158,4.44,3.48
202400037327,4.02,3.92
202400037327,4.02,3.92
202400037528,3.85,3.58
202400037528,3.85,3.58
202400037528,3.85,3.58
202400037528,3.85,3.58
202400037531,5.54,6.0
202400037531,5.54,6.0
202400037531,5.54,6.0
202400037531,5.54,6.0
202400037536,5.7,10.75
202400037536,5.7,10.75
202400037536,5.7,10.75
202400037536,5.7,10.75
202400037542,9.03,8.59
202400037542,9.03,8.59
202400037542,9.03,8.59
202400037542,9.03,8.59
202400037542,9.03,8.59
202400037542,9.03,8.59
202400037547,3.92,3.56
202400037547,3.92,3.56
202400037547,3.92,3.56
202400037547,3.92,3.56
202400037552,3.81,5.52
202400037552,3.81,5.52
202400037552,3.81,5.52
202400037552,3.81,5.52
202400037595,6.8,10.44
202400037688,6.11,41.47
202400037881,2.76,4.2
202400037881,2.76,4.2
202400037900,11.94,15.59
202400037951,4.46,4.58
202400037951,4.46,4.58
202400037953,9.99,5.46
202400037953,9.99,5.46
202400037976,2.8,4.75
202400037977,3.55,5.21
202400037977,3.55,5.21
202400037978,1.37,5.52
202400037978,1.37,5.52
202400037979,11.08,16.65
202400037979,11.08,16.65
202400037979,11.08,16.65
202400037979,11.08,16.65
202400037979,11.08,16.65
202400037979,11.08,16.65
202400038070,5.01,5.67
202400038070,5.01,5.67
202400038070,5.01,5.67
202400038070,5.01,5.67
202400038105,15.78,13.75
202400038105,15.78,13.75
202400038164,3.73,8.43
202400038164,3.73,8.43
202400038164,3.73,8.43
202400038164,3.73,8.43
202400038164,3.73,8.43
202400038164,3.73,8.43
202400038168,14.15,14.61
202400038319,1.57,6.58
202400038319,1.57,6.58
202400038340,8.74,12.42
202400038344,3.19,7.5
202400038344,3.19,7.5
202400038344,3.19,7.5
202400038344,3.19,7.5
202400038452,6.21,4.78
202400038452,6.21,4.78
202400038452,6.21,4.78
202400038452,6.21,4.78
202400038527,3.58,5.24
202400038527,3.58,5.24
202400038773,7.13,6.53
202400038773,7.13,6.53
202400038775,4.56,13.07
202400038775,4.56,13.07
202400038775,4.56,13.07
202400038776,0.76,2.54
202400038776,0.76,2.54
202400038845,2.95,4.75
202400038845,2.95,4.75
202400038845,2.95,4.75
202400038845,2.95,4.75
202400038845,2.95,4.75
202400038845,2.95,4.75
202400038845,2.95,4.75
202400038845,2.95,4.75
202400038845,2.95,4.75
202400038845,2.95,4.75
202400039350,8.73,4.3
202400039350,8.73,4.3
202400039350,8.73,4.3
202400039350,8.73,4.3
202400039356,6.64,1.31
202400039356,6.64,1.31
202400039356,6.64,1.31
202400039356,6.64,1.31
202400039359,3.58,7.23
202400039359,3.58,7.23
202400039359,3.58,7.23
202400039365,8.79,4.14
202400039365,8.79,4.14
202400039365,8.79,4.14
202400039365,8.79,4.14
202400039370,5.97,9.25
202400039370,5.97,9.25
202400039373,3.86,5.41
202400039378,6.92,4.43
202400039378,6.92,4.43
202400039378,6.92,4.43
202400039378,6.92,4.43
202400039495,16.52,25.68
202400039568,11.34,15.22
202400039568,11.34,15.22
202400039710,1.47,7.52
202400039710,1.47,7.52
202400039710,1.47,7.52
202400039711,14.53,18.74
202400039711,14.53,18.74
202400039713,1.85,6.78
202400039713,1.85,6.78
202400039717,7.75,7.16
202400039717,7.75,7.16
202400039832,4.99,4.63
202400039832,4.99,4.63
202400039832,4.99,4.63
202400039832,4.99,4.63
202400039832,4.99,4.63
202400039832,4.99,4.63
202400039897,6.67,2.54
202400039897,6.67,2.54
202400039899,9.9,4.69
202400039899,9.9,4.69
202400040063,11.05,22.01
202400040063,11.05,22.01
202400040063,11.05,22.01
202400040243,6.35,2.78
202400040243,6.35,2.78
202400040243,6.35,2.78
202400040308,10.48,13.72
202400040308,10.48,13.72
202400040336,5.31,24.2
202400040383,7.95,20.05
202400040383,7.95,20.05
202400040505,6.25,2.68
202400040505,6.25,2.68
202400040505,6.25,2.68
202400040543,3.33,3.56
202400040543,3.33,3.56
202400040572,8.57,26.71
202400040572,8.57,26.71
202400040669,7.64,2.22
202400040669,7.64,2.22
202400040770,7.52,22.04
202400040862,4.64,4.08
202400040862,4.64,4.08
202400040863,4.33,7.48
202400040863,4.33,7.48
202400041114,6.41,9.23
202400041193,7.3,3.89
202400041193,7.3,3.89
202400041252,9.48,19.92
202400041252,9.48,19.92
202400041370,9.25,29.54
202400041370,9.25,29.54
202400041394,9.34,8.96
202400041501,2.85,27.34
202400041501,2.85,27.34
202400041501,2.85,27.34
202400041501,2.85,27.34
202400041515,2.68,15.72
202400041770,9.49,12.06
202400041997,4.12,13.3
202400041997,4.12,13.3
202400041999,5.11,11.36
202400042203,9.86,24.59
202400042257,7.49,34.4
202400042257,7.49,34.4
202400042257,7.49,34.4
202400042304,8.8,32.26
202400042468,2.64,8.7
202400042468,2.64,8.7
202400042468,2.64,8.7
202400042468,2.64,8.7
202400042468,2.64,8.7
202400042468,2.64,8.7
202400042468,2.64,8.7
202400042468,2.64,8.7
202400042540,2.58,29.88
202400042805,3.72,28.01
202400042805,3.72,28.01
202400042837,5.37,1.15
202400042837,5.37,1.15
202400043067,7.55,23.3
202400043148,11.1,13.05
202400043148,11.1,13.05
202400043234,4.8,4.2
202400043234,4.8,4.2
202400043237,3.23,2.87
202400043237,3.23,2.87
202400043241,3.71,12.22
202400043241,3.71,12.22
202400043241,3.71,12.22
202400043278,14.23,27.05
202400043278,14.23,27.05
202400043278,14.23,27.05
202400043278,14.23,27.05
202400043278,14.23,27.05
202400043278,14.23,27.05
202400043278,14.23,27.05
202400043278,14.23,27.05
202400043336,12.69,41.56
202400043336,12.69,41.56
202400043336,12.69,41.56
202400043336,12.69,41.56
202400043336,12.69,41.56
202400043336,12.69,41.56
202400043463,1.84,7.13
202400043463,1.84,7.13
202400043575,6.56,26.06
202400043577,3.58,22.33
202400043629,3.92,16.07
202400043629,3.92,16.07
202400043629,3.92,16.07
202400043629,3.92,16.07
202400043698,6.63,11.93
202400043698,6.63,11.93
202400043698,6.63,11.93
202400043698,6.63,11.93
202400043698,6.63,11.93
202400043698,6.63,11.93
202400043737,6.75,1.8
202400043737,6.75,1.8
202400043793,6.73,11.74
202400043793,6.73,11.74
202400044132,2.92,4.03
202400044132,2.92,4.03
202400044136,13.88,20.3
202400044136,13.88,20.3
202400044158,7.23,32.6
202400044318,7.38,11.15
202400044318,7.38,11.15
202400044318,7.38,11.15
202400044318,7.38,11.15
202400044322,10.08,9.48
202400044322,10.08,9.48
202400044322,10.08,9.48
202400044326,10.68,15.73
202400044326,10.68,15.73
202400044326,10.68,15.73
202400044326,10.68,15.73
202400044330,4.36,5.59
202400044330,4.36,5.59
202400044330,4.36,5.59
202400044330,4.36,5.59
202400044540,2.49,4.56
202400044540,2.49,4.56
202400044540,2.49,4.56
202400044540,2.49,4.56
202400044543,3.93,5.56
202400044543,3.93,5.56
202400044612,0.47,23.74
202400045208,7.13,36.41
202400045232,8.24,6.42
202400045232,8.24,6.42
202400045232,8.24,6.42
202400045435,3.8,5.11
202400045435,3.8,5.11
202400045435,3.8,5.11
202400045440,11.29,16.34
202400045440,11.29,16.34
202400045447,9.29,14.59
202400045447,9.29,14.59
202400045447,9.29,14.59
202400045447,9.29,14.59
202400045595,4.23,4.11
202400045595,4.23,4.11
202400045595,4.23,4.11
202400045595,4.23,4.11
202400045616,7.67,3.72
202400045616,7.67,3.72
202400045698,9.36,5.79
202400045698,9.36,5.79
202400045698,9.36,5.79
202400045698,9.36,5.79
202400045709,6.74,4.61
202400045709,6.74,4.61
202400045709,6.74,4.61
202400045709,6.74,4.61
202400045767,11.06,16.96
202400045767,11.06,16.96
202400045846,3.91,26.96
202400045970,7.79,7.59
202400045970,7.79,7.59
202400045970,7.79,7.59
202400045970,7.79,7.59
202400046023,9.34,8.74
202400046023,9.34,8.74
202400046023,9.34,8.74
202400046023,9.34,8.74
202400046027,9.31,8.71
202400046027,9.31,8.71
202400046034,3.61,5.31
202400046034,3.61,5.31
202400046073,5.11,33.97
202400046201,4.54,9.55
202400046201,4.54,9.55
202400046201,4.54,9.55
202400046201,4.54,9.55
202400046204,2.05,5.91
202400046204,2.05,5.91
202400046210,3.65,2.65
202400046210,3.65,2.65
202400046458,4.06,3.52
202400046458,4.06,3.52
202400046590,3.82,2.86
202400046590,3.82,2.86
202400046590,3.82,2.86
202400046590,3.82,2.86
202400046593,8.0,11.99
202400046593,8.0,11.99
202400046593,8.0,11.99
202400046593,8.0,11.99
202400046593,8.0,11.99
202400046593,8.0,11.99
202400046596,9.36,3.23
202400046596,9.36,3.23
202400046649,5.49,4.9
202400046649,5.49,4.9
202400046649,5.49,4.9
202400046649,5.49,4.9
202400046755,11.49,8.07
202400047010,4.81,2.76
202400047292,7.61,8.91
202400047349,5.72,4.68
202400047349,5.72,4.68
202400047353,6.2,8.33
202400047364,11.42,17.79
202400047364,11.42,17.79
202400047364,11.42,17.79
202400047375,3.28,3.38
202400047375,3.28,3.38
202400047375,3.28,3.38
202400047375,3.28,3.38
202400047381,10.66,15.92
202400047448,4.54,3.41
202400047448,4.54,3.41
202400047612,8.58,26.34
202400047612,8.58,26.34
202400047612,8.58,26.34
202400047787,3.65,4.82
202400047787,3.65,4.82
202400047789,5.06,9.29
202400047798,4.54,9.55
202400047798,4.54,9.55
202400047798,4.54,9.55
202400047798,4.54,9.55
202400047798,4.54,9.55
202400047798,4.54,9.55
202400048040,7.64,11.28
202400048040,7.64,11.28
202400048040,7.64,11.28
202400048086,4.75,46.5
202400048449,5.81,10.48
202400048449,5.81,10.48
202400048453,3.28,3.38
202400048453,3.28,3.38
202400048453,3.28,3.38
202400048453,3.28,3.38
202400048453,3.28,3.38
202400048453,3.28,3.38
202400048492,6.78,2.65
202400048492,6.78,2.65
202400048767,12.52,7.04
202400049250,6.06,2.98
202400049250,6.06,2.98
202400049250,6.06,2.98
202400049250,6.06,2.98
202400049250,6.06,2.98
202400049250,6.06,2.98
202400049250,6.06,2.98
202400049250,6.06,2.98
202400049436,8.96,9.95
202400049471,17.08,30.99
202400049471,17.08,30.99
202400049471,17.08,30.99
202400049471,17.08,30.99
202400049471,17.08,30.99
202400049471,17.08,30.99
202400049471,17.08,30.99
202400049471,17.08,30.99
202400049828,5.51,8.88
202400049828,5.51,8.88
202400049828,5.51,8.88
202400049838,13.1,24.44
202400049838,13.1,24.44
202400049994,7.59,8.12
202400049994,7.59,8.12
202400049999,4.03,6.56
202400050311,9.91,8.81
202400050311,9.91,8.81
202400050311,9.91,8.81
202400050311,9.91,8.81
202400050311,9.91,8.81
202400050311,9.91,8.81
202400050418,13.63,49.1
202400050418,13.63,49.1
202400050422,4.92,46.67
202400050424,12.42,6.94
202400050424,12.42,6.94
202400050510,7.01,4.34
202400050510,7.01,4.34
202400050591,9.76,5.24
202400050591,9.76,5.24
202400050591,9.76,5.24
202400050591,9.76,5.24
202400050591,9.76,5.24
202400050735,5.89,1.92
202400050735,5.89,1.92
202400050735,5.89,1.92
202400050809,6.01,29.09
202400050809,6.01,29.09
202400050809,6.01,29.09
202400050809,6.01,29.09
202400050915,9.28,3.15
202400050915,9.28,3.15
202400051035,10.26,14.0
202400051035,10.26,14.0
202400051035,10.26,14.0
202400051246,10.13,13.77
202400051246,10.13,13.77
202400051246,10.13,13.77
202400051246,10.13,13.77
202400051269,1.9,22.18
202400051408,0.97,5.82
202400051408,0.97,5.82
202400051419,6.23,9.7
202400051419,6.23,9.7
202400051419,6.23,9.7
202400051419,6.23,9.7
202400051444,6.39,17.84
202400051708,11.38,6.86
202400051800,3.33,5.61
202400051800,3.33,5.61
202400051800,3.33,5.61
202400051800,3.33,5.61
202400051817,8.44,1.37
202400051817,8.44,1.37
202400051817,8.44,1.37
202400051830,8.32,4.13
202400051830,8.32,4.13
202400051830,8.32,4.13
202400051830,8.32,4.13
202400051959,0.61,6.74
202400051959,0.61,6.74
202400051959,0.61,6.74
202400051959,0.61,6.74
202400051959,0.61,6.74
202400051959,0.61,6.74
202400052042,4.74,17.8
202400052042,4.74,17.8
202400052048,7.82,5.46
202400052048,7.82,5.46
202400052048,7.82,5.46
202400052048,7.82,5.46
202400052049,6.74,24.7
202400052094,6.04,7.12
202400052272,14.82,15.49
202400052411,5.95,2.68
202400052411,5.95,2.68
202400052421,6.78,6.2
202400052421,6.78,6.2
202400052424,5.14,7.51
202400052424,5.14,7.51
202400052424,5.14,7.51
202400052424,5.14,7.51
202400052516,9.38,10.28
202400052618,13.17,11.92
202400052766,5.72,2.29
202400052766,5.72,2.29
202400052766,5.72,2.29
202400052766,5.72,2.29
202400052776,9.12,6.91
202400052776,9.12,6.91
202400052784,8.46,5.04
202400052784,8.46,5.04
202400053210,4.57,3.89
202400053210,4.57,3.89
202400053210,4.57,3.89
202400053210,4.57,3.89
202400053284,7.9,35.49
202400053296,5.89,11.16
202400053296,5.89,11.16
202400053296,5.89,11.16
202400053296,5.89,11.16
202400053476,1.76,5.45
202400053476,1.76,5.45
202400053476,1.76,5.45
202400053476,1.76,5.45
202400053547,5.88,5.28
202400053547,5.88,5.28
202400053547,5.88,5.28
202400053547,5.88,5.28
202400053547,5.88,5.28
202400053547,5.88,5.28
202400053547,5.88,5.28
202400053547,5.88,5.28
202400053547,5.88,5.28
202400053547,5.88,5.28
202400053547,5.88,5.28
202400053547,5.88,5.28
202400053555,2.16,4.47
202400053555,2.16,4.47
202400053843,9.84,14.85
202400053853,4.6,20.82
202400053853,4.6,20.82
202400053853,4.6,20.82
202400053853,4.6,20.82
202400053853,4.6,20.82
202400053853,4.6,20.82
202400053854,2.43,8.49
202400053854,2.43,8.49
202400053854,2.43,8.49
202400053854,2.43,8.49
202400053950,6.71,25.84
202400054122,7.53,12.54
202400054122,7.53,12.54
202400054194,10.06,5.9
202400054194,10.06,5.9
202400054376,3.31,26.15
202400054376,3.31,26.15
