Num_Acc,nearest_pompiers_min_osrm,nearest_sau_min_osrm
202200000001,5.19,9.65
202200000088,4.0,25.98
202200000090,13.02,14.83
202200000095,4.52,14.04
202200000124,4.78,4.97
202200000125,4.17,4.09
202200000167,6.02,0.58
202200000168,3.47,1.9
202200000211,4.15,18.42
202200000214,1.55,19.48
202200000221,8.5,9.01
202200000226,6.82,36.67
202200000227,0.96,0.96
202200000236,5.92,31.89
202200000248,1.38,36.13
202200000249,1.47,21.59
202200000250,1.42,1.52
202200000251,3.5,43.02
202200000269,6.39,15.89
202200000270,4.77,4.92
202200000271,2.61,4.38
202200000272,3.34,8.67
202200000284,2.41,9.14
202200000303,4.97,7.58
202200000325,5.84,6.55
202200000329,3.05,6.49
202200000340,4.07,8.09
202200000342,6.16,7.16
202200000343,3.84,7.85
202200000347,5.76,5.4
202200000359,2.84,1.9
202200000371,4.77,3.2
202200000389,8.49,7.2
202200000390,3.39,5.61
202200000429,7.57,8.68
202200000432,11.61,23.85
202200000435,1.44,19.88
202200000467,3.02,29.42
202200000480,6.9,26.73
202200000486,3.29,19.88
202200000499,10.28,10.03
202200000502,5.61,24.5
202200000503,11.99,30.99
202200000511,4.28,4.15
202200000518,4.36,29.03
202200000545,11.87,37.88
202200000548,2.9,15.62
202200000549,7.5,5.22
202200000551,4.07,14.22
202200000572,6.56,17.34
202200000574,11.01,16.7
202200000585,2.64,18.71
202200000587,2.8,7.25
202200000589,6.15,10.53
202200000599,5.95,6.19
202200000616,1.28,15.94
202200000627,4.22,12.9
202200000634,4.73,9.1
202200000643,4.81,6.1
202200000668,3.86,6.02
202200000671,6.11,7.22
202200000672,3.6,11.47
202200000674,2.58,1.6
202200000675,5.92,4.0
202200000680,5.36,3.51
202200000699,4.97,2.88
202200000700,4.18,4.86
202200000701,4.75,5.81
202200000703,5.22,9.15
202200000705,6.99,11.57
202200000708,6.51,6.84
202200000713,4.93,12.38
202200000724,7.88,11.78
202200000726,1.77,0.85
202200000730,5.62,8.78
202200000731,2.33,5.35
202200000734,4.74,9.38
202200000738,1.5,9.92
202200000746,6.67,4.8
202200000763,5.14,18.61
202200000766,6.88,5.89
202200000782,7.08,4.85
202200000783,3.39,9.09
202200000786,2.19,7.63
202200000819,3.98,9.44
202200000820,4.8,2.19
202200000827,4.33,3.33
202200000840,2.85,19.98
202200000842,9.12,7.61
202200000845,4.23,6.55
202200000848,1.57,8.82
202200000852,6.74,10.65
202200000855,4.13,8.67
202200000858,6.7,11.8
202200000874,5.68,11.38
202200000876,6.43,9.56
202200000877,2.45,6.38
202200000878,6.42,7.89
202200000880,5.77,9.7
202200000882,7.45,11.38
202200000884,5.8,8.04
202200000886,5.8,7.4
202200000888,5.05,1.89
202200000890,5.51,9.12
202200000893,4.67,7.58
202200000894,4.16,5.86
202200000906,3.95,10.13
202200000909,2.37,16.52
202200000910,0.92,24.38
202200000911,7.59,11.31
202200000912,3.1,7.14
202200000913,2.08,19.21
202200000914,1.99,8.44
202200000916,11.12,25.22
202200000918,3.0,6.26
202200000921,4.29,7.35
202200000922,5.84,4.88
202200000923,2.35,7.66
202200000924,3.23,5.34
202200000925,5.46,6.32
202200000926,1.62,14.25
202200000928,6.06,6.48
202200000930,3.8,15.03
202200000932,3.84,6.7
202200000943,3.57,3.88
202200000944,5.19,8.58
202200000946,4.8,2.81
202200000966,5.73,4.86
202200000992,0.32,10.52
202200000996,8.73,15.3
202200000997,1.84,8.65
202200000999,2.4,11.26
202200001000,2.12,16.92
202200001005,6.82,24.3
202200001017,5.94,13.62
202200001029,3.92,13.3
202200001030,9.99,27.44
202200001031,5.93,11.49
202200001032,2.36,43.03
202200001033,7.72,23.73
202200001060,6.5,7.91
202200001066,5.18,5.66
202200001067,5.85,3.57
202200001082,5.98,3.42
202200001189,5.34,9.2
202200001243,8.6,11.27
202200001262,3.92,8.82
202200001268,11.24,23.04
202200001269,12.83,29.0
202200001270,3.26,14.65
202200001271,3.59,20.57
202200001272,1.42,20.24
202200001302,2.03,11.94
202200001335,12.61,13.26
202200001336,9.3,6.06
202200001347,9.77,20.38
202200001348,4.74,23.78
202200001349,5.76,30.2
202200001355,5.18,12.36
202200001372,4.01,3.9
202200001373,6.41,6.44
202200001374,1.76,3.75
202200001381,6.42,5.46
202200001382,4.44,7.03
202200001436,2.77,18.82
202200001463,12.27,27.01
202200001465,2.88,13.72
202200001485,11.08,16.34
202200001489,8.92,55.2
202200001493,0.02,5.44
202200001494,7.31,6.12
202200001495,2.5,3.14
202200001496,2.35,4.36
202200001497,7.49,7.76
202200001544,3.69,4.02
202200001545,1.08,7.92
202200001546,7.82,5.95
202200001565,3.67,5.14
202200001623,5.66,32.3
202200001626,6.19,11.92
202200001643,4.02,7.24
202200001656,2.39,3.72
202200001663,5.2,4.37
202200001664,13.51,16.4
202200001667,5.21,12.89
202200001669,3.99,13.15
202200001671,4.4,7.83
202200001673,2.16,3.32
202200001687,6.78,13.15
202200001690,3.47,2.29
202200001694,6.1,19.6
202200001722,4.56,5.28
202200001746,4.53,6.69
202200001747,4.2,1.78
202200001749,3.12,4.79
202200001750,6.22,3.24
202200001752,3.47,1.97
202200001755,7.16,8.58
202200001758,5.9,8.06
202200001759,4.31,5.32
202200001761,2.84,6.3
202200001767,2.86,8.1
202200001769,3.51,9.98
202200001772,6.78,7.16
202200001785,1.94,3.08
202200001786,7.44,6.05
202200001787,6.28,16.95
202200001803,4.74,8.34
202200001806,3.04,6.48
202200001807,4.08,5.49
202200001808,4.28,4.52
202200001813,5.38,5.5
202200001830,5.19,8.28
202200001833,9.41,17.33
202200001834,4.28,8.01
202200001836,2.24,10.2
202200001837,1.38,25.72
202200001838,7.4,6.44
202200001839,6.57,10.81
202200001840,5.97,5.0
202200001843,3.1,20.71
202200001846,6.35,4.44
202200001849,7.5,7.2
202200001852,5.38,6.74
202200001853,9.31,10.95
202200001855,9.53,12.38
202200001860,6.37,4.12
202200001877,0.8,4.01
202200001880,1.98,5.38
202200001893,4.08,8.85
202200001912,3.54,4.02
202200001918,5.21,11.88
202200001922,1.48,9.87
202200001927,2.04,5.28
202200001930,3.04,6.17
202200001950,5.02,7.42
202200001951,0.37,5.79
202200001955,6.26,11.28
202200001961,3.6,6.44
202200001964,4.51,3.87
202200001970,3.8,6.8
202200001972,3.6,4.21
202200001975,7.52,8.64
202200001978,4.92,7.24
202200001982,5.31,8.47
202200001983,9.55,4.7
202200001990,7.6,5.54
202200002007,6.37,3.59
202200002035,7.44,4.36
202200002038,5.99,7.12
202200002040,3.01,22.02
202200002041,8.57,13.96
202200002045,2.4,39.25
202200002048,1.38,18.76
202200002062,2.7,5.38
202200002065,2.08,4.55
202200002069,5.48,23.18
202200002072,4.53,5.53
202200002078,1.05,2.88
202200002079,6.58,8.36
202200002082,6.14,5.59
202200002089,5.64,5.88
202200002114,4.17,12.22
202200002115,1.77,15.55
202200002122,12.95,29.74
202200002128,16.89,32.66
202200002135,2.05,14.39
202200002139,7.89,4.31
202200002140,7.16,24.93
202200002143,13.39,20.49
202200002144,8.32,8.32
202200002146,3.5,5.4
202200002149,3.77,20.66
202200002153,7.78,6.52
202200002156,9.01,16.83
202200002160,2.63,6.0
202200002163,4.54,4.12
202200002167,4.65,20.04
202200002170,2.98,19.52
202200002171,5.86,15.12
202200002173,4.9,7.7
202200002176,5.23,9.54
202200002178,2.52,27.04
202200002181,2.81,26.5
202200002186,7.12,7.16
202200002208,11.83,19.38
202200002211,3.06,15.4
202200002215,7.14,3.61
202200002227,5.06,3.96
202200002229,0.35,5.39
202200002233,6.66,9.82
202200002235,8.06,18.85
202200002240,12.3,15.25
202200002244,7.38,12.64
202200002259,5.88,6.47
202200002274,5.23,3.24
202200002275,9.1,6.03
202200002280,9.43,10.26
202200002282,7.31,7.18
202200002283,2.05,41.58
202200002285,8.54,8.17
202200002287,5.87,14.69
202200002289,7.17,6.14
202200002292,3.62,8.14
202200002307,5.34,6.05
202200002324,4.04,4.16
202200002362,3.05,5.72
202200002368,5.87,9.72
202200002393,2.82,3.91
202200002409,7.38,11.27
202200002413,4.31,7.32
202200002431,8.18,12.79
202200002441,3.07,9.41
202200002445,4.97,7.47
202200002456,2.17,2.31
202200002458,4.65,20.27
202200002460,7.58,9.67
202200002461,3.05,20.99
202200002463,4.42,37.7
202200002464,4.5,20.86
202200002508,4.11,2.35
202200002542,4.9,22.58
202200002543,9.22,20.74
202200002563,1.33,26.95
202200002566,1.84,8.87
202200002592,4.99,14.6
202200002593,8.59,10.63
202200002594,9.76,16.41
202200002612,2.51,5.82
202200002615,4.04,9.52
202200002616,5.58,7.23
202200002628,2.34,11.04
202200002629,3.84,6.45
202200002630,3.97,7.98
202200002631,6.39,3.33
202200002720,6.85,34.13
202200002760,5.58,14.01
202200002761,13.7,25.3
202200002762,4.6,18.65
202200002803,4.38,8.24
202200002804,4.74,8.59
202200002805,4.71,7.09
202200002826,1.79,1.12
202200002827,4.9,7.71
202200002908,8.18,12.11
202200002925,9.13,13.63
202200002926,1.98,2.13
202200002953,2.54,3.55
202200002967,3.2,3.6
202200002989,5.02,3.42
202200003025,6.24,7.29
202200003047,4.57,13.94
202200003084,10.69,10.51
202200003085,0.32,29.29
202200003086,11.24,22.79
202200003088,6.39,31.91
202200003089,3.58,19.8
202200003092,1.64,19.52
202200003112,5.4,6.64
202200003158,5.53,2.3
202200003159,7.64,8.02
202200003165,4.79,4.7
202200003168,3.62,8.35
202200003170,5.48,5.67
202200003171,3.59,6.78
202200003172,6.12,9.97
202200003174,4.47,4.39
202200003175,6.56,3.76
202200003176,6.36,8.52
202200003201,1.86,5.54
202200003203,7.63,7.66
202200003205,1.76,8.55
202200003206,5.27,4.85
202200003208,7.14,10.44
202200003230,2.01,16.47
202200003235,3.76,8.6
202200003281,17.21,34.2
202200003299,3.37,7.95
202200003303,7.14,14.4
202200003318,4.8,4.27
202200003341,7.69,22.78
202200003344,6.36,18.87
202200003349,4.12,13.95
202200003386,2.81,3.97
202200003414,3.5,8.39
202200003415,0.13,16.09
202200003422,2.21,6.08
202200003425,2.35,6.73
202200003427,4.97,5.41
202200003430,5.18,12.4
202200003435,9.43,11.14
202200003459,7.87,6.9
202200003463,2.11,7.84
202200003467,2.52,3.93
202200003469,2.31,8.19
202200003472,4.25,7.03
202200003475,2.4,8.53
202200003477,4.37,5.31
202200003478,6.12,6.69
202200003491,3.73,50.65
202200003497,1.96,10.38
202200003501,3.26,13.61
202200003504,2.06,14.08
202200003508,7.07,17.02
202200003510,1.03,19.98
202200003511,7.53,39.77
202200003514,7.16,16.77
202200003545,3.75,25.3
202200003550,1.45,7.14
202200003606,4.39,9.33
202200003612,3.94,4.65
202200003615,7.07,6.67
202200003619,6.67,10.58
202200003622,1.49,6.58
202200003626,0.6,7.87
202200003627,7.24,6.2
202200003630,5.86,10.88
202200003655,5.64,7.81
202200003660,6.02,8.18
202200003665,4.16,7.72
202200003671,4.46,4.69
202200003680,3.71,3.6
202200003685,7.76,7.4
202200003693,7.03,4.24
202200003697,2.32,9.66
202200003702,3.98,7.83
202200003703,5.57,4.58
202200003706,5.25,7.91
202200003709,5.64,9.49
202200003714,5.44,7.46
202200003716,3.38,5.02
202200003719,6.89,4.53
202200003720,4.9,4.2
202200003724,5.14,7.78
202200003725,8.04,10.4
202200003729,7.8,10.04
202200003732,4.87,3.51
202200003735,5.42,10.91
202200003739,2.27,5.7
202200003778,8.38,8.45
202200003783,3.65,4.13
202200003786,2.2,4.04
202200003787,2.7,8.64
202200003790,3.15,10.42
202200003792,2.88,7.81
202200003796,3.89,9.3
202200003825,4.16,9.12
202200003833,5.07,19.45
202200003863,2.81,4.3
202200003867,4.09,4.23
202200003868,5.7,5.18
202200003870,1.7,5.32
202200003875,5.19,33.04
202200003877,7.42,35.34
202200003879,4.16,12.91
202200003881,1.95,21.65
202200003884,0.83,12.77
202200003887,5.94,10.81
202200003916,10.11,17.76
202200003920,6.38,16.59
202200003921,2.09,27.1
202200003928,4.72,40.31
202200003947,6.98,14.93
202200003960,8.58,13.4
202200003965,8.11,23.75
202200003983,7.67,47.29
202200003984,7.64,13.52
202200003985,7.04,5.65
202200003986,3.62,31.38
202200003988,1.74,25.22
202200003990,4.21,7.47
202200003991,5.13,3.18
202200003992,6.09,7.14
202200003993,1.93,14.44
202200003995,9.53,7.06
202200003997,5.79,12.11
202200003998,6.17,12.71
202200004001,3.69,9.75
202200004003,0.94,7.42
202200004005,4.49,10.98
202200004008,1.6,17.29
202200004010,5.93,4.35
202200004012,4.56,16.65
202200004038,7.15,11.1
202200004042,5.28,14.39
202200004045,4.22,13.91
202200004101,10.51,15.33
202200004105,0.76,17.42
202200004117,13.76,18.07
202200004160,3.65,34.14
202200004165,6.68,11.29
202200004166,0.89,11.94
202200004169,5.33,31.96
202200004171,3.0,9.77
202200004193,6.94,9.86
202200004204,4.89,11.54
202200004217,2.39,14.42
202200004218,2.36,3.56
202200004219,16.3,27.72
202200004220,5.15,8.45
202200004221,4.71,12.44
202200004222,5.58,5.59
202200004223,0.9,46.46
202200004224,4.73,6.64
202200004225,5.22,17.25
202200004226,2.05,5.73
202200004227,5.51,7.5
202200004228,2.42,9.46
202200004229,7.11,22.9
202200004233,3.36,5.97
202200004240,1.11,8.12
202200004244,3.73,6.59
202200004246,5.82,3.15
202200004254,3.44,3.33
202200004269,5.96,2.38
202200004294,6.89,6.12
202200004296,4.07,5.88
202200004337,3.66,6.72
202200004351,6.94,4.7
202200004389,2.82,8.39
202200004391,4.27,8.3
202200004393,4.66,4.09
202200004406,6.29,8.43
202200004424,4.11,9.93
202200004427,3.45,23.72
202200004453,5.22,22.49
202200004460,2.41,25.42
202200004484,1.37,13.78
202200004485,1.9,17.94
202200004486,1.0,10.9
202200004487,2.72,11.39
202200004488,7.32,19.9
202200004497,5.38,8.81
202200004509,3.32,5.13
202200004521,3.16,10.84
202200004522,4.01,4.48
202200004580,4.56,20.54
202200004586,8.19,12.26
202200004591,7.93,32.42
202200004596,3.27,14.1
202200004597,7.62,39.5
202200004609,6.25,12.35
202200004610,3.51,19.44
202200004628,9.27,12.16
202200004629,3.76,11.2
202200004630,1.2,10.19
202200004635,3.92,7.65
202200004649,2.42,8.89
202200004650,5.0,7.51
202200004653,1.23,9.05
202200004671,4.44,6.53
202200004672,4.39,8.46
202200004727,4.52,13.16
202200004747,9.89,9.02
202200004759,7.46,12.47
202200004770,2.48,36.65
202200004793,2.19,5.44
202200004835,6.56,12.55
202200004838,4.5,4.22
202200004839,6.92,17.79
202200004842,1.21,6.11
202200004869,3.6,6.24
202200004872,3.19,7.67
202200004901,2.12,11.79
202200004910,2.51,6.51
202200004913,1.98,2.8
202200004923,8.6,26.64
202200004949,4.12,18.9
202200004960,3.89,3.58
202200004963,5.81,20.57
202200004968,10.65,9.54
202200004979,6.18,26.84
202200004991,5.77,3.7
202200004992,2.12,3.82
202200004994,4.49,11.94
202200004996,2.61,16.43
202200004997,8.56,25.52
202200005027,4.76,32.25
202200005032,2.45,18.94
202200005037,7.26,31.35
202200005048,2.74,4.51
202200005049,0.74,6.84
202200005051,4.33,5.98
202200005057,8.74,24.84
202200005083,10.6,17.0
202200005088,3.85,4.66
202200005092,7.9,13.47
202200005094,5.94,15.72
202200005109,6.05,9.24
202200005158,4.49,2.33
202200005164,7.32,3.32
202200005193,4.35,6.51
202200005195,2.01,5.69
202200005196,2.5,6.69
202200005197,4.39,7.02
202200005236,5.34,7.36
202200005238,6.99,7.0
202200005243,4.89,2.94
202200005245,6.4,7.52
202200005246,3.77,7.14
202200005247,6.61,6.65
202200005250,4.68,10.29
202200005251,9.63,4.93
202200005252,6.54,8.49
202200005254,5.91,9.19
202200005255,3.48,8.15
202200005258,5.63,8.96
202200005259,0.7,3.68
202200005276,2.25,10.15
202200005289,3.24,7.64
202200005293,3.85,11.16
202200005300,12.13,32.69
202200005310,3.73,24.84
202200005338,2.83,4.99
202200005344,1.16,7.76
202200005347,4.71,8.22
202200005362,3.75,6.88
202200005366,3.97,3.7
202200005367,4.59,6.95
202200005380,6.17,5.64
202200005387,4.33,3.81
202200005472,3.45,7.3
202200005477,4.2,7.71
202200005482,5.05,8.74
202200005486,2.27,5.65
202200005488,6.58,10.98
202200005489,2.86,6.7
202200005505,4.3,7.39
202200005536,4.19,4.6
202200005542,2.21,1.7
202200005560,4.14,7.9
202200005561,4.59,11.14
202200005563,3.77,5.69
202200005592,4.92,5.32
202200005599,13.65,24.62
202200005601,4.69,11.2
202200005646,4.43,8.36
202200005668,7.79,26.85
202200005672,1.18,20.41
202200005675,3.0,32.3
202200005720,2.26,4.04
202200005722,3.82,2.25
202200005725,3.73,3.76
202200005728,8.38,9.51
202200005763,5.59,15.85
202200005769,5.78,4.88
202200005777,5.7,6.18
202200005781,3.38,6.63
202200005792,7.51,10.37
202200005865,1.91,3.24
202200005894,4.39,13.31
202200005904,6.03,15.05
202200005922,7.59,17.2
202200005925,3.78,11.04
202200005935,5.31,4.73
202200005936,5.68,9.16
202200005972,10.81,38.81
202200005982,7.53,10.63
202200005988,13.02,8.45
202200005993,5.78,25.67
202200005994,4.56,14.41
202200005998,2.37,10.19
202200006007,2.02,24.38
202200006009,2.91,4.93
202200006031,6.8,10.73
202200006037,1.45,5.67
202200006042,3.03,4.46
202200006048,7.42,10.23
202200006050,5.45,6.46
202200006052,2.28,2.96
202200006054,3.96,6.62
202200006063,1.07,4.31
202200006105,5.79,5.02
202200006107,3.77,8.43
202200006108,3.29,5.48
202200006109,6.6,3.82
202200006110,5.02,6.0
202200006112,2.48,2.39
202200006114,5.22,7.38
202200006161,4.2,15.3
202200006190,8.22,15.53
202200006213,6.09,16.58
202200006219,2.6,8.19
202200006221,7.61,5.76
202200006226,7.84,4.78
202200006243,5.44,40.76
202200006244,2.81,12.3
202200006245,0.75,10.62
202200006246,4.41,15.73
202200006261,8.26,8.26
202200006270,7.62,10.42
202200006277,8.95,23.16
202200006278,10.04,13.97
202200006279,3.25,8.77
202200006281,2.85,9.68
202200006282,2.74,10.7
202200006283,4.24,6.4
202200006284,6.8,6.28
202200006286,3.8,7.91
202200006294,9.82,11.6
202200006326,2.34,3.54
202200006328,5.7,7.11
202200006346,5.46,5.18
202200006347,5.27,6.84
202200006357,2.81,8.29
202200006358,5.28,7.77
202200006369,4.0,9.9
202200006370,5.54,4.39
202200006385,7.63,7.78
202200006449,3.83,34.37
202200006484,3.16,19.36
202200006506,6.37,3.88
202200006519,3.66,9.31
202200006520,5.64,5.63
202200006521,9.63,7.53
202200006522,9.49,7.39
202200006539,6.53,4.6
202200006540,5.95,2.4
202200006598,4.03,5.07
202200006600,0.75,27.49
202200006602,10.55,19.87
202200006603,8.1,5.45
202200006613,2.77,11.95
202200006615,7.84,32.95
202200006639,5.01,8.46
202200006641,10.14,29.06
202200006642,1.56,8.85
202200006644,1.25,8.17
202200006646,4.53,3.12
202200006648,3.91,12.0
202200006675,6.32,3.79
202200006681,4.86,7.23
202200006682,4.91,10.93
202200006686,4.31,4.34
202200006688,5.99,6.58
202200006690,2.04,3.68
202200006692,5.97,5.8
202200006694,7.68,8.21
202200006719,1.84,7.6
202200006721,2.87,7.3
202200006797,1.38,44.96
202200006799,8.62,14.98
202200006806,2.99,12.92
202200006812,4.44,7.04
202200006813,4.43,11.01
202200006817,28.63,20.66
202200006819,5.25,5.73
202200006821,0.45,2.09
202200006822,7.61,3.21
202200006825,2.45,2.86
202200006827,4.98,6.22
202200006830,4.6,5.33
202200006833,4.12,5.2
202200006885,6.13,7.52
202200006926,9.61,13.64
202200006930,6.38,8.02
202200006932,0.94,9.62
202200006935,6.18,17.95
202200006997,2.82,3.07
202200007080,3.93,5.58
202200007082,3.54,5.69
202200007097,3.97,18.2
202200007128,2.41,11.67
202200007149,0.7,12.59
202200007151,3.52,6.96
202200007153,3.21,3.45
202200007156,4.4,7.24
202200007157,4.14,6.31
202200007167,5.32,5.35
202200007169,5.17,6.81
202200007174,3.37,4.94
202200007183,4.84,7.02
202200007216,7.91,11.84
202200007219,23.12,28.55
202200007237,1.71,9.59
202200007247,5.76,6.23
202200007262,1.8,25.34
202200007273,8.42,35.47
202200007294,6.38,48.08
202200007295,6.38,23.5
202200007303,4.47,19.79
202200007304,4.32,4.32
202200007372,6.52,37.88
202200007377,2.21,21.16
202200007381,1.48,19.6
202200007383,7.85,24.08
202200007424,5.69,7.85
202200007428,7.36,3.99
202200007470,11.68,45.35
202200007476,9.49,4.81
202200007483,5.2,5.24
202200007484,4.18,14.43
202200007486,4.81,4.51
202200007487,5.2,6.46
202200007545,3.71,2.57
202200007546,3.04,7.63
202200007559,4.82,21.38
202200007567,9.57,11.66
202200007568,6.62,16.76
202200007599,12.58,20.18
202200007613,8.26,20.01
202200007660,5.13,26.69
202200007662,2.85,7.78
202200007671,8.9,15.49
202200007709,6.18,5.65
202200007715,1.87,6.54
202200007720,6.92,12.58
202200007724,8.96,6.52
202200007728,1.6,15.39
202200007730,1.21,23.73
202200007735,4.28,13.44
202200007764,8.51,12.44
202200007770,2.5,13.8
202200007774,10.13,13.89
202200007804,15.02,28.08
202200007814,5.03,23.88
202200007824,1.24,4.5
202200007826,6.96,4.3
202200007828,1.77,3.62
202200007830,2.88,5.54
202200007831,6.1,8.01
202200007832,3.7,7.55
202200007834,4.93,6.89
202200007860,5.35,7.51
202200007865,5.9,5.94
202200007882,3.76,16.64
202200007883,6.96,5.96
202200007884,1.96,8.51
202200007885,6.52,7.27
202200007886,4.12,5.82
202200007902,5.58,4.45
202200007910,3.99,3.23
202200007912,2.71,9.15
202200007913,3.94,5.65
202200007915,5.63,5.72
202200007943,1.81,5.25
202200007944,5.64,3.84
202200007976,7.19,4.56
202200007978,2.36,5.97
202200008037,4.28,21.56
202200008050,5.75,7.56
202200008051,4.03,33.37
202200008053,3.86,16.3
202200008055,9.5,16.58
202200008057,2.65,5.87
202200008066,3.58,14.43
202200008090,6.39,10.73
202200008091,3.47,30.08
202200008109,8.35,13.61
202200008126,3.56,3.7
202200008128,4.54,19.11
202200008132,12.03,23.59
202200008135,2.2,12.7
202200008137,1.69,13.54
202200008139,5.8,9.51
202200008151,5.23,10.34
202200008162,5.04,19.7
202200008168,4.02,23.74
202200008177,7.46,4.72
202200008188,3.75,7.6
202200008190,9.23,4.96
202200008191,3.24,4.81
202200008202,5.95,6.1
202200008225,5.03,4.73
202200008231,3.0,7.54
202200008250,1.67,13.26
202200008252,3.8,10.69
202200008255,3.3,6.16
202200008258,3.63,5.03
202200008264,2.66,10.54
202200008266,8.22,5.1
202200008383,4.12,12.85
202200008386,7.07,17.05
202200008387,2.48,13.71
202200008389,12.52,27.83
202200008395,2.88,20.81
202200008418,6.3,20.62
202200008419,2.02,7.53
202200008420,0.84,19.79
202200008421,4.43,12.87
202200008441,5.68,5.73
202200008473,4.27,6.27
202200008474,2.34,23.12
202200008479,2.24,9.79
202200008482,0.81,10.59
202200008488,0.81,18.27
202200008495,6.16,18.78
202200008510,5.98,8.87
202200008511,2.74,18.21
202200008518,7.48,10.86
202200008519,6.16,7.81
202200008532,3.68,1.64
202200008536,4.36,5.37
202200008537,2.28,5.63
202200008538,4.46,5.47
202200008551,6.59,9.09
202200008552,6.45,16.57
202200008553,6.02,4.24
202200008573,3.06,6.0
202200008661,4.62,22.23
202200008664,7.8,20.24
202200008676,4.56,19.2
202200008683,15.18,23.47
202200008691,13.9,24.69
202200008699,3.05,2.49
202200008700,5.36,19.65
202200008714,8.21,3.11
202200008715,2.51,4.67
202200008717,5.6,5.63
202200008735,6.36,4.22
202200008736,2.29,2.74
202200008764,5.4,7.59
202200008786,10.4,17.18
202200008838,3.36,4.37
202200008839,12.32,16.34
202200008841,5.57,6.96
202200008872,3.03,7.79
202200008874,3.86,1.93
202200008878,7.72,3.32
202200008918,4.89,9.54
202200008924,8.94,15.85
202200008927,2.96,18.72
202200008932,2.89,15.92
202200008945,1.15,22.48
202200008960,6.69,10.05
202200008975,8.96,14.65
202200008978,8.27,9.43
202200008980,14.15,17.88
202200008984,2.78,8.46
202200008988,7.64,10.9
202200009004,6.36,6.43
202200009007,7.47,7.98
202200009011,12.31,17.2
202200009017,3.28,8.6
202200009022,3.3,5.81
202200009030,2.36,2.26
202200009035,1.27,20.12
202200009102,7.32,10.23
202200009106,4.3,9.09
202200009127,5.73,8.33
202200009147,2.44,3.12
202200009154,5.08,8.93
202200009158,5.42,4.31
202200009160,3.02,10.8
202200009163,2.69,5.75
202200009172,3.15,9.38
202200009173,4.03,3.92
202200009177,4.95,9.93
202200009180,7.67,10.85
202200009181,5.71,8.89
202200009186,3.45,8.07
202200009195,5.25,4.91
202200009200,9.61,7.51
202200009222,3.62,2.94
202200009227,6.13,4.52
202200009233,4.12,11.87
202200009244,2.17,3.25
202200009268,6.43,6.81
202200009291,1.66,5.68
202200009343,1.6,18.73
202200009382,3.75,28.04
202200009386,7.46,6.09
202200009388,1.15,25.15
202200009409,3.9,11.64
202200009416,5.79,23.9
202200009442,6.15,9.21
202200009451,13.72,29.66
202200009453,16.2,18.25
202200009462,3.06,7.74
202200009463,3.62,11.3
202200009467,8.2,39.06
202200009471,4.16,34.08
202200009472,11.87,24.1
202200009475,2.28,16.58
202200009479,7.91,13.38
202200009493,11.65,17.3
202200009496,3.97,10.65
202200009500,6.33,10.92
202200009503,4.46,7.68
202200009505,5.24,29.26
202200009508,1.08,17.68
202200009520,17.46,23.12
202200009524,3.49,20.47
202200009526,3.01,22.45
202200009528,2.73,0.77
202200009532,7.48,11.47
202200009535,1.69,20.27
202200009537,6.08,22.78
202200009541,6.69,13.85
202200009544,2.6,20.85
202200009547,2.82,3.75
202200009548,4.12,10.07
202200009572,2.94,22.81
202200009587,5.93,7.71
202200009598,5.02,7.58
202200009601,2.84,3.83
202200009621,6.44,9.44
202200009622,5.17,4.24
202200009652,5.0,9.8
202200009659,6.05,6.25
202200009680,3.21,19.0
202200009697,1.61,8.9
202200009714,6.81,5.5
202200009726,8.26,6.57
202200009743,1.43,5.18
202200009744,1.27,1.99
202200009820,3.41,8.02
202200009829,8.1,24.81
202200009837,1.92,22.82
202200009844,11.42,13.33
202200009845,8.06,17.31
202200009857,14.87,32.54
202200009858,8.99,16.14
202200009859,6.84,23.54
202200009886,8.38,3.7
202200009887,3.28,5.95
202200009888,4.62,5.63
202200009891,5.6,5.06
202200009897,5.91,4.4
202200009898,3.3,4.74
202200009905,5.9,12.27
202200010020,5.07,19.71
202200010071,1.55,22.89
202200010089,3.07,13.54
202200010103,8.32,17.33
202200010138,3.66,6.05
202200010145,5.69,22.15
202200010162,7.35,2.23
202200010164,4.46,8.61
202200010166,5.28,6.78
202200010167,1.49,4.64
202200010170,4.12,2.5
202200010173,6.43,6.62
202200010177,2.67,2.41
202200010180,4.58,7.21
202200010191,6.4,4.55
202200010194,3.84,8.01
202200010204,4.0,33.27
202200010208,4.72,21.64
202200010211,2.12,10.64
202200010212,3.83,22.87
202200010221,5.02,5.5
202200010230,12.08,16.36
202200010234,2.67,4.16
202200010278,4.62,6.23
202200010295,4.31,0.65
202200010310,6.07,7.0
202200010316,7.38,7.41
202200010318,2.97,8.32
202200010374,4.27,4.36
202200010377,3.17,10.76
202200010380,2.74,4.91
202200010384,6.73,2.94
202200010415,0.32,29.65
202200010422,0.22,9.39
202200010426,3.55,11.88
202200010429,5.36,20.12
202200010449,2.23,1.9
202200010450,9.53,11.55
202200010454,3.38,16.61
202200010468,2.51,5.56
202200010479,7.71,9.93
202200010480,7.29,12.13
202200010492,3.91,19.01
202200010494,8.18,19.95
202200010507,4.61,13.11
202200010528,1.12,14.53
202200010539,11.94,34.99
202200010540,18.76,19.13
202200010541,1.45,18.38
202200010542,6.05,17.71
202200010558,0.82,43.76
202200010569,12.39,15.47
202200010579,9.58,9.72
202200010580,4.82,24.07
202200010593,2.27,4.28
202200010594,5.14,29.31
202200010595,3.5,7.47
202200010617,3.84,6.01
202200010618,5.41,6.8
202200010621,4.51,7.76
202200010633,3.82,4.03
202200010634,3.65,6.77
202200010635,3.98,4.08
202200010636,5.48,9.08
202200010650,3.75,4.81
202200010681,6.4,29.61
202200010696,5.79,31.16
202200010698,7.67,16.55
202200010702,6.12,12.43
202200010704,3.69,3.8
202200010730,5.51,9.31
202200010736,29.5,23.14
202200010742,1.84,44.98
202200010743,4.04,7.63
202200010744,13.0,24.8
202200010745,4.31,16.11
202200010747,9.06,11.21
202200010748,1.24,22.09
202200010753,2.6,10.68
202200010755,4.29,5.9
202200010756,5.68,6.51
202200010774,3.01,8.56
202200010776,7.0,10.27
202200010780,5.56,9.37
202200010781,5.05,5.42
202200010784,2.15,6.19
202200010817,2.26,5.71
202200010820,6.84,10.74
202200010822,3.64,5.29
202200010831,6.68,6.08
202200010833,3.69,5.31
202200010835,2.19,10.28
202200010836,2.13,8.08
202200010842,1.66,5.26
202200010846,4.05,2.23
202200010847,4.36,5.3
202200010850,6.2,8.36
202200010857,9.93,11.05
202200010860,5.3,8.05
202200010864,4.28,5.27
202200010868,3.28,6.36
202200010871,3.12,3.0
202200010885,5.05,9.75
202200010889,4.69,8.76
202200010893,5.68,11.4
202200010896,0.64,7.52
202200010901,2.84,5.81
202200010908,2.03,2.44
202200010946,4.96,4.29
202200010950,6.3,9.24
202200010980,3.95,4.32
202200010982,8.2,20.42
202200010984,10.05,13.7
202200011019,2.94,7.51
202200011023,3.37,2.07
202200011031,3.93,11.33
202200011035,4.15,1.53
202200011038,6.02,10.37
202200011042,3.68,11.32
202200011043,1.65,20.21
202200011046,4.29,4.16
202200011050,4.45,4.59
202200011054,4.72,6.59
202200011169,6.66,8.31
202200011261,9.57,9.44
202200011276,12.58,16.51
202200011308,4.62,16.42
202200011309,7.8,10.45
202200011312,6.53,14.79
202200011332,4.3,11.69
202200011334,5.17,12.68
202200011388,6.43,4.17
202200011397,6.21,23.54
202200011406,4.3,3.98
202200011464,10.12,29.07
202200011465,4.28,40.37
202200011485,6.41,7.55
202200011490,2.81,8.27
202200011492,6.79,42.7
202200011497,2.6,27.85
202200011536,1.46,33.22
202200011540,5.87,17.76
202200011541,8.25,19.76
202200011562,2.36,17.36
202200011580,8.01,8.52
202200011582,3.31,7.93
202200011583,3.55,4.0
202200011584,1.37,12.94
202200011585,10.51,26.01
202200011586,3.46,13.49
202200011588,2.39,19.91
202200011604,2.93,9.82
202200011613,3.89,9.41
202200011623,4.41,5.39
202200011636,5.86,6.5
202200011641,7.0,6.1
202200011654,6.14,7.54
202200011671,4.77,4.64
202200011674,6.46,6.86
202200011702,6.4,3.83
202200011704,4.92,6.04
202200011712,7.1,6.07
202200011786,9.71,8.34
202200011820,2.06,9.19
202200011821,3.89,3.57
202200011833,4.31,5.07
202200011834,2.12,16.83
202200011835,5.54,33.86
202200011853,1.12,38.33
202200011858,7.27,14.41
202200011881,5.18,7.96
202200011893,6.56,7.56
202200011894,2.01,5.58
202200011895,4.81,3.4
202200011906,5.06,7.83
202200011907,3.42,5.72
202200011909,2.63,5.13
202200012056,11.48,23.71
202200012070,3.12,25.55
202200012082,3.25,20.41
202200012083,7.68,36.45
202200012093,13.13,22.37
202200012101,6.53,29.21
202200012102,14.81,18.05
202200012107,1.5,12.38
202200012138,2.5,1.46
202200012142,7.63,22.83
202200012153,13.02,21.0
202200012159,5.36,10.06
202200012202,7.7,10.97
202200012208,7.83,9.84
202200012211,9.63,11.12
202200012236,3.79,4.83
202200012238,8.39,16.74
202200012394,2.81,6.66
202200012412,4.88,17.44
202200012435,7.3,10.59
202200012437,7.27,34.25
202200012451,7.47,9.11
202200012452,2.69,5.08
202200012453,7.08,7.31
202200012460,5.75,7.52
202200012488,3.92,10.49
202200012527,0.52,31.5
202200012534,5.44,16.41
202200012554,5.18,7.92
202200012560,6.67,12.1
202200012578,9.43,55.7
202200012580,4.93,2.62
202200012600,5.24,17.18
202200012602,7.42,13.93
202200012620,8.67,3.92
202200012621,2.43,7.16
202200012622,2.19,5.49
202200012645,6.5,7.94
202200012656,4.35,6.51
202200012657,5.15,8.73
202200012658,3.78,6.41
202200012659,3.68,1.85
202200012660,3.33,6.86
202200012694,5.22,8.4
202200012696,2.43,2.95
202200012697,7.44,5.32
202200012699,6.65,7.84
202200012712,1.97,5.85
202200012765,3.77,15.73
202200012777,1.9,8.84
202200012786,11.78,14.82
202200012795,5.25,6.25
202200012797,5.31,7.45
202200012799,5.08,7.44
202200012800,6.42,5.24
202200012802,5.5,7.18
202200012831,9.03,10.9
202200012837,4.08,3.95
202200012844,9.56,14.16
202200012847,4.36,10.43
202200012877,2.82,8.02
202200012912,4.07,4.68
202200012936,29.45,23.1
202200012939,6.67,31.61
202200012945,4.46,12.88
202200012949,3.78,14.26
202200012952,8.66,13.41
202200012959,2.09,5.79
202200012963,4.55,4.85
202200013009,1.24,17.17
202200013015,5.38,5.3
202200013022,3.62,6.56
202200013038,3.66,4.18
202200013041,3.24,2.38
202200013046,4.18,13.29
202200013048,3.9,8.47
202200013049,5.72,1.72
202200013057,1.92,4.28
202200013065,4.9,6.14
202200013133,8.36,25.33
202200013148,5.15,3.57
202200013163,3.26,3.41
202200013167,3.5,11.84
202200013171,1.23,12.52
202200013176,5.62,7.18
202200013197,7.74,12.38
202200013200,4.76,4.08
202200013203,3.97,15.68
202200013204,7.18,6.89
202200013219,4.36,29.47
202200013265,3.67,8.0
202200013269,2.19,19.63
202200013271,4.02,5.03
202200013275,3.64,33.21
202200013276,3.39,4.57
202200013278,4.28,4.87
202200013281,3.28,5.45
202200013285,1.42,6.83
202200013286,6.52,11.59
202200013289,9.04,30.37
202200013299,1.06,5.16
202200013302,5.38,5.75
202200013312,4.96,23.07
202200013316,9.83,17.76
202200013320,4.08,6.24
202200013322,6.25,8.15
202200013325,5.94,7.61
202200013327,3.48,7.52
202200013328,5.94,6.24
202200013332,5.06,4.49
202200013336,2.32,29.06
202200013337,4.65,8.13
202200013341,6.3,8.2
202200013349,12.83,13.01
202200013350,4.43,5.14
202200013369,5.21,11.05
202200013374,3.08,5.94
202200013375,4.19,7.16
202200013381,2.33,2.73
202200013391,2.65,5.18
202200013392,2.43,5.8
202200013395,4.51,3.52
202200013405,3.72,3.54
202200013407,4.09,9.02
202200013410,4.12,3.76
202200013412,2.72,7.98
202200013444,7.02,2.37
202200013483,4.47,11.41
202200013509,4.52,7.08
202200013514,4.18,3.36
202200013596,2.72,18.51
202200013618,6.96,6.74
202200013625,7.35,7.62
202200013629,3.4,3.43
202200013634,9.0,21.0
202200013653,0.9,20.54
202200013658,3.53,13.69
202200013661,4.37,29.48
202200013685,0.97,4.64
202200013713,3.21,7.31
202200013715,1.42,7.22
202200013769,7.37,53.66
202200013772,3.92,15.75
202200013775,1.82,2.99
202200013776,6.65,12.84
202200013794,7.43,4.81
202200013811,6.46,4.61
202200013813,5.26,7.91
202200013837,5.29,7.42
202200013839,3.8,23.85
202200013853,4.85,5.33
202200013869,9.09,20.85
202200013878,6.63,5.24
202200013904,6.52,22.02
202200013916,2.3,23.82
202200013928,7.54,41.93
202200013931,3.48,1.47
202200013945,1.75,12.81
202200013972,7.21,5.75
202200013973,5.74,9.49
202200013984,4.28,4.15
202200013988,2.96,7.65
202200013989,2.88,1.8
202200013992,3.44,7.12
202200013993,4.04,3.93
202200013996,5.54,7.22
202200013999,4.72,10.43
202200014002,5.03,6.67
202200014005,3.32,6.19
202200014024,4.96,3.55
202200014027,5.0,3.58
202200014030,3.56,9.93
202200014033,4.06,8.6
202200014041,6.11,17.34
202200014044,5.34,8.53
202200014045,1.94,13.54
202200014048,4.44,6.64
202200014051,3.08,6.29
202200014057,1.7,4.76
202200014083,3.91,10.48
202200014087,7.56,10.13
202200014113,3.74,2.62
202200014140,4.6,11.32
202200014181,4.86,27.97
202200014225,5.09,6.08
202200014235,5.3,11.09
202200014240,7.09,39.15
202200014241,9.8,17.45
202200014253,2.17,3.14
202200014254,8.73,21.3
202200014255,6.19,7.37
202200014256,14.06,13.58
202200014264,2.63,5.01
202200014266,3.75,5.68
202200014267,1.64,5.59
202200014272,3.81,3.06
202200014284,2.21,13.56
202200014288,9.85,13.09
202200014292,2.03,11.54
202200014315,8.48,8.63
202200014317,2.6,15.28
202200014319,5.36,27.63
202200014354,5.16,9.0
202200014362,3.87,5.6
202200014385,4.4,29.64
202200014416,10.28,35.49
202200014426,1.59,5.97
202200014435,6.56,24.89
202200014436,6.83,18.63
202200014437,3.59,16.2
202200014439,2.32,15.94
202200014441,8.18,6.78
202200014450,10.37,17.15
202200014468,7.5,11.15
202200014470,5.15,6.87
202200014472,1.06,35.02
202200014481,3.68,6.87
202200014483,4.3,8.16
202200014486,5.05,6.28
202200014490,3.06,2.95
202200014492,3.02,2.92
202200014520,2.61,8.5
202200014575,2.18,16.32
202200014588,1.24,4.55
202200014596,4.08,11.31
202200014639,3.56,4.02
202200014641,3.88,20.02
202200014643,4.67,13.18
202200014645,4.06,7.9
202200014660,0.78,17.65
202200014662,4.74,17.72
202200014665,5.35,10.83
202200014677,9.37,10.2
202200014684,1.1,3.48
202200014691,5.14,8.58
202200014709,5.36,7.1
202200014712,4.74,8.12
202200014716,3.13,2.13
202200014718,6.56,5.67
202200014723,6.04,6.52
202200014725,3.29,11.77
202200014727,4.87,7.03
202200014730,3.73,6.4
202200014734,6.72,4.16
202200014735,4.26,9.09
202200014750,9.39,8.09
202200014755,4.56,7.74
202200014756,2.92,4.9
202200014758,5.96,9.47
202200014759,3.76,8.35
202200014760,3.51,24.12
202200014775,7.97,30.94
202200014817,6.77,12.76
202200014819,8.68,9.56
202200014820,3.62,25.1
202200014823,3.55,6.08
202200014824,3.98,1.7
202200014828,3.28,3.68
202200014836,4.51,6.61
202200014876,4.72,5.73
202200014888,2.94,24.77
202200014903,9.6,48.65
202200014906,8.99,17.3
202200014938,6.26,12.81
202200014980,8.81,7.81
202200015004,4.92,5.11
202200015006,8.66,5.6
202200015009,4.41,10.06
202200015011,3.86,5.51
202200015015,5.68,19.67
202200015018,25.28,26.77
202200015037,3.91,40.76
202200015046,5.89,6.94
202200015048,4.71,44.83
202200015049,7.94,8.51
202200015057,5.97,20.52
202200015084,4.47,7.06
202200015088,1.55,6.96
202200015090,4.0,23.77
202200015092,3.11,5.27
202200015096,2.36,4.52
202200015102,4.36,10.4
202200015106,7.78,6.8
202200015110,3.3,10.27
202200015138,6.72,8.51
202200015142,3.64,27.28
202200015153,3.48,11.46
202200015187,2.33,5.47
202200015226,2.89,23.13
202200015270,5.62,25.01
202200015276,3.36,5.52
202200015280,3.93,6.1
202200015293,7.89,18.69
202200015297,3.54,5.88
202200015299,2.44,28.97
202200015304,6.1,18.81
202200015310,5.41,25.38
202200015325,4.21,11.25
202200015330,6.15,27.89
202200015335,10.06,8.94
202200015343,2.76,7.1
202200015409,3.76,5.2
202200015416,9.33,9.73
202200015421,4.2,9.22
202200015450,3.66,7.56
202200015454,10.89,21.06
202200015459,1.8,14.2
202200015471,2.72,2.8
202200015488,4.1,3.57
202200015511,3.26,2.7
202200015513,7.37,13.9
202200015517,1.02,15.84
202200015547,7.39,22.59
202200015558,24.74,30.17
202200015575,5.12,13.19
202200015580,3.06,5.13
202200015583,5.11,3.13
202200015585,6.76,6.94
202200015600,4.46,39.89
202200015602,3.57,32.51
202200015604,7.02,9.87
202200015635,12.57,13.73
202200015638,9.49,9.43
202200015641,2.01,28.74
202200015665,2.09,4.2
202200015668,5.01,8.34
202200015671,3.84,7.06
202200015674,8.43,12.85
202200015675,7.98,9.85
202200015678,3.13,5.29
202200015679,4.53,28.0
202200015692,2.45,2.29
202200015693,2.26,4.26
202200015694,4.35,11.84
202200015695,1.88,7.41
202200015719,4.91,6.3
202200015722,4.65,6.06
202200015746,4.45,2.41
202200015748,4.99,7.49
202200015753,3.86,19.39
202200015765,3.83,4.03
202200015791,7.43,7.36
202200015810,7.54,3.96
202200015813,5.49,6.76
202200015815,3.22,4.2
202200015817,4.97,10.78
202200015839,1.3,3.47
202200015841,7.19,9.35
202200015859,4.13,14.39
202200015862,5.57,6.04
202200015869,7.04,4.81
202200015887,4.38,3.86
202200015948,11.23,15.16
202200015956,4.66,4.34
202200015963,3.6,22.58
202200015987,3.37,16.93
202200015990,1.05,19.61
202200015991,11.94,13.73
202200016003,3.52,24.02
202200016004,5.58,15.48
202200016008,8.51,32.09
202200016033,0.58,18.87
202200016035,6.92,10.0
202200016037,7.08,29.66
202200016042,3.82,19.63
202200016043,3.93,21.89
202200016063,3.8,5.29
202200016094,3.37,8.7
202200016101,4.12,9.27
202200016104,5.78,7.42
202200016114,6.1,3.95
202200016117,1.59,3.76
202200016130,8.81,21.05
202200016134,2.1,3.74
202200016137,5.4,4.98
202200016156,7.33,5.26
202200016159,7.52,1.73
202200016162,5.77,5.45
202200016172,6.6,3.45
202200016179,9.72,25.94
202200016186,6.14,16.73
202200016195,7.21,41.23
202200016203,7.52,16.79
202200016204,3.24,14.76
202200016213,5.45,5.56
202200016214,5.36,7.5
202200016215,4.6,4.51
202200016229,7.1,11.03
202200016230,6.14,5.02
202200016259,4.44,21.49
202200016268,4.54,21.19
202200016284,11.01,13.04
202200016288,9.0,14.22
202200016296,2.79,17.39
202200016297,8.44,21.42
202200016316,8.46,3.69
202200016337,4.9,9.84
202200016338,6.93,9.09
202200016339,3.31,2.34
202200016340,4.37,9.43
202200016341,5.88,9.96
202200016342,2.9,2.77
202200016343,8.59,3.65
202200016344,4.83,9.06
202200016345,5.9,8.05
202200016371,8.48,19.41
202200016372,0.83,21.3
202200016374,1.15,19.71
202200016403,3.2,29.02
202200016405,5.87,20.52
202200016438,4.86,5.7
202200016445,4.58,28.03
202200016450,2.26,29.49
202200016456,2.64,16.04
202200016462,2.67,17.81
202200016463,10.16,13.87
202200016464,18.04,18.4
202200016465,5.2,19.15
202200016466,6.06,20.46
202200016467,3.55,7.92
202200016477,9.29,14.18
202200016487,9.02,15.07
202200016489,3.32,17.0
202200016490,3.41,5.24
202200016491,3.16,24.92
202200016493,2.64,20.9
202200016501,4.32,7.44
202200016503,4.25,18.23
202200016504,5.14,7.81
202200016507,7.68,7.27
202200016509,5.42,6.44
202200016511,2.31,4.33
202200016515,1.42,4.64
202200016530,0.97,2.61
202200016539,4.03,10.2
202200016540,3.34,10.22
202200016556,4.58,6.74
202200016557,0.67,5.18
202200016564,6.18,6.89
202200016577,2.96,3.98
202200016587,5.24,5.76
202200016589,6.16,6.96
202200016591,5.05,5.92
202200016599,3.27,1.96
202200016618,3.88,13.27
202200016649,6.86,10.14
202200016670,11.48,27.64
202200016674,3.54,23.04
202200016686,2.62,10.5
202200016690,1.27,6.43
202200016700,3.29,6.27
202200016707,4.9,4.84
202200016712,2.43,5.29
202200016745,2.95,11.75
202200016748,6.74,4.01
202200016751,6.23,6.78
202200016762,9.83,26.44
202200016819,6.59,4.88
202200016847,4.03,1.77
202200016866,4.36,27.81
202200016909,6.04,5.18
202200016913,1.18,1.21
202200016914,4.14,4.03
202200016915,10.62,21.39
202200016916,4.92,5.31
202200016918,5.22,5.25
202200016919,3.96,11.64
202200016920,5.58,11.24
202200016921,6.07,13.52
202200016922,7.01,8.14
202200016924,8.39,17.49
202200016926,14.43,16.29
202200016928,6.09,8.0
202200016932,3.79,31.28
202200016934,3.28,22.41
202200016937,2.33,12.87
202200016939,4.57,24.58
202200016941,4.24,19.61
202200016948,3.64,8.2
202200016952,4.07,4.63
202200016954,3.04,6.23
202200016959,6.05,6.91
202200016964,5.0,1.33
202200016966,5.14,8.86
202200016982,3.96,7.83
202200016992,11.59,19.26
202200017000,5.91,8.07
202200017006,5.72,8.77
202200017012,2.3,6.31
202200017020,6.38,6.22
202200017024,6.84,6.38
202200017031,4.94,6.26
202200017033,0.52,23.88
202200017036,4.61,6.86
202200017045,12.54,36.19
202200017050,3.46,7.31
202200017052,2.34,39.19
202200017054,6.92,7.29
202200017056,2.02,5.34
202200017060,6.03,8.78
202200017080,4.08,14.08
202200017104,10.63,15.13
202200017126,0.78,23.86
202200017128,4.72,4.73
202200017147,1.63,11.44
202200017149,1.19,7.67
202200017153,1.08,11.55
202200017158,5.16,8.34
202200017179,1.76,3.4
202200017182,3.22,2.96
202200017185,5.83,4.93
202200017188,2.53,6.38
202200017189,2.52,7.94
202200017192,6.86,7.02
202200017194,3.84,7.61
202200017196,3.3,8.8
202200017201,5.17,6.14
202200017202,6.1,6.64
202200017206,5.68,8.19
202200017207,4.13,4.54
202200017209,4.95,7.14
202200017211,8.57,8.59
202200017212,4.12,8.82
202200017213,4.1,21.53
202200017217,4.88,6.76
202200017218,4.96,5.37
202200017223,3.28,5.78
202200017227,6.98,11.71
202200017229,2.34,7.28
202200017236,6.53,11.06
202200017248,3.84,8.39
202200017250,3.7,10.23
202200017254,3.36,11.84
202200017255,1.83,5.43
202200017262,3.88,3.22
202200017284,5.17,6.58
202200017310,3.87,7.89
202200017314,2.71,4.74
202200017347,3.95,6.17
202200017350,6.06,4.95
202200017353,3.41,6.81
202200017450,3.88,7.01
202200017453,6.15,4.8
202200017455,10.5,31.89
202200017456,1.71,16.62
202200017460,0.28,11.84
202200017467,5.35,8.01
202200017470,6.32,15.31
202200017471,5.96,5.82
202200017475,5.0,2.93
202200017482,8.29,15.23
202200017509,19.18,22.03
202200017512,2.78,3.05
202200017534,7.35,19.73
202200017547,4.44,8.38
202200017606,4.62,3.58
202200017607,3.83,5.24
202200017680,1.56,4.88
202200017692,3.27,5.51
202200017767,4.69,23.29
202200017785,7.66,23.88
202200017798,10.34,17.71
202200017799,3.12,14.01
202200017800,4.24,18.79
202200017804,2.7,12.72
202200017812,2.91,22.19
202200017824,7.75,9.27
202200017848,4.06,19.11
202200017849,1.75,13.78
202200017850,2.12,3.83
202200017851,1.85,10.77
202200017852,6.22,5.98
202200017854,3.09,2.83
202200017860,5.11,7.06
202200017863,6.25,7.17
202200017873,4.19,8.18
202200017883,6.66,5.66
202200017886,5.1,4.97
202200017901,8.73,3.97
202200017903,0.85,3.76
202200017904,5.28,5.43
202200017943,3.67,6.86
202200017945,3.09,9.6
202200017946,4.44,1.05
202200017991,3.91,10.48
202200018062,3.92,7.13
202200018140,5.03,7.22
202200018161,7.06,6.7
202200018180,2.15,3.75
202200018181,5.42,5.87
202200018182,7.66,5.82
202200018256,6.04,5.44
202200018262,3.86,6.02
202200018263,2.42,6.11
202200018264,2.91,5.08
202200018265,8.73,6.3
202200018266,0.12,5.27
202200018270,4.93,5.12
202200018271,2.42,5.09
202200018272,5.54,7.43
202200018303,8.89,10.35
202200018304,3.62,6.56
202200018305,5.03,5.98
202200018306,3.56,3.3
202200018307,3.06,6.7
202200018308,5.72,4.73
202200018311,4.37,4.61
202200018321,1.7,6.72
202200018340,2.51,7.44
202200018344,0.3,6.19
202200018348,4.52,19.57
202200018352,7.21,4.68
202200018356,8.01,7.71
202200018378,3.94,14.98
202200018381,3.49,16.66
202200018384,2.98,16.8
202200018431,6.18,7.83
202200018435,3.44,6.5
202200018454,3.11,13.97
202200018457,3.33,7.07
202200018458,6.58,4.71
202200018461,6.05,15.16
202200018465,3.26,3.19
202200018471,5.96,0.59
202200018475,2.95,8.9
202200018480,4.46,6.18
202200018484,5.32,5.24
202200018541,5.86,9.71
202200018547,5.81,8.78
202200018573,6.72,14.78
202200018584,4.53,15.57
202200018601,2.77,3.25
202200018605,5.0,4.1
202200018634,4.46,18.28
202200018636,4.39,18.66
202200018637,3.09,7.76
202200018677,6.8,9.86
202200018680,5.41,4.85
202200018682,2.76,4.81
202200018685,2.64,5.3
202200018687,3.59,4.03
202200018690,6.12,9.97
202200018693,7.36,7.02
202200018695,7.02,6.46
202200018699,2.12,2.03
202200018704,5.53,5.17
202200018707,0.33,5.4
202200018800,3.74,17.19
202200018820,7.9,4.32
202200018831,6.72,5.87
202200018844,4.5,10.64
202200018849,2.61,10.94
202200018851,5.19,11.38
202200018873,1.86,11.43
202200018887,10.85,21.28
202200018890,1.99,16.52
202200018908,1.28,15.73
202200018909,4.58,12.44
202200018912,8.64,9.46
202200018952,3.34,4.05
202200018985,11.37,28.57
202200018987,3.33,24.32
202200018990,6.53,5.33
202200019014,12.95,19.57
202200019024,7.31,3.58
202200019026,2.14,2.14
202200019071,2.25,3.24
202200019074,2.89,2.92
202200019116,11.0,10.87
202200019182,6.64,5.0
202200019191,5.05,20.25
202200019193,5.96,16.95
202200019295,2.93,19.28
202200019306,7.16,21.4
202200019313,7.41,26.98
202200019334,2.89,32.59
202200019362,9.07,32.05
202200019372,4.18,8.27
202200019375,2.94,5.0
202200019389,2.2,12.77
202200019390,4.17,19.38
202200019393,2.44,4.83
202200019409,8.2,13.16
202200019424,1.34,19.26
202200019427,13.09,58.08
202200019447,6.91,22.56
202200019452,23.77,34.79
202200019453,8.1,17.79
202200019456,7.99,10.1
202200019457,4.14,4.05
202200019458,2.79,22.26
202200019477,5.33,16.6
202200019478,8.51,13.06
202200019479,7.53,18.57
202200019480,6.8,7.93
202200019485,4.85,8.57
202200019486,4.58,6.5
202200019496,4.74,7.7
202200019497,3.98,8.19
202200019523,1.97,3.48
202200019598,5.35,28.8
202200019602,9.51,34.55
202200019605,5.34,21.76
202200019637,4.94,14.1
202200019647,6.94,13.88
202200019653,13.3,20.34
202200019655,0.8,16.74
202200019657,7.85,22.34
202200019659,3.44,7.5
202200019661,4.98,14.15
202200019662,9.33,32.77
202200019668,1.82,25.49
202200019676,5.77,6.01
202200019691,8.22,11.69
202200019693,5.57,7.22
202200019705,4.61,9.36
202200019706,5.5,7.56
202200019738,10.04,9.04
202200019750,3.94,6.1
202200019753,1.16,5.39
202200019756,4.36,7.75
202200019825,3.11,5.61
202200019828,9.18,6.84
202200019832,2.66,10.53
202200019871,11.03,18.01
202200019875,9.96,8.39
202200019917,4.08,13.08
202200019931,2.14,13.71
202200019934,3.12,21.0
202200019947,4.14,2.44
202200019970,2.01,5.98
202200019975,3.17,5.83
202200019978,2.5,4.39
202200019981,4.72,5.14
202200019998,6.83,11.42
202200020018,2.43,6.36
202200020044,4.73,9.46
202200020045,1.42,3.9
202200020050,1.97,13.56
202200020062,6.94,4.28
202200020063,4.13,5.49
202200020064,3.28,6.47
202200020088,4.29,9.15
202200020089,6.59,7.93
202200020090,6.86,3.07
202200020116,5.15,4.01
202200020135,3.92,4.72
202200020221,3.47,38.86
202200020222,2.18,8.98
202200020238,2.43,20.0
202200020250,3.63,9.62
202200020272,7.8,7.76
202200020274,8.5,22.65
202200020276,6.52,5.56
202200020279,2.83,14.85
202200020281,8.23,6.78
202200020293,9.04,8.21
202200020366,4.32,10.43
202200020380,5.65,29.89
202200020394,2.6,15.52
202200020406,0.97,27.17
202200020407,1.87,6.76
202200020410,2.89,17.65
202200020423,3.12,12.09
202200020442,11.8,12.96
202200020445,4.61,5.42
202200020474,2.32,4.48
202200020477,6.1,7.02
202200020481,4.82,10.74
202200020518,9.76,18.44
202200020522,3.58,24.83
202200020532,6.11,6.34
202200020535,9.79,8.49
202200020540,8.61,9.49
202200020541,3.42,27.11
202200020589,4.84,15.62
202200020592,5.61,21.72
202200020608,3.39,26.37
202200020629,8.92,7.87
202200020645,29.03,33.92
202200020646,3.34,9.71
202200020660,1.87,7.16
202200020686,4.18,13.87
202200020692,2.21,10.59
202200020694,4.53,13.26
202200020702,0.98,20.49
202200020709,2.47,17.23
202200020711,4.85,17.8
202200020739,4.84,30.09
202200020740,4.26,22.7
202200020773,3.75,0.99
202200020775,3.96,1.36
202200020777,3.06,2.8
202200020780,4.31,8.17
202200020782,6.85,10.19
202200020786,5.58,5.03
202200020788,3.22,6.38
202200020789,2.97,7.0
202200020791,3.97,4.03
202200020797,2.64,6.6
202200020799,0.6,3.24
202200020836,5.4,4.43
202200020841,8.28,9.74
202200020842,5.64,5.52
202200020843,6.72,1.38
202200020870,2.86,26.56
202200020872,8.13,21.3
202200020913,4.54,6.93
202200020914,18.71,35.8
202200020917,5.38,17.42
202200020919,1.44,5.84
202200020922,5.67,2.36
202200020927,2.57,9.51
202200020994,1.58,1.68
202200020996,2.75,1.83
202200020997,3.18,11.12
202200020998,4.2,20.98
202200020999,3.13,17.78
202200021001,4.49,20.87
202200021003,9.31,32.37
202200021005,6.74,5.51
202200021009,5.48,6.87
202200021012,3.31,5.97
202200021016,3.14,4.75
202200021019,5.42,5.79
202200021020,3.57,9.05
202200021046,5.84,8.78
202200021047,5.08,5.19
202200021076,4.94,15.38
202200021078,5.04,5.98
202200021111,2.03,28.42
202200021112,4.32,25.39
202200021114,5.0,6.04
202200021116,3.3,26.75
202200021130,3.43,2.77
202200021132,4.64,9.22
202200021135,2.5,3.64
202200021164,4.4,0.8
202200021167,3.52,1.71
202200021174,4.2,8.3
202200021222,6.18,13.93
202200021237,10.07,8.84
202200021249,15.2,29.74
202200021306,4.57,16.5
202200021315,4.49,7.14
202200021317,9.79,6.64
202200021333,16.62,33.88
202200021334,8.29,19.95
202200021344,6.11,10.87
202200021362,2.91,8.16
202200021366,5.92,7.29
202200021374,3.82,1.87
202200021376,5.59,8.97
202200021378,2.43,7.87
202200021379,5.95,7.66
202200021416,8.66,21.1
202200021417,5.45,8.28
202200021423,4.7,21.76
202200021427,3.06,24.63
202200021428,1.7,22.05
202200021429,1.73,3.35
202200021431,2.52,49.6
202200021434,6.52,17.18
202200021442,4.48,21.14
202200021462,1.04,4.64
202200021472,2.21,6.31
202200021473,1.06,9.87
202200021523,7.78,10.55
202200021525,4.83,7.07
202200021527,6.66,7.13
202200021558,2.93,30.45
202200021560,4.54,27.45
202200021598,11.69,27.05
202200021609,3.19,6.87
202200021642,2.44,3.79
202200021646,13.32,13.13
202200021690,8.44,20.96
202200021693,5.85,7.5
202200021696,2.66,7.08
202200021702,4.53,7.22
202200021736,2.95,2.82
202200021738,5.42,6.44
202200021741,3.76,5.34
202200021745,6.77,3.2
202200021746,3.17,6.61
202200021756,4.64,5.04
202200021792,6.7,21.2
202200021797,6.22,12.51
202200021798,2.91,24.25
202200021801,0.52,12.6
202200021813,5.08,32.38
202200021847,6.91,4.98
202200021848,5.87,5.34
202200021966,6.81,5.49
202200021973,1.46,3.61
202200022007,2.14,4.16
202200022008,6.22,8.0
202200022011,2.64,2.53
202200022012,4.03,6.12
202200022033,4.3,14.56
202200022034,7.71,8.18
202200022056,7.31,9.63
202200022057,6.14,4.4
202200022065,10.41,15.31
202200022072,2.29,10.25
202200022074,6.84,6.28
202200022103,4.74,6.9
202200022114,3.37,7.44
202200022115,3.11,7.94
202200022116,2.59,4.4
202200022118,5.54,8.36
202200022119,4.69,8.08
202200022122,3.78,3.65
202200022124,6.26,7.42
202200022126,2.6,8.48
202200022133,5.61,5.3
202200022144,6.16,2.15
202200022145,5.12,2.69
202200022149,4.01,3.06
202200022200,7.82,12.63
202200022208,6.74,33.14
202200022235,6.59,9.39
202200022237,2.11,13.48
202200022270,3.92,22.51
202200022272,6.64,7.54
202200022283,2.26,8.04
202200022284,3.24,6.34
202200022301,4.81,13.78
202200022307,11.19,11.33
202200022308,1.97,9.13
202200022325,1.61,3.63
202200022328,1.58,20.48
202200022330,3.0,5.29
202200022333,7.67,15.51
202200022352,5.03,13.95
202200022355,6.54,5.41
202200022358,3.78,5.46
202200022399,11.18,11.41
202200022401,8.91,15.43
202200022415,4.15,6.81
202200022418,8.46,7.04
202200022425,7.17,9.67
202200022435,5.36,7.48
202200022450,3.94,20.72
202200022478,2.74,4.38
202200022483,5.24,8.32
202200022486,4.85,5.3
202200022495,4.76,32.99
202200022512,8.57,8.81
202200022559,4.11,8.2
202200022572,2.05,2.96
202200022601,4.84,3.84
202200022621,5.54,38.05
202200022647,6.45,17.22
202200022649,5.5,10.92
202200022651,2.59,14.42
202200022652,13.26,14.6
202200022688,4.66,8.51
202200022692,6.29,7.86
202200022705,4.34,10.83
202200022706,5.55,11.68
202200022708,1.32,9.17
202200022710,6.14,11.92
202200022722,3.18,7.28
202200022724,6.08,9.0
202200022766,1.92,6.6
202200022772,15.69,23.76
202200022799,3.86,37.53
202200022808,7.53,6.0
202200022867,6.45,8.6
202200022869,3.95,8.55
202200022871,3.78,4.12
202200022910,6.98,5.32
202200022911,8.22,0.93
202200022912,3.92,2.78
202200022993,2.8,7.64
202200022995,7.62,5.5
202200022996,5.56,19.13
202200022997,4.27,5.08
202200023020,2.22,11.28
202200023028,6.02,9.8
202200023031,1.57,7.74
202200023037,7.82,8.05
202200023043,3.13,14.56
202200023045,1.92,20.45
202200023057,4.15,6.74
202200023126,22.64,23.44
202200023128,7.19,7.18
202200023129,4.66,20.36
202200023130,8.76,8.99
202200023138,5.89,13.08
202200023141,3.03,16.85
202200023144,5.72,35.65
202200023147,2.78,8.61
202200023194,8.5,6.72
202200023195,5.71,8.42
202200023198,6.41,4.47
202200023202,6.7,6.73
202200023205,10.71,12.42
202200023206,5.25,24.03
202200023239,4.43,10.0
202200023240,7.6,32.9
202200023241,7.6,4.82
202200023243,3.94,6.54
202200023245,2.72,8.29
202200023269,4.82,14.08
202200023280,6.07,8.93
202200023287,9.18,11.32
202200023289,6.09,4.05
202200023317,10.26,14.28
202200023324,7.21,5.18
202200023325,4.07,5.35
202200023343,4.19,3.7
202200023344,5.87,7.96
202200023373,6.03,7.5
202200023425,15.22,32.3
202200023431,5.02,7.18
202200023432,2.55,9.43
202200023433,7.46,8.36
202200023434,0.84,4.99
202200023442,2.15,7.98
202200023443,3.3,11.78
202200023449,5.35,6.97
202200023497,5.84,9.16
202200023514,8.5,24.26
202200023530,8.07,19.88
202200023532,8.18,30.01
202200023539,1.57,37.98
202200023548,5.02,17.96
202200023553,6.88,13.43
202200023557,3.47,21.98
202200023558,5.03,34.88
202200023566,27.58,25.12
202200023576,4.18,6.19
202200023602,0.73,25.49
202200023604,6.99,10.23
202200023619,6.46,9.84
202200023620,6.39,6.02
202200023625,4.01,3.91
202200023627,2.31,11.12
202200023651,4.91,7.78
202200023654,6.4,8.56
202200023656,5.62,7.01
202200023661,5.31,6.2
202200023686,6.19,6.06
202200023688,5.47,9.39
202200023690,3.41,6.52
202200023726,5.51,7.39
202200023727,3.5,3.62
202200023796,6.51,29.96
202200023804,5.75,7.08
202200023858,6.63,11.92
202200023859,5.79,8.86
202200023866,5.39,22.18
202200023874,4.54,5.63
202200023886,16.76,24.84
202200023887,1.62,29.84
202200023907,3.8,7.03
202200023910,4.19,1.25
202200023926,5.5,17.99
202200023971,10.76,9.46
202200024041,1.79,5.55
202200024044,3.42,6.08
202200024050,3.53,5.7
202200024054,3.27,4.52
202200024064,6.16,7.03
202200024077,5.9,10.39
202200024100,12.78,11.48
202200024113,5.01,4.89
202200024116,3.47,9.01
202200024146,8.43,12.36
202200024150,1.43,11.01
202200024168,2.76,12.44
202200024188,2.17,8.6
202200024194,4.21,2.92
202200024197,3.54,5.89
202200024215,3.56,9.44
202200024223,9.32,14.53
202200024226,9.63,8.68
202200024248,4.26,5.37
202200024250,4.5,19.09
202200024253,5.68,19.67
202200024274,8.66,29.6
202200024284,6.11,9.63
202200024286,7.28,6.09
202200024288,1.74,7.44
202200024289,6.02,37.7
202200024290,6.74,11.01
202200024321,7.97,11.03
202200024322,9.92,11.09
202200024325,4.23,27.02
202200024327,8.91,19.33
202200024331,7.02,8.13
202200024333,5.74,8.35
202200024339,2.2,13.76
202200024354,2.96,20.09
202200024355,3.4,20.82
202200024356,7.38,13.49
202200024357,7.45,19.89
202200024381,3.75,14.04
202200024382,5.52,5.83
202200024387,4.15,20.8
202200024406,30.15,24.71
202200024412,3.62,6.67
202200024415,2.46,36.68
202200024425,7.73,12.0
202200024427,3.62,9.27
202200024430,7.9,8.14
202200024442,6.35,17.78
202200024459,6.15,7.16
202200024477,4.53,18.28
202200024481,4.45,6.79
202200024485,9.93,9.67
202200024495,4.38,4.86
202200024552,7.14,20.14
202200024557,0.85,15.89
202200024563,5.64,12.92
202200024565,3.08,4.74
202200024572,9.07,4.68
202200024576,6.51,11.94
202200024583,2.58,9.51
202200024609,12.4,18.05
202200024622,7.42,4.2
202200024631,6.18,3.93
202200024632,6.62,21.88
202200024634,1.17,16.67
202200024638,10.09,10.37
202200024640,7.1,20.52
202200024643,3.86,14.82
202200024646,7.21,12.02
202200024647,6.19,17.79
202200024651,1.19,17.76
202200024677,9.55,20.27
202200024679,3.51,2.61
202200024681,4.34,11.5
202200024682,9.75,32.12
202200024684,3.82,8.4
202200024691,5.74,9.18
202200024693,5.44,8.73
202200024694,2.03,4.44
202200024725,7.42,16.67
202200024729,9.4,9.09
202200024769,10.04,14.94
202200024781,5.54,11.26
202200024825,2.17,8.6
202200024827,4.91,3.62
202200024849,8.0,7.64
202200024878,4.72,7.42
202200024883,5.84,5.07
202200024887,5.81,7.97
202200024889,2.08,7.5
202200024893,3.59,10.58
202200024910,3.23,19.82
202200024925,4.35,6.45
202200024926,7.33,13.07
202200024938,7.82,4.24
202200024939,2.86,5.6
202200024940,6.09,18.18
202200024944,5.31,6.11
202200024986,8.41,16.87
202200025004,4.46,14.12
202200025049,4.79,6.95
202200025050,6.67,6.1
202200025051,3.47,3.48
202200025065,6.78,7.37
202200025106,5.69,5.17
202200025107,3.94,3.42
202200025139,5.57,14.14
202200025141,3.94,18.83
202200025143,6.55,12.95
202200025158,3.35,29.59
202200025160,2.68,13.57
202200025161,2.47,6.53
202200025168,3.04,7.16
202200025179,7.19,7.75
202200025191,6.93,5.7
202200025212,3.71,7.09
202200025218,6.12,5.48
202200025220,5.52,9.51
202200025256,1.25,7.92
202200025320,4.9,4.58
202200025339,4.12,20.23
202200025343,10.57,13.89
202200025366,2.48,13.15
202200025374,13.71,29.02
202200025387,5.36,7.96
202200025389,4.55,31.4
202200025393,3.99,13.11
202200025406,5.92,6.64
202200025408,2.72,22.34
202200025411,8.58,14.89
202200025426,5.51,12.55
202200025445,2.55,11.52
202200025447,4.61,12.07
202200025449,4.79,4.75
202200025484,5.37,6.24
202200025486,3.38,4.36
202200025488,3.43,6.78
202200025492,9.54,10.14
202200025494,6.28,11.04
202200025508,2.43,17.21
202200025509,8.46,10.08
202200025513,7.16,8.61
202200025515,6.08,6.6
202200025516,4.38,7.36
202200025518,5.46,4.38
202200025520,3.76,8.26
202200025533,2.37,1.22
202200025545,1.31,7.76
202200025589,3.47,5.23
202200025700,5.4,14.31
202200025707,1.0,18.43
202200025709,1.86,29.45
202200025714,5.08,6.44
202200025744,5.88,3.94
202200025773,3.08,3.34
202200025781,3.32,13.37
202200025782,1.8,9.33
202200025785,2.85,23.21
202200025786,3.94,9.79
202200025788,6.29,12.3
202200025817,11.88,14.98
202200025834,3.53,1.68
202200025854,4.1,7.08
202200025881,8.05,7.84
202200025898,5.24,2.02
202200025900,3.77,6.0
202200025901,3.1,1.69
202200025902,4.03,10.41
202200025909,3.75,29.83
202200025976,8.57,23.71
202200025981,7.59,21.77
202200025985,4.83,8.42
202200026022,2.93,5.48
202200026024,4.26,6.76
202200026027,3.52,13.48
202200026029,8.39,20.89
202200026031,4.22,17.46
202200026042,11.44,17.52
202200026052,1.79,3.43
202200026054,6.8,9.3
202200026057,3.4,6.91
202200026060,5.66,6.18
202200026062,3.6,7.24
202200026070,6.53,8.69
202200026167,3.52,6.82
202200026171,6.12,4.83
202200026217,11.29,13.64
202200026280,4.59,5.68
202200026318,2.53,15.5
202200026330,7.53,11.81
202200026403,6.34,7.14
202200026404,6.2,3.87
202200026424,3.61,2.58
202200026449,2.36,17.64
202200026461,4.18,5.58
202200026463,4.05,3.96
202200026466,5.64,6.62
202200026501,7.87,8.11
202200026504,11.44,18.1
202200026538,4.58,42.12
202200026540,5.0,48.57
202200026542,7.4,23.96
202200026563,4.66,3.8
202200026570,5.19,3.34
202200026602,2.74,27.36
202200026604,5.02,13.46
202200026605,5.54,5.21
202200026610,4.75,3.85
202200026613,3.95,11.06
202200026614,3.16,14.98
202200026625,4.38,3.95
202200026637,3.73,17.67
202200026640,2.92,19.81
202200026641,6.76,7.99
202200026651,8.62,18.83
202200026655,0.65,23.53
202200026657,9.65,9.25
202200026684,8.86,32.28
202200026685,7.4,12.01
202200026719,8.61,5.33
202200026724,2.39,10.74
202200026741,5.77,3.1
202200026742,7.14,6.8
202200026744,2.1,7.46
202200026745,2.8,6.48
202200026746,7.08,7.11
202200026786,4.75,2.45
202200026787,3.17,4.77
202200026800,2.91,10.43
202200026826,4.89,4.01
202200026827,1.94,2.35
202200026828,2.04,3.37
202200026847,5.08,11.73
202200026858,6.19,25.79
202200026866,3.73,9.34
202200026890,5.58,8.75
202200026891,4.67,8.69
202200026892,1.64,5.24
202200026894,4.66,12.53
202200026905,5.69,8.88
202200026972,5.67,9.32
202200026974,6.52,22.49
202200026975,8.51,25.07
202200026982,3.06,4.32
202200026983,6.96,13.1
202200026989,4.84,6.94
202200026990,5.91,3.73
202200027003,2.86,4.48
202200027008,3.88,7.96
202200027009,3.16,9.74
202200027012,6.23,6.26
202200027018,3.31,5.62
202200027050,3.1,22.9
202200027054,1.47,20.09
202200027073,3.12,10.27
202200027074,9.69,15.54
202200027095,5.16,8.29
202200027096,9.37,4.6
202200027097,6.22,9.75
202200027115,5.44,11.64
202200027116,4.49,4.34
202200027117,2.96,2.31
202200027135,9.56,6.22
202200027184,4.49,47.65
202200027185,2.64,6.64
202200027203,5.04,6.09
202200027209,3.6,23.62
202200027213,3.25,9.96
202200027220,9.43,27.22
202200027226,7.3,10.42
202200027227,10.68,9.08
202200027235,6.22,29.44
202200027239,4.91,28.01
202200027241,1.14,11.0
202200027243,6.49,22.22
202200027255,8.54,11.81
202200027260,3.88,6.11
202200027302,6.33,7.75
202200027305,4.21,8.23
202200027307,8.64,10.01
202200027310,3.19,11.98
202200027311,2.54,6.01
202200027335,1.95,13.54
202200027337,5.74,5.06
202200027338,5.2,10.13
202200027340,1.79,8.22
202200027341,10.39,26.24
202200027362,4.56,3.89
202200027364,4.13,4.96
202200027368,5.26,4.69
202200027369,5.08,33.92
202200027371,16.12,24.72
202200027394,4.72,16.65
202200027397,5.08,7.42
202200027399,8.39,9.21
202200027454,5.45,8.87
202200027456,6.83,5.64
202200027457,4.0,6.16
202200027463,1.63,4.02
202200027487,3.43,3.11
202200027488,8.09,9.0
202200027490,3.54,4.42
202200027496,3.7,6.92
202200027497,3.69,28.38
202200027502,3.65,10.61
202200027509,4.18,9.12
202200027530,3.43,30.45
202200027532,11.95,29.06
202200027536,0.92,18.56
202200027550,12.25,10.48
202200027552,13.51,17.5
202200027564,1.14,10.4
202200027567,6.24,52.96
202200027570,4.18,19.34
202200027576,8.95,7.92
202200027579,5.39,8.82
202200027604,3.67,15.6
202200027658,3.85,2.99
202200027659,3.12,3.4
202200027660,7.98,7.26
202200027661,4.43,5.82
202200027662,2.77,4.78
202200027663,3.38,6.73
202200027664,7.18,7.46
202200027667,2.64,2.98
202200027668,3.76,1.96
202200027669,3.32,3.21
202200027687,3.74,3.34
202200027722,3.01,6.07
202200027754,3.12,2.6
202200027761,4.63,1.47
202200027771,4.76,4.04
202200027785,4.22,6.41
202200027808,6.57,7.26
202200027864,1.52,30.89
202200027866,0.14,10.18
202200027870,10.59,9.98
202200027888,7.0,5.3
202200027909,2.25,9.61
202200027911,5.03,22.3
202200027913,6.3,5.4
202200027950,4.42,9.24
202200027951,3.76,4.8
202200027958,5.72,10.1
202200027975,4.68,2.27
202200028038,8.03,9.91
202200028049,4.9,4.0
202200028064,7.93,9.74
202200028068,1.86,5.63
202200028072,5.23,7.61
202200028075,6.07,3.54
202200028078,8.99,4.22
202200028081,8.14,8.38
202200028084,8.1,3.17
202200028087,5.98,9.83
202200028093,8.14,8.26
202200028096,3.13,5.24
202200028098,6.36,10.16
202200028110,4.66,3.96
202200028113,4.34,0.94
202200028124,4.84,4.32
202200028157,4.55,5.98
202200028211,7.72,8.77
202200028222,5.57,3.84
202200028224,12.06,26.61
202200028242,3.15,4.2
202200028250,8.55,5.13
202200028267,9.96,40.42
202200028268,5.16,14.31
202200028269,7.02,2.33
202200028272,6.58,19.82
202200028289,7.77,16.86
202200028303,6.46,26.08
202200028387,2.7,9.53
202200028390,7.89,8.79
202200028423,0.52,27.7
202200028424,6.05,8.05
202200028442,5.44,6.78
202200028445,2.91,11.32
202200028456,3.55,20.37
202200028489,3.46,32.31
202200028523,7.91,10.06
202200028529,4.48,18.76
202200028536,4.33,27.78
202200028539,3.11,6.7
202200028542,5.33,5.2
202200028543,2.54,2.02
202200028545,6.8,2.24
202200028554,24.06,18.81
202200028556,12.49,35.95
202200028572,4.39,4.17
202200028584,1.22,5.05
202200028587,8.99,40.66
202200028599,1.77,15.61
202200028619,0.23,6.3
202200028640,5.45,12.5
202200028642,5.66,15.5
202200028644,4.88,9.81
202200028684,5.75,17.94
202200028692,3.94,7.42
202200028694,1.6,8.75
202200028695,1.48,19.83
202200028704,6.52,6.61
202200028707,3.51,4.91
202200028709,4.71,8.56
202200028710,5.4,5.0
202200028733,6.6,5.64
202200028740,2.49,11.2
202200028741,6.09,17.27
202200028800,2.25,24.31
202200028834,3.51,13.6
202200028835,4.58,5.0
202200028836,4.42,5.21
202200028837,1.67,2.68
202200028838,0.78,0.52
202200028839,0.98,8.11
202200028845,4.2,4.11
202200028855,2.49,2.34
202200028856,3.33,5.5
202200028857,2.65,5.84
202200028858,2.48,3.7
202200028859,3.62,4.7
202200028860,3.3,5.96
202200028861,7.66,8.66
202200028862,6.65,9.72
202200028864,3.65,6.29
202200028865,5.75,7.16
202200028876,6.72,8.4
202200028877,1.36,12.45
202200028900,5.96,9.56
202200028922,3.07,2.24
202200028931,1.66,4.64
202200028961,4.74,6.39
202200029001,6.16,7.32
202200029050,10.21,12.88
202200029051,28.46,20.72
202200029052,5.19,15.69
202200029054,11.34,16.24
202200029065,2.05,29.06
202200029068,7.44,32.94
202200029089,3.29,8.77
202200029090,7.32,12.13
202200029098,6.06,9.0
202200029099,1.93,2.65
202200029100,4.18,4.0
202200029107,3.06,10.89
202200029108,7.48,22.02
202200029109,5.99,17.58
202200029116,2.68,3.88
202200029129,6.02,7.7
202200029146,5.63,3.4
202200029173,4.11,8.12
202200029174,3.64,6.83
202200029175,6.76,4.49
202200029176,2.52,6.5
202200029178,3.5,8.95
202200029179,7.37,8.5
202200029180,3.36,4.9
202200029181,6.1,6.47
202200029191,5.45,7.94
202200029192,1.41,8.3
202200029202,4.61,6.06
202200029204,6.28,8.47
202200029216,7.32,12.86
202200029221,3.3,27.88
202200029239,6.85,10.9
202200029248,5.58,2.84
202200029365,2.83,25.83
202200029367,5.7,8.85
202200029371,1.9,7.92
202200029381,0.96,4.56
202200029395,0.91,12.4
202200029413,3.96,20.96
202200029414,1.13,7.6
202200029415,5.74,9.88
202200029417,2.66,10.4
202200029420,5.06,5.5
202200029430,1.01,15.54
202200029433,3.2,15.78
202200029518,1.02,17.92
202200029537,6.88,14.51
202200029544,5.08,20.19
202200029569,3.28,2.31
202200029572,5.52,12.86
202200029573,3.85,9.32
202200029575,6.24,6.27
202200029578,3.55,11.57
202200029582,5.61,31.32
202200029586,7.29,13.16
202200029591,3.38,4.42
202200029598,4.14,20.77
202200029599,7.01,42.48
202200029618,10.38,7.32
202200029628,33.85,19.83
202200029633,4.58,15.3
202200029645,2.01,4.66
202200029649,11.04,11.28
202200029673,6.23,4.05
202200029676,2.93,30.38
202200029677,2.51,31.29
202200029679,3.94,1.14
202200029694,4.81,7.69
202200029697,2.69,13.44
202200029714,5.33,9.18
202200029715,5.35,7.22
202200029730,4.11,2.17
202200029733,8.92,10.06
202200029745,8.3,4.32
202200029747,4.54,10.44
202200029748,5.48,5.91
202200029749,6.42,5.78
202200029750,7.76,7.79
202200029753,3.47,5.04
202200029754,3.57,5.22
202200029757,5.76,5.79
202200029758,6.06,6.98
202200029760,2.79,2.82
202200029775,1.4,13.0
202200029776,4.38,11.57
202200029777,4.71,9.29
202200029796,6.78,10.27
202200029797,4.97,7.6
202200029814,5.81,7.92
202200029848,4.26,22.38
202200029849,4.7,3.96
202200029850,10.47,25.02
202200029856,3.55,33.81
202200029862,4.56,11.79
202200029879,3.74,11.06
202200029880,7.48,9.05
202200029890,4.43,4.38
202200029891,11.23,15.5
202200029908,2.19,3.36
202200029927,2.63,3.91
202200029943,2.07,10.38
202200029944,15.08,22.49
202200029945,3.0,21.48
202200029946,6.34,3.23
202200029949,4.4,13.32
202200029954,9.33,9.59
202200029962,3.02,3.06
202200029968,2.22,19.33
202200029997,4.94,23.06
202200029998,3.68,26.5
202200030000,7.08,30.58
202200030003,1.09,8.36
202200030005,5.51,9.37
202200030016,3.44,0.6
202200030017,3.65,3.49
202200030036,6.62,7.75
202200030037,2.29,9.19
202200030038,1.0,23.93
202200030040,5.03,14.18
202200030044,8.81,13.91
202200030064,2.29,23.07
202200030066,2.72,19.9
202200030071,2.39,3.56
202200030086,28.24,24.05
202200030123,3.79,6.57
202200030129,7.54,12.99
202200030158,11.22,29.96
202200030160,4.19,26.11
202200030162,10.55,10.49
202200030175,1.2,17.16
202200030177,2.52,9.92
202200030186,5.76,7.65
202200030189,2.48,6.16
202200030195,4.71,23.2
202200030197,10.46,21.83
202200030199,3.86,14.54
202200030200,3.84,34.1
202200030202,2.66,23.94
202200030210,7.33,17.55
202200030215,3.57,2.37
202200030218,5.68,5.16
202200030234,2.69,4.71
202200030237,1.21,1.73
202200030240,4.7,9.02
202200030243,6.59,8.01
202200030295,3.23,4.88
202200030297,3.26,2.13
202200030299,6.37,2.77
202200030305,5.88,3.32
202200030338,5.39,8.2
202200030340,5.53,9.38
202200030342,5.42,6.8
202200030350,6.08,27.23
202200030360,6.54,21.38
202200030361,5.08,8.33
202200030377,15.56,11.45
202200030388,5.15,14.77
202200030411,7.36,11.29
202200030451,2.9,9.25
202200030464,2.86,8.06
202200030465,4.92,17.16
202200030467,6.51,18.71
202200030468,10.28,24.28
202200030476,4.7,6.48
202200030480,3.14,5.74
202200030482,5.89,8.8
202200030486,5.89,4.26
202200030488,3.97,7.19
202200030491,5.31,6.56
202200030493,4.61,6.05
202200030503,3.53,2.8
202200030512,1.92,9.03
202200030513,6.93,5.8
202200030514,4.08,3.96
202200030517,1.24,2.04
202200030543,3.9,6.88
202200030547,3.33,19.59
202200030548,7.9,6.65
202200030550,2.01,24.08
202200030581,6.06,4.92
202200030584,4.31,11.63
202200030585,2.66,5.64
202200030616,3.69,5.42
202200030661,3.37,21.88
202200030670,2.7,23.64
202200030683,6.8,19.39
202200030687,9.39,16.33
202200030704,6.84,6.23
202200030720,5.61,26.38
202200030726,4.59,8.8
202200030739,6.45,10.78
202200030740,8.95,16.25
202200030741,1.59,16.04
202200030742,2.92,3.34
202200030750,7.16,5.63
202200030763,1.96,4.1
202200030764,4.76,8.61
202200030765,8.04,5.0
202200030766,2.54,5.85
202200030780,4.53,2.59
202200030801,4.48,10.31
202200030895,10.48,18.64
202200030909,2.5,20.37
202200030924,3.32,25.02
202200030925,6.48,5.53
202200030933,2.82,39.24
202200030936,0.52,12.58
202200030946,7.58,4.41
202200030949,10.7,18.14
202200030950,3.54,48.47
202200030951,7.53,16.42
202200030952,5.62,24.2
202200030953,7.32,13.72
202200030955,11.96,20.13
202200030956,6.36,26.9
202200030957,3.91,7.5
202200030970,4.17,12.66
202200030972,2.31,10.74
202200030973,2.9,5.57
202200030974,4.27,6.85
202200030976,5.51,15.48
202200030978,6.14,10.7
202200030979,2.17,3.81
202200031005,5.0,4.92
202200031007,6.69,6.61
202200031026,11.2,15.14
202200031041,7.8,22.91
202200031047,4.22,23.65
202200031066,2.46,6.62
202200031080,2.06,8.33
202200031111,5.41,8.89
202200031186,2.91,24.33
202200031191,0.72,4.94
202200031195,3.38,2.41
202200031229,10.92,22.77
202200031238,8.32,29.48
202200031239,4.89,7.39
202200031240,7.72,18.25
202200031243,3.99,4.47
202200031256,1.33,18.35
202200031262,6.0,4.1
202200031264,8.52,12.51
202200031277,1.41,12.51
202200031298,8.57,6.47
202200031317,3.11,7.13
202200031319,5.7,5.17
202200031325,4.64,6.8
202200031326,1.67,4.61
202200031329,2.52,6.44
202200031332,5.58,6.82
202200031340,8.42,3.49
202200031344,6.94,6.32
202200031346,4.38,8.39
202200031348,5.06,7.81
202200031352,3.96,5.53
202200031377,8.13,6.34
202200031380,3.61,5.1
202200031397,3.7,6.22
202200031399,3.18,6.03
202200031409,4.26,9.75
202200031412,2.48,8.46
202200031416,8.18,11.76
202200031422,5.34,4.21
202200031425,6.01,18.93
202200031448,6.55,8.43
202200031480,5.85,25.03
202200031494,0.72,11.8
202200031496,5.18,19.78
202200031514,8.6,33.08
202200031517,5.3,32.58
202200031541,3.28,18.99
202200031560,5.76,21.74
202200031582,4.94,25.61
202200031586,1.13,3.16
202200031587,12.12,19.33
202200031590,5.98,45.02
202200031592,6.94,19.43
202200031596,5.4,4.84
202200031597,2.45,14.56
202200031599,8.98,19.63
202200031605,7.26,5.73
202200031633,7.78,10.33
202200031636,6.54,8.05
202200031639,4.31,7.82
202200031649,0.64,5.02
202200031656,5.0,7.23
202200031657,15.5,26.15
202200031658,4.32,16.87
202200031660,5.46,9.85
202200031667,4.27,11.29
202200031668,9.52,18.9
202200031682,5.11,21.08
202200031683,9.39,9.62
202200031696,5.2,5.66
202200031697,4.46,20.33
202200031698,5.52,13.01
202200031699,3.82,33.94
202200031727,2.46,4.27
202200031730,5.21,10.88
202200031735,4.54,8.86
202200031756,6.44,8.69
202200031775,8.26,13.2
202200031803,5.53,13.88
202200031809,5.26,10.45
202200031817,2.96,7.06
202200031829,5.32,3.59
202200031830,5.44,5.58
202200031831,7.15,7.41
202200031832,3.95,45.94
202200031833,6.8,5.65
202200031834,8.38,8.3
202200031835,3.66,7.56
202200031836,1.0,21.67
202200031842,5.67,7.83
202200031843,3.66,5.82
202200031850,6.35,6.83
202200031851,2.22,7.93
202200031908,3.18,7.28
202200031909,5.4,8.88
202200031930,2.86,26.22
202200031934,4.87,3.9
202200031936,4.06,12.32
202200031939,4.65,5.06
202200031947,2.07,24.13
202200031954,2.56,6.52
202200031969,2.77,12.4
202200031980,4.22,30.94
202200031990,4.93,6.43
202200031996,4.47,28.8
202200032021,6.98,21.18
202200032032,2.13,19.03
202200032033,13.23,11.01
202200032035,8.93,11.82
202200032037,5.7,11.8
202200032059,8.3,8.63
202200032063,3.13,4.8
202200032065,4.52,5.53
202200032072,6.54,7.44
202200032077,7.36,18.16
202200032082,2.75,11.8
202200032109,4.96,2.23
202200032139,8.96,19.95
202200032143,7.26,5.69
202200032145,5.77,6.02
202200032157,20.78,21.23
202200032159,15.05,17.67
202200032168,4.73,9.04
202200032182,0.34,7.66
202200032185,2.03,9.07
202200032191,2.58,4.74
202200032192,3.46,7.47
202200032210,5.59,42.21
202200032230,3.89,15.48
202200032231,1.44,12.54
202200032232,7.65,3.1
202200032233,1.48,7.35
202200032255,9.03,10.57
202200032260,3.8,6.64
202200032262,5.08,3.95
202200032264,5.72,5.34
202200032265,4.23,8.12
202200032267,12.46,18.12
202200032271,9.18,17.75
202200032279,2.29,28.16
202200032280,4.52,4.03
202200032281,4.38,14.52
202200032283,3.42,21.77
202200032285,12.08,21.96
202200032290,3.18,4.89
202200032291,4.58,5.98
202200032302,3.0,7.98
202200032303,6.14,5.14
202200032305,5.11,11.06
202200032320,5.42,13.31
202200032327,1.77,23.98
202200032329,8.53,26.88
202200032361,6.01,17.79
202200032399,3.55,15.23
202200032410,11.15,39.85
202200032418,6.31,17.2
202200032419,2.32,28.62
202200032423,9.87,14.22
202200032455,4.46,21.5
202200032460,2.54,8.2
202200032462,11.09,12.86
202200032464,4.36,5.97
202200032483,3.8,8.97
202200032485,5.24,4.88
202200032499,8.01,4.68
202200032500,2.08,5.47
202200032516,3.49,3.26
202200032536,1.75,6.34
202200032537,8.57,10.45
202200032540,2.42,1.89
202200032567,5.76,28.53
202200032569,8.88,5.46
202200032580,3.95,4.66
202200032581,8.95,11.4
202200032589,4.25,0.67
202200032592,7.22,6.82
202200032595,0.98,13.73
202200032596,5.55,6.96
202200032605,8.32,19.05
202200032607,19.3,30.75
202200032616,9.17,9.89
202200032624,2.94,2.04
202200032635,5.49,18.14
202200032637,1.79,3.98
202200032639,3.93,21.67
202200032646,6.29,4.4
202200032647,7.24,10.59
202200032676,6.55,9.38
202200032679,3.14,2.83
202200032695,2.11,3.12
202200032712,5.02,4.6
202200032724,1.17,13.5
202200032735,7.3,11.79
202200032739,4.11,12.81
202200032741,7.02,11.75
202200032755,1.25,7.27
202200032769,7.9,30.69
202200032788,3.17,2.61
202200032812,3.06,8.46
202200032814,3.98,32.07
202200032815,4.37,5.38
202200032817,3.78,5.94
202200032818,0.8,5.03
202200032821,6.05,8.95
202200032823,4.02,7.7
202200032840,1.53,42.18
202200032850,2.5,5.0
202200032852,4.7,7.19
202200032855,3.5,15.09
202200032856,7.35,7.34
202200032857,4.85,5.09
202200032859,8.44,4.04
202200032880,8.92,17.67
202200032883,5.42,13.26
202200032884,4.5,14.35
202200032907,3.85,9.07
202200032913,6.75,7.14
202200032917,0.39,3.4
202200032920,2.83,2.86
202200032960,6.61,6.04
202200032970,5.96,2.61
202200033009,6.91,5.54
202200033012,4.32,10.5
202200033015,2.77,1.83
202200033019,1.29,3.71
202200033022,1.32,7.82
202200033024,4.68,7.18
202200033034,2.46,9.64
202200033055,7.24,19.47
202200033067,1.52,4.7
202200033112,5.96,8.26
202200033164,7.57,22.75
202200033168,3.38,11.98
202200033203,3.12,4.79
202200033205,7.23,13.92
202200033206,4.27,1.17
202200033207,5.98,4.57
202200033211,5.8,8.74
202200033214,6.44,9.98
202200033216,5.01,8.17
202200033220,2.69,2.58
202200033222,5.05,30.44
202200033242,3.33,8.79
202200033269,5.25,20.41
202200033276,5.48,4.93
202200033277,6.88,10.57
202200033315,3.35,1.88
202200033316,4.72,2.61
202200033336,2.99,7.42
202200033349,3.9,3.82
202200033351,1.48,4.63
202200033355,3.2,5.32
202200033359,5.45,7.82
202200033382,8.82,4.45
202200033388,4.42,10.56
202200033392,2.39,5.41
202200033394,4.09,8.77
202200033421,7.62,26.74
202200033467,8.3,23.18
202200033469,3.79,19.14
202200033496,9.84,13.78
202200033500,4.33,15.22
202200033508,8.32,12.09
202200033522,11.96,20.12
202200033524,3.68,33.94
202200033525,3.7,9.53
202200033527,2.9,35.14
202200033535,4.35,13.84
202200033554,7.89,18.18
202200033577,5.6,7.76
202200033593,6.16,13.65
202200033597,4.39,8.07
202200033599,3.99,9.9
202200033600,4.74,2.2
202200033601,5.17,5.64
202200033606,6.05,4.57
202200033607,8.67,11.66
202200033641,8.34,18.92
202200033662,9.86,20.65
202200033691,11.8,16.19
202200033692,5.19,32.52
202200033702,11.05,17.71
202200033717,5.24,9.09
202200033726,7.07,10.07
202200033727,6.92,9.32
202200033728,5.6,5.49
202200033853,5.91,8.01
202200033857,6.62,23.83
202200033872,6.06,40.21
202200033874,11.75,17.88
202200033879,11.36,13.84
202200033884,2.66,11.71
202200033894,1.22,13.8
202200033895,1.52,21.25
202200033929,4.44,5.46
202200033930,1.84,16.5
202200033931,8.68,21.12
202200033932,2.46,4.62
202200033933,6.69,15.4
202200033934,4.59,8.05
202200033935,4.36,41.22
202200033937,6.59,4.34
202200033938,7.42,7.37
202200033939,3.97,12.89
202200033940,4.28,6.09
202200033941,4.45,22.1
202200033950,7.16,4.75
202200033971,4.23,3.12
202200033973,4.03,3.1
202200033975,5.88,9.95
202200033977,2.88,8.64
202200033978,5.22,5.62
202200033988,5.29,6.91
202200034055,27.3,19.55
202200034059,3.1,23.88
202200034083,7.58,16.84
202200034084,8.86,10.02
202200034098,8.26,6.01
202200034099,1.91,13.94
202200034100,14.4,16.32
202200034101,12.62,15.62
202200034113,7.87,4.57
202200034115,3.35,14.95
202200034117,2.75,5.94
202200034119,1.59,2.56
202200034162,3.04,2.2
202200034217,4.62,7.99
202200034264,5.12,20.67
202200034268,9.3,12.05
202200034282,5.74,8.46
202200034285,3.96,11.46
202200034296,2.89,5.64
202200034300,4.78,26.23
202200034302,8.01,20.38
202200034319,6.42,13.38
202200034329,10.94,15.28
202200034331,4.98,15.69
202200034339,10.95,11.19
202200034344,5.17,4.65
202200034388,3.8,4.81
202200034392,3.54,3.42
202200034394,2.94,4.65
202200034402,1.96,30.14
202200034407,3.06,8.98
202200034411,4.79,9.1
202200034415,5.3,10.36
202200034435,15.17,40.32
202200034448,1.37,7.73
202200034451,4.81,11.59
202200034457,3.28,8.12
202200034476,33.84,27.48
202200034477,21.71,27.38
202200034482,9.83,18.14
202200034483,7.53,46.58
202200034484,8.01,15.46
202200034485,7.81,19.82
202200034486,5.28,22.75
202200034494,2.97,8.62
202200034495,3.7,10.27
202200034503,6.26,7.01
202200034511,7.66,7.26
202200034513,8.62,4.46
202200034525,5.36,5.25
202200034560,9.81,7.7
202200034585,2.6,5.22
202200034595,5.44,21.09
202200034635,6.5,17.28
202200034651,4.54,9.77
202200034677,6.23,9.5
202200034687,4.09,9.1
202200034700,7.64,40.79
202200034702,14.02,16.22
202200034703,4.04,7.08
202200034704,6.81,10.87
202200034711,1.68,12.71
202200034738,3.43,7.98
202200034750,1.7,19.38
202200034752,8.91,18.08
202200034755,2.91,14.38
202200034773,4.4,4.34
202200034774,0.44,21.11
202200034775,6.58,33.29
202200034787,7.98,3.68
202200034794,4.5,4.41
202200034795,5.46,3.28
202200034839,2.57,10.92
202200034840,2.55,4.06
202200034843,3.14,13.39
202200034844,3.54,5.71
202200034847,3.05,4.46
202200034849,10.56,14.99
202200034852,1.37,15.78
202200034857,7.8,25.68
202200034860,9.54,23.98
202200034864,6.56,19.05
202200034869,1.08,33.85
202200034875,2.94,7.18
202200034892,2.79,4.2
202200034905,2.39,10.35
202200034948,1.73,27.48
202200034953,3.69,14.85
202200034977,3.57,1.32
202200034990,7.18,9.21
202200034995,3.91,2.5
202200035013,9.21,19.43
202200035018,3.5,17.32
202200035021,3.39,6.64
202200035029,5.48,8.51
202200035033,3.53,3.43
202200035065,11.53,19.64
202200035080,7.4,6.14
202200035095,5.54,3.26
202200035104,4.74,6.91
202200035128,5.33,5.03
202200035136,3.45,9.16
202200035141,4.04,3.73
202200035144,2.08,12.48
202200035150,2.15,4.74
202200035156,17.98,21.96
202200035157,3.03,28.41
202200035190,0.9,13.24
202200035192,7.03,5.64
202200035207,2.79,18.82
202200035211,2.36,20.82
202200035215,2.78,25.32
202200035227,4.15,3.5
202200035228,7.12,15.94
202200035279,11.41,13.44
202200035280,9.21,10.99
202200035290,4.92,9.88
202200035311,8.98,8.56
202200035314,2.02,10.1
202200035316,6.86,2.96
202200035317,2.46,16.28
202200035340,6.29,5.76
202200035342,5.08,7.33
202200035353,5.0,3.01
202200035362,5.01,5.49
202200035364,3.92,3.44
202200035395,5.32,7.04
202200035432,4.51,4.07
202200035434,1.46,7.34
202200035442,5.8,5.54
202200035455,3.36,22.25
202200035458,6.47,16.11
202200035539,5.6,30.81
202200035549,5.14,32.64
202200035565,2.41,11.8
202200035569,5.14,15.26
202200035570,4.34,4.46
202200035593,4.66,6.82
202200035594,4.31,8.24
202200035605,4.41,12.13
202200035606,3.36,6.54
202200035624,3.45,17.33
202200035625,4.68,6.29
202200035626,4.3,5.91
202200035627,3.49,5.55
202200035658,6.31,1.65
202200035659,3.89,1.47
202200035660,2.32,4.53
202200035661,6.45,12.44
202200035665,2.42,2.32
202200035667,5.01,7.64
202200035685,3.85,7.83
202200035689,6.08,6.54
202200035749,5.65,7.34
202200035803,1.82,10.92
202200035812,3.91,24.9
202200035813,0.65,12.71
202200035814,2.57,3.85
202200035815,1.58,9.97
202200035829,2.89,16.47
202200035830,3.65,15.17
202200035838,6.91,7.15
202200035861,6.98,10.61
202200035866,7.25,9.8
202200035870,9.31,10.4
202200035871,9.06,17.09
202200035897,3.78,4.2
202200035900,3.16,7.64
202200035920,4.03,14.24
202200035926,2.11,9.04
202200035937,7.87,14.81
202200035942,4.77,2.6
202200035943,5.43,9.65
202200035944,2.92,5.08
202200035956,5.69,3.55
202200035957,4.87,6.05
202200035959,1.68,13.28
202200035960,4.13,10.67
202200035961,6.13,5.58
202200035962,3.56,3.24
202200036044,7.43,23.99
202200036045,2.26,17.73
202200036054,2.67,12.23
202200036098,5.54,21.72
202200036139,1.9,2.66
202200036142,2.97,10.85
202200036153,6.05,8.34
202200036171,3.08,10.11
202200036199,1.36,25.25
202200036200,7.81,25.85
202200036201,3.63,23.76
202200036203,2.22,6.15
202200036204,4.83,5.88
202200036205,7.04,3.46
202200036207,6.56,7.45
202200036215,6.12,17.15
202200036217,2.4,40.56
202200036219,3.85,15.05
202200036230,1.74,18.09
202200036240,2.86,4.08
202200036241,5.34,8.36
202200036255,6.08,15.94
202200036298,6.06,31.75
202200036324,5.93,4.2
202200036333,7.28,11.55
202200036336,2.52,39.14
202200036338,6.88,27.06
202200036340,3.48,13.08
202200036342,8.73,15.77
202200036360,5.44,20.14
202200036372,4.34,14.46
202200036379,4.44,1.4
202200036391,9.26,11.58
202200036393,2.0,2.15
202200036394,4.85,4.33
202200036395,2.07,3.07
202200036398,5.39,20.91
202200036410,7.32,4.66
202200036414,5.18,8.37
202200036422,7.54,7.18
202200036429,5.46,8.94
202200036432,4.23,6.41
202200036454,4.91,4.59
202200036476,4.12,8.09
202200036479,4.75,19.1
202200036482,7.44,13.54
202200036483,5.56,7.16
202200036487,5.91,10.36
202200036492,5.4,6.03
202200036513,8.34,19.92
202200036538,2.22,14.11
202200036542,6.9,15.0
202200036546,3.04,11.01
202200036550,4.57,13.25
202200036551,2.9,29.07
202200036554,8.59,3.66
202200036564,4.53,6.69
202200036566,6.67,9.97
202200036569,2.86,4.5
202200036573,3.29,5.95
202200036598,4.36,7.96
202200036599,6.35,5.2
202200036600,8.9,11.85
202200036607,7.09,6.01
202200036616,4.93,12.58
202200036619,2.09,3.61
202200036621,6.19,7.4
202200036622,2.4,6.41
202200036625,5.75,8.7
202200036627,3.53,2.85
202200036629,1.66,4.67
202200036630,3.6,6.95
202200036637,5.72,5.76
202200036682,2.26,6.42
202200036686,9.96,10.35
202200036688,5.4,15.52
202200036692,4.61,11.14
202200036697,3.11,6.7
202200036757,8.76,19.89
202200036792,8.24,29.59
202200036804,5.81,18.48
202200036813,4.82,7.44
202200036844,4.1,9.23
202200036845,6.4,7.44
202200036850,3.62,23.06
202200036861,1.89,29.38
202200036869,3.01,30.34
202200036879,7.3,9.75
202200036880,2.18,36.57
202200036883,2.23,13.27
202200036885,5.06,13.84
202200036887,3.47,7.91
202200036891,3.9,4.34
202200036907,7.07,9.14
202200036911,5.02,8.5
202200036912,9.09,12.78
202200036916,5.92,12.34
202200036920,7.03,14.0
202200036949,4.69,6.85
202200036952,5.83,8.75
202200036953,8.78,15.31
202200036955,2.77,2.63
202200036957,4.02,12.38
202200036959,1.48,3.38
202200036975,3.91,23.0
202200036976,1.23,4.34
202200036979,5.32,8.15
202200036982,5.83,8.78
202200036984,2.85,4.49
202200037001,5.24,5.96
202200037003,6.74,8.22
202200037005,4.99,14.65
202200037007,2.69,6.87
202200037010,5.92,11.26
202200037013,5.85,8.02
202200037017,5.21,3.68
202200037022,5.29,8.67
202200037035,2.19,9.97
202200037037,6.32,10.22
202200037044,10.36,10.41
202200037046,5.76,6.96
202200037052,1.16,3.71
202200037064,5.95,3.67
202200037067,5.08,8.92
202200037074,3.27,6.21
202200037080,6.9,12.56
202200037100,3.86,3.34
202200037110,5.72,3.58
202200037112,2.39,5.02
202200037113,4.38,18.05
202200037119,4.52,8.5
202200037136,3.48,5.13
202200037139,6.1,13.97
202200037197,5.69,5.17
202200037215,4.39,17.18
202200037242,4.9,8.65
202200037250,1.1,25.94
202200037252,2.34,16.68
202200037283,3.02,4.77
202200037285,5.82,7.78
202200037288,2.73,7.11
202200037341,10.32,11.82
202200037369,4.18,5.42
202200037371,3.83,5.07
202200037442,1.96,16.55
202200037443,5.64,33.99
202200037446,6.84,5.45
202200037450,1.78,5.13
202200037454,4.02,17.09
202200037468,6.59,8.0
202200037476,4.77,14.86
202200037481,4.74,7.32
202200037487,8.67,8.38
202200037496,8.01,12.29
202200037499,6.25,8.49
202200037521,19.12,19.49
202200037523,3.56,10.96
202200037525,2.26,13.38
202200037528,4.72,13.18
202200037545,2.85,12.98
202200037548,4.14,10.3
202200037591,1.99,21.07
202200037597,4.86,13.37
202200037612,6.55,4.68
202200037613,3.44,11.02
202200037614,5.08,17.57
202200037619,4.13,7.81
202200037624,0.33,5.74
202200037625,0.63,4.86
202200037630,4.88,8.91
202200037695,10.38,13.19
202200037696,0.41,29.2
202200037715,6.41,15.28
202200037724,9.56,17.0
202200037726,4.14,16.81
202200037727,9.53,10.69
202200037746,7.4,3.15
202200037747,4.43,17.61
202200037751,4.33,16.32
202200037770,8.81,10.8
202200037777,3.87,7.35
202200037778,2.43,3.56
202200037779,6.16,8.67
202200037795,4.09,5.87
202200037796,1.0,7.88
202200037811,6.38,7.14
202200037816,4.7,5.53
202200037817,4.4,6.3
202200037842,9.87,8.64
202200037843,10.86,11.61
202200037851,3.82,6.2
202200037852,3.96,8.54
202200037866,6.43,16.68
202200037867,7.14,2.94
202200037879,6.74,5.99
202200037897,2.88,2.62
202200037898,7.5,6.84
202200037918,7.16,9.35
202200037919,1.74,6.08
202200037920,3.63,2.66
202200037945,2.67,6.46
202200037970,0.71,5.34
202200037994,5.6,7.01
202200038023,4.39,20.17
202200038025,7.12,18.27
202200038027,4.89,7.92
202200038029,4.83,12.81
202200038030,3.67,2.03
202200038039,5.32,5.8
202200038042,5.67,7.26
202200038044,2.22,5.11
202200038046,2.39,2.21
202200038093,2.99,31.78
202200038105,9.35,18.9
202200038106,7.83,18.25
202200038108,5.06,43.38
202200038135,2.18,21.95
202200038142,10.71,9.01
202200038144,4.65,41.08
202200038146,7.81,23.66
202200038148,4.5,17.98
202200038150,5.17,7.72
202200038155,2.71,26.72
202200038156,1.8,8.65
202200038157,6.6,32.2
202200038158,4.81,2.53
202200038159,14.13,14.87
202200038161,4.36,13.28
202200038163,2.7,24.67
202200038164,5.38,8.59
202200038166,3.02,19.14
202200038168,10.61,18.06
202200038170,6.03,7.4
202200038173,2.41,8.7
202200038174,2.34,15.34
202200038176,4.5,17.08
202200038178,5.7,7.17
202200038179,8.18,8.43
202200038181,2.82,21.17
202200038184,3.64,9.53
202200038186,7.97,5.92
202200038189,8.35,11.96
202200038190,9.68,16.08
202200038192,11.65,13.43
202200038194,11.67,13.45
202200038196,1.01,1.87
202200038201,5.34,7.22
202200038204,5.87,5.35
202200038241,2.58,26.08
202200038243,8.38,14.18
202200038268,5.31,21.73
202200038278,1.53,13.59
202200038280,3.66,14.7
202200038316,10.17,18.63
202200038321,2.06,6.27
202200038328,8.13,19.32
202200038347,5.93,18.44
202200038350,8.06,27.11
202200038351,2.46,10.88
202200038353,8.55,12.26
202200038354,6.14,8.99
202200038356,6.95,12.65
202200038358,19.77,16.86
202200038360,5.9,10.25
202200038361,4.04,29.87
202200038363,11.23,14.0
202200038364,6.35,14.03
202200038365,1.95,6.33
202200038396,4.81,11.15
202200038404,3.15,7.0
202200038408,4.72,6.51
202200038411,1.0,3.38
202200038414,6.81,8.97
202200038417,6.18,7.57
202200038420,1.17,11.41
202200038421,7.22,12.06
202200038422,7.3,8.43
202200038424,5.92,9.91
202200038427,3.42,6.26
202200038451,6.0,5.74
202200038453,8.03,4.03
202200038455,6.27,7.11
202200038463,3.94,2.94
202200038467,5.17,7.44
202200038498,7.75,12.54
202200038545,1.22,14.98
202200038546,2.75,2.64
202200038550,4.06,5.63
202200038552,6.38,8.88
202200038581,4.74,4.12
202200038588,2.06,4.54
202200038591,3.12,11.82
202200038592,7.45,16.7
202200038593,1.49,8.38
202200038597,14.08,23.44
202200038603,5.25,18.54
202200038618,8.15,23.68
202200038631,6.83,21.04
202200038632,8.53,13.42
202200038641,5.21,3.17
202200038648,10.0,11.16
202200038684,5.29,4.25
202200038687,14.94,15.12
202200038689,6.34,8.57
202200038691,6.76,20.72
202200038692,2.16,3.24
202200038694,10.91,45.46
202200038699,1.03,10.93
202200038717,6.26,7.68
202200038720,2.22,2.52
202200038729,3.4,3.3
202200038732,5.47,5.84
202200038762,5.78,6.18
202200038796,3.31,2.15
202200038802,3.11,4.69
202200038809,1.47,6.89
202200038811,5.91,9.98
202200038826,2.6,25.54
202200038840,4.35,36.85
202200038843,4.65,21.42
202200038844,1.95,7.46
202200038847,5.91,4.12
202200038854,3.74,11.6
202200038863,3.76,20.08
202200038877,4.84,4.43
202200038881,4.54,26.09
202200038882,9.31,16.19
202200038886,5.98,19.15
202200038888,2.1,28.72
202200038891,10.47,11.63
202200038894,3.48,13.2
202200038903,2.58,3.92
202200038906,6.24,20.64
202200038921,5.35,5.12
202200038967,4.52,6.68
202200038970,3.02,3.06
202200038989,8.87,7.83
202200038998,1.7,8.18
202200038999,1.97,4.64
202200039000,2.51,7.19
202200039002,1.91,8.55
202200039003,3.87,7.56
202200039005,5.13,4.57
202200039006,2.86,2.75
202200039009,3.37,4.94
202200039012,1.54,3.18
202200039056,4.27,14.07
202200039093,7.6,18.87
202200039095,9.81,15.83
202200039098,5.31,5.09
202200039099,4.0,30.38
202200039101,3.82,5.6
202200039102,3.25,14.65
202200039132,5.57,4.6
202200039139,3.14,7.18
202200039153,6.75,4.42
202200039154,2.77,3.88
202200039155,9.09,10.58
202200039174,6.16,12.18
202200039186,4.36,3.71
202200039229,7.38,8.39
202200039316,3.17,9.69
202200039319,3.09,9.99
202200039336,8.53,20.28
202200039344,5.42,14.97
202200039358,6.53,9.68
202200039378,5.79,11.05
202200039390,4.2,7.84
202200039427,3.31,3.28
202200039428,4.12,4.32
202200039429,4.72,8.57
202200039430,7.88,7.91
202200039431,4.49,7.87
202200039448,5.24,6.64
202200039455,4.1,8.46
202200039456,4.72,3.33
202200039523,7.04,7.45
202200039525,8.36,6.26
202200039553,0.93,15.72
202200039554,8.66,12.85
202200039570,10.17,15.06
202200039571,3.54,21.92
202200039582,5.46,29.07
202200039593,4.47,15.05
202200039598,6.61,18.54
202200039624,7.28,20.46
202200039632,6.47,7.8
202200039633,5.24,7.43
202200039634,3.27,3.99
202200039652,3.03,5.28
202200039664,7.88,17.67
202200039677,1.63,7.86
202200039678,5.1,8.3
202200039685,5.6,14.18
202200039686,6.25,5.13
202200039710,1.54,6.8
202200039790,4.08,11.47
202200039792,1.35,35.45
202200039794,5.29,11.95
202200039819,9.97,16.63
202200039826,9.09,12.14
202200039856,1.71,32.15
202200039893,3.32,26.3
202200039899,2.64,16.72
202200039900,2.64,15.78
202200039910,6.4,12.14
202200039911,4.25,11.89
202200039925,1.66,18.34
202200039928,9.22,10.71
202200039935,4.52,4.92
202200039939,1.84,8.65
202200039949,2.35,4.36
202200039951,8.46,1.52
202200039952,5.2,2.92
202200039953,1.58,4.88
202200039955,4.58,6.95
202200039957,4.67,10.22
202200039977,4.75,8.1
202200039992,5.46,8.51
202200039994,5.44,7.37
202200039996,2.97,13.58
202200039998,5.09,4.96
202200040022,4.38,7.56
202200040054,2.95,4.52
202200040055,6.02,7.4
202200040059,4.62,8.34
202200040063,4.25,1.82
202200040075,2.37,1.8
202200040080,6.32,5.96
202200040084,3.38,5.75
202200040086,2.42,2.31
202200040087,5.44,7.09
202200040092,6.34,9.09
202200040096,6.28,6.29
202200040099,4.12,4.59
202200040107,4.37,5.78
202200040118,8.67,10.12
202200040121,3.95,5.39
202200040123,4.84,10.79
202200040129,2.48,9.56
202200040130,5.06,4.49
202200040146,10.15,16.43
202200040175,3.4,6.86
202200040177,5.05,7.44
202200040196,6.88,10.34
202200040197,3.95,2.77
202200040199,4.39,9.12
202200040200,5.32,5.5
202200040201,3.99,16.5
202200040204,4.31,4.55
202200040211,2.55,6.46
202200040212,3.16,8.1
202200040213,10.32,21.26
202200040214,5.07,7.74
202200040215,5.96,5.69
202200040217,8.4,14.51
202200040218,2.25,20.78
202200040220,8.12,2.58
202200040225,4.29,7.48
202200040226,4.28,8.12
202200040232,2.92,2.82
202200040244,3.89,6.5
202200040253,2.92,8.92
202200040267,3.78,4.5
202200040274,1.07,9.42
202200040277,8.36,6.94
202200040279,3.74,8.25
202200040346,4.75,21.54
202200040352,5.68,13.52
202200040385,2.6,19.02
202200040386,4.39,15.09
202200040395,2.96,10.8
202200040396,5.68,6.66
202200040490,14.03,18.97
202200040502,6.63,3.21
202200040518,8.85,12.11
202200040525,5.19,27.73
202200040530,7.12,7.36
202200040554,2.19,22.41
202200040562,4.36,5.39
202200040572,12.31,58.59
202200040574,6.59,9.1
202200040589,10.94,7.79
202200040601,3.24,5.39
202200040618,7.6,8.13
202200040637,6.77,6.25
202200040670,8.57,7.27
202200040698,4.86,5.88
202200040704,3.99,6.15
202200040712,2.68,2.58
202200040755,2.52,32.63
202200040771,4.72,22.58
202200040808,8.28,29.52
202200040823,7.18,13.53
202200040831,1.89,17.93
202200040835,5.08,11.02
202200040836,0.64,35.07
202200040856,5.75,13.62
202200040865,17.06,33.0
202200040884,2.5,28.84
202200040888,5.93,6.82
202200040889,8.38,25.13
202200040919,1.96,4.58
202200040922,7.83,13.61
202200040924,4.47,47.78
202200040949,1.86,8.43
202200040984,3.41,10.32
202200040987,6.27,8.71
202200040989,11.58,13.11
202200040990,4.89,8.32
202200040993,10.7,15.99
202200041101,5.91,3.62
202200041111,3.29,29.8
202200041158,4.44,6.9
202200041160,4.03,12.95
202200041163,5.48,7.83
202200041176,5.0,13.1
202200041178,0.39,2.78
202200041189,0.41,11.77
202200041190,6.83,11.14
202200041191,4.71,9.34
202200041217,3.77,4.58
202200041221,4.31,6.94
202200041223,1.32,5.04
202200041240,2.19,6.88
202200041241,3.9,3.05
202200041242,3.92,7.27
202200041243,6.72,10.7
202200041245,2.72,10.09
202200041246,3.89,3.24
202200041248,4.68,6.57
202200041279,5.71,7.98
202200041280,6.36,4.03
202200041293,4.36,4.82
202200041300,2.06,6.74
202200041357,4.63,11.3
202200041374,6.77,26.56
202200041385,6.25,18.31
202200041393,1.95,24.47
202200041398,9.98,22.17
202200041416,1.42,23.71
202200041421,6.63,14.08
202200041433,5.79,8.13
202200041434,4.78,8.26
202200041435,4.39,4.58
202200041445,8.26,11.07
202200041459,7.81,5.7
202200041468,3.84,9.15
202200041470,3.09,2.0
202200041474,4.89,5.26
202200041476,3.91,3.8
202200041489,6.14,8.34
202200041518,6.2,33.53
202200041525,6.04,20.35
202200041529,5.37,32.86
202200041530,6.1,8.88
202200041544,4.59,16.42
202200041545,2.24,42.39
202200041546,2.01,9.19
202200041547,3.9,19.71
202200041548,0.95,19.2
202200041549,8.64,9.46
202200041568,2.66,5.85
202200041569,8.67,9.86
202200041570,2.17,4.65
202200041571,6.56,6.59
202200041592,5.72,3.32
202200041600,4.97,10.1
202200041619,4.98,6.6
202200041620,6.2,6.86
202200041691,3.63,13.36
202200041692,4.2,21.33
202200041718,1.1,34.32
202200041724,4.36,4.47
202200041725,3.84,9.78
202200041741,4.21,3.24
202200041742,5.17,3.87
202200041743,6.16,10.12
202200041761,4.74,4.3
202200041775,3.62,2.21
202200041776,3.38,24.95
202200041777,2.82,4.86
202200041778,5.54,3.67
202200041799,3.75,4.73
202200041839,7.69,28.04
202200041871,3.79,15.79
202200041874,27.92,36.52
202200041895,3.53,23.96
202200041926,4.46,6.96
202200041945,6.07,10.65
202200042060,5.9,16.11
202200042062,7.58,20.64
202200042069,6.48,29.54
202200042070,9.03,27.98
202200042095,5.94,12.49
202200042096,5.46,13.19
202200042105,3.56,25.5
202200042106,7.95,21.9
202200042107,10.06,26.01
202200042109,3.97,51.08
202200042112,3.8,10.7
202200042126,12.81,13.62
202200042140,4.06,15.97
202200042141,1.03,19.98
202200042143,2.27,25.4
202200042151,7.69,10.59
202200042153,3.84,47.16
202200042156,2.59,14.34
202200042158,4.68,8.15
202200042164,3.83,6.14
202200042166,4.22,6.2
202200042173,5.8,7.97
202200042176,3.36,4.63
202200042197,3.67,5.24
202200042198,1.0,4.41
202200042208,4.96,9.27
202200042209,5.16,6.44
202200042210,5.11,9.38
202200042240,7.11,5.84
202200042253,3.76,25.4
202200042263,5.33,7.57
202200042265,4.81,3.61
202200042281,3.14,7.16
202200042283,5.71,7.13
202200042291,8.6,9.07
202200042293,5.11,7.06
202200042296,4.87,11.06
202200042379,6.59,5.86
202200042413,7.69,7.94
202200042415,0.58,19.05
202200042434,2.98,8.01
202200042435,4.2,11.83
202200042446,4.52,7.25
202200042448,2.55,14.99
202200042471,1.93,6.56
202200042477,3.82,7.1
202200042482,5.45,12.48
202200042486,2.7,18.26
202200042490,7.81,20.7
202200042492,0.78,1.61
202200042495,1.56,20.51
202200042497,0.9,2.0
202200042500,2.87,22.96
202200042506,6.26,21.04
202200042526,5.8,10.91
202200042528,3.38,17.76
202200042561,3.9,11.01
202200042568,7.98,4.6
202200042571,7.45,8.21
202200042573,3.49,2.36
202200042582,2.24,4.64
202200042585,5.52,8.81
202200042599,4.89,5.04
202200042603,1.85,13.26
202200042606,0.5,20.73
202200042609,1.32,16.61
202200042629,3.34,3.81
202200042635,3.85,9.27
202200042647,0.51,18.22
202200042650,2.61,5.11
202200042651,5.96,14.38
202200042676,5.95,9.01
202200042686,0.76,4.66
202200042693,9.07,10.74
202200042696,3.33,7.44
202200042700,6.55,8.62
202200042703,4.56,6.66
202200042712,6.53,5.23
202200042715,4.27,3.08
202200042718,4.79,10.32
202200042724,3.74,7.81
202200042737,4.11,3.81
202200042757,3.18,4.19
202200042782,3.54,8.13
202200042784,4.79,5.75
202200042788,1.53,7.39
202200042805,1.48,7.49
202200042816,6.87,4.93
202200042901,2.19,15.27
202200042903,1.72,24.54
202200042908,3.74,15.25
202200042918,3.3,17.1
202200042935,8.38,13.19
202200042945,2.31,30.85
202200042947,9.11,20.58
202200042949,4.89,10.45
202200042968,3.16,7.89
202200042997,9.68,19.14
202200043009,6.13,16.34
202200043026,16.77,19.16
202200043028,9.44,40.05
202200043033,2.9,16.65
202200043072,5.83,15.8
202200043085,3.33,31.5
202200043089,4.53,16.39
202200043097,7.18,16.35
202200043103,10.75,22.85
202200043174,3.52,6.39
202200043177,4.12,10.9
202200043185,3.34,8.77
202200043188,3.24,9.15
202200043202,4.43,28.44
202200043208,1.53,9.88
202200043218,6.36,18.92
202200043225,1.84,15.62
202200043249,2.76,30.06
202200043251,2.86,16.91
202200043300,9.17,15.57
202200043302,4.71,18.86
202200043304,5.59,20.79
202200043306,9.16,12.87
202200043308,2.22,4.61
202200043309,1.13,15.25
202200043331,3.48,11.18
202200043377,2.82,7.37
202200043426,9.46,18.91
202200043438,4.22,26.76
202200043439,1.37,24.13
202200043445,2.53,17.44
202200043446,12.78,18.23
202200043447,5.89,14.76
202200043451,9.11,20.13
202200043459,5.46,5.92
202200043460,4.36,7.45
202200043468,5.81,6.05
202200043482,6.35,19.28
202200043490,4.56,10.46
202200043491,6.69,6.16
202200043509,6.3,3.58
202200043510,2.0,4.47
202200043511,4.38,3.28
202200043541,4.16,5.89
202200043542,4.42,6.16
202200043543,3.46,2.32
202200043568,4.41,15.86
202200043630,6.72,7.16
202200043654,1.96,4.74
202200043774,5.24,9.32
202200043814,4.1,4.34
202200043822,4.26,8.11
202200043823,7.06,6.92
202200043824,0.84,3.75
202200043825,6.59,7.41
202200043826,3.42,3.31
202200043834,8.09,7.38
202200043835,2.28,10.64
202200043836,3.66,6.61
202200043852,4.61,3.32
202200043879,4.3,8.28
202200043882,3.18,14.77
202200043886,4.15,10.58
202200043887,3.74,8.25
202200043890,3.31,9.56
202200043893,4.04,3.95
202200043911,10.15,22.38
202200043925,6.63,16.41
202200043929,7.61,41.02
202200043931,1.1,45.07
202200043965,5.35,17.67
202200044008,6.34,3.39
202200044029,2.48,2.39
202200044032,2.33,2.36
202200044084,3.34,3.82
202200044087,3.74,8.05
202200044090,4.01,12.37
202200044099,6.46,8.44
202200044101,6.06,6.07
202200044156,5.4,5.98
202200044158,4.97,6.9
202200044176,3.95,17.34
202200044180,2.97,25.7
202200044216,5.3,48.58
202200044225,27.38,25.39
202200044237,6.95,7.37
202200044239,2.86,8.03
202200044296,1.91,20.02
202200044300,9.76,28.54
202200044320,3.06,1.64
202200044348,7.29,13.09
202200044349,5.83,9.2
202200044351,7.3,7.02
202200044352,4.71,7.34
202200044357,7.28,15.15
202200044361,7.66,5.66
202200044366,4.8,5.39
202200044377,8.16,11.93
202200044384,6.42,10.29
202200044386,6.45,1.98
202200044390,2.33,10.95
202200044391,3.53,5.34
202200044393,8.32,10.59
202200044394,5.14,5.54
202200044398,7.68,7.09
202200044402,5.64,11.33
202200044408,6.78,3.2
202200044412,5.95,3.6
202200044417,3.7,7.37
202200044490,6.36,5.84
202200044494,4.18,3.66
202200044533,2.82,22.77
202200044537,2.14,9.02
202200044538,2.64,25.19
202200044555,4.53,5.54
202200044566,4.15,8.7
202200044672,4.93,8.32
202200044719,4.96,2.51
202200044741,5.9,6.42
202200044756,5.21,2.47
202200044779,2.88,26.74
202200044782,9.63,7.31
202200044798,5.36,13.78
202200044801,8.78,17.3
202200044833,6.89,31.84
202200044840,3.8,24.0
202200044863,2.78,25.62
202200044873,5.24,4.34
202200044875,5.33,5.07
202200044880,2.87,3.4
202200044883,7.66,43.79
202200044884,3.5,1.85
202200044888,5.15,19.24
202200044893,1.81,36.13
202200044894,5.11,18.93
202200044913,8.76,19.25
202200044916,6.22,30.24
202200044920,5.52,6.71
202200044928,6.52,16.38
202200044945,10.79,12.25
202200044950,4.42,6.58
202200044955,2.68,5.05
202200044962,5.2,5.23
202200044963,3.2,10.78
202200044967,5.52,19.57
202200044997,3.86,6.36
202200045003,4.08,5.49
202200045004,2.49,5.31
202200045013,7.48,15.46
202200045018,6.97,14.65
202200045020,5.12,5.88
202200045037,22.37,17.12
202200045047,1.45,7.62
202200045055,5.19,11.89
202200045069,15.84,25.82
202200045075,2.79,7.48
202200045078,3.05,22.49
202200045083,4.07,3.96
202200045086,2.46,12.3
202200045132,7.22,12.12
202200045155,4.21,6.21
202200045157,5.81,9.96
202200045162,5.05,3.76
202200045163,6.26,6.01
202200045166,5.13,5.6
202200045168,3.59,4.99
202200045172,11.0,22.56
202200045173,4.81,6.17
202200045180,4.08,8.72
202200045187,2.9,20.86
202200045192,3.54,14.7
202200045196,3.34,16.55
202200045218,6.74,8.21
202200045241,6.41,4.37
202200045250,5.35,7.56
202200045265,5.29,5.11
202200045266,8.11,4.88
202200045267,6.74,10.42
202200045268,2.21,6.18
202200045275,2.53,5.54
202200045284,3.17,6.35
202200045289,3.66,9.38
202200045292,5.07,4.85
202200045338,6.1,3.48
202200045380,0.76,14.0
202200045381,6.45,17.88
202200045407,5.47,13.04
202200045417,6.37,13.62
202200045433,6.91,14.36
202200045440,2.28,9.65
202200045441,5.24,6.48
202200045442,0.75,4.66
202200045445,5.08,10.44
202200045446,2.51,4.15
202200045461,3.73,4.2
202200045487,4.45,6.06
202200045606,6.31,10.8
202200045607,2.32,15.29
202200045613,7.41,7.6
202200045620,5.46,6.8
202200045637,5.56,6.57
202200045638,3.22,10.37
202200045639,5.02,7.18
202200045643,4.3,5.31
202200045644,5.52,7.16
202200045676,0.92,3.98
202200045677,6.52,5.39
202200045716,9.89,6.91
202200045717,1.55,10.26
202200045740,3.78,7.37
202200045742,2.4,5.25
202200045753,3.65,9.54
202200045754,7.54,10.9
202200045806,4.3,12.34
202200045843,12.51,26.43
202200045868,3.37,11.71
202200045870,9.96,20.18
202200045890,8.9,28.55
202200045892,2.5,7.7
202200045936,4.66,6.82
202200045940,2.74,3.16
202200045941,4.29,14.48
202200045944,3.24,7.09
202200045954,5.04,5.41
202200045956,4.46,6.18
202200045959,6.17,13.47
202200045967,1.25,4.84
202200045971,4.81,8.75
202200045975,2.3,6.32
202200045977,5.86,6.82
202200045980,1.46,3.9
202200045983,8.91,6.48
202200045986,2.41,3.66
202200045987,8.93,19.38
202200045988,6.73,6.54
202200045989,4.99,4.0
202200046002,2.37,11.08
202200046004,3.47,10.01
202200046017,4.94,5.08
202200046020,6.89,9.39
202200046023,1.15,5.12
202200046027,3.3,5.68
202200046029,5.51,7.4
202200046032,5.5,8.62
202200046033,2.47,5.05
202200046034,3.79,3.68
202200046036,3.72,2.94
202200046037,6.95,11.34
202200046040,2.39,2.28
202200046043,1.07,5.17
202200046046,5.98,6.28
202200046080,9.32,9.78
202200046107,2.64,3.12
202200046110,3.58,6.08
202200046113,1.69,7.93
202200046140,2.8,3.86
202200046154,4.79,6.95
202200046157,5.91,5.93
202200046164,3.56,7.71
202200046169,2.99,18.33
202200046173,4.92,12.8
202200046231,2.88,5.92
202200046248,6.38,25.6
202200046250,7.29,29.83
202200046257,3.86,7.83
202200046279,5.09,17.19
202200046281,9.11,10.55
202200046286,4.58,3.94
202200046293,3.99,8.3
202200046298,4.81,8.09
202200046324,5.09,7.31
202200046336,1.93,9.1
202200046340,4.49,4.96
202200046342,6.3,10.15
202200046344,5.57,9.16
202200046346,1.61,31.25
202200046348,3.13,4.58
202200046350,5.21,5.88
202200046354,6.02,5.81
202200046356,2.97,7.57
202200046360,5.3,5.59
202200046365,5.24,8.35
202200046368,4.0,23.84
202200046370,4.43,4.3
202200046374,5.98,6.57
202200046379,10.18,10.42
202200046385,5.29,5.52
202200046388,6.1,12.67
202200046394,6.13,10.86
202200046401,2.88,2.92
202200046452,18.78,26.76
202200046454,4.81,6.17
202200046460,4.7,6.05
202200046463,5.56,9.37
202200046485,4.82,4.02
202200046492,5.6,8.46
202200046495,3.68,15.9
202200046498,4.72,11.57
202200046499,3.43,4.16
202200046511,3.02,7.98
202200046519,6.99,6.02
202200046522,2.23,5.1
202200046527,9.34,4.76
202200046529,4.78,5.14
202200046548,5.93,6.76
202200046602,7.14,18.3
202200046628,7.68,8.85
202200046678,9.15,15.54
202200046679,2.41,18.63
202200046683,11.53,15.46
202200046697,3.42,8.01
202200046699,3.94,21.15
202200046707,7.98,5.66
202200046719,7.19,30.77
202200046743,4.75,4.97
202200046783,6.86,6.57
202200046788,2.42,13.09
202200046790,4.66,7.31
202200046800,0.81,1.91
202200046823,9.08,19.83
202200046831,4.29,11.21
202200046903,4.93,6.5
202200046917,1.37,7.26
202200046922,18.6,20.09
202200046926,2.15,10.26
202200046927,3.86,9.11
202200046935,3.59,3.52
202200046951,6.74,10.54
202200047008,8.06,36.6
202200047018,3.3,6.49
202200047019,4.36,4.23
202200047024,2.92,4.44
202200047033,5.41,5.16
202200047035,4.47,8.96
202200047037,4.05,9.82
202200047044,5.58,5.62
202200047047,2.7,1.78
202200047049,5.68,7.54
202200047053,10.15,7.09
202200047076,4.74,3.38
202200047079,4.12,2.82
202200047101,4.43,8.62
202200047119,4.33,5.57
202200047136,3.56,6.23
202200047144,1.5,3.76
202200047147,6.4,6.93
202200047150,4.24,5.65
202200047198,5.36,5.04
202200047245,12.42,24.22
202200047246,2.54,10.36
202200047256,4.66,13.17
202200047261,7.26,4.72
202200047291,6.07,6.56
202200047294,0.7,21.23
202200047299,6.62,17.17
202200047310,3.25,17.23
202200047312,8.84,32.79
202200047323,3.12,38.37
202200047324,8.05,14.76
202200047352,5.19,5.11
202200047353,4.82,5.59
202200047354,3.6,6.95
202200047356,4.89,4.24
202200047357,2.56,3.68
202200047358,4.89,8.42
202200047359,2.84,6.4
202200047378,1.95,8.42
202200047379,6.52,10.38
202200047381,5.35,4.45
202200047382,3.54,7.04
202200047383,5.05,5.91
202200047411,3.02,1.6
202200047412,4.84,8.17
202200047431,7.36,8.85
202200047449,1.88,7.97
202200047460,7.14,12.79
202200047461,0.32,22.95
202200047466,4.9,5.1
202200047478,4.18,1.78
202200047479,6.38,6.75
202200047488,3.84,4.31
202200047547,2.04,10.17
202200047582,1.76,8.2
202200047585,4.48,10.61
202200047586,3.81,7.91
202200047589,3.81,12.78
202200047590,4.9,4.22
202200047604,5.43,4.9
202200047638,6.88,2.23
202200047639,6.87,6.28
202200047654,5.04,3.58
202200047691,1.45,5.56
202200047774,4.29,11.7
202200047795,6.98,16.8
202200047798,3.93,27.08
202200047810,8.11,19.58
202200047853,2.89,8.24
202200047854,5.1,8.09
202200047858,4.19,4.26
202200047862,5.16,4.05
202200047866,3.85,5.42
202200047872,4.74,7.86
202200047884,6.78,43.39
202200047887,5.62,20.39
202200047891,4.42,18.24
202200047894,3.62,14.47
202200047932,5.88,6.2
202200047935,6.51,8.39
202200047936,2.46,5.86
202200047943,6.81,5.5
202200047947,4.54,12.28
202200047951,6.85,5.55
202200047965,6.3,5.7
202200047971,4.11,4.0
202200047976,8.22,11.81
202200047979,3.54,6.72
202200047984,8.28,12.14
202200048002,2.53,11.02
202200048009,2.82,5.8
202200048014,1.36,9.59
202200048021,6.83,5.86
202200048027,3.13,6.08
202200048064,6.86,31.94
202200048089,7.67,24.85
202200048094,9.02,6.59
202200048099,3.29,8.1
202200048105,4.59,6.75
202200048110,4.49,1.24
202200048119,16.33,16.64
202200048135,5.04,8.67
202200048142,6.49,7.94
202200048150,5.4,6.98
202200048179,1.16,6.02
202200048186,5.63,3.1
202200048217,3.38,6.05
202200048221,2.66,10.03
202200048226,2.98,7.71
202200048268,6.88,2.82
202200048276,5.46,8.34
202200048283,6.28,11.85
202200048293,1.76,9.83
202200048331,5.68,39.82
202200048343,5.8,10.1
202200048353,5.65,16.68
202200048359,2.59,14.53
202200048361,4.57,6.83
202200048367,3.62,6.24
202200048373,5.01,8.81
202200048375,8.08,6.3
202200048382,5.81,4.86
202200048387,12.07,22.1
202200048391,3.23,3.64
202200048405,10.49,7.43
202200048448,4.49,7.53
202200048481,0.83,3.74
202200048492,5.82,5.46
202200048498,5.31,8.33
202200048503,8.45,12.25
202200048508,5.59,5.79
202200048511,4.36,4.56
202200048515,5.59,9.74
202200048521,5.27,10.17
202200048548,2.83,16.7
202200048552,3.28,1.86
202200048584,1.41,9.26
202200048590,3.28,10.03
202200048596,4.56,10.46
202200048605,7.08,9.25
202200048613,3.66,7.51
202200048621,2.88,6.19
202200048628,2.01,9.38
202200048635,6.8,7.81
202200048644,5.05,7.87
202200048650,4.99,9.47
202200048652,2.94,4.88
202200048658,7.33,7.04
202200048692,4.52,12.48
202200048732,4.34,3.82
202200048734,1.0,26.29
202200048743,5.13,4.17
202200048745,5.03,48.61
202200048749,5.04,7.66
202200048754,3.39,2.31
202200048760,2.98,7.95
202200048765,4.33,5.0
202200048767,3.47,15.08
202200048780,6.29,35.32
202200048782,7.03,13.0
202200048784,7.74,16.86
202200048795,7.32,7.41
202200048804,15.94,23.71
202200048833,7.6,20.82
202200048843,2.83,7.27
202200048870,3.39,20.21
202200048873,1.62,14.64
202200048879,7.35,16.15
202200048893,14.6,22.92
202200048896,0.89,29.86
202200048898,1.81,9.51
202200048902,3.04,21.52
202200048926,1.47,21.5
202200048957,10.25,17.66
202200048960,2.79,9.34
202200048964,2.34,4.51
202200048982,4.62,8.54
202200048985,3.43,5.94
202200048987,5.42,7.28
202200049003,1.22,19.48
202200049005,4.58,18.01
202200049013,7.54,16.3
202200049015,4.92,17.98
202200049023,6.07,4.65
202200049030,1.35,8.23
202200049034,7.54,16.79
202200049051,3.37,17.19
202200049053,3.88,11.67
202200049054,5.14,11.24
202200049067,3.89,6.12
202200049074,4.56,2.52
202200049087,5.19,7.96
202200049108,14.68,19.26
202200049109,4.78,6.62
202200049189,2.06,31.4
202200049192,3.98,18.11
202200049208,4.04,24.14
202200049212,8.33,12.44
202200049214,8.81,28.64
202200049245,1.88,19.49
202200049255,3.97,5.58
202200049256,5.15,8.24
202200049257,4.41,5.34
202200049259,1.96,23.64
202200049260,10.64,26.26
202200049263,6.44,21.31
202200049265,3.01,21.26
202200049266,4.59,16.76
202200049269,6.87,25.63
202200049271,4.49,26.08
202200049273,3.72,15.11
202200049283,2.0,16.79
202200049286,10.1,18.45
202200049304,6.27,3.99
202200049305,5.5,6.61
202200049306,8.09,5.59
202200049328,3.44,4.18
202200049329,5.03,5.43
202200049338,0.7,32.1
202200049347,5.53,22.33
202200049373,6.87,5.76
202200049388,10.09,21.08
202200049391,6.81,7.8
202200049396,4.28,5.9
202200049407,5.99,9.84
202200049408,3.55,6.22
202200049410,4.99,7.74
202200049411,3.28,5.65
202200049412,4.72,3.89
202200049423,4.35,10.21
202200049424,9.06,9.76
202200049426,3.8,6.21
202200049445,2.51,3.4
202200049513,2.98,22.02
202200049527,6.83,9.75
202200049543,2.34,4.35
202200049544,7.04,8.0
202200049547,1.54,5.55
202200049548,5.58,7.16
202200049603,9.07,11.63
202200049662,4.46,12.68
202200049666,5.6,10.59
202200049668,0.92,10.7
202200049673,4.73,13.04
202200049679,0.09,14.93
202200049696,2.53,14.56
202200049730,3.21,11.56
202200049737,7.91,27.47
202200049739,6.6,4.92
202200049745,4.73,9.41
202200049749,2.97,5.97
202200049801,6.89,2.89
202200049817,6.1,7.72
202200049821,1.7,19.07
202200049830,2.0,4.66
202200049840,9.55,14.0
202200049846,1.25,3.45
202200049847,3.04,4.79
202200049853,1.02,19.97
202200049854,5.65,6.54
202200049868,7.13,7.16
202200049879,3.66,9.15
202200049884,8.58,1.97
202200049903,3.97,5.54
202200049912,4.99,5.57
202200049920,12.5,18.9
202200049970,2.92,6.94
202200049979,6.54,7.53
202200049986,6.55,4.52
202200050011,4.78,3.99
202200050015,4.27,1.84
202200050021,7.54,3.86
202200050027,2.74,4.9
202200050043,12.37,16.3
202200050079,5.26,17.5
202200050082,11.28,36.96
202200050086,4.16,16.05
202200050093,7.47,6.48
202200050132,1.85,25.31
202200050136,4.45,9.86
202200050139,2.8,25.89
202200050140,2.83,5.49
202200050141,3.87,29.04
202200050144,5.96,7.39
202200050146,4.9,7.67
202200050149,4.57,27.95
202200050150,6.38,8.87
202200050154,3.96,14.58
202200050160,2.66,7.28
202200050165,3.75,35.38
202200050169,2.56,14.12
202200050177,1.58,43.9
202200050184,2.52,3.36
202200050186,2.95,5.0
202200050195,2.83,14.43
202200050197,3.78,6.4
202200050203,5.28,5.69
202200050205,6.31,3.28
202200050214,3.37,6.32
202200050243,4.15,18.72
202200050283,1.86,5.94
202200050290,2.43,2.83
202200050298,4.25,5.65
202200050318,4.17,3.65
202200050324,7.39,7.56
202200050331,2.94,26.32
202200050339,1.23,18.19
202200050382,5.82,12.22
202200050387,9.63,19.08
202200050388,7.71,13.37
202200050392,1.88,8.14
202200050394,7.95,16.4
202200050398,9.97,25.47
202200050402,10.26,10.94
202200050404,10.49,22.98
202200050422,1.93,31.04
202200050487,5.85,4.44
202200050493,6.18,19.72
202200050499,4.45,9.41
202200050500,3.15,5.31
202200050502,5.28,6.87
202200050507,2.45,6.34
202200050516,3.98,3.12
202200050525,3.92,4.23
202200050530,4.71,8.94
202200050538,2.25,3.9
202200050543,7.12,8.15
202200050548,2.06,36.56
202200050576,1.86,4.61
202200050584,4.54,8.46
202200050588,8.01,33.26
202200050590,1.37,5.75
202200050594,2.33,4.49
202200050602,4.77,7.88
202200050603,7.03,23.56
202200050610,7.21,2.39
202200050616,1.76,5.64
202200050636,1.79,18.97
202200050641,5.66,5.66
202200050642,5.4,27.98
202200050648,5.79,5.43
202200050654,3.32,8.53
202200050661,5.36,14.9
202200050673,5.24,6.45
202200050676,2.44,8.01
202200050708,11.99,13.15
202200050720,23.74,29.17
202200050764,5.09,18.91
202200050771,1.62,8.69
202200050772,3.87,20.82
202200050779,4.77,5.34
202200050787,6.08,4.67
202200050792,6.66,11.56
202200050805,4.22,8.94
202200050807,9.07,12.97
202200050812,5.83,5.44
202200050817,3.31,3.53
202200050821,2.97,8.45
202200050825,5.5,10.08
202200050841,4.7,4.61
202200050846,2.76,28.93
202200050865,8.44,8.24
202200050870,4.86,7.44
202200050876,2.94,6.34
202200050895,2.34,7.01
202200050914,4.02,9.34
202200050925,5.61,5.52
202200050934,2.18,3.02
202200050955,4.89,6.01
202200050969,5.0,9.0
202200051018,1.88,37.65
202200051022,6.93,19.11
202200051025,5.06,37.44
202200051037,1.88,7.61
202200051040,4.96,6.08
202200051045,5.1,4.97
202200051047,1.84,1.84
202200051059,6.38,33.1
202200051064,5.24,11.84
202200051070,1.41,4.18
202200051075,8.53,10.0
202200051076,4.1,6.7
202200051081,4.39,6.7
202200051113,4.86,30.61
202200051133,6.9,25.8
202200051140,6.37,18.79
202200051150,2.4,13.88
202200051165,2.39,6.32
202200051176,3.86,5.5
202200051180,3.49,5.41
202200051194,2.18,8.62
202200051198,1.73,10.12
202200051237,5.08,12.84
202200051240,6.33,9.0
202200051244,5.15,5.19
202200051245,5.62,15.46
202200051247,7.02,16.09
202200051249,6.77,8.88
202200051290,5.57,6.76
202200051318,1.02,4.61
202200051321,1.86,5.24
202200051324,6.84,6.05
202200051327,5.07,16.7
202200051335,3.04,10.43
202200051348,3.8,17.11
202200051360,2.8,9.98
202200051368,4.68,4.79
202200051369,2.27,14.14
202200051380,1.33,33.7
202200051389,2.24,16.18
202200051390,4.72,5.71
202200051393,5.14,19.67
202200051406,5.39,5.54
202200051407,10.66,18.11
202200051410,10.26,9.31
202200051492,5.72,7.14
202200051503,0.31,2.85
202200051506,2.61,18.95
202200051508,6.15,12.82
202200051521,5.53,7.43
202200051525,3.58,7.66
202200051530,14.83,36.94
202200051581,4.46,3.34
202200051586,8.38,10.11
202200051647,6.26,30.8
202200051653,4.73,26.76
202200051661,6.25,10.16
202200051663,10.21,13.68
202200051665,6.14,18.85
202200051708,4.25,1.34
202200051713,13.35,22.72
202200051727,3.32,4.26
202200051741,3.41,10.34
202200051751,11.49,25.32
202200051785,6.36,5.37
202200051799,1.78,1.87
202200051824,1.12,7.2
202200051853,3.81,16.14
202200051857,4.92,15.93
202200051860,6.85,17.87
202200051916,9.72,10.85
202200051922,3.31,2.9
202200051927,4.95,19.83
202200051932,1.82,10.91
202200051959,3.17,10.61
202200051966,2.49,6.74
202200051975,6.45,14.71
202200051976,3.97,11.52
202200051996,3.38,32.9
202200052005,5.17,11.12
202200052006,5.68,7.3
202200052011,3.1,26.56
202200052020,3.12,23.59
202200052054,4.59,3.89
202200052059,11.94,17.81
202200052063,4.35,2.36
202200052066,3.06,18.96
202200052067,13.36,24.91
202200052082,3.58,7.1
202200052090,1.8,1.02
202200052096,1.5,24.45
202200052103,6.92,4.25
202200052106,2.73,2.19
202200052109,18.01,27.99
202200052117,10.33,12.68
202200052119,4.33,37.74
202200052127,8.88,26.88
202200052131,6.0,13.28
202200052133,9.28,23.84
202200052134,7.7,20.7
202200052136,5.84,3.4
202200052143,16.1,15.82
202200052147,5.88,2.12
202200052148,4.84,5.82
202200052153,5.69,6.1
202200052159,2.72,11.4
202200052160,4.5,8.79
202200052170,4.5,4.9
202200052172,5.48,5.84
202200052173,5.08,6.48
202200052175,8.47,14.13
202200052180,7.08,6.6
202200052183,2.7,7.08
202200052186,4.72,5.22
202200052192,6.94,11.84
202200052220,6.89,12.32
202200052229,9.15,15.55
202200052232,4.43,5.01
202200052233,8.17,6.78
202200052235,3.87,6.26
202200052237,3.15,17.52
202200052241,4.15,3.58
202200052246,2.25,5.31
202200052255,2.86,15.53
202200052261,7.68,12.28
202200052273,0.97,30.62
202200052274,5.77,4.54
202200052356,11.68,25.67
202200052366,2.97,25.78
202200052384,6.12,6.52
202200052399,5.51,7.35
202200052404,3.82,6.68
202200052416,4.39,13.69
202200052419,7.02,11.26
202200052423,3.53,1.68
202200052432,5.31,4.95
202200052441,7.18,19.42
202200052456,5.68,12.25
202200052468,1.6,18.49
202200052474,2.94,17.24
202200052477,6.89,25.2
202200052480,3.74,38.29
202200052484,4.41,17.22
202200052491,5.48,11.42
202200052494,0.65,26.28
202200052501,6.16,16.46
202200052502,2.76,36.93
202200052503,5.04,32.24
202200052511,3.74,21.01
202200052514,4.7,13.39
202200052527,5.79,12.82
202200052546,12.04,21.65
202200052589,4.61,19.17
202200052604,4.54,5.93
202200052611,15.44,21.09
202200052614,4.42,0.88
202200052622,3.75,7.86
202200052626,8.45,6.02
202200052635,4.76,4.41
202200052636,5.0,21.4
202200052642,5.78,7.42
202200052644,2.46,4.62
202200052647,4.21,4.15
202200052648,3.99,20.26
202200052659,5.73,2.96
202200052662,7.57,7.89
202200052664,3.6,8.17
202200052670,5.35,6.76
202200052692,2.13,22.15
202200052708,2.78,7.66
202200052721,4.33,6.49
202200052722,8.91,33.44
202200052723,3.68,4.67
202200052727,4.14,7.5
202200052733,3.58,4.27
202200052735,4.54,1.0
202200052738,2.22,6.19
202200052739,6.02,5.25
202200052740,2.81,6.53
202200052748,3.41,6.94
202200052753,7.67,9.65
202200052755,3.28,6.14
202200052757,4.24,2.56
202200052765,6.82,10.12
202200052768,2.95,21.46
202200052769,0.46,5.87
202200052774,3.37,14.2
202200052788,1.9,48.04
202200052795,0.93,41.58
202200052812,3.66,2.25
202200052838,2.35,4.37
202200052849,6.62,21.42
202200052855,4.11,17.97
202200052856,1.42,11.11
202200052857,9.41,7.08
202200052862,2.37,11.22
202200052878,2.76,5.99
202200052884,6.38,4.96
202200052890,5.56,11.72
202200052896,3.85,2.85
202200052902,1.92,8.37
202200052930,4.33,7.67
202200052938,1.17,16.49
202200052943,6.59,8.01
202200052947,5.36,12.32
202200052951,4.38,8.99
202200052952,5.23,2.79
202200052956,8.78,22.99
202200052961,3.24,6.42
202200052965,1.0,17.94
202200052973,3.49,38.05
202200053018,5.36,3.94
202200053021,4.78,11.81
202200053027,4.49,5.07
202200053029,3.84,10.55
202200053035,6.05,3.86
202200053038,5.16,15.1
202200053039,7.84,8.08
202200053040,8.03,6.91
202200053044,0.64,9.72
202200053045,4.36,5.96
202200053049,2.74,12.43
202200053075,4.55,4.49
202200053100,4.18,6.81
202200053136,5.73,9.35
202200053150,12.03,16.64
202200053165,4.48,8.5
202200053174,8.24,30.13
202200053181,8.62,13.01
202200053182,3.66,3.14
202200053187,2.14,8.76
202200053194,5.57,12.75
202200053197,2.84,12.6
202200053203,3.1,12.27
202200053221,2.36,1.21
202200053226,3.86,4.34
202200053275,8.15,17.24
202200053281,8.62,10.12
202200053286,5.55,8.64
202200053291,3.46,21.67
202200053314,3.69,8.28
202200053328,2.53,19.46
202200053354,2.79,8.26
202200053356,3.23,5.62
202200053408,2.72,22.89
202200053418,2.64,7.99
202200053420,6.42,47.05
202200053424,7.04,4.48
202200053429,4.17,8.37
202200053432,4.56,5.98
202200053447,5.64,11.3
202200053461,2.51,5.18
202200053468,4.31,6.71
202200053472,6.82,20.73
202200053481,4.85,5.53
202200053491,3.74,8.02
202200053504,5.41,8.17
202200053513,5.65,12.06
202200053517,3.76,3.8
202200053521,8.8,31.85
202200053526,4.86,19.44
202200053534,1.71,3.05
202200053545,8.08,13.01
202200053548,2.73,2.6
202200053583,2.03,20.14
202200053587,9.98,8.33
202200053590,3.57,11.82
202200053606,6.81,29.96
202200053622,4.64,4.55
202200053628,3.05,5.27
202200053644,8.55,12.48
202200053656,7.18,8.56
202200053668,14.09,34.53
202200053675,3.28,32.06
202200053696,4.72,10.52
202200053714,3.84,4.28
202200053716,2.45,6.51
202200053743,4.34,3.22
202200053789,6.61,17.8
202200053793,1.67,7.51
202200053808,6.9,7.89
202200053816,2.53,7.34
202200053826,3.47,2.83
202200053846,11.02,46.4
202200053847,3.12,2.86
202200053860,2.05,27.38
202200053864,2.49,23.58
202200053871,8.24,9.37
202200053872,3.02,21.86
202200053873,4.09,15.97
202200053879,7.55,7.87
202200053881,5.9,13.76
202200053894,2.44,36.08
202200053899,7.06,17.51
202200053906,13.89,27.11
202200053907,7.34,20.31
202200053913,14.59,35.08
202200053921,13.41,16.65
202200053931,3.56,3.3
202200053940,2.65,18.51
202200053970,5.15,10.25
202200053985,3.26,28.76
202200054015,9.14,9.52
202200054026,6.54,4.58
202200054046,4.38,10.32
202200054054,2.54,4.05
202200054055,3.79,8.48
202200054058,6.99,25.76
202200054070,5.97,7.52
202200054076,4.49,9.44
202200054091,21.88,22.68
202200054113,4.11,9.07
202200054123,5.48,32.97
202200054131,5.85,11.8
202200054134,3.06,4.55
202200054141,4.77,28.8
202200054144,3.42,6.26
202200054149,7.69,7.64
202200054165,2.3,13.43
202200054193,3.92,8.48
202200054197,9.59,22.64
202200054206,11.24,13.67
202200054209,13.79,29.74
202200054211,3.82,17.6
202200054222,1.34,24.79
202200054224,7.33,11.08
202200054237,12.84,36.03
202200054248,6.75,6.76
202200054251,6.25,4.16
202200054259,3.24,7.08
202200054262,5.83,9.11
202200054269,1.83,18.93
202200054278,11.22,14.02
202200054289,3.71,3.19
202200054294,5.09,4.53
202200054319,21.84,20.22
202200054320,8.92,33.29
202200054331,5.31,17.77
202200054347,5.08,24.93
202200054355,8.15,10.19
202200054358,6.27,11.72
202200054363,6.46,5.04
202200054371,7.37,40.21
202200054383,6.54,17.58
202200054403,3.28,17.58
202200054406,8.13,17.76
202200054412,5.01,33.8
202200054419,3.87,2.02
202200054424,5.38,8.77
202200054426,5.79,6.26
202200054435,4.94,7.2
202200054437,4.98,5.64
202200054448,4.95,7.67
202200054452,4.76,17.04
202200054504,7.7,11.41
202200054511,1.65,25.11
202200054519,4.48,20.59
202200054525,4.78,18.19
202200054532,8.05,6.66
202200054534,3.78,3.42
202200054546,1.99,19.92
202200054548,6.32,8.1
202200054550,10.85,23.49
202200054556,5.6,29.05
202200054557,5.99,8.15
202200054563,3.18,6.34
202200054564,2.51,11.75
202200054574,3.49,8.08
202200054583,4.52,2.82
202200054590,5.03,6.44
202200054596,12.96,22.2
202200054603,1.36,19.15
202200054612,13.76,15.93
202200054619,2.29,18.95
202200054641,18.08,64.36
202200054660,4.54,18.75
202200054664,5.62,9.47
202200054699,4.0,8.49
202200054709,6.68,16.2
202200054717,3.34,5.89
202200054735,8.65,1.91
202200054742,5.03,4.5
202200054743,3.47,11.89
202200054746,1.87,4.28
202200054805,4.55,6.43
202200054817,1.72,4.5
202200054828,2.87,8.42
202200054847,3.17,2.61
202200054872,6.12,7.81
202200054911,1.23,4.21
202200054933,3.83,25.47
202200054934,4.06,7.25
202200054939,3.3,4.26
202200054941,2.43,3.11
202200054942,5.1,3.81
202200054948,1.12,7.53
202200054951,6.85,10.38
202200054959,7.66,29.5
202200054982,6.44,7.61
202200054992,4.12,15.71
202200055030,5.65,8.04
202200055031,4.8,5.26
202200055040,4.18,3.2
202200055044,3.14,30.33
202200055048,4.36,7.84
202200055075,5.62,5.72
202200055081,4.36,10.12
202200055087,4.04,2.93
202200055100,1.41,16.26
202200055105,0.94,28.05
202200055109,5.98,6.83
202200055110,4.8,9.38
202200055115,4.96,9.27
202200055116,5.51,2.23
202200055132,4.8,10.54
202200055142,6.46,1.42
202200055180,5.61,9.46
202200055209,4.36,8.9
202200055212,12.57,29.56
202200055215,14.82,48.23
202200055223,1.78,27.36
202200055277,5.33,19.15
202200055300,2.68,32.61
202300000018,3.8,21.85
202300000019,7.53,12.35
202300000036,3.01,33.77
202300000041,3.89,21.18
202300000061,6.37,28.96
202300000062,1.42,13.28
202300000076,5.08,8.28
202300000088,4.19,6.92
202300000104,5.14,5.44
202300000112,2.77,5.82
202300000117,3.11,6.7
202300000126,3.45,4.94
202300000128,4.09,39.47
202300000130,1.64,3.0
202300000175,3.38,12.03
202300000196,4.21,7.94
202300000197,3.33,7.18
202300000199,3.56,6.22
202300000202,6.78,6.81
202300000227,1.55,5.35
202300000230,0.77,4.65
202300000263,1.55,3.62
202300000264,6.94,9.15
202300000278,3.34,6.52
202300000281,3.6,3.87
202300000285,3.19,8.96
202300000288,1.55,2.14
202300000291,3.56,6.54
202300000341,5.63,8.52
202300000377,8.24,15.17
202300000378,8.18,20.83
202300000380,4.16,12.06
202300000398,5.06,33.31
202300000417,4.25,29.64
202300000443,2.12,5.13
202300000472,8.65,3.7
202300000476,6.91,7.88
202300000477,5.72,8.56
202300000478,5.21,6.85
202300000494,6.53,6.06
202300000497,0.83,3.84
202300000498,7.21,9.02
202300000504,3.3,6.99
202300000521,2.24,8.91
202300000542,10.84,10.18
202300000547,8.21,19.43
202300000549,3.54,10.43
202300000550,4.31,5.72
202300000552,4.59,6.52
202300000567,9.41,9.56
202300000582,6.16,3.6
202300000589,3.52,2.39
202300000591,3.19,5.12
202300000605,1.06,6.63
202300000613,7.69,5.75
202300000669,4.2,29.83
202300000681,8.36,13.26
202300000684,6.29,14.05
202300000742,4.98,26.62
202300000757,6.42,18.9
202300000758,2.17,8.58
202300000768,17.94,40.86
202300000769,2.51,39.1
202300000783,3.12,12.29
202300000789,3.62,19.99
202300000810,14.46,15.28
202300000813,4.32,22.55
202300000815,7.87,17.25
202300000817,0.56,20.56
202300000847,7.61,29.93
202300000851,3.4,11.47
202300000888,11.27,18.51
202300000890,1.23,20.82
202300000914,4.94,8.79
202300000930,3.71,8.52
202300000934,5.59,4.91
202300000938,5.82,9.95
202300000941,7.46,18.49
202300000945,4.96,18.78
202300000948,4.5,12.92
202300000960,9.11,28.34
202300000981,4.17,5.77
202300000984,3.37,5.06
202300000987,5.27,26.7
202300000992,4.72,4.16
202300000995,11.91,35.36
202300000997,5.95,4.96
202300000998,3.2,9.67
202300001008,4.89,17.8
202300001011,4.08,22.04
202300001016,5.03,7.13
202300001018,4.48,5.93
202300001022,3.17,4.17
202300001061,3.3,15.48
202300001086,5.68,6.36
202300001089,4.31,5.72
202300001093,5.82,6.4
202300001134,2.04,6.62
202300001174,5.34,6.86
202300001210,1.22,11.91
202300001211,8.97,14.77
202300001219,6.88,3.82
202300001314,3.16,29.62
202300001319,2.68,4.07
202300001348,4.99,12.75
202300001350,5.67,5.94
202300001351,6.8,7.48
202300001365,0.73,19.59
202300001386,5.38,3.99
202300001389,7.28,9.06
202300001423,13.68,24.59
202300001432,3.17,25.8
202300001436,1.8,11.54
202300001437,3.58,2.65
202300001441,4.05,16.89
202300001470,10.31,7.25
202300001476,2.75,4.77
202300001481,5.59,9.07
202300001487,5.33,11.9
202300001498,4.59,16.2
202300001508,7.15,7.34
202300001510,5.0,5.48
202300001552,3.0,4.81
202300001562,0.95,3.72
202300001565,3.0,9.55
202300001566,5.32,9.12
202300001568,5.15,10.76
202300001570,6.68,9.93
202300001572,7.12,7.99
202300001581,5.95,4.1
202300001583,6.42,10.35
202300001607,5.26,5.94
202300001608,4.87,6.34
202300001609,4.79,7.93
202300001611,3.42,6.26
202300001625,2.99,6.63
202300001626,3.98,6.58
202300001629,3.17,8.5
202300001644,2.54,31.51
202300001661,4.77,13.91
202300001672,7.43,31.37
202300001673,3.12,7.23
202300001690,8.13,7.55
202300001694,6.48,9.56
202300001695,1.4,24.08
202300001699,1.17,13.68
202300001702,2.56,17.52
202300001704,5.41,14.9
202300001706,5.96,24.41
202300001708,4.21,21.45
202300001714,11.52,21.07
202300001717,3.43,4.02
202300001737,3.13,1.66
202300001738,11.4,14.86
202300001741,6.58,9.67
202300001743,2.49,5.05
202300001746,2.37,10.17
202300001748,3.31,22.78
202300001755,5.62,3.7
202300001756,2.47,25.93
202300001758,3.8,6.79
202300001761,5.28,34.25
202300001763,2.31,10.43
202300001765,9.99,20.35
202300001767,5.78,30.32
202300001770,4.89,16.03
202300001771,8.14,22.31
202300001773,3.32,41.6
202300001779,3.4,3.43
202300001794,4.74,7.49
202300001796,3.3,4.64
202300001799,1.44,9.72
202300001807,6.48,9.54
202300001822,1.78,4.72
202300001828,5.98,5.87
202300001852,3.02,6.11
202300001935,7.17,13.52
202300001981,10.04,5.64
202300001982,5.13,15.06
202300001987,12.39,23.84
202300001992,2.3,15.2
202300001993,1.06,8.51
202300001995,3.54,26.18
202300002003,3.05,10.52
202300002004,4.5,10.45
202300002025,9.65,14.54
202300002028,1.77,21.28
202300002029,4.36,19.81
202300002097,5.63,28.6
202300002115,1.28,18.64
202300002116,2.45,24.28
202300002123,25.21,55.32
202300002146,9.95,13.88
202300002148,9.85,21.71
202300002182,7.27,20.23
202300002195,3.74,17.76
202300002200,5.16,17.92
202300002202,2.66,33.3
202300002207,3.06,10.46
202300002209,7.31,5.62
202300002213,8.14,13.58
202300002226,2.88,2.77
202300002229,2.75,19.68
202300002231,4.83,18.65
202300002242,4.66,8.81
202300002243,6.65,5.12
202300002244,6.36,17.38
202300002261,1.95,54.4
202300002295,3.26,12.39
202300002297,5.14,33.86
202300002299,2.86,24.74
202300002310,5.29,6.97
202300002312,5.75,17.74
202300002313,6.19,8.24
202300002315,4.07,3.98
202300002339,4.32,8.4
202300002342,5.4,4.0
202300002343,1.55,5.72
202300002345,5.11,8.29
202300002346,4.76,7.91
202300002348,3.62,4.28
202300002376,1.25,4.02
202300002377,6.57,7.04
202300002378,3.66,7.42
202300002379,4.41,7.9
202300002403,3.04,5.55
202300002407,2.85,6.28
202300002451,8.12,12.62
202300002454,10.17,8.48
202300002487,2.99,7.21
202300002489,1.45,14.13
202300002490,2.68,2.75
202300002520,2.03,5.91
202300002529,4.31,6.69
202300002538,4.82,4.5
202300002567,1.35,31.26
202300002569,1.72,30.9
202300002572,2.96,18.58
202300002590,10.76,19.71
202300002624,1.84,16.5
202300002627,4.19,11.64
202300002631,7.69,7.48
202300002634,7.08,7.68
202300002639,2.73,5.14
202300002642,3.13,9.26
202300002645,7.34,15.46
202300002646,4.34,3.56
202300002647,4.77,21.12
202300002650,7.15,9.45
202300002654,3.36,18.87
202300002656,3.72,16.95
202300002659,7.79,4.35
202300002662,5.09,5.88
202300002665,7.4,6.44
202300002670,4.06,13.3
202300002674,7.08,14.52
202300002675,7.42,6.46
202300002799,9.49,8.1
202300002802,6.55,18.99
202300002804,6.78,5.81
202300002806,5.54,25.9
202300002808,8.45,6.2
202300002811,1.16,12.16
202300002814,2.56,37.98
202300002815,1.91,19.52
202300002817,4.78,8.4
202300002819,2.2,14.83
202300002821,1.78,25.32
202300002823,11.1,8.78
202300002825,3.9,13.14
202300002857,5.57,18.84
202300002861,2.08,3.98
202300002885,10.72,22.91
202300002899,5.11,22.2
202300002914,6.82,31.12
202300002931,6.19,15.45
202300002958,12.63,22.74
202300002967,2.66,15.0
202300003007,4.5,10.22
202300003027,6.35,20.95
202300003049,5.27,23.46
202300003055,4.34,18.16
202300003059,8.06,23.46
202300003092,4.89,13.12
202300003131,3.32,7.43
202300003154,7.27,5.35
202300003182,4.92,7.04
202300003192,4.94,8.3
202300003204,3.66,4.89
202300003205,1.55,10.36
202300003206,4.86,9.05
202300003208,5.3,8.15
202300003210,5.46,4.79
202300003213,4.28,15.87
202300003215,3.94,8.09
202300003239,6.01,8.88
202300003246,8.53,10.41
202300003261,5.78,6.42
202300003263,1.9,5.49
202300003266,8.5,1.82
202300003285,3.26,7.43
202300003330,3.51,5.93
202300003334,4.01,6.96
202300003337,2.82,8.39
202300003370,3.6,6.95
202300003373,7.65,8.78
202300003374,1.5,5.18
202300003396,6.14,20.44
202300003436,13.98,20.99
202300003438,4.21,9.06
202300003449,3.0,7.1
202300003473,4.74,4.59
202300003508,4.96,9.27
202300003510,5.11,9.66
202300003512,5.72,6.19
202300003514,5.11,11.11
202300003515,5.31,5.71
202300003624,5.31,14.82
202300003633,4.55,22.76
202300003643,8.01,28.7
202300003646,5.42,21.68
202300003654,6.36,8.7
202300003658,7.68,17.06
202300003662,2.67,4.86
202300003673,0.37,26.75
202300003678,6.16,6.84
202300003686,29.8,23.44
202300003694,14.71,39.94
202300003696,16.46,35.64
202300003697,4.53,25.94
202300003701,5.91,17.63
202300003737,2.69,15.28
202300003741,6.04,13.54
202300003782,6.06,6.98
202300003822,6.69,5.69
202300003900,9.59,18.37
202300003905,8.09,24.76
202300003906,1.48,19.84
202300003930,1.5,30.75
202300003937,4.99,18.02
202300003940,3.98,21.07
202300003962,0.67,8.18
202300003964,14.85,23.54
202300003990,3.17,9.58
202300003993,9.39,17.11
202300003997,4.03,4.61
202300004039,4.96,8.76
202300004042,0.9,4.5
202300004044,3.98,7.66
202300004059,11.71,34.36
202300004081,9.4,18.76
202300004089,3.97,29.65
202300004090,3.14,25.26
202300004093,3.65,4.46
202300004097,4.51,13.89
202300004104,1.94,2.49
202300004108,5.89,12.02
202300004110,4.08,10.93
202300004112,2.89,1.99
202300004114,2.72,8.61
202300004116,2.1,22.71
202300004117,0.43,7.19
202300004122,6.26,6.01
202300004125,6.35,17.28
202300004126,5.64,3.36
202300004138,4.6,3.13
202300004140,7.35,23.36
202300004142,7.16,13.73
202300004147,5.5,5.74
202300004178,2.37,12.76
202300004184,4.09,1.71
202300004210,10.03,7.93
202300004212,5.79,7.2
202300004231,5.23,8.88
202300004246,2.04,9.57
202300004250,2.26,20.8
202300004257,3.28,8.47
202300004268,3.29,7.39
202300004310,7.65,8.78
202300004312,0.63,5.7
202300004363,5.23,3.5
202300004366,4.71,4.45
202300004380,4.63,8.7
202300004421,3.54,17.87
202300004423,6.43,21.63
202300004424,7.46,7.49
202300004467,2.66,8.6
202300004471,8.68,6.57
202300004495,7.28,8.41
202300004496,1.62,6.0
202300004498,4.87,6.05
202300004501,2.59,10.92
202300004509,3.36,8.43
202300004511,6.75,9.1
202300004515,3.96,8.17
202300004517,4.46,5.24
202300004528,4.38,7.26
202300004534,8.68,3.91
202300004538,2.03,5.68
202300004542,5.27,6.85
202300004588,3.68,6.24
202300004591,5.66,6.13
202300004598,0.84,5.4
202300004620,5.9,8.93
202300004625,4.3,10.71
202300004632,3.31,9.35
202300004639,4.44,4.68
202300004658,4.7,9.42
202300004689,7.03,12.46
202300004695,9.77,15.57
202300004700,1.53,24.98
202300004702,7.63,7.13
202300004707,3.86,4.11
202300004709,5.08,5.36
202300004712,1.44,17.46
202300004713,6.42,7.69
202300004718,3.64,27.8
202300004721,13.27,27.03
202300004730,3.08,7.03
202300004734,11.84,15.38
202300004739,7.32,15.96
202300004741,0.99,12.09
202300004745,3.99,17.34
202300004749,1.37,24.91
202300004754,1.73,30.97
202300004759,11.39,15.81
202300004762,9.15,7.54
202300004781,4.04,1.44
202300004808,2.26,3.48
202300004853,5.6,5.16
202300004854,2.39,4.03
202300004856,2.88,9.85
202300004859,8.58,11.67
202300004861,5.58,6.81
202300004917,3.22,6.17
202300004922,4.01,3.06
202300004926,4.76,6.57
202300004939,3.85,32.33
202300004962,10.29,17.99
202300004964,6.66,24.36
202300004965,7.09,8.22
202300004967,3.69,3.8
202300004973,7.69,13.93
202300004976,2.77,20.38
202300004978,6.69,11.28
202300004979,8.0,17.82
202300004982,4.67,2.82
202300004990,4.32,4.51
202300005003,2.34,21.3
202300005005,9.94,13.98
202300005014,6.46,5.04
202300005017,1.9,8.34
202300005021,2.9,4.94
202300005022,4.22,4.93
202300005026,1.78,8.29
202300005042,4.26,17.14
202300005049,8.69,11.34
202300005052,3.48,7.25
202300005055,3.21,16.51
202300005058,7.82,5.91
202300005060,8.72,8.4
202300005063,8.55,11.75
202300005128,8.69,12.62
202300005152,4.86,25.75
202300005157,6.8,7.0
202300005159,5.87,9.49
202300005161,5.4,22.98
202300005164,3.22,3.43
202300005171,2.32,4.12
202300005190,4.53,4.7
202300005191,2.2,5.89
202300005194,5.33,5.9
202300005196,7.31,7.34
202300005199,4.12,25.76
202300005202,3.57,11.59
202300005205,7.39,10.03
202300005207,3.06,5.7
202300005210,9.36,36.17
202300005230,5.98,4.99
202300005233,3.7,2.76
202300005241,5.72,8.77
202300005248,0.49,16.74
202300005262,4.03,6.42
202300005263,4.62,8.94
202300005286,2.77,6.25
202300005287,1.7,5.28
202300005288,3.79,7.64
202300005289,5.61,9.23
202300005290,2.24,6.22
202300005291,6.91,4.24
202300005297,6.68,7.37
202300005298,3.71,9.19
202300005336,8.36,7.49
202300005338,2.15,7.86
202300005339,3.58,13.84
202300005340,3.41,5.27
202300005341,4.29,7.89
202300005342,5.12,9.04
202300005368,3.49,6.6
202300005400,4.85,8.45
202300005444,2.11,5.11
202300005447,1.02,7.57
202300005528,6.54,7.84
202300005530,5.31,7.97
202300005534,2.97,5.44
202300005536,0.54,17.26
202300005538,1.37,40.54
202300005550,4.89,4.96
202300005557,6.58,10.72
202300005558,8.72,14.42
202300005574,5.68,10.78
202300005593,2.27,2.74
202300005595,4.85,9.23
202300005596,4.96,4.99
202300005597,5.0,5.4
202300005615,4.97,3.61
202300005620,1.6,5.73
202300005629,3.41,4.42
202300005632,4.98,4.63
202300005634,5.28,5.16
202300005635,7.53,6.81
202300005650,2.19,2.16
202300005690,9.25,14.87
202300005718,6.42,8.76
202300005722,9.9,6.84
202300005729,7.23,10.52
202300005758,6.67,7.68
202300005759,4.53,7.72
202300005769,6.19,6.26
202300005770,2.04,8.93
202300005796,1.88,6.47
202300005802,8.44,9.99
202300005816,4.76,14.68
202300005817,4.26,4.61
202300005819,4.67,7.37
202300005820,4.03,8.1
202300005821,3.11,6.7
202300005850,2.94,22.17
202300005856,5.13,5.12
202300005857,17.04,19.92
202300005858,2.26,7.82
202300005863,8.24,42.79
202300005919,0.74,8.76
202300005921,9.37,20.15
202300005924,6.67,15.69
202300005958,4.67,9.56
202300005960,0.73,6.62
202300005963,4.76,6.92
202300005966,3.1,4.67
202300005968,4.89,8.14
202300005970,4.6,6.5
202300005978,3.93,5.8
202300005980,0.64,11.54
202300005994,3.46,7.56
202300006003,4.63,5.44
202300006010,8.33,8.0
202300006012,2.31,3.95
202300006049,7.26,4.92
202300006076,5.12,7.85
202300006093,4.96,2.96
202300006130,10.88,15.79
202300006148,6.19,7.97
202300006159,3.82,7.54
202300006161,3.27,15.84
202300006164,6.04,17.0
202300006178,6.84,7.83
202300006194,11.51,47.44
202300006209,4.14,5.68
202300006211,5.26,2.71
202300006215,1.4,23.46
202300006216,3.22,8.36
202300006218,10.64,13.25
202300006222,4.36,16.78
202300006245,5.34,6.47
202300006249,4.22,5.32
202300006252,1.26,4.85
202300006329,6.07,3.47
202300006334,7.16,7.4
202300006339,10.56,13.0
202300006342,5.56,6.96
202300006368,3.96,16.67
202300006373,6.96,10.89
202300006374,3.18,17.73
202300006379,6.34,10.28
202300006384,5.25,9.18
202300006389,6.1,10.03
202300006394,3.68,7.61
202300006396,4.85,9.03
202300006397,7.63,11.56
202300006400,5.14,10.1
202300006406,5.94,7.65
202300006419,3.76,15.34
202300006420,5.94,55.09
202300006424,4.32,10.84
202300006426,3.28,2.44
202300006440,4.14,7.8
202300006448,3.27,19.78
202300006464,17.21,34.82
202300006484,5.55,18.0
202300006485,2.31,6.38
202300006489,4.58,7.81
202300006493,2.82,20.64
202300006524,4.99,4.71
202300006531,4.98,40.63
202300006533,10.93,11.31
202300006534,7.89,9.77
202300006537,2.47,14.91
202300006538,2.32,18.91
202300006540,8.14,12.66
202300006543,5.6,10.02
202300006548,5.42,22.56
202300006554,2.83,14.91
202300006556,6.06,21.39
202300006558,3.92,3.81
202300006571,3.76,14.75
202300006579,2.98,14.35
202300006588,3.49,5.39
202300006599,3.31,15.37
202300006609,5.91,5.98
202300006631,4.07,6.31
202300006635,3.48,2.07
202300006663,4.71,3.42
202300006670,5.21,10.83
202300006681,3.27,5.44
202300006687,6.59,7.66
202300006691,9.04,25.57
202300006692,7.4,6.21
202300006693,5.54,7.08
202300006697,3.31,2.22
202300006699,9.85,5.44
202300006717,3.06,10.57
202300006753,6.35,1.78
202300006756,5.97,10.56
202300006761,2.68,4.08
202300006766,5.38,3.46
202300006773,7.57,11.12
202300006798,4.91,3.94
202300006802,5.82,16.21
202300006808,3.73,4.44
202300006814,4.05,10.23
202300006827,1.84,13.68
202300006854,10.63,51.26
202300006861,1.03,3.19
202300006868,6.06,7.45
202300006877,5.43,7.82
202300006878,6.4,7.81
202300006881,4.5,27.94
202300006882,8.54,9.22
202300006889,4.92,4.39
202300006914,7.72,4.17
202300006919,5.54,9.1
202300006927,1.58,8.07
202300006939,13.75,16.12
202300006951,6.59,9.86
202300006963,4.38,25.12
202300006969,4.8,10.08
202300006979,5.97,13.42
202300006985,12.49,31.16
202300006999,1.63,7.22
202300007045,7.29,15.93
202300007051,6.09,17.39
202300007057,5.67,9.59
202300007062,4.14,17.29
202300007066,8.25,6.86
202300007072,5.82,4.21
202300007076,9.46,20.96
202300007082,3.74,5.6
202300007104,4.83,3.65
202300007116,6.83,4.65
202300007121,4.78,7.09
202300007126,4.07,4.78
202300007130,5.27,9.43
202300007134,4.38,14.28
202300007144,6.4,8.11
202300007147,2.77,28.34
202300007183,4.66,17.34
202300007190,3.92,27.51
202300007201,0.43,30.52
202300007206,2.0,15.22
202300007209,1.0,16.55
202300007223,3.3,18.2
202300007225,9.94,13.86
202300007239,4.07,3.5
202300007242,4.74,1.08
202300007261,3.28,26.75
202300007331,3.56,7.45
202300007344,5.4,10.49
202300007350,4.96,9.54
202300007428,7.42,7.02
202300007445,2.97,7.92
202300007446,0.46,34.56
202300007447,2.47,14.04
202300007448,6.77,20.85
202300007459,6.52,7.5
202300007482,4.29,0.93
202300007483,4.52,8.06
202300007484,5.96,8.87
202300007497,3.53,2.42
202300007500,3.2,7.84
202300007501,5.63,6.11
202300007502,4.92,9.56
202300007503,5.3,8.74
202300007518,4.97,3.86
202300007570,8.77,16.98
202300007598,4.74,14.87
202300007599,5.29,8.77
202300007622,4.75,8.6
202300007623,2.26,6.27
202300007638,7.0,6.0
202300007639,3.04,6.37
202300007640,3.41,5.84
202300007668,3.5,4.15
202300007701,5.32,15.14
202300007721,1.54,22.03
202300007722,2.42,6.56
202300007723,13.01,8.44
202300007724,5.53,19.08
202300007726,3.92,12.25
202300007733,2.76,21.77
202300007734,3.39,17.21
202300007778,4.53,5.07
202300007779,5.53,10.34
202300007780,3.06,6.03
202300007847,2.8,26.34
202300007851,3.61,17.77
202300007862,6.38,15.16
202300007873,7.73,7.96
202300007880,2.72,18.9
202300007924,4.62,3.62
202300007925,4.72,12.98
202300007926,4.97,5.38
202300007933,5.89,4.25
202300007934,4.02,2.89
202300007976,7.42,5.5
202300007989,3.39,14.8
202300008000,4.82,29.48
202300008020,4.11,6.77
202300008021,4.0,8.01
202300008032,4.73,6.63
202300008047,3.11,5.08
202300008082,1.29,5.67
202300008086,8.9,18.03
202300008111,5.01,14.16
202300008113,6.79,15.4
202300008114,7.74,10.6
202300008118,7.09,4.99
202300008124,10.25,14.18
202300008137,4.14,2.84
202300008174,2.31,3.15
202300008212,3.45,2.88
202300008244,8.17,7.23
202300008245,3.75,10.49
202300008249,3.41,4.36
202300008251,10.96,17.57
202300008254,7.46,4.18
202300008255,8.19,38.42
202300008257,3.39,13.28
202300008281,4.73,5.68
202300008297,4.92,13.77
202300008339,2.6,26.1
202300008347,1.74,10.89
202300008352,7.41,6.44
202300008360,3.14,23.83
202300008365,4.92,10.54
202300008366,0.7,7.17
202300008369,4.56,7.87
202300008371,3.4,4.99
202300008374,8.14,3.43
202300008377,3.7,5.94
202300008378,2.37,8.41
202300008381,1.43,3.42
202300008393,4.55,7.38
202300008396,3.48,14.46
202300008444,4.0,5.96
202300008457,6.26,3.52
202300008477,8.89,27.35
202300008490,2.11,5.55
202300008492,10.9,9.86
202300008505,1.77,1.77
202300008507,4.26,5.27
202300008515,1.16,5.39
202300008521,8.4,5.9
202300008528,8.56,4.26
202300008530,5.69,14.44
202300008555,4.38,25.12
202300008577,1.66,16.18
202300008585,4.73,13.79
202300008588,6.27,26.12
202300008589,3.9,25.46
202300008593,11.63,27.25
202300008595,2.48,25.46
202300008597,3.3,26.66
202300008608,6.51,7.64
202300008611,8.96,11.44
202300008619,13.05,24.8
202300008622,5.4,30.57
202300008627,0.94,4.54
202300008628,2.8,28.03
202300008636,4.58,4.89
202300008637,1.7,7.08
202300008643,4.5,4.31
202300008649,3.82,8.14
202300008652,4.54,8.54
202300008658,7.89,8.05
202300008664,0.87,5.1
202300008674,2.85,24.69
202300008697,4.36,42.34
202300008702,8.9,6.96
202300008709,4.69,17.74
202300008715,1.73,11.1
202300008752,4.03,4.75
202300008755,3.32,4.18
202300008759,4.47,3.82
202300008761,1.94,1.07
202300008786,4.79,14.85
202300008813,9.17,8.06
202300008816,3.13,15.18
202300008854,3.27,29.24
202300008861,5.31,7.47
202300008867,3.84,30.56
202300008872,7.74,21.32
202300008903,13.1,16.14
202300008909,8.0,13.65
202300008914,0.97,9.34
202300008916,2.31,25.32
202300008923,9.59,45.99
202300008931,4.73,24.91
202300008933,9.53,11.03
202300008938,2.36,25.37
202300008954,3.78,7.78
202300009058,0.0,0.0
202300009071,7.98,4.92
202300009119,10.31,11.09
202300009133,2.57,15.72
202300009141,2.71,22.0
202300009144,7.7,10.81
202300009149,10.37,11.53
202300009161,4.74,7.76
202300009173,3.3,16.19
202300009175,4.51,10.05
202300009177,2.81,5.22
202300009211,15.13,22.67
202300009214,2.49,5.04
202300009217,4.49,11.28
202300009218,2.03,22.67
202300009221,6.47,19.45
202300009224,4.12,7.72
202300009226,8.01,6.62
202300009227,6.0,6.81
202300009229,7.39,17.45
202300009242,6.28,6.25
202300009245,2.54,4.12
202300009257,3.17,3.07
202300009260,6.29,6.82
202300009278,3.96,5.9
202300009338,8.18,3.46
202300009368,4.29,5.11
202300009374,6.38,8.72
202300009391,5.73,7.9
202300009392,5.25,9.1
202300009406,3.69,5.9
202300009431,9.07,15.39
202300009432,7.42,5.32
202300009457,4.32,9.35
202300009462,12.55,30.02
202300009473,4.1,12.69
202300009474,3.75,22.0
202300009481,5.54,7.41
202300009495,6.26,5.34
202300009498,5.46,4.81
202300009499,5.84,6.42
202300009517,2.68,4.49
202300009518,3.76,5.56
202300009519,2.15,3.12
202300009557,6.44,5.29
202300009560,2.76,4.81
202300009562,4.79,6.96
202300009565,5.64,9.49
202300009594,5.69,4.79
202300009645,5.64,4.34
202300009705,4.12,9.91
202300009708,4.43,6.59
202300009709,3.67,7.35
202300009747,4.54,4.94
202300009748,5.7,10.49
202300009797,1.33,3.68
202300009839,6.53,8.94
202300009842,3.39,3.42
202300009867,7.2,5.34
202300009876,6.41,11.47
202300009919,5.37,22.25
202300009937,6.46,14.96
202300009938,4.62,17.81
202300009939,3.72,6.96
202300009960,3.68,3.71
202300009961,5.78,8.94
202300009962,4.64,4.67
202300009963,4.46,6.84
202300009966,5.46,7.03
202300009968,6.22,8.91
202300009973,10.0,18.96
202300009975,4.22,5.72
202300009976,4.35,5.96
202300009990,1.35,12.44
202300009991,2.04,10.74
202300010017,4.74,4.38
202300010020,2.49,6.78
202300010040,3.12,7.71
202300010042,2.98,5.91
202300010089,8.21,13.34
202300010126,7.42,19.06
202300010132,7.01,19.25
202300010142,1.75,13.25
202300010143,3.21,2.06
202300010197,8.79,4.75
202300010202,3.86,11.74
202300010206,5.66,8.04
202300010208,2.94,1.36
202300010213,2.76,7.64
202300010234,6.26,23.06
202300010236,5.96,7.36
202300010249,4.37,17.77
202300010274,4.82,18.77
202300010277,5.5,7.14
202300010309,9.22,16.81
202300010318,12.93,17.1
202300010355,4.94,9.82
202300010365,9.08,25.87
202300010399,3.39,30.69
202300010408,4.2,15.26
202300010415,4.39,8.31
202300010438,6.8,5.66
202300010444,5.24,4.28
202300010476,0.43,5.02
202300010488,2.85,3.86
202300010491,6.54,7.28
202300010545,1.86,10.21
202300010550,2.79,19.14
202300010552,5.31,5.75
202300010554,1.06,2.89
202300010558,10.99,22.99
202300010559,4.16,4.56
202300010601,3.23,30.53
202300010615,7.63,4.08
202300010620,0.51,9.41
202300010622,7.2,8.17
202300010637,2.68,3.39
202300010642,5.98,6.05
202300010648,4.41,7.93
202300010660,3.37,2.76
202300010663,6.63,7.47
202300010709,3.67,10.14
202300010716,2.12,7.48
202300010764,7.03,15.78
202300010770,6.32,5.18
202300010831,11.91,16.82
202300010841,3.04,21.21
202300010843,5.28,8.47
202300010844,3.61,11.94
202300010845,5.73,11.35
202300010847,4.73,20.95
202300010870,3.32,16.82
202300010876,1.08,35.02
202300010882,2.05,19.31
202300010883,2.69,4.34
202300010884,8.41,17.55
202300010889,3.9,7.88
202300010892,6.28,9.75
202300010949,5.18,6.9
202300010955,1.5,5.08
202300010965,1.07,3.23
202300010982,6.67,6.2
202300010985,0.72,4.9
202300010988,6.08,9.0
202300010997,3.49,6.15
202300011003,5.24,5.54
202300011015,3.81,6.39
202300011020,5.06,12.27
202300011021,3.77,7.77
202300011024,4.18,10.72
202300011025,4.24,3.38
202300011028,6.03,8.04
202300011034,3.36,2.25
202300011038,4.61,3.62
202300011043,6.33,3.71
202300011056,5.44,5.13
202300011072,2.57,6.5
202300011083,7.09,5.36
202300011091,3.07,2.14
202300011102,3.59,6.08
202300011208,0.41,17.74
202300011211,5.16,9.34
202300011213,2.85,18.05
202300011214,1.9,24.58
202300011221,6.17,23.65
202300011230,3.71,3.78
202300011233,5.52,9.21
202300011254,7.93,18.09
202300011263,4.5,9.23
202300011271,5.4,15.98
202300011272,3.64,7.42
202300011274,4.51,8.06
202300011331,3.08,6.99
202300011332,4.03,7.22
202300011333,7.45,8.96
202300011350,2.59,11.3
202300011351,3.74,8.43
202300011352,6.38,3.21
202300011385,4.3,8.67
202300011387,0.75,5.32
202300011388,3.29,13.86
202300011410,5.54,8.59
202300011454,7.58,25.84
202300011460,5.73,9.05
202300011461,12.76,14.3
202300011463,12.56,19.82
202300011467,3.81,6.47
202300011470,3.27,2.3
202300011476,6.24,4.82
202300011477,5.03,5.21
202300011478,5.14,6.42
202300011479,1.36,11.5
202300011488,5.49,5.73
202300011494,1.88,5.63
202300011498,5.79,5.82
202300011499,3.61,7.62
202300011501,6.6,6.76
202300011572,4.09,6.3
202300011575,3.35,3.75
202300011577,5.25,4.48
202300011585,0.76,25.66
202300011601,3.33,20.05
202300011602,3.16,3.34
202300011604,4.26,9.32
202300011626,3.62,2.21
202300011627,2.34,5.29
202300011640,5.82,8.94
202300011641,4.8,6.69
202300011648,4.74,7.42
202300011667,2.03,4.4
202300011675,4.64,5.63
202300011678,6.44,5.91
202300011693,7.35,3.78
202300011698,4.73,11.53
202300011712,7.2,10.8
202300011806,8.39,17.65
202300011808,10.86,12.39
202300011821,3.0,8.15
202300011837,6.33,5.25
202300011839,1.67,7.03
202300011857,4.28,11.66
202300011858,4.47,9.68
202300011859,3.02,4.0
202300011860,6.3,3.62
202300011861,5.25,5.62
202300011862,5.36,7.16
202300011910,5.33,7.03
202300011941,2.9,15.32
202300011967,5.11,39.08
202300011969,6.67,5.68
202300011971,3.57,21.44
202300011991,4.89,7.63
202300011999,7.39,5.52
202300012055,5.26,29.64
202300012059,7.47,34.24
202300012061,3.91,10.88
202300012079,5.76,6.66
202300012082,6.04,9.66
202300012135,6.36,7.75
202300012142,5.2,11.94
202300012143,3.5,3.34
202300012147,5.34,5.78
202300012148,5.22,12.27
202300012204,4.12,7.46
202300012226,3.92,10.51
202300012230,3.03,6.35
202300012236,3.34,6.86
202300012237,4.33,7.81
202300012260,9.34,9.57
202300012264,6.31,7.01
202300012284,6.19,9.7
202300012324,5.85,39.52
202300012329,4.08,15.12
202300012359,3.74,3.01
202300012364,2.0,4.98
202300012376,4.73,11.69
202300012409,2.6,5.87
202300012416,2.88,37.89
202300012420,2.77,3.18
202300012424,4.44,13.5
202300012452,4.4,6.56
202300012467,3.58,5.16
202300012472,5.58,4.93
202300012477,5.12,8.24
202300012480,1.65,14.78
202300012484,6.35,14.14
202300012506,7.02,4.4
202300012510,7.93,5.43
202300012512,6.69,5.94
202300012514,6.23,33.52
202300012515,3.37,7.05
202300012518,5.16,10.26
202300012520,5.43,5.72
202300012550,9.72,40.16
202300012553,7.88,10.16
202300012557,8.31,14.14
202300012573,4.42,5.21
202300012574,6.56,7.56
202300012577,4.28,6.77
202300012584,5.18,3.59
202300012596,13.0,32.44
202300012597,6.0,3.76
202300012602,7.88,4.25
202300012606,7.72,8.84
202300012611,0.95,4.2
202300012664,6.31,6.14
202300012716,3.85,5.05
202300012732,6.83,8.1
202300012733,3.5,6.76
202300012738,5.71,3.79
202300012740,6.7,2.81
202300012743,6.42,8.33
202300012744,2.73,19.16
202300012748,3.7,3.61
202300012776,7.88,13.25
202300012789,2.26,12.43
202300012791,1.83,7.27
202300012817,2.66,17.63
202300012821,6.42,10.8
202300012824,4.84,8.36
202300012842,7.22,19.78
202300012886,5.71,3.33
202300012908,7.42,23.99
202300012952,8.24,8.18
202300012956,3.58,11.45
202300012995,1.82,20.2
202300012997,2.07,10.88
202300012999,4.62,30.4
202300013000,10.66,5.94
202300013002,5.25,3.52
202300013005,4.26,8.24
202300013015,13.58,15.03
202300013042,6.61,17.48
202300013043,4.18,10.65
202300013062,5.05,23.16
202300013079,2.99,15.09
202300013097,1.32,3.86
202300013099,7.92,36.38
202300013105,3.14,3.17
202300013107,6.5,7.36
202300013137,2.93,5.54
202300013157,7.31,8.44
202300013177,4.54,4.19
202300013191,5.93,5.23
202300013198,5.75,9.1
202300013213,4.17,8.76
202300013258,10.14,19.11
202300013264,1.28,13.91
202300013274,4.14,24.74
202300013280,6.27,16.71
202300013285,1.57,21.21
202300013325,17.41,24.12
202300013326,6.11,32.38
202300013341,3.17,18.81
202300013344,12.79,36.14
202300013358,1.85,18.83
202300013364,5.71,10.82
202300013365,4.41,3.84
202300013404,7.22,12.0
202300013414,6.73,9.79
202300013419,6.09,10.22
202300013442,6.33,14.17
202300013447,4.0,7.12
202300013448,4.25,29.05
202300013449,3.9,19.02
202300013450,1.1,2.25
202300013451,8.99,14.99
202300013464,4.69,10.34
202300013494,3.8,7.09
202300013495,4.0,1.2
202300013496,5.17,6.81
202300013498,3.91,11.42
202300013515,6.12,15.56
202300013518,6.95,28.91
202300013523,6.91,14.4
202300013525,6.44,3.38
202300013527,5.55,5.98
202300013552,6.94,9.28
202300013570,1.6,3.26
202300013578,6.92,9.08
202300013591,3.44,4.39
202300013592,5.69,8.2
202300013597,3.53,7.03
202300013598,0.19,11.26
202300013630,1.37,2.39
202300013678,2.28,3.22
202300013682,4.65,13.17
202300013697,2.19,23.49
202300013722,4.62,9.52
202300013727,5.62,20.21
202300013728,7.0,11.28
202300013730,5.68,15.42
202300013732,8.67,19.26
202300013733,8.99,8.16
202300013734,7.7,26.12
202300013736,11.65,25.16
202300013767,2.66,11.03
202300013798,3.33,11.54
202300013799,6.03,12.61
202300013800,3.2,12.91
202300013806,5.75,4.59
202300013807,0.59,17.67
202300013808,10.92,13.72
202300013809,4.51,9.04
202300013810,3.07,19.8
202300013811,3.14,5.44
202300013817,6.29,8.26
202300013818,8.05,6.07
202300013822,5.37,6.46
202300013837,4.44,9.87
202300013838,4.51,4.43
202300013848,7.05,4.5
202300013954,11.02,17.37
202300013962,17.02,25.0
202300013985,5.35,29.42
202300014005,2.49,15.16
202300014046,16.4,20.16
202300014050,7.85,11.78
202300014067,4.34,22.9
202300014072,9.47,13.37
202300014080,8.34,10.82
202300014100,2.51,8.66
202300014153,2.9,20.53
202300014156,5.47,21.01
202300014160,2.62,17.44
202300014172,6.85,9.66
202300014175,6.89,35.45
202300014223,6.48,12.62
202300014226,4.73,20.95
202300014242,10.03,27.77
202300014245,8.1,4.53
202300014247,8.18,15.91
202300014249,2.11,8.34
202300014251,7.61,11.86
202300014252,2.13,23.8
202300014256,7.98,5.33
202300014257,6.96,6.87
202300014258,2.39,20.0
202300014264,4.11,15.46
202300014268,6.28,15.52
202300014274,2.41,11.81
202300014282,5.52,6.18
202300014284,2.21,7.86
202300014301,5.07,9.5
202300014302,4.39,5.8
202300014303,5.26,5.2
202300014306,6.42,6.42
202300014307,4.69,12.57
202300014312,4.34,12.22
202300014359,4.85,8.39
202300014366,3.48,6.5
202300014370,10.08,37.32
202300014375,5.45,16.12
202300014378,4.93,11.62
202300014379,7.38,21.19
202300014383,3.98,9.72
202300014389,3.01,5.67
202300014394,5.86,6.99
202300014405,3.32,7.36
202300014432,8.43,12.35
202300014436,1.76,9.55
202300014444,4.46,16.69
202300014448,4.12,13.26
202300014457,3.85,4.24
202300014462,5.63,26.25
202300014466,4.39,4.06
202300014469,2.94,16.92
202300014470,4.9,8.34
202300014476,4.64,8.66
202300014484,1.07,26.95
202300014495,2.59,15.09
202300014501,7.12,17.98
202300014527,6.81,5.49
202300014531,6.83,4.96
202300014550,4.31,10.15
202300014568,4.78,6.55
202300014576,5.11,9.26
202300014584,5.62,12.15
202300014585,18.36,18.78
202300014589,4.95,4.42
202300014673,3.2,3.52
202300014695,7.12,6.9
202300014700,6.9,4.23
202300014704,4.84,7.58
202300014711,1.88,4.31
202300014715,3.86,11.41
202300014716,5.9,13.41
202300014719,8.28,9.57
202300014723,1.29,6.64
202300014748,5.34,4.35
202300014755,4.44,4.63
202300014773,3.32,4.18
202300014815,5.96,39.85
202300014830,7.16,6.76
202300014838,5.16,3.75
202300014842,6.36,8.52
202300014843,4.22,4.08
202300014853,3.12,10.89
202300014859,6.04,6.08
202300014862,12.34,12.85
202300014866,7.61,7.48
202300014871,5.61,9.14
202300014891,7.47,3.29
202300014915,3.1,7.68
202300014919,5.66,7.54
202300014922,6.2,4.39
202300014928,8.6,11.76
202300014931,5.34,4.03
202300014932,4.22,7.95
202300014933,5.9,4.51
202300014934,4.16,6.79
202300014935,2.4,4.56
202300014936,6.77,17.8
202300014937,4.67,6.56
202300014949,6.06,10.81
202300014951,1.25,5.85
202300014986,1.75,6.33
202300014999,1.67,9.31
202300015001,3.61,4.09
202300015020,5.34,4.26
202300015072,6.17,11.5
202300015089,3.27,20.6
202300015103,7.59,20.1
202300015105,1.95,15.44
202300015117,6.72,18.92
202300015139,1.65,20.23
202300015141,3.52,6.04
202300015156,4.75,10.9
202300015188,14.52,16.0
202300015189,7.02,18.01
202300015190,3.65,25.22
202300015192,1.67,23.51
202300015203,4.04,6.54
202300015209,7.11,7.34
202300015228,5.76,10.84
202300015234,4.64,2.26
202300015235,6.24,6.67
202300015288,6.76,23.36
202300015289,9.72,8.3
202300015293,10.58,10.83
202300015305,3.43,16.09
202300015329,1.75,39.63
202300015336,4.6,8.04
202300015347,4.06,8.07
202300015348,2.32,6.72
202300015349,2.24,4.4
202300015350,6.12,8.09
202300015352,3.92,6.3
202300015353,2.89,2.92
202300015354,6.91,6.55
202300015355,7.58,8.71
202300015369,2.73,7.14
202300015370,7.46,6.46
202300015373,2.79,7.19
202300015374,5.03,6.96
202300015393,1.43,6.64
202300015394,6.47,24.66
202300015395,5.57,4.72
202300015451,4.88,14.26
202300015452,8.94,9.23
202300015510,3.4,7.72
202300015511,5.07,9.8
202300015512,4.34,5.76
202300015548,9.79,8.34
202300015610,6.28,23.34
202300015613,5.02,13.69
202300015637,9.06,41.94
202300015653,6.78,3.36
202300015660,0.55,41.02
202300015663,5.69,23.01
202300015686,3.12,11.43
202300015688,13.92,17.18
202300015690,8.01,14.25
202300015705,10.46,13.5
202300015706,7.0,6.37
202300015707,3.0,4.33
202300015722,3.87,2.31
202300015724,3.37,4.94
202300015725,4.91,6.3
202300015726,4.1,4.29
202300015739,0.72,9.2
202300015740,4.89,7.27
202300015741,3.78,2.91
202300015758,8.78,8.47
202300015768,4.47,6.88
202300015769,2.58,9.89
202300015770,3.36,4.64
202300015771,4.13,19.35
202300015772,3.25,5.56
202300015773,2.86,8.11
202300015774,2.35,26.31
202300015775,9.11,12.16
202300015776,2.91,9.36
202300015777,7.84,13.65
202300015829,3.95,3.51
202300015855,4.9,10.58
202300015858,18.43,37.01
202300015905,11.6,21.99
202300015933,1.76,36.26
202300015938,16.47,34.66
202300015941,6.01,7.54
202300015944,10.72,18.28
202300015946,4.47,2.79
202300015953,2.96,2.86
202300015960,6.06,10.05
202300015962,4.28,12.54
202300015964,5.78,7.19
202300015993,1.51,10.8
202300015994,4.6,3.18
202300015998,4.12,2.7
202300016000,5.74,11.33
202300016005,5.78,10.58
202300016006,6.3,6.5
202300016012,4.84,8.42
202300016047,2.28,6.66
202300016067,5.71,12.3
202300016076,7.16,7.4
202300016080,4.66,8.01
202300016092,3.03,5.12
202300016101,8.3,53.3
202300016122,2.44,3.28
202300016126,6.98,5.79
202300016130,6.15,7.02
202300016160,27.39,73.67
202300016219,5.56,4.88
202300016285,6.57,5.39
202300016288,3.38,7.23
202300016289,1.6,23.32
202300016291,8.59,6.49
202300016298,8.31,7.28
202300016323,6.88,23.8
202300016341,2.83,18.45
202300016345,4.58,31.97
202300016361,4.56,28.01
202300016392,2.88,1.69
202300016398,8.38,22.51
202300016405,3.74,23.56
202300016450,2.68,2.32
202300016455,8.28,10.42
202300016476,5.63,14.78
202300016483,4.32,1.53
202300016487,2.26,2.34
202300016490,2.54,8.92
202300016493,9.19,25.47
202300016519,8.06,20.66
202300016532,2.71,5.76
202300016558,3.82,3.71
202300016560,7.77,9.75
202300016571,4.42,14.15
202300016573,0.29,27.8
202300016583,5.78,4.88
202300016586,4.7,7.19
202300016587,7.4,6.4
202300016588,2.14,1.43
202300016597,5.89,9.38
202300016635,2.77,4.36
202300016639,0.99,15.85
202300016643,3.15,6.86
202300016648,5.99,9.99
202300016668,3.14,7.15
202300016677,2.71,2.6
202300016684,1.89,6.0
202300016685,4.46,4.37
202300016689,2.28,3.85
202300016692,7.18,6.77
202300016697,4.18,6.43
202300016702,3.23,7.24
202300016705,6.06,8.56
202300016707,8.41,9.58
202300016710,5.53,5.92
202300016734,2.37,13.18
202300016759,7.06,7.42
202300016783,1.54,8.07
202300016786,6.8,4.02
202300016788,5.53,7.48
202300016790,3.37,1.09
202300016845,4.37,6.53
202300016851,6.45,5.81
202300016856,6.11,8.52
202300016858,2.58,4.6
202300016872,1.61,11.99
202300016880,3.3,31.27
202300016882,5.25,27.17
202300016916,4.34,10.52
202300016934,5.16,13.14
202300016936,4.62,7.21
202300016938,3.48,5.74
202300016967,2.56,3.46
202300016969,5.21,16.54
202300016971,3.88,4.12
202300017000,5.94,5.41
202300017014,15.15,25.81
202300017025,9.28,14.9
202300017074,1.9,17.25
202300017087,10.29,35.5
202300017095,1.53,46.91
202300017107,3.49,5.79
202300017109,11.26,16.18
202300017111,4.63,26.64
202300017112,2.96,16.91
202300017123,3.37,9.64
202300017134,3.82,9.01
202300017137,8.53,8.48
202300017204,2.9,10.56
202300017211,2.65,16.19
202300017255,4.31,6.47
202300017256,7.66,4.67
202300017257,2.12,2.02
202300017270,2.85,7.1
202300017273,6.45,5.74
202300017340,4.22,22.74
202300017342,16.06,33.19
202300017348,6.12,13.29
202300017364,1.74,3.41
202300017365,10.04,11.13
202300017366,1.86,15.98
202300017381,8.55,7.56
202300017382,6.96,5.97
202300017383,3.36,15.99
202300017384,4.35,10.24
202300017385,2.29,8.17
202300017386,4.66,8.26
202300017387,7.27,30.73
202300017388,8.86,21.24
202300017389,16.45,27.86
202300017390,7.65,26.73
202300017391,8.72,7.88
202300017392,5.11,10.4
202300017393,1.86,29.98
202300017394,7.33,22.44
202300017401,4.84,8.85
202300017405,5.59,5.19
202300017423,4.22,7.63
202300017424,1.06,4.15
202300017428,2.58,8.47
202300017521,5.82,5.42
202300017524,5.06,4.98
202300017526,4.94,6.27
202300017527,4.89,7.94
202300017529,4.97,12.15
202300017542,10.39,12.74
202300017563,4.7,0.64
202300017564,4.77,8.62
202300017565,4.68,5.69
202300017577,5.4,5.81
202300017593,7.22,9.12
202300017642,3.38,26.0
202300017651,3.14,12.28
202300017658,2.8,5.89
202300017688,6.88,7.5
202300017689,2.32,1.61
202300017715,5.52,10.15
202300017737,4.4,7.58
202300017741,5.32,7.8
202300017746,3.26,6.23
202300017749,2.29,7.22
202300017781,3.54,9.79
202300017785,6.58,8.06
202300017788,0.36,12.31
202300017790,7.47,17.28
202300017820,8.25,29.8
202300017827,6.08,10.43
202300017837,5.99,7.77
202300017851,5.71,53.98
202300017852,5.18,7.92
202300017855,3.32,9.8
202300017861,3.69,6.56
202300017869,6.04,27.96
202300017885,10.79,11.07
202300017887,3.13,11.72
202300017889,5.0,8.71
202300017891,5.44,16.53
202300017895,4.81,9.54
202300017958,3.13,5.29
202300017962,2.68,4.07
202300017970,5.09,13.06
202300017971,3.05,14.18
202300017973,4.58,6.41
202300017978,4.84,13.6
202300017979,0.64,4.87
202300017983,1.68,5.41
202300017988,5.88,9.0
202300018026,4.09,6.32
202300018030,6.57,7.85
202300018032,11.39,10.09
202300018053,3.82,28.76
202300018055,5.44,7.89
202300018066,3.59,8.06
202300018067,9.01,14.41
202300018069,4.74,4.11
202300018073,7.35,11.9
202300018083,3.97,8.18
202300018087,3.96,7.99
202300018104,10.97,18.23
202300018139,11.28,36.97
202300018141,5.68,18.89
202300018145,12.69,18.77
202300018164,1.14,7.51
202300018197,4.28,6.01
202300018213,1.6,6.34
202300018221,3.99,6.43
202300018228,2.51,5.06
202300018229,4.99,3.05
202300018234,3.68,7.58
202300018236,3.25,9.8
202300018239,1.76,24.4
202300018240,8.56,7.13
202300018246,6.26,11.02
202300018286,3.24,9.83
202300018312,2.06,24.42
202300018319,4.62,7.28
202300018322,3.23,5.9
202300018325,6.19,6.72
202300018327,4.47,7.24
202300018347,4.64,25.1
202300018357,4.48,4.35
202300018370,3.25,2.14
202300018381,1.95,9.8
202300018393,4.29,10.44
202300018396,2.96,32.34
202300018405,5.35,6.86
202300018445,4.11,13.01
202300018458,4.74,5.75
202300018460,5.04,8.75
202300018475,1.29,10.59
202300018476,6.02,4.61
202300018479,6.68,12.67
202300018482,6.58,9.18
202300018505,7.16,6.16
202300018570,4.75,4.73
202300018610,2.22,6.6
202300018615,6.13,7.11
202300018619,4.26,8.05
202300018625,2.9,6.39
202300018626,4.73,17.52
202300018637,2.53,7.89
202300018643,6.52,8.4
202300018652,5.19,16.0
202300018662,0.27,14.48
202300018679,4.59,13.91
202300018689,3.92,9.25
202300018692,2.01,4.99
202300018703,6.56,7.55
202300018706,4.6,5.32
202300018749,5.35,8.01
202300018758,5.23,7.8
202300018762,3.28,8.7
202300018765,2.92,2.6
202300018790,7.52,2.37
202300018826,5.66,5.68
202300018835,1.93,3.24
202300018981,4.97,16.55
202300018983,6.72,12.86
202300018986,4.19,35.44
202300018999,3.79,14.51
202300019038,2.37,3.36
202300019040,4.47,7.64
202300019041,23.94,70.23
202300019043,12.6,19.61
202300019046,3.82,15.28
202300019049,2.22,34.68
202300019083,2.98,7.05
202300019084,7.07,7.81
202300019128,4.15,15.5
202300019130,16.02,21.69
202300019133,5.47,3.26
202300019134,12.5,22.08
202300019136,7.82,16.17
202300019139,5.59,18.07
202300019157,7.08,7.66
202300019160,5.41,5.52
202300019162,11.67,18.33
202300019218,10.22,22.71
202300019229,6.54,11.98
202300019237,3.13,5.89
202300019246,4.84,7.66
202300019247,2.6,4.41
202300019249,5.21,9.02
202300019258,5.58,4.72
202300019276,3.36,27.27
202300019277,3.36,1.93
202300019280,3.75,12.78
202300019293,2.97,20.71
202300019294,2.55,36.45
202300019295,4.68,30.19
202300019298,6.13,6.76
202300019299,4.22,4.53
202300019303,3.9,3.93
202300019312,3.98,10.52
202300019321,5.16,5.29
202300019322,4.61,7.94
202300019377,1.26,8.72
202300019385,5.6,19.47
202300019409,10.38,24.27
202300019411,8.95,22.88
202300019416,6.51,10.86
202300019417,6.64,8.42
202300019443,3.34,6.0
202300019446,6.99,7.67
202300019448,4.49,12.36
202300019463,5.32,7.93
202300019465,4.92,5.32
202300019466,6.41,4.47
202300019467,4.39,6.89
202300019505,5.93,4.1
202300019515,9.75,27.74
202300019529,5.46,14.48
202300019552,6.44,12.86
202300019573,5.42,7.19
202300019580,2.25,3.44
202300019583,3.11,6.96
202300019604,2.59,17.83
202300019612,5.92,15.01
202300019613,3.2,4.84
202300019615,4.47,8.53
202300019617,3.84,3.75
202300019620,3.14,4.45
202300019636,9.57,32.55
202300019640,5.0,34.78
202300019663,8.97,8.01
202300019679,6.52,8.4
202300019701,4.24,6.41
202300019703,6.17,7.64
202300019757,0.21,14.73
202300019772,11.31,13.48
202300019781,0.45,4.3
202300019783,4.51,6.67
202300019799,2.41,12.47
202300019818,4.99,9.72
202300019878,6.65,6.12
202300019906,6.88,8.88
202300019986,0.56,16.82
202300019991,7.98,18.32
202300020000,3.62,27.31
202300020044,14.98,33.26
202300020091,3.75,4.05
202300020099,3.26,14.65
202300020100,3.65,29.91
202300020102,0.53,18.96
202300020104,6.93,21.81
202300020107,0.5,29.39
202300020142,3.51,9.43
202300020145,5.46,4.39
202300020164,1.32,17.24
202300020169,0.49,34.99
202300020210,11.73,26.31
202300020214,4.72,16.43
202300020215,4.24,23.28
202300020227,6.58,13.26
202300020282,1.55,3.12
202300020291,3.7,12.5
202300020292,5.23,7.61
202300020300,1.54,16.05
202300020370,1.89,22.83
202300020399,5.58,6.88
202300020401,16.24,23.64
202300020408,14.62,25.28
202300020409,1.9,8.56
202300020412,3.39,6.01
202300020416,1.35,2.75
202300020419,3.32,3.56
202300020454,4.51,12.42
202300020456,6.28,9.17
202300020458,10.92,22.87
202300020459,4.02,9.59
202300020461,2.32,21.27
202300020464,3.95,9.78
202300020465,3.83,33.91
202300020474,4.22,6.53
202300020478,8.68,15.41
202300020479,4.41,4.74
202300020481,1.62,3.26
202300020482,5.5,5.87
202300020484,2.44,5.11
202300020487,4.34,5.15
202300020539,4.02,6.18
202300020547,6.6,6.52
202300020587,2.13,3.84
202300020590,5.16,8.3
202300020599,7.32,6.96
202300020605,4.96,9.06
202300020608,3.04,5.5
202300020630,2.94,2.04
202300020634,2.59,4.85
202300020663,4.27,6.66
202300020711,3.48,6.14
202300020720,1.96,4.63
202300020733,1.2,6.56
202300020779,10.31,28.66
202300020781,8.37,17.74
202300020790,8.24,39.27
202300020792,1.29,2.93
202300020795,6.42,3.24
202300020811,8.0,10.52
202300020819,5.46,7.11
202300020860,6.0,6.97
202300020863,3.51,10.1
202300020864,3.83,19.86
202300020869,11.38,24.83
202300020872,2.39,4.61
202300020876,0.81,14.54
202300020880,3.4,15.3
202300020886,4.27,14.25
202300020915,5.57,7.71
202300020942,4.61,8.96
202300020950,4.31,3.66
202300020956,5.22,4.08
202300020973,3.67,7.33
202300020976,7.92,4.3
202300020978,3.57,1.62
202300020982,4.17,16.82
202300020983,4.25,27.27
202300020990,5.41,6.98
202300020993,5.43,5.73
202300020997,4.15,4.05
202300021000,4.12,5.53
202300021003,6.49,6.57
202300021006,6.81,8.0
202300021014,5.72,3.16
202300021081,12.2,23.19
202300021084,1.03,19.98
202300021086,2.05,11.29
202300021162,6.88,40.42
202300021182,8.44,19.46
202300021183,6.61,17.09
202300021213,4.18,8.76
202300021264,8.26,7.87
202300021275,0.46,6.0
202300021285,2.17,0.7
202300021286,6.38,14.73
202300021287,3.78,20.01
202300021315,4.81,8.53
202300021316,4.16,8.79
202300021318,1.62,4.01
202300021319,1.21,4.2
202300021343,3.62,12.02
202300021347,1.06,26.07
202300021348,3.32,4.01
202300021349,4.65,4.14
202300021351,1.94,1.93
202300021352,8.03,20.83
202300021353,5.97,6.38
202300021355,4.89,5.69
202300021389,1.68,19.91
202300021400,3.22,2.16
202300021436,7.51,31.88
202300021453,6.46,6.39
202300021456,3.84,12.53
202300021457,2.38,24.49
202300021460,4.04,6.9
202300021463,5.15,26.08
202300021489,6.86,12.57
202300021491,1.6,3.0
202300021494,4.9,7.4
202300021517,5.92,4.48
202300021538,3.87,4.34
202300021540,5.39,4.4
202300021541,5.52,4.41
202300021542,4.89,9.28
202300021543,7.18,5.1
202300021544,2.67,3.66
202300021546,7.7,10.54
202300021553,4.74,7.91
202300021605,0.66,7.07
202300021622,2.48,12.88
202300021655,3.8,14.51
202300021670,1.41,12.66
202300021672,5.83,9.68
202300021682,0.53,20.83
202300021683,11.26,14.97
202300021687,3.62,44.82
202300021689,4.67,39.09
202300021710,5.36,12.46
202300021712,2.2,12.25
202300021720,2.77,20.96
202300021743,4.62,2.7
202300021745,6.16,18.72
202300021746,29.58,23.23
202300021751,2.32,14.94
202300021752,8.07,12.66
202300021761,1.4,33.16
202300021785,8.72,8.87
202300021790,8.94,55.22
202300021813,4.03,21.95
202300021850,1.99,5.4
202300021851,5.08,9.1
202300021852,3.1,4.85
202300021853,4.06,7.4
202300021854,0.83,5.05
202300021856,6.02,5.66
202300021893,7.87,5.82
202300021898,3.97,4.45
202300021899,3.72,6.9
202300021900,3.21,6.88
202300021901,3.59,3.52
202300021902,5.85,7.94
202300021903,4.33,6.83
202300021917,6.39,23.44
202300021918,2.07,18.95
202300021933,2.09,17.73
202300021960,0.56,21.05
202300021982,2.91,10.09
202300022006,5.4,7.98
202300022009,6.65,8.14
202300022030,5.39,4.95
202300022031,8.35,30.64
202300022035,5.32,8.18
202300022040,12.87,15.88
202300022043,0.76,10.73
202300022046,4.99,24.12
202300022075,5.51,2.97
202300022080,1.81,8.28
202300022086,5.8,10.12
202300022087,5.2,3.14
202300022093,6.58,3.01
202300022096,1.85,41.93
202300022097,4.15,1.87
202300022103,7.52,5.61
202300022108,6.14,11.43
202300022113,4.28,15.16
202300022119,3.03,5.71
202300022151,4.7,8.54
202300022156,4.76,3.46
202300022157,4.44,5.46
202300022165,3.98,5.77
202300022168,6.44,3.28
202300022172,6.56,8.43
202300022202,2.93,6.27
202300022215,5.6,3.33
202300022333,2.48,8.5
202300022336,3.51,19.86
202300022338,8.49,13.08
202300022398,0.27,11.29
202300022402,0.36,29.48
202300022415,6.69,5.01
202300022419,6.67,8.09
202300022428,3.02,4.59
202300022440,6.26,13.45
202300022444,3.4,15.88
202300022447,5.19,21.22
202300022454,2.11,3.63
202300022459,2.79,20.75
202300022464,6.7,10.42
202300022468,4.26,18.07
202300022470,3.87,20.82
202300022546,3.02,16.43
202300022554,7.09,4.53
202300022578,2.47,5.36
202300022585,3.09,4.66
202300022593,9.4,13.2
202300022601,0.31,24.5
202300022635,6.71,25.83
202300022690,5.03,10.23
202300022709,3.5,5.66
202300022713,3.45,11.51
202300022717,5.51,9.4
202300022745,2.6,5.64
202300022751,5.29,24.35
202300022756,5.78,4.89
202300022758,1.68,9.64
202300022759,5.29,15.55
202300022762,4.12,3.72
202300022765,3.78,6.96
202300022814,5.47,3.6
202300022836,4.89,10.22
202300022857,5.21,3.92
202300022858,7.64,12.23
202300022872,6.5,6.42
202300022873,3.36,5.62
202300022875,1.4,6.62
202300022876,5.36,6.07
202300022899,5.52,7.71
202300022938,6.45,2.72
202300022993,2.93,15.02
202300023003,6.97,30.69
202300023022,1.42,32.24
202300023033,11.16,15.09
202300023043,7.0,30.46
202300023048,10.51,16.16
202300023049,9.33,21.66
202300023050,3.51,31.42
202300023052,2.92,17.71
202300023062,11.08,16.78
202300023066,3.1,13.23
202300023070,10.88,37.6
202300023091,9.93,11.09
202300023106,5.23,9.08
202300023107,6.88,9.04
202300023108,3.61,5.18
202300023128,5.34,6.14
202300023131,3.2,18.84
202300023151,4.54,5.12
202300023169,10.12,11.25
202300023170,3.39,20.01
202300023172,6.03,21.65
202300023174,6.05,10.37
202300023176,7.24,15.88
202300023178,7.97,7.21
202300023179,2.88,6.65
202300023181,3.28,3.32
202300023193,5.04,11.24
202300023213,1.06,1.92
202300023240,5.88,4.44
202300023253,9.12,6.6
202300023254,8.67,10.55
202300023268,2.67,22.11
202300023270,2.11,19.28
202300023274,1.46,20.53
202300023295,2.29,14.62
202300023317,7.45,18.1
202300023326,4.7,48.67
202300023335,2.23,10.65
202300023360,1.99,25.05
202300023362,3.63,17.13
202300023364,8.74,15.88
202300023388,3.11,12.84
202300023392,4.22,13.91
202300023403,7.8,3.6
202300023408,5.26,5.5
202300023411,2.29,6.22
202300023418,1.67,11.92
202300023420,5.38,7.3
202300023421,4.8,5.27
202300023442,6.19,27.26
202300023452,2.71,4.28
202300023453,1.03,5.14
202300023454,3.37,4.94
202300023476,2.15,7.86
202300023513,3.48,22.92
202300023529,1.0,17.35
202300023550,6.79,6.04
202300023553,4.7,2.74
202300023555,5.8,6.26
202300023558,9.38,16.78
202300023561,8.25,18.54
202300023572,6.03,10.84
202300023600,4.27,8.12
202300023601,2.37,3.2
202300023603,7.27,9.1
202300023604,4.4,5.58
202300023614,4.62,9.76
202300023615,5.59,6.06
202300023616,5.35,7.68
202300023617,5.99,11.69
202300023630,1.37,8.06
202300023631,4.38,3.25
202300023771,11.56,28.56
202300023782,6.58,17.68
202300023786,5.74,28.52
202300023804,7.44,42.93
202300023811,1.1,8.38
202300023833,9.07,10.64
202300023836,2.89,2.92
202300023839,5.74,7.12
202300023842,4.22,3.24
202300023845,2.88,9.28
202300023873,4.36,8.26
202300023878,4.31,6.85
202300023881,5.63,4.67
202300023892,3.33,7.38
202300023893,12.01,10.59
202300023897,5.38,8.41
202300023904,3.72,27.76
202300023917,11.99,19.68
202300023921,1.76,5.91
202300023926,6.61,10.04
202300023967,4.14,12.39
202300023974,3.96,17.46
202300023976,4.46,4.16
202300023983,2.25,3.85
202300024026,6.6,6.32
202300024030,1.2,6.62
202300024083,6.14,2.57
202300024084,5.96,21.94
202300024090,0.91,10.43
202300024096,5.04,8.1
202300024174,5.05,28.42
202300024233,4.12,27.09
202300024307,8.19,16.39
202300024330,6.33,25.65
202300024339,4.65,26.85
202300024348,14.94,10.36
202300024356,5.28,13.93
202300024369,6.36,12.02
202300024370,5.18,6.85
202300024385,7.3,12.96
202300024387,1.12,13.36
202300024391,4.92,13.36
202300024395,6.74,7.61
202300024396,3.19,8.4
202300024399,1.99,14.32
202300024431,6.16,8.8
202300024441,2.55,30.96
202300024445,7.16,31.97
202300024446,1.27,2.57
202300024448,4.93,33.12
202300024451,7.34,37.22
202300024453,2.82,4.83
202300024455,17.85,30.51
202300024459,5.89,6.43
202300024491,6.08,12.2
202300024494,5.16,5.28
202300024496,6.49,4.21
202300024504,11.17,54.99
202300024510,10.54,9.58
202300024513,3.69,21.65
202300024515,0.7,36.37
202300024522,4.17,14.17
202300024529,2.11,10.62
202300024533,3.62,33.56
202300024537,4.81,3.76
202300024539,3.61,12.61
202300024543,6.66,12.02
202300024545,3.83,7.17
202300024546,4.14,0.74
202300024547,5.05,14.18
202300024549,6.21,5.61
202300024550,3.41,13.76
202300024554,1.36,22.79
202300024556,2.16,10.76
202300024559,4.06,33.99
202300024560,3.65,9.08
202300024562,0.67,45.61
202300024565,2.35,14.37
202300024569,4.81,11.74
202300024572,3.82,8.06
202300024574,9.65,12.35
202300024578,6.63,8.77
202300024603,1.52,11.3
202300024604,4.83,19.88
202300024605,7.86,30.78
202300024607,0.98,16.12
202300024609,4.61,5.68
202300024611,3.03,15.47
202300024612,3.95,20.57
202300024613,13.22,20.19
202300024615,3.03,25.64
202300024616,1.12,27.54
202300024617,6.35,9.24
202300024618,13.83,25.24
202300024620,4.48,7.29
202300024621,10.58,13.58
202300024640,4.34,6.83
202300024645,2.27,1.82
202300024706,13.66,16.92
202300024715,8.03,7.96
202300024720,1.14,6.37
202300024721,3.01,12.2
202300024725,1.98,8.04
202300024729,5.29,5.16
202300024732,6.85,6.88
202300024734,5.68,7.36
202300024737,4.79,8.38
202300024741,4.56,7.22
202300024763,5.58,22.16
202300024796,9.35,12.58
202300024803,5.12,4.08
202300024806,4.22,6.6
202300024817,2.79,6.18
202300024819,5.21,22.76
202300024869,5.36,39.66
202300024871,4.96,23.42
202300024872,6.75,2.76
202300024874,8.88,7.5
202300024877,3.7,19.8
202300024879,4.86,13.4
202300024882,4.23,10.72
202300024885,12.09,19.72
202300024887,4.87,20.36
202300024890,1.29,22.28
202300024893,3.9,8.89
202300024894,3.5,31.33
202300024897,7.62,37.85
202300024898,10.8,42.37
202300024900,1.33,10.14
202300024902,4.12,26.88
202300024904,5.24,6.28
202300024905,5.32,16.77
202300024907,7.08,8.36
202300024909,2.99,25.67
202300024917,4.07,6.7
202300024922,6.35,19.89
202300024929,1.72,4.5
202300024959,9.46,15.11
202300024960,5.6,8.45
202300024967,1.5,4.34
202300024992,2.57,4.73
202300024994,5.81,9.34
202300025014,5.7,3.3
202300025017,4.35,7.11
202300025096,5.56,5.87
202300025110,4.7,34.59
202300025123,2.15,32.47
202300025153,3.4,1.91
202300025154,3.99,6.65
202300025155,2.93,6.72
202300025157,6.59,6.62
202300025158,8.02,10.0
202300025169,4.89,4.02
202300025182,5.66,9.61
202300025206,5.11,9.7
202300025227,3.81,10.88
202300025259,5.0,16.99
202300025261,0.34,9.22
202300025318,1.05,17.59
202300025319,7.31,23.87
202300025335,3.09,15.42
202300025336,6.18,22.19
202300025346,4.02,13.18
202300025348,6.44,14.05
202300025358,9.83,17.68
202300025379,2.38,8.63
202300025380,1.68,19.44
202300025381,4.44,19.32
202300025382,12.58,28.08
202300025389,2.85,2.49
202300025408,3.96,8.54
202300025420,3.28,7.05
202300025434,3.91,2.78
202300025444,9.61,18.98
202300025453,5.31,14.95
202300025470,1.44,3.82
202300025471,1.11,4.88
202300025474,3.21,5.87
202300025489,3.5,8.78
202300025491,6.46,16.58
202300025496,3.97,7.98
202300025500,6.62,2.97
202300025501,9.5,31.73
202300025502,4.49,24.35
202300025503,2.14,19.0
202300025508,10.66,51.28
202300025509,4.46,28.55
202300025510,4.98,13.17
202300025512,4.27,19.5
202300025540,2.13,10.55
202300025555,9.3,26.68
202300025609,16.88,23.89
202300025619,16.67,14.73
202300025637,5.29,4.7
202300025719,10.62,23.82
202300025771,6.1,7.54
202300025774,6.4,7.45
202300025776,6.2,6.53
202300025778,5.84,5.48
202300025781,6.9,7.06
202300025782,3.85,6.55
202300025786,6.7,6.49
202300025787,3.77,4.12
202300025790,6.73,12.39
202300025792,6.58,6.81
202300025796,4.26,3.94
202300025800,2.04,16.45
202300025811,5.56,17.45
202300025815,7.0,19.03
202300025817,9.26,24.51
202300025821,1.76,36.08
202300025867,4.86,3.89
202300025870,4.97,7.4
202300025874,3.04,5.21
202300025891,6.48,1.95
202300025892,1.38,6.36
202300025897,5.83,6.23
202300025981,3.52,7.63
202300025984,7.23,14.17
202300025989,5.69,11.68
202300026011,2.65,3.94
202300026023,1.02,4.34
202300026230,2.1,14.62
202300026237,4.58,11.51
202300026241,2.3,7.75
202300026250,11.85,19.25
202300026255,13.18,36.91
202300026258,6.79,18.39
202300026269,2.6,15.66
202300026272,2.44,18.08
202300026279,5.87,20.05
202300026319,4.69,21.9
202300026338,1.7,9.93
202300026371,2.2,8.7
202300026373,6.34,17.33
202300026375,4.27,17.1
202300026377,2.84,4.12
202300026392,3.82,6.44
202300026393,7.11,15.08
202300026394,1.3,8.18
202300026396,7.95,15.92
202300026440,6.75,5.36
202300026441,4.18,4.85
202300026444,3.64,6.83
202300026447,3.99,1.49
202300026451,4.78,8.78
202300026458,6.25,11.0
202300026461,5.9,2.91
202300026465,6.98,6.2
202300026490,2.94,6.34
202300026500,6.31,7.82
202300026519,3.59,7.49
202300026521,5.79,6.9
202300026554,5.32,4.32
202300026555,5.63,17.44
202300026556,4.49,8.47
202300026558,1.94,9.79
202300026559,5.7,5.14
202300026561,3.53,6.79
202300026562,3.69,6.3
202300026606,2.21,28.24
202300026621,5.0,5.38
202300026632,5.71,22.51
202300026635,5.75,21.86
202300026669,4.23,27.02
202300026696,3.87,3.92
202300026727,10.39,22.46
202300026730,1.29,14.21
202300026732,5.05,10.66
202300026735,5.41,10.84
202300026737,6.98,19.39
202300026772,7.38,9.62
202300026773,2.89,12.06
202300026775,3.41,18.41
202300026776,6.7,24.28
202300026778,4.27,7.17
202300026781,7.99,16.44
202300026785,6.99,29.74
202300026801,4.15,2.3
202300026820,2.7,3.92
202300026827,3.29,3.18
202300026834,5.19,7.94
202300026839,5.79,4.89
202300026842,2.33,7.46
202300026843,1.89,4.84
202300026845,6.21,5.66
202300026864,6.07,6.16
202300026870,3.87,3.81
202300026872,4.18,5.8
202300026874,6.58,14.49
202300026885,4.94,4.42
202300026900,4.85,5.31
202300026904,5.38,10.51
202300026919,0.94,4.41
202300026938,3.42,30.75
202300026940,1.16,25.12
202300026965,1.97,22.46
202300026969,3.66,10.78
202300026972,2.3,11.73
202300026986,1.86,16.33
202300026989,1.54,9.0
202300026993,5.86,18.26
202300027004,10.01,14.91
202300027006,13.1,30.19
202300027012,3.21,3.12
202300027013,4.15,8.88
202300027036,5.77,8.43
202300027037,1.6,5.19
202300027040,3.31,2.34
202300027048,4.13,9.25
202300027062,4.76,4.52
202300027135,5.12,5.23
202300027136,7.77,11.8
202300027137,2.92,18.52
202300027250,8.68,32.25
202300027251,6.49,18.35
202300027287,4.33,6.75
202300027289,3.3,5.49
202300027316,4.63,5.44
202300027322,6.45,5.4
202300027323,3.22,3.63
202300027324,3.59,6.08
202300027325,4.99,6.94
202300027326,3.4,3.31
202300027348,15.13,42.75
202300027349,4.63,2.68
202300027350,3.08,9.12
202300027388,4.51,6.67
202300027389,6.35,9.47
202300027411,8.14,7.58
202300027461,2.86,4.68
202300027463,6.3,3.76
202300027467,5.73,6.1
202300027471,7.95,7.63
202300027474,4.91,4.11
202300027518,2.35,21.78
202300027520,4.06,22.24
202300027521,0.56,15.66
202300027541,3.89,17.88
202300027559,23.42,57.57
202300027563,8.11,18.65
202300027586,4.88,19.66
202300027588,7.61,14.2
202300027591,25.44,16.46
202300027593,4.63,29.84
202300027596,1.72,14.92
202300027603,5.84,15.58
202300027607,7.11,6.72
202300027610,9.07,6.01
202300027648,8.9,13.74
202300027652,5.14,32.42
202300027663,5.16,4.64
202300027666,4.03,7.01
202300027683,7.66,3.9
202300027702,5.17,5.65
202300027722,5.45,9.83
202300027726,3.44,2.01
202300027752,5.56,1.46
202300027770,1.45,6.8
202300027771,2.22,6.8
202300027780,4.54,4.41
202300027783,4.66,7.64
202300027826,2.67,2.41
202300027835,6.37,5.07
202300027836,3.7,5.61
202300027840,6.28,9.28
202300027841,6.44,5.14
202300027885,6.29,7.22
202300027889,3.4,6.87
202300027895,2.12,9.01
202300027900,4.97,7.22
202300027903,4.96,9.77
202300027921,5.01,3.28
202300027936,5.59,15.53
202300027939,5.44,4.0
202300027965,7.3,30.27
202300027974,1.32,7.22
202300027993,9.87,27.54
202300028009,7.34,37.98
202300028022,4.51,16.56
202300028041,2.61,3.26
202300028045,3.51,13.32
202300028107,10.72,17.94
202300028123,5.16,5.74
202300028128,4.24,13.47
202300028146,1.53,22.51
202300028149,1.76,15.5
202300028177,1.86,42.41
202300028204,3.92,13.18
202300028209,9.28,9.22
202300028232,4.18,11.6
202300028235,6.27,24.61
202300028238,6.2,7.23
202300028239,5.28,16.88
202300028240,4.27,1.84
202300028241,5.49,12.94
202300028242,5.12,6.69
202300028243,4.29,7.38
202300028245,1.53,20.48
202300028248,4.19,6.19
202300028251,5.41,28.2
202300028255,2.38,12.7
202300028258,1.54,9.96
202300028261,6.94,11.05
202300028271,6.47,1.82
202300028272,4.3,7.73
202300028275,7.96,15.94
202300028276,2.97,5.81
202300028383,1.32,4.92
202300028384,5.29,17.71
202300028388,3.99,11.06
202300028392,4.99,7.74
202300028415,4.53,10.35
202300028442,0.53,24.42
202300028443,3.12,12.11
202300028447,11.26,23.44
202300028454,2.59,9.22
202300028469,3.02,30.23
202300028479,0.94,9.85
202300028487,5.57,4.44
202300028489,10.55,42.22
202300028490,5.01,25.18
202300028533,6.14,10.83
202300028539,6.48,7.88
202300028554,11.64,15.41
202300028557,5.07,14.36
202300028559,3.8,10.82
202300028563,3.41,6.44
202300028566,2.09,12.78
202300028569,3.56,18.95
202300028571,3.55,9.43
202300028573,4.24,13.48
202300028593,5.32,5.33
202300028594,5.3,5.73
202300028597,1.57,20.52
202300028599,4.2,13.36
202300028613,5.78,18.02
202300028641,3.19,6.91
202300028660,2.99,28.68
202300028674,3.28,11.61
202300028677,5.58,11.68
202300028691,5.14,7.81
202300028695,2.47,3.85
202300028696,6.03,8.09
202300028699,3.42,5.55
202300028701,7.38,10.62
202300028705,5.46,7.04
202300028726,4.45,5.34
202300028727,4.27,4.74
202300028753,2.44,7.19
202300028754,3.49,9.55
202300028757,4.57,14.69
202300028759,5.93,7.94
202300028762,3.02,9.6
202300028765,3.92,7.94
202300028785,7.6,19.12
202300028807,0.62,7.71
202300028808,3.6,6.5
202300028811,4.08,2.78
202300028813,1.02,7.38
202300028817,5.18,8.78
202300028822,11.38,14.19
202300028842,4.97,6.11
202300028844,11.39,23.22
202300028846,9.24,10.27
202300028870,5.95,6.58
202300028872,1.21,4.8
202300028875,2.3,6.4
202300028899,4.07,1.62
202300028900,5.21,8.31
202300028901,5.31,7.58
202300028913,2.5,5.13
202300028917,2.5,9.48
202300028956,3.68,5.27
202300029008,10.13,13.89
202300029019,2.36,21.08
202300029044,5.36,11.62
202300029046,3.33,11.98
202300029058,8.62,13.72
202300029059,3.14,8.34
202300029060,5.03,17.51
202300029072,2.8,4.08
202300029073,2.77,2.21
202300029104,3.03,7.62
202300029158,3.45,18.3
202300029177,12.09,23.54
202300029184,2.97,3.78
202300029193,10.19,16.59
202300029194,3.62,6.58
202300029195,5.85,7.53
202300029196,1.42,11.82
202300029197,8.01,12.01
202300029198,3.48,10.66
202300029208,7.87,9.91
202300029267,5.08,17.07
202300029275,9.17,23.66
202300029280,12.47,12.1
202300029294,5.48,7.64
202300029296,5.91,6.92
202300029298,7.28,2.16
202300029300,2.39,4.82
202300029303,3.58,5.45
202300029304,11.56,58.42
202300029313,5.62,14.27
202300029326,4.03,7.15
202300029340,22.31,22.49
202300029341,7.2,22.46
202300029344,2.31,20.17
202300029386,3.75,7.42
202300029388,2.58,7.83
202300029390,3.78,10.23
202300029392,4.59,7.6
202300029395,7.54,5.48
202300029397,4.58,7.1
202300029417,1.84,2.46
202300029421,2.23,7.86
202300029437,1.4,5.51
202300029458,4.41,7.63
202300029477,5.95,16.91
202300029480,3.9,3.95
202300029495,9.54,14.62
202300029512,9.41,41.27
202300029560,7.21,24.37
202300029569,6.88,22.54
202300029571,5.63,15.85
202300029576,9.46,29.51
202300029580,4.8,41.65
202300029585,9.73,16.13
202300029588,5.32,12.35
202300029590,7.8,10.65
202300029593,1.93,17.4
202300029601,2.56,6.94
202300029614,2.49,23.51
202300029629,6.5,8.65
202300029631,3.56,7.66
202300029633,9.69,11.23
202300029643,14.84,25.49
202300029648,7.82,31.16
202300029683,3.1,30.74
202300029685,3.86,15.92
202300029687,3.8,24.75
202300029707,5.64,5.89
202300029745,2.64,7.23
202300029746,4.7,5.65
202300029748,4.3,8.2
202300029771,4.36,6.52
202300029773,4.82,4.29
202300029798,2.97,3.38
202300029814,4.35,8.08
202300029833,10.42,16.08
202300029846,2.37,1.07
202300029868,6.84,17.1
202300029871,8.99,18.15
202300029908,3.81,5.89
202300029932,4.24,29.49
202300029943,11.53,28.53
202300029952,4.75,8.6
202300029959,4.71,6.12
202300029974,6.41,29.09
202300029977,2.29,10.66
202300029979,3.88,24.56
202300029990,9.65,12.13
202300030003,4.63,6.72
202300030007,4.58,9.18
202300030010,5.86,7.86
202300030013,5.35,7.44
202300030014,3.07,34.14
202300030018,6.59,6.15
202300030022,5.07,4.75
202300030043,5.11,11.1
202300030070,1.78,16.11
202300030074,10.08,13.88
202300030099,4.69,6.31
202300030140,4.91,6.3
202300030144,4.92,7.08
202300030191,2.91,1.8
202300030209,4.23,3.31
202300030213,2.67,7.79
202300030214,5.6,5.97
202300030217,5.31,8.16
202300030225,5.13,4.81
202300030238,3.28,10.84
202300030241,7.89,13.36
202300030244,5.92,12.44
202300030275,5.56,8.51
202300030277,3.05,3.38
202300030280,5.53,7.44
202300030338,6.88,24.09
202300030341,7.15,12.51
202300030343,8.36,22.76
202300030363,3.24,5.79
202300030373,4.33,14.45
202300030376,1.8,1.13
202300030439,2.06,5.89
202300030442,9.22,12.49
202300030497,5.02,40.59
202300030499,1.2,21.28
202300030502,11.04,24.5
202300030504,7.96,14.07
202300030507,10.03,8.18
202300030532,4.74,10.18
202300030535,5.06,9.54
202300030597,4.47,5.19
202300030606,5.33,7.83
202300030609,3.89,3.41
202300030610,3.1,5.93
202300030620,8.73,22.88
202300030622,5.46,12.39
202300030662,2.07,16.97
202300030671,7.72,16.13
202300030678,7.21,13.78
202300030706,1.88,13.43
202300030710,5.1,27.03
202300030799,3.05,6.9
202300030803,4.38,8.1
202300030805,2.63,4.79
202300030809,2.19,4.36
202300030820,5.49,11.27
202300030823,4.71,7.34
202300030833,3.0,2.74
202300030837,4.96,6.34
202300030859,1.71,22.07
202300030861,9.99,13.62
202300030877,8.52,4.94
202300030880,6.18,8.23
202300030882,4.3,9.16
202300030893,0.46,9.02
202300030894,3.2,3.31
202300030896,5.18,9.9
202300030898,3.52,6.52
202300030903,1.5,45.6
202300030931,9.91,18.52
202300030934,2.98,9.88
202300030936,2.97,21.14
202300030965,3.47,2.34
202300030967,6.4,5.28
202300030968,4.94,4.24
202300030970,9.28,7.04
202300030976,5.47,5.45
202300030978,5.36,4.56
202300030981,4.75,6.5
202300030983,4.52,5.94
202300030985,2.75,5.73
202300031004,7.58,10.58
202300031009,9.42,15.21
202300031016,9.48,12.75
202300031034,3.06,10.24
202300031035,7.38,11.18
202300031062,5.99,5.35
202300031063,3.02,5.04
202300031064,3.06,5.73
202300031087,6.22,13.71
202300031088,7.1,7.43
202300031105,4.28,3.76
202300031137,6.27,12.81
202300031139,13.15,17.08
202300031171,11.23,24.19
202300031185,5.78,44.68
202300031196,3.97,6.06
202300031212,4.64,8.49
202300031213,5.84,5.69
202300031225,7.38,7.34
202300031226,5.96,8.47
202300031230,4.01,13.69
202300031231,2.35,13.94
202300031232,6.06,8.12
202300031233,5.13,5.39
202300031307,3.8,1.95
202300031323,8.68,3.58
202300031325,3.86,4.87
202300031331,3.16,4.74
202300031364,3.08,9.97
202300031366,1.67,7.76
202300031368,3.62,5.83
202300031370,5.43,5.83
202300031398,3.5,22.94
202300031425,9.63,18.5
202300031430,5.05,8.33
202300031442,5.93,19.52
202300031444,1.71,37.7
202300031446,9.28,38.91
202300031451,0.86,15.26
202300031462,13.63,18.01
202300031478,2.23,16.99
202300031483,5.18,39.88
202300031501,1.43,12.4
202300031524,6.24,6.84
202300031525,2.92,10.8
202300031526,1.19,8.08
202300031527,4.7,6.48
202300031540,5.14,8.48
202300031558,6.5,5.36
202300031559,6.1,3.48
202300031561,4.22,2.22
202300031609,6.7,4.42
202300031637,3.61,5.49
202300031651,3.04,4.79
202300031665,5.91,5.28
202300031672,5.72,7.77
202300031718,6.13,4.61
202300031720,0.9,13.96
202300031722,2.19,5.14
202300031723,3.74,13.87
202300031740,3.58,27.03
202300031744,8.06,11.99
202300031813,1.59,7.61
202300031817,11.05,26.67
202300031818,5.64,5.78
202300031822,4.34,14.18
202300031824,9.28,12.99
202300031828,4.46,19.26
202300031831,10.07,16.0
202300031899,5.26,31.01
202300031900,5.6,33.04
202300031903,4.97,8.19
202300031905,6.09,9.8
202300031906,4.18,3.66
202300031925,4.89,7.94
202300031961,1.37,5.48
202300031966,4.96,11.74
202300031997,2.1,5.94
202300032004,6.48,10.55
202300032007,5.01,7.84
202300032010,5.56,5.97
202300032012,6.03,9.65
202300032014,3.26,6.49
202300032017,2.85,2.29
202300032021,1.69,5.92
202300032026,5.46,4.81
202300032049,4.92,9.34
202300032052,5.44,4.14
202300032060,5.69,7.01
202300032115,1.78,5.18
202300032136,4.55,25.8
202300032155,11.69,18.3
202300032192,6.01,18.53
202300032193,1.1,3.49
202300032200,4.06,7.76
202300032220,3.46,5.77
202300032224,3.0,10.44
202300032227,3.39,6.26
202300032230,4.72,2.48
202300032235,8.79,5.73
202300032237,2.68,9.85
202300032239,4.34,9.02
202300032271,4.09,5.77
202300032288,5.74,7.36
202300032313,7.0,21.04
202300032328,23.94,29.37
202300032338,1.44,5.67
202300032343,2.61,6.52
202300032345,5.37,8.29
202300032351,4.53,5.7
202300032365,6.44,5.34
202300032379,7.61,9.49
202300032395,8.73,24.12
202300032425,4.46,9.39
202300032429,3.19,8.85
202300032436,2.36,3.88
202300032456,7.24,9.14
202300032459,8.01,6.08
202300032491,7.77,5.33
202300032494,3.07,22.91
202300032502,3.86,8.84
202300032532,4.2,14.04
202300032556,5.74,29.57
202300032561,9.85,9.56
202300032566,5.33,23.2
202300032587,10.6,25.23
202300032606,1.3,19.47
202300032608,9.06,21.5
202300032616,10.9,12.79
202300032619,7.06,16.3
202300032657,4.4,22.61
202300032668,7.23,10.15
202300032687,4.35,44.96
202300032691,2.95,8.9
202300032706,6.67,7.2
202300032709,2.98,28.85
202300032718,4.09,14.75
202300032720,10.75,16.19
202300032748,3.73,7.73
202300032750,1.98,9.98
202300032751,1.56,7.58
202300032752,1.96,6.3
202300032753,3.51,11.92
202300032754,4.35,8.38
202300032781,2.71,7.44
202300032782,2.33,5.56
202300032783,6.72,6.36
202300032784,2.58,20.27
202300032788,6.12,19.2
202300032799,4.92,5.01
202300032837,6.37,4.79
202300032838,5.16,8.55
202300032840,6.17,10.01
202300032844,2.24,2.13
202300032846,5.15,5.18
202300032854,6.19,10.04
202300032858,4.59,6.75
202300032861,3.64,5.8
202300032865,3.59,8.89
202300032867,8.07,8.43
202300032868,5.35,5.39
202300032869,3.53,4.34
202300032891,4.2,2.2
202300032910,7.11,7.91
202300032912,3.47,15.06
202300032913,4.77,8.28
202300032949,3.5,12.86
202300032967,9.56,14.46
202300032972,9.17,37.67
202300032973,22.55,36.34
202300032975,9.67,24.13
202300032976,6.01,16.09
202300032977,10.78,11.87
202300032978,5.26,19.09
202300032979,6.03,4.8
202300033005,4.8,4.87
202300033010,4.34,8.54
202300033011,5.66,9.22
202300033012,5.07,6.85
202300033023,3.8,3.2
202300033025,4.05,3.68
202300033026,4.1,3.97
202300033027,6.79,7.52
202300033028,2.6,4.01
202300033044,4.95,6.39
202300033050,4.46,4.69
202300033065,8.11,10.98
202300033107,7.25,9.39
202300033161,0.4,4.63
202300033171,6.98,16.23
202300033173,2.38,11.57
202300033214,5.41,4.97
202300033215,4.87,9.25
202300033233,4.14,2.82
202300033288,6.08,8.47
202300033289,1.25,5.39
202300033290,5.48,7.13
202300033303,4.4,9.09
202300033304,1.78,2.48
202300033324,2.6,2.24
202300033344,1.18,5.41
202300033347,6.3,6.33
202300033348,6.3,6.89
202300033349,5.86,6.16
202300033364,4.31,6.8
202300033365,3.63,5.83
202300033391,6.53,4.36
202300033392,4.07,6.41
202300033393,2.5,6.78
202300033433,4.4,3.2
202300033514,6.4,30.44
202300033557,7.53,4.75
202300033571,3.61,4.62
202300033609,5.87,8.26
202300033626,4.6,14.82
202300033654,4.03,2.33
202300033680,3.93,7.03
202300033683,6.95,6.06
202300033713,2.43,11.53
202300033714,4.58,4.05
202300033715,4.04,20.33
202300033718,13.7,20.3
202300033731,5.53,16.28
202300033759,3.75,31.79
202300033768,12.26,16.0
202300033772,4.56,35.79
202300033806,0.44,11.22
202300033811,3.73,11.08
202300033824,3.64,13.39
202300033830,8.93,26.28
202300033858,5.35,5.1
202300033871,1.29,34.64
202300033882,4.99,9.58
202300033897,3.5,11.09
202300033943,3.69,21.23
202300033962,1.98,4.64
202300033964,2.72,9.18
202300033965,9.19,4.79
202300033967,6.03,3.55
202300033971,8.38,35.61
202300033978,2.64,4.3
202300034000,2.43,15.36
202300034010,18.08,18.53
202300034011,6.06,18.46
202300034013,7.36,10.4
202300034020,2.9,6.57
202300034025,1.22,30.56
202300034029,3.63,15.74
202300034035,15.17,10.59
202300034038,2.86,7.05
202300034039,2.97,13.92
202300034043,8.61,3.08
202300034044,4.56,21.09
202300034054,5.89,12.68
202300034067,5.1,6.96
202300034071,7.89,16.24
202300034091,3.43,14.15
202300034098,3.26,11.24
202300034112,4.7,9.76
202300034122,2.9,25.7
202300034124,6.57,4.7
202300034131,3.26,1.86
202300034186,6.19,5.98
202300034188,3.69,5.34
202300034194,3.96,2.0
202300034205,6.43,33.61
202300034213,2.89,17.35
202300034217,12.92,31.73
202300034219,5.76,8.38
202300034223,5.68,4.15
202300034273,4.13,9.12
202300034283,6.26,9.09
202300034287,4.93,4.01
202300034291,3.99,8.67
202300034295,3.33,3.74
202300034355,7.48,22.64
202300034367,6.44,34.48
202300034371,6.13,11.56
202300034372,15.97,49.64
202300034375,5.01,13.12
202300034376,2.83,14.38
202300034379,10.79,12.31
202300034415,4.35,8.87
202300034458,6.37,6.8
202300034460,5.3,5.33
202300034496,4.97,1.74
202300034498,4.17,6.36
202300034503,5.7,4.74
202300034513,3.21,7.28
202300034516,6.14,7.65
202300034521,5.84,4.89
202300034528,2.0,9.84
202300034572,8.53,30.72
202300034590,7.76,18.41
202300034623,1.74,32.0
202300034624,4.72,4.38
202300034625,8.8,18.26
202300034629,5.31,5.54
202300034636,6.56,13.32
202300034639,4.04,28.08
202300034676,3.32,5.48
202300034677,0.96,21.68
202300034678,2.58,4.76
202300034681,4.77,4.71
202300034683,5.46,5.66
202300034712,5.26,2.71
202300034713,4.37,3.38
202300034716,5.56,4.57
202300034756,6.4,8.56
202300034760,8.22,9.35
202300034762,5.0,6.97
202300034763,1.48,5.85
202300034766,5.56,6.15
202300034792,3.02,7.6
202300034808,5.18,16.22
202300034810,4.89,5.12
202300034812,6.39,6.37
202300034813,4.73,5.37
202300034839,3.95,6.27
202300034840,5.48,5.93
202300034867,11.99,30.38
202300034868,2.68,30.72
202300034869,6.36,23.89
202300034874,2.56,26.7
202300034884,5.0,19.42
202300034887,2.06,26.76
202300034898,11.1,6.7
202300034917,3.48,18.95
202300034918,2.66,8.31
202300034946,6.27,7.31
202300034947,7.03,7.85
202300034948,3.04,8.01
202300034949,4.44,8.51
202300034950,2.49,1.27
202300034951,6.14,5.52
202300034967,4.07,7.24
202300034968,3.64,6.39
202300034971,5.0,5.48
202300034972,3.64,8.32
202300034973,3.96,8.17
202300035023,4.72,12.36
202300035042,6.67,6.31
202300035044,3.71,7.59
202300035050,5.08,6.97
202300035052,1.7,5.38
202300035122,4.92,7.13
202300035183,6.14,29.72
202300035210,5.42,6.55
202300035211,3.4,3.94
202300035248,1.47,14.45
202300035249,5.11,6.09
202300035287,2.26,3.1
202300035288,2.86,6.87
202300035289,3.32,2.34
202300035290,7.04,8.01
202300035291,2.5,2.64
202300035292,4.48,7.61
202300035295,4.78,8.75
202300035325,1.1,11.82
202300035326,4.65,8.62
202300035327,2.1,3.74
202300035328,3.68,8.19
202300035329,4.11,8.03
202300035358,5.86,8.44
202300035359,5.65,7.26
202300035378,6.86,5.3
202300035395,5.72,10.3
202300035400,5.65,5.13
202300035423,7.31,23.92
202300035429,6.55,27.7
202300035434,5.13,7.86
202300035470,1.21,1.73
202300035473,5.26,5.78
202300035515,5.63,5.92
202300035518,5.43,7.29
202300035520,4.79,6.53
202300035568,6.78,4.92
202300035572,6.38,3.88
202300035574,5.38,10.4
202300035582,2.66,2.34
202300035619,7.9,17.65
202300035637,1.72,6.2
202300035674,2.89,2.81
202300035720,8.03,4.99
202300035727,7.3,10.61
202300035746,7.16,2.51
202300035764,7.3,7.08
202300035765,3.41,4.99
202300035771,5.86,7.5
202300035809,3.85,3.85
202300035839,5.67,6.19
202300035857,5.85,7.77
202300035863,2.96,46.9
202300035865,2.84,8.68
202300035870,4.46,7.98
202300035872,7.11,28.38
202300035877,2.9,3.09
202300035891,8.46,7.54
202300035903,4.99,24.5
202300035920,7.69,7.64
202300035946,13.38,20.48
202300035984,2.12,14.46
202300035987,7.08,36.96
202300035992,3.46,15.51
202300036040,3.7,13.31
202300036045,8.22,22.8
202300036057,6.71,11.32
202300036066,11.73,15.44
202300036075,1.31,18.69
202300036088,3.22,8.82
202300036089,3.51,4.9
202300036098,1.71,11.65
202300036105,5.04,7.79
202300036109,5.13,5.71
202300036111,4.55,6.2
202300036117,3.84,5.91
202300036126,3.15,8.82
202300036129,4.42,8.24
202300036145,6.02,10.66
202300036152,8.13,14.31
202300036156,5.78,12.07
202300036180,6.1,31.02
202300036187,8.88,23.28
202300036188,6.36,12.47
202300036209,7.91,12.27
202300036214,1.77,2.69
202300036218,7.57,4.9
202300036258,4.71,7.74
202300036260,4.54,4.01
202300036309,3.74,23.18
202300036328,5.87,28.4
202300036340,4.3,28.32
202300036371,7.43,11.91
202300036398,6.11,10.92
202300036399,6.21,11.54
202300036408,4.87,14.12
202300036410,3.85,32.24
202300036420,3.9,5.91
202300036437,5.03,22.35
202300036447,2.25,14.31
202300036448,11.43,20.7
202300036450,7.9,10.29
202300036474,3.06,15.8
202300036475,8.74,20.8
202300036476,8.12,13.78
202300036477,1.69,5.34
202300036527,4.21,5.84
202300036538,3.3,10.59
202300036539,1.38,5.76
202300036540,6.08,9.6
202300036548,4.56,5.38
202300036643,3.01,39.53
202300036644,2.13,18.49
202300036651,13.93,13.68
202300036660,4.92,12.62
202300036661,7.37,16.44
202300036663,9.8,27.34
202300036672,2.11,12.91
202300036678,3.61,16.75
202300036692,3.25,7.47
202300036693,3.46,7.34
202300036695,5.93,5.84
202300036702,6.63,5.33
202300036707,2.63,2.83
202300036708,4.47,4.65
202300036709,4.58,10.84
202300036710,2.62,2.51
202300036731,3.5,12.17
202300036732,6.77,0.98
202300036733,5.07,7.16
202300036757,2.35,8.93
202300036766,5.2,3.11
202300036829,6.78,12.34
202300036834,2.97,5.73
202300036835,3.17,2.55
202300036838,5.11,6.81
202300036873,8.42,10.58
202300036875,3.69,2.75
202300036918,2.57,9.51
202300036929,1.51,26.29
202300036931,5.72,10.15
202300036932,3.33,16.77
202300036944,4.91,9.46
202300037039,9.65,16.61
202300037082,3.54,6.8
202300037093,0.99,3.15
202300037094,4.44,5.85
202300037096,5.87,5.23
202300037113,4.44,3.79
202300037115,4.45,3.45
202300037128,6.48,3.94
202300037146,5.65,28.23
202300037148,12.32,16.26
202300037157,1.52,4.7
202300037161,4.17,8.27
202300037173,4.5,12.83
202300037198,17.49,51.64
202300037210,7.93,10.81
202300037211,15.02,20.68
202300037212,6.52,9.76
202300037213,2.62,15.94
202300037219,18.07,14.04
202300037234,26.3,18.86
202300037235,7.78,6.69
202300037238,6.16,5.4
202300037245,4.71,7.91
202300037246,4.71,8.56
202300037323,4.04,24.93
202300037341,12.68,14.58
202300037344,4.84,13.49
202300037354,7.5,14.42
202300037355,4.55,21.48
202300037364,4.61,22.64
202300037366,2.0,5.6
202300037367,4.77,8.62
202300037368,6.62,3.24
202300037369,6.38,7.69
202300037381,4.34,10.2
202300037387,4.53,9.27
202300037478,3.28,9.85
202300037481,3.21,3.69
202300037484,7.39,9.58
202300037487,5.4,6.1
202300037488,4.86,6.69
202300037513,1.64,12.72
202300037544,5.34,9.18
202300037570,10.7,23.54
202300037582,4.78,11.58
202300037588,4.33,12.11
202300037597,6.96,5.66
202300037601,4.34,14.18
202300037603,5.92,21.36
202300037604,4.76,4.85
202300037619,5.34,1.11
202300037676,8.84,3.9
202300037694,3.4,8.39
202300037711,2.68,1.38
202300037714,6.9,8.61
202300037785,2.92,8.18
202300037791,3.84,10.54
202300037794,3.87,9.74
202300037814,5.36,12.46
202300037826,2.55,9.36
202300037836,11.99,30.8
202300037904,3.17,9.81
202300037910,3.95,10.49
202300037911,2.39,8.74
202300037941,8.0,30.01
202300037950,2.7,27.42
202300037955,2.1,4.76
202300037957,0.37,5.78
202300037963,5.62,8.54
202300037967,6.0,8.5
202300037970,5.92,16.13
202300038018,5.87,13.84
202300038022,5.81,10.15
202300038056,3.33,22.43
202300038059,4.83,4.83
202300038162,8.48,5.41
202300038164,1.68,2.59
202300038177,10.96,35.34
202300038178,1.96,21.75
202300038179,3.29,15.5
202300038181,8.23,15.16
202300038185,5.26,14.98
202300038200,7.56,18.75
202300038203,2.24,12.96
202300038224,7.1,5.91
202300038226,11.58,13.49
202300038227,2.63,3.05
202300038230,4.01,8.68
202300038237,,
202300038245,3.97,7.74
202300038246,8.49,15.58
202300038247,3.72,6.01
202300038256,4.7,7.21
202300038292,6.09,7.27
202300038315,2.6,7.28
202300038344,6.0,37.61
202300038361,5.36,18.56
202300038364,4.76,16.82
202300038367,7.23,9.51
202300038378,6.38,4.68
202300038398,5.68,19.46
202300038413,4.94,39.5
202300038415,17.06,41.09
202300038418,2.28,20.94
202300038422,10.01,31.43
202300038424,9.15,16.98
202300038427,3.74,14.81
202300038432,0.47,31.88
202300038449,1.63,14.42
202300038479,4.28,8.01
202300038482,3.38,5.89
202300038486,2.25,4.91
202300038493,2.73,7.66
202300038500,4.71,8.14
202300038501,6.75,9.99
202300038503,5.26,9.18
202300038522,6.92,8.98
202300038524,6.01,5.79
202300038526,6.96,6.26
202300038559,6.66,11.24
202300038574,2.99,10.87
202300038576,4.42,12.47
202300038578,2.86,19.46
202300038580,5.79,20.79
202300038606,0.98,21.76
202300038623,7.44,27.99
202300038639,6.9,5.93
202300038642,2.76,8.29
202300038660,5.47,7.88
202300038662,4.99,4.01
202300038669,4.74,37.47
202300038683,3.89,8.48
202300038685,3.94,8.52
202300038686,14.0,62.73
202300038696,5.91,5.39
202300038702,5.46,24.77
202300038774,1.28,19.88
202300038776,0.65,15.12
202300038787,12.06,15.4
202300038811,9.39,16.77
202300038815,10.83,16.7
202300038844,6.4,8.8
202300038847,5.65,9.03
202300038848,18.73,18.25
202300038849,6.84,6.87
202300038851,4.39,12.6
202300038853,6.78,10.49
202300038874,3.93,4.64
202300038876,4.18,4.1
202300038878,4.87,7.28
202300038889,5.18,8.11
202300038892,2.26,4.86
202300038894,2.36,3.87
202300038913,1.89,5.77
202300038915,2.51,4.67
202300038917,5.23,7.75
202300038950,6.07,10.14
202300038952,6.5,3.82
202300038954,6.13,3.86
202300038955,4.72,8.59
202300038957,5.01,7.84
202300038959,3.98,8.79
202300038979,3.69,3.92
202300038988,5.55,13.43
202300039104,6.19,10.11
202300039105,6.72,8.43
202300039106,4.11,26.87
202300039107,1.66,19.59
202300039108,6.14,21.05
202300039109,5.49,24.95
202300039110,3.35,8.49
202300039111,10.5,21.91
202300039112,6.31,13.39
202300039113,8.91,8.1
202300039117,4.37,5.39
202300039118,5.15,9.0
202300039184,10.13,14.06
202300039270,3.74,5.95
202300039290,9.35,19.38
202300039300,12.97,12.36
202300039303,4.46,5.17
202300039313,6.32,9.8
202300039329,5.72,22.92
202300039347,4.38,3.39
202300039349,7.26,4.98
202300039424,4.28,8.2
202300039429,5.72,7.89
202300039431,4.57,6.96
202300039464,5.05,9.59
202300039465,7.81,3.66
202300039468,6.95,6.24
202300039479,2.97,18.52
202300039482,2.18,26.6
202300039498,6.19,5.52
202300039500,5.4,5.94
202300039512,5.71,7.11
202300039516,2.71,36.88
202300039609,1.69,29.72
202300039611,15.02,30.83
202300039624,10.66,20.86
202300039626,7.13,11.72
202300039651,2.36,3.56
202300039660,4.11,5.75
202300039662,4.06,5.01
202300039688,2.73,14.32
202300039691,5.61,7.02
202300039693,5.6,5.79
202300039694,3.91,8.43
202300039706,6.72,7.18
202300039709,5.99,10.74
202300039720,4.62,30.4
202300039743,5.12,8.84
202300039758,3.06,4.55
202300039759,5.05,6.89
202300039761,5.08,6.8
202300039770,5.76,10.37
202300039781,5.75,18.64
202300039785,2.92,10.79
202300039810,3.32,5.99
202300039812,3.97,3.44
202300039816,4.15,8.74
202300039831,8.48,5.1
202300039834,3.7,4.72
202300039866,5.64,5.51
202300039868,5.08,8.82
202300039970,3.99,6.97
202300039995,4.46,5.85
202300039996,4.59,8.51
202300039997,4.77,7.87
202300039998,7.08,2.62
202300040024,4.1,6.71
202300040026,2.01,4.79
202300040027,3.41,4.9
202300040038,4.22,6.39
202300040074,6.47,8.2
202300040077,1.27,6.43
202300040078,4.31,9.0
202300040081,1.76,5.15
202300040085,3.06,8.47
202300040096,6.31,6.51
202300040119,4.84,7.51
202300040120,3.25,4.51
202300040122,5.16,3.73
202300040137,3.99,6.94
202300040139,3.2,4.86
202300040140,6.45,4.17
202300040169,6.95,5.74
202300040170,6.92,10.07
202300040190,5.22,8.48
202300040193,2.14,3.71
202300040197,4.58,5.99
202300040219,12.72,12.73
202300040233,4.82,8.67
202300040236,5.64,9.49
202300040237,6.01,5.65
202300040238,5.63,6.39
202300040241,4.95,7.59
202300040242,4.79,7.14
202300040246,5.17,5.63
202300040302,2.81,7.34
202300040305,6.32,5.2
202300040351,5.28,13.24
202300040355,1.89,32.86
202300040376,5.52,8.91
202300040391,7.84,7.42
202300040412,9.79,17.44
202300040436,3.3,6.48
202300040444,3.04,5.51
202300040452,2.34,14.86
202300040455,7.06,19.62
202300040458,7.95,20.57
202300040485,5.7,5.15
202300040505,7.73,18.6
202300040557,3.07,5.23
202300040564,6.34,7.58
202300040605,4.15,7.09
202300040611,1.34,4.16
202300040616,7.38,17.25
202300040620,3.28,3.19
202300040621,5.52,14.56
202300040622,2.67,6.1
202300040625,5.49,6.74
202300040627,4.61,4.09
202300040637,4.57,5.38
202300040642,3.58,12.51
202300040653,3.44,11.31
202300040655,5.0,4.36
202300040692,1.46,10.46
202300040695,8.32,23.42
202300040699,1.24,24.69
202300040726,1.25,9.95
202300040727,2.99,3.23
202300040823,5.32,7.01
202300040860,5.71,11.21
202300040862,2.76,8.29
202300040864,4.66,8.68
202300040866,4.69,6.57
202300040867,5.81,3.53
202300040869,1.11,3.88
202300040909,6.02,3.98
202300040912,4.22,6.72
202300040915,5.66,5.8
202300040974,4.24,6.91
202300040981,5.08,13.31
202300040982,5.39,8.76
202300041006,6.13,8.62
202300041008,4.53,4.18
202300041021,5.04,7.46
202300041040,2.36,10.73
202300041058,5.17,12.68
202300041068,4.06,4.18
202300041094,3.9,6.66
202300041096,7.12,15.24
202300041098,7.6,7.12
202300041099,7.79,3.34
202300041101,6.46,11.83
202300041121,3.26,2.26
202300041138,5.57,10.16
202300041167,0.3,21.87
202300041186,7.5,17.39
202300041207,2.96,5.58
202300041219,11.41,20.02
202300041220,9.17,27.11
202300041221,10.03,9.98
202300041234,4.66,8.14
202300041256,2.79,6.58
202300041257,3.98,6.62
202300041259,1.51,4.18
202300041260,3.32,4.9
202300041261,4.8,6.45
202300041262,5.78,5.79
202300041263,5.89,9.88
202300041264,3.42,11.29
202300041282,6.97,9.69
202300041286,5.74,4.84
202300041287,4.36,7.87
202300041288,6.5,6.55
202300041308,2.94,3.84
202300041310,7.9,6.58
202300041326,6.55,3.51
202300041341,4.61,1.22
202300041344,5.36,13.34
202300041376,5.08,12.12
202300041390,5.34,26.05
202300041455,12.76,24.75
202300041457,2.95,9.84
202300041506,11.09,14.61
202300041511,4.66,6.82
202300041538,7.32,3.83
202300041541,3.74,6.25
202300041582,8.59,29.33
202300041584,5.5,17.7
202300041586,9.82,35.33
202300041615,2.3,5.72
202300041631,5.0,10.08
202300041652,2.19,4.96
202300041661,2.32,3.42
202300041676,4.46,20.02
202300041679,3.05,9.41
202300041680,2.35,14.68
202300041681,6.0,6.28
202300041682,1.39,4.61
202300041683,8.48,20.23
202300041685,2.91,4.93
202300041696,3.14,2.78
202300041700,5.76,5.95
202300041704,4.83,39.83
202300041773,3.97,3.12
202300041780,9.38,11.84
202300041788,2.15,11.04
202300041801,2.38,6.49
202300041805,1.77,8.54
202300041810,2.9,4.07
202300041815,5.06,11.0
202300041827,10.88,25.08
202300041839,9.17,19.4
202300041843,6.02,12.85
202300041862,19.63,17.86
202300041900,3.98,9.01
202300041902,5.68,7.84
202300041907,3.13,6.44
202300041909,3.31,4.89
202300041911,2.54,6.22
202300041921,1.15,34.78
202300041957,3.25,7.02
202300041959,5.34,6.22
202300041960,4.47,10.08
202300041961,2.54,1.83
202300041962,4.46,5.12
202300041964,2.53,1.55
202300042025,4.93,6.05
202300042029,4.01,14.84
202300042034,3.62,2.78
202300042037,2.86,14.82
202300042094,9.48,15.7
202300042097,8.07,12.11
202300042105,10.74,9.63
202300042133,8.88,4.48
202300042136,5.11,4.33
202300042163,2.14,25.76
202300042169,2.58,7.48
202300042184,2.85,25.77
202300042186,0.57,25.98
202300042220,2.31,20.89
202300042224,4.35,15.82
202300042235,8.05,15.32
202300042240,7.36,36.41
202300042246,4.12,16.82
202300042281,4.04,19.22
202300042283,6.11,11.05
202300042293,4.04,13.07
202300042301,4.54,26.46
202300042316,10.3,20.47
202300042331,9.52,12.56
202300042354,5.82,12.7
202300042375,4.82,6.5
202300042379,3.86,3.67
202300042382,4.72,6.89
202300042388,4.92,5.79
202300042396,6.0,7.01
202300042408,3.3,5.93
202300042410,5.5,9.04
202300042438,5.86,17.05
202300042440,4.1,8.46
202300042442,4.6,8.62
202300042443,3.42,8.75
202300042456,8.24,5.26
202300042458,4.01,9.5
202300042460,3.7,3.82
202300042464,6.46,6.22
202300042465,4.31,5.77
202300042468,5.96,6.01
202300042522,1.83,3.45
202300042524,3.05,5.28
202300042526,2.98,5.35
202300042541,4.61,2.62
202300042591,0.66,27.99
202300042598,8.14,7.32
202300042613,6.58,13.1
202300042623,3.59,9.15
202300042624,1.17,18.2
202300042625,4.5,5.33
202300042649,4.12,5.9
202300042666,6.15,2.57
202300042673,4.39,8.24
202300042675,5.38,6.77
202300042678,4.63,4.53
202300042687,1.96,10.39
202300042692,11.26,24.71
202300042694,13.88,20.82
202300042695,6.11,23.06
202300042699,6.98,11.58
202300042711,6.85,14.26
202300042729,3.32,6.59
202300042730,3.42,8.3
202300042751,7.87,7.45
202300042756,4.6,6.79
202300042759,14.65,25.64
202300042762,3.04,4.79
202300042764,4.76,22.72
202300042766,4.01,8.32
202300042780,1.77,5.42
202300042800,4.86,9.58
202300042815,4.89,9.54
202300042819,6.55,10.74
202300042823,5.51,7.29
202300042827,3.23,3.64
202300042891,7.78,12.37
202300042895,1.28,4.0
202300042939,2.79,21.65
202300042948,5.84,17.39
202300042952,10.85,9.55
202300042953,3.74,21.47
202300042956,2.19,2.19
202300042968,5.25,20.01
202300042986,5.65,20.7
202300042987,7.66,6.41
202300042989,14.13,17.37
202300042990,3.35,13.65
202300042997,2.5,23.52
202300042999,12.8,47.34
202300043013,15.79,11.22
202300043028,7.38,7.37
202300043037,8.96,21.04
202300043044,3.07,11.16
202300043051,24.18,16.33
202300043053,4.95,18.22
202300043055,21.28,39.39
202300043056,3.82,5.21
202300043058,4.23,2.54
202300043064,4.14,5.96
202300043091,6.49,12.97
202300043100,8.68,1.75
202300043104,6.73,7.94
202300043105,6.1,11.81
202300043116,4.92,6.64
202300043126,4.37,13.49
202300043127,3.99,5.44
202300043128,5.31,4.63
202300043130,3.18,6.59
202300043146,8.28,23.05
202300043154,4.97,18.92
202300043155,5.55,8.51
202300043164,26.53,26.9
202300043176,8.85,16.06
202300043177,3.33,4.54
202300043178,3.88,14.37
202300043211,2.66,3.85
202300043213,4.68,6.09
202300043214,4.89,7.39
202300043236,3.09,5.35
202300043237,4.1,4.3
202300043243,7.7,3.3
202300043244,5.26,9.24
202300043245,4.74,6.58
202300043246,5.37,4.69
202300043343,4.7,8.42
202300043362,5.77,4.83
202300043364,6.04,6.67
202300043368,11.07,14.02
202300043387,3.41,4.01
202300043389,2.49,10.04
202300043391,3.18,9.65
202300043393,2.39,20.12
202300043395,3.43,16.32
202300043406,4.05,3.94
202300043415,4.96,4.94
202300043493,6.57,11.39
202300043512,3.36,24.65
202300043531,3.08,2.78
202300043544,6.94,13.71
202300043545,10.37,16.61
202300043564,7.68,11.39
202300043586,5.47,5.9
202300043588,4.32,17.69
202300043590,5.32,22.26
202300043592,9.31,14.53
202300043602,4.04,6.11
202300043614,4.71,10.09
202300043616,13.01,19.87
202300043618,2.47,4.17
202300043621,8.16,11.91
202300043624,5.11,9.26
202300043654,8.09,11.89
202300043669,2.94,4.26
202300043671,5.82,7.53
202300043694,5.86,3.33
202300043702,2.7,6.89
202300043706,5.31,3.32
202300043753,5.37,12.06
202300043755,5.72,6.2
202300043757,4.82,5.91
202300043786,4.88,8.46
202300043805,7.13,4.6
202300043808,4.77,8.93
202300043828,2.63,3.92
202300043834,12.58,20.7
202300043889,2.19,28.26
202300043910,7.75,21.4
202300043914,0.75,10.86
202300043933,6.32,25.66
202300043934,6.61,12.3
202300043935,0.73,5.19
202300043963,3.64,2.15
202300043969,3.95,22.12
202300043989,6.89,10.16
202300044053,7.77,7.39
202300044058,2.46,4.62
202300044070,6.46,8.44
202300044072,4.96,6.94
202300044073,1.0,1.39
202300044076,4.92,6.01
202300044078,5.48,6.4
202300044081,2.55,23.26
202300044082,5.35,7.0
202300044086,5.24,8.27
202300044134,5.44,4.44
202300044144,3.35,7.39
202300044154,10.45,11.13
202300044158,2.83,8.31
202300044162,3.32,8.47
202300044168,3.7,3.18
202300044188,6.31,9.06
202300044220,4.41,7.66
202300044225,5.45,9.64
202300044240,6.26,9.13
202300044246,2.64,18.5
202300044251,6.61,0.98
202300044265,5.66,5.14
202300044273,3.06,10.24
202300044302,5.29,5.49
202300044310,4.3,4.97
202300044355,4.66,4.34
202300044376,4.83,20.5
202300044377,5.06,18.86
202300044379,7.97,14.08
202300044396,3.6,17.12
202300044400,2.62,8.95
202300044402,3.31,5.47
202300044424,5.26,26.33
202300044448,3.02,14.88
202300044467,16.48,33.94
202300044468,5.46,7.04
202300044472,3.7,8.07
202300044489,10.56,19.82
202300044493,5.67,5.27
202300044510,14.0,13.39
202300044514,4.66,6.28
202300044517,1.8,12.59
202300044520,4.34,7.6
202300044528,9.06,18.56
202300044550,4.7,1.96
202300044551,4.9,8.23
202300044614,4.07,4.62
202300044617,6.27,5.56
202300044625,15.4,22.41
202300044652,2.57,4.73
202300044656,1.7,5.07
202300044694,0.55,7.82
202300044699,7.27,13.01
202300044702,3.98,8.06
202300044705,5.88,5.92
202300044726,11.17,11.96
202300044775,4.11,14.17
202300044794,6.09,14.1
202300044818,14.58,47.26
202300044834,7.91,15.16
202300044839,9.94,8.0
202300044884,1.99,13.72
202300044929,4.02,18.78
202300044941,6.56,12.04
202300044956,9.5,23.1
202300044989,5.42,5.82
202300044990,5.43,6.42
202300045062,2.03,13.44
202300045065,2.64,22.08
202300045099,7.92,20.59
202300045100,4.37,9.8
202300045111,7.07,26.1
202300045135,5.38,24.46
202300045157,2.27,13.87
202300045177,11.61,22.79
202300045188,13.25,24.55
202300045189,3.97,21.79
202300045196,3.05,21.64
202300045197,4.23,12.89
202300045215,6.57,11.86
202300045233,6.38,2.34
202300045234,6.05,3.77
202300045251,8.26,12.88
202300045254,5.72,3.89
202300045285,4.56,2.78
202300045329,8.75,15.03
202300045347,4.28,12.54
202300045356,9.76,23.81
202300045362,7.39,36.28
202300045381,3.27,3.38
202300045399,3.48,6.44
202300045401,2.0,1.17
202300045402,7.16,15.12
202300045416,4.19,4.1
202300045437,1.83,5.05
202300045447,3.8,1.1
202300045448,1.55,3.84
202300045451,8.24,11.43
202300045464,6.03,7.81
202300045466,5.31,3.98
202300045468,2.6,6.38
202300045486,5.87,6.85
202300045564,3.56,2.36
202300045571,1.84,21.94
202300045585,8.65,12.09
202300045600,7.26,16.76
202300045628,0.91,12.93
202300045644,4.7,10.82
202300045650,3.55,20.07
202300045664,3.26,14.12
202300045673,3.46,17.4
202300045682,4.96,7.71
202300045683,3.46,13.91
202300045686,1.2,11.53
202300045691,3.47,11.94
202300045694,6.11,16.21
202300045698,2.41,22.0
202300045744,20.1,66.38
202300045747,2.83,18.32
202300045751,2.58,17.79
202300045760,8.38,13.92
202300045764,5.56,6.28
202300045779,7.0,23.01
202300045783,8.39,13.32
202300045787,4.57,6.49
202300045795,2.86,8.11
202300045799,6.01,4.74
202300045803,3.22,11.04
202300045807,4.09,10.58
202300045811,6.95,7.94
202300045814,4.26,6.82
202300045817,2.86,25.62
202300045818,7.34,9.38
202300045820,6.96,3.38
202300045823,3.32,26.77
202300045829,1.78,19.11
202300045834,5.15,9.47
202300045839,5.72,15.03
202300045843,15.5,35.37
202300045844,6.29,10.8
202300045848,8.03,15.85
202300045853,2.77,5.41
202300045854,7.06,8.44
202300045856,1.58,3.75
202300045880,6.78,4.8
202300045884,2.93,6.46
202300045899,8.18,7.58
202300045927,6.31,5.18
202300045930,4.35,6.16
202300045931,4.56,6.04
202300045954,4.36,0.67
202300046018,9.17,41.0
202300046022,2.65,15.24
202300046042,7.85,25.27
202300046076,12.33,10.76
202300046096,1.23,7.7
202300046100,2.4,11.04
202300046104,9.1,8.01
202300046107,5.21,6.19
202300046108,10.78,5.24
202300046109,2.37,49.22
202300046111,7.73,6.34
202300046113,4.9,13.74
202300046114,10.85,42.2
202300046118,4.67,20.56
202300046120,7.64,7.43
202300046123,8.34,20.98
202300046130,4.89,7.4
202300046137,4.63,10.91
202300046148,8.27,11.55
202300046163,6.36,6.67
202300046170,1.83,7.26
202300046173,4.18,9.19
202300046179,1.17,5.4
202300046204,4.2,4.67
202300046228,3.4,5.21
202300046249,4.98,14.24
202300046254,4.24,2.82
202300046260,3.68,9.51
202300046264,3.98,3.18
202300046276,3.7,13.29
202300046278,8.0,22.04
202300046341,7.34,10.6
202300046359,1.72,9.23
202300046361,6.31,21.29
202300046375,6.05,3.28
202300046388,4.41,8.94
202300046412,6.28,4.58
202300046423,4.81,4.29
202300046443,1.02,19.37
202300046445,12.27,42.5
202300046447,0.68,29.34
202300046449,8.94,16.87
202300046450,1.92,46.85
202300046451,2.46,25.25
202300046452,3.06,31.63
202300046454,9.14,9.52
202300046462,3.75,5.91
202300046465,7.79,8.92
202300046467,2.42,2.32
202300046475,10.25,25.06
202300046482,5.04,7.54
202300046485,6.66,6.1
202300046486,6.81,7.14
202300046489,3.16,6.88
202300046492,9.79,16.35
202300046507,8.77,16.97
202300046510,3.72,17.54
202300046519,7.36,8.34
202300046522,3.55,5.2
202300046544,5.14,7.87
202300046553,4.01,7.7
202300046560,4.97,27.83
202300046561,3.72,2.82
202300046582,5.4,3.49
202300046589,1.37,17.19
202300046592,5.93,4.93
202300046596,3.26,29.98
202300046597,1.93,29.16
202300046624,16.34,23.78
202300046627,10.78,24.27
202300046628,0.34,48.04
202300046631,38.87,24.85
202300046657,8.04,6.62
202300046681,8.24,10.98
202300046685,1.42,12.98
202300046688,2.0,18.1
202300046691,6.06,6.58
202300046723,5.57,13.52
202300046735,1.16,31.98
202300046740,5.54,6.93
202300046744,2.51,7.2
202300046748,4.43,4.34
202300046800,5.52,5.93
202300046801,2.27,3.98
202300046805,3.18,5.96
202300046820,4.75,5.22
202300046829,3.54,10.42
202300046838,1.45,7.56
202300046840,5.62,4.14
202300046864,9.72,39.46
202300046922,5.49,8.04
202300046944,8.69,5.4
202300046949,4.34,25.02
202300046962,6.52,42.97
202300046966,6.16,18.04
202300046977,8.88,15.84
202300046978,10.08,11.49
202300046992,10.45,24.65
202300046994,5.33,21.56
202300046995,6.0,13.19
202300047020,3.79,29.53
202300047023,2.16,9.72
202300047028,5.4,9.4
202300047039,11.92,32.78
202300047040,4.96,19.88
202300047069,8.95,20.84
202300047079,0.6,21.6
202300047094,6.58,18.95
202300047101,4.8,19.61
202300047103,3.34,45.2
202300047111,6.81,17.1
202300047115,7.69,13.86
202300047126,5.03,14.2
202300047127,1.77,5.01
202300047162,3.22,7.32
202300047171,3.52,9.77
202300047172,6.19,10.12
202300047173,6.22,10.15
202300047174,2.32,6.25
202300047175,14.4,17.42
202300047184,5.91,7.55
202300047203,5.02,4.01
202300047209,3.01,8.56
202300047210,3.24,3.64
202300047250,3.58,25.26
202300047273,6.96,9.77
202300047281,7.31,10.74
202300047284,2.54,10.0
202300047286,4.29,21.36
202300047306,2.6,14.65
202300047309,1.41,6.0
202300047310,6.85,10.0
202300047312,1.68,8.1
202300047320,4.01,3.48
202300047343,5.43,7.84
202300047386,8.72,5.44
202300047391,4.55,5.91
202300047438,2.44,5.1
202300047440,3.24,3.28
202300047441,21.9,35.12
202300047464,4.76,3.66
202300047467,2.21,10.83
202300047469,5.36,6.9
202300047471,1.83,3.47
202300047475,5.08,6.02
202300047477,1.79,6.31
202300047499,4.53,9.35
202300047510,1.82,5.5
202300047520,6.9,6.98
202300047526,4.81,8.44
202300047528,4.69,16.91
202300047532,7.16,14.2
202300047580,1.61,7.38
202300047582,8.17,10.42
202300047639,6.73,7.48
202300047690,12.94,38.11
202300047696,1.08,32.38
202300047698,10.81,33.85
202300047704,3.03,11.1
202300047709,5.07,13.89
202300047715,14.14,22.33
202300047719,1.42,4.07
202300047737,5.81,9.68
202300047759,6.14,19.85
202300047763,3.91,10.22
202300047784,4.15,6.31
202300047787,7.08,5.34
202300047788,4.07,5.72
202300047808,1.99,8.64
202300047810,3.8,15.4
202300047842,11.25,17.67
202300047847,5.44,4.01
202300047850,1.84,8.32
202300047852,4.13,10.73
202300047856,3.75,9.76
202300047859,27.07,21.6
202300047863,1.42,8.4
202300047869,4.62,7.2
202300047872,3.86,4.11
202300047881,4.36,26.72
202300047886,5.53,18.42
202300047906,3.49,5.66
202300047908,5.92,9.44
202300047911,3.95,7.29
202300047914,5.31,7.84
202300047960,1.55,23.43
202300047962,2.74,16.02
202300047964,6.04,9.27
202300047965,3.57,4.01
202300047987,15.8,15.24
202300048006,5.25,7.41
202300048013,2.72,8.35
202300048016,9.56,16.89
202300048035,3.27,3.18
202300048040,5.04,6.74
202300048043,6.22,9.57
202300048058,2.06,17.81
202300048066,1.35,11.94
202300048091,11.02,23.26
202300048108,6.03,15.56
202300048150,1.39,2.96
202300048152,1.22,6.63
202300048155,4.4,5.81
202300048165,2.22,26.52
202300048198,1.5,14.06
202300048201,3.94,3.83
202300048204,6.25,6.44
202300048222,3.74,7.74
202300048225,7.68,8.66
202300048232,3.04,5.44
202300048235,2.25,3.23
202300048239,2.88,15.95
202300048254,2.24,3.7
202300048302,5.95,9.92
202300048305,4.52,7.02
202300048308,5.43,7.4
202300048316,3.5,5.08
202300048321,9.13,8.69
202300048324,6.02,1.45
202300048354,5.44,7.1
202300048359,2.61,4.99
202300048398,3.17,3.14
202300048403,6.68,3.02
202300048406,4.18,3.9
202300048415,7.22,11.97
202300048428,4.47,5.22
202300048432,5.66,6.02
202300048460,4.18,8.93
202300048462,6.3,7.24
202300048463,4.27,10.86
202300048464,2.1,8.98
202300048468,4.35,7.01
202300048471,5.9,8.36
202300048475,5.98,3.62
202300048480,5.14,6.23
202300048485,4.77,9.56
202300048515,1.57,32.0
202300048558,4.07,6.31
202300048569,2.36,8.13
202300048589,7.99,9.87
202300048640,7.27,3.54
202300048667,8.27,12.02
202300048786,3.56,17.96
202300048824,7.04,24.2
202300048853,7.08,19.14
202300048858,3.47,19.85
202300048877,3.02,11.89
202300048878,1.42,30.63
202300048883,6.2,18.7
202300048904,4.29,6.08
202300048908,9.69,33.38
202300048944,6.42,6.14
202300048953,5.3,12.99
202300048970,8.2,11.95
202300048988,3.16,14.22
202300049034,8.87,42.54
202300049036,4.72,28.75
202300049037,5.82,13.88
202300049038,5.44,9.15
202300049047,6.91,4.33
202300049061,4.2,4.09
202300049062,4.22,6.88
202300049063,7.64,8.17
202300049064,5.85,5.49
202300049074,3.9,7.58
202300049101,4.68,9.0
202300049102,5.36,5.83
202300049103,4.57,9.15
202300049113,3.37,2.1
202300049148,5.54,15.88
202300049162,6.49,5.61
202300049174,11.9,13.06
202300049175,2.8,9.82
202300049178,2.36,6.59
202300049181,2.08,6.22
202300049184,10.98,14.93
202300049186,3.54,4.4
202300049205,4.31,7.83
202300049208,4.31,4.18
202300049211,4.72,6.99
202300049229,6.11,8.5
202300049231,3.88,13.74
202300049232,8.14,13.8
202300049234,3.0,6.89
202300049235,3.41,17.07
202300049236,15.51,27.26
202300049238,4.12,5.06
202300049241,5.11,13.57
202300049302,5.08,6.34
202300049309,4.93,7.84
202300049314,2.95,2.98
202300049346,4.93,4.08
202300049359,3.81,10.35
202300049363,5.3,7.5
202300049384,9.66,11.8
202300049387,8.32,14.12
202300049397,4.03,9.99
202300049420,3.08,7.27
202300049423,1.62,2.28
202300049426,1.24,7.72
202300049428,8.03,15.73
202300049431,1.69,8.16
202300049438,3.66,7.66
202300049452,0.92,9.07
202300049456,5.4,6.65
202300049460,9.61,20.65
202300049465,5.37,40.24
202300049471,4.85,7.53
202300049472,4.3,32.96
202300049476,2.1,3.02
202300049478,4.65,17.54
202300049483,3.65,9.99
202300049484,4.47,12.34
202300049486,3.6,1.22
202300049488,3.97,23.83
202300049490,2.52,11.08
202300049491,19.9,45.02
202300049494,33.57,23.2
202300049503,6.4,8.9
202300049504,4.47,13.2
202300049508,0.48,5.91
202300049511,4.92,4.56
202300049514,4.62,12.5
202300049515,2.11,2.0
202300049554,4.82,5.2
202300049577,1.51,2.97
202300049580,3.32,9.16
202300049585,6.31,7.72
202300049593,4.18,5.82
202300049598,2.51,2.41
202300049612,5.73,8.53
202300049627,4.9,7.4
202300049631,3.68,5.52
202300049633,6.18,6.7
202300049685,6.8,12.18
202300049694,6.06,6.93
202300049699,6.53,6.25
202300049706,3.03,4.6
202300049713,8.9,10.27
202300049769,8.98,26.2
202300049774,3.8,2.32
202300049778,2.05,27.27
202300049780,3.3,10.48
202300049782,3.15,2.02
202300049785,7.0,5.49
202300049789,3.86,17.26
202300049791,2.88,5.31
202300049794,10.78,25.93
202300049799,6.41,8.56
202300049805,5.62,9.55
202300049816,3.49,5.39
202300049821,3.26,3.74
202300049822,3.88,5.66
202300049827,4.64,5.04
202300049836,4.02,9.55
202300049851,5.48,6.49
202300049859,2.72,4.36
202300049863,4.24,6.02
202300049865,5.43,11.43
202300049870,3.27,10.28
202300049875,6.8,8.7
202300049876,3.86,7.9
202300049882,3.24,9.49
202300049886,0.31,10.76
202300049892,5.43,5.83
202300049894,7.9,16.71
202300049917,1.89,11.72
202300049927,5.4,2.12
202300049930,8.07,8.23
202300049934,7.23,9.92
202300049940,3.11,3.6
202300049949,3.7,6.1
202300049958,3.36,8.68
202300049966,5.02,19.12
202300049974,12.04,11.78
202300049984,2.6,17.39
202300049993,0.91,35.44
202300050000,9.72,15.28
202300050007,2.96,14.51
202300050017,4.93,19.9
202300050023,0.82,5.4
202300050024,7.12,18.21
202300050028,7.6,12.18
202300050032,5.2,5.92
202300050038,4.65,5.36
202300050042,3.94,9.37
202300050048,3.64,3.53
202300050097,2.51,8.54
202300050099,5.97,5.4
202300050104,7.5,14.55
202300050112,0.95,2.59
202300050119,5.92,6.39
202300050125,3.26,4.66
202300050137,6.2,9.01
202300050139,4.64,5.19
202300050147,5.99,11.98
202300050158,5.01,3.28
202300050165,3.9,4.08
202300050174,4.68,8.4
202300050179,3.99,6.16
202300050191,3.86,3.76
202300050194,6.69,11.05
202300050201,4.69,6.1
202300050234,3.01,4.57
202300050243,4.26,8.82
202300050306,2.13,5.73
202300050312,3.38,9.47
202300050335,4.23,3.54
202300050343,3.58,4.99
202300050349,2.96,3.36
202300050351,0.69,6.13
202300050354,0.71,4.85
202300050369,6.61,49.5
202300050398,1.8,20.75
202300050401,2.67,35.79
202300050418,2.17,13.77
202300050423,11.97,13.43
202300050424,3.03,3.43
202300050430,4.81,6.22
202300050458,4.97,16.56
202300050466,1.88,2.9
202300050471,4.44,1.73
202300050481,3.15,24.81
202300050483,4.29,16.95
202300050489,2.18,4.82
202300050492,1.63,5.1
202300050513,12.87,17.94
202300050528,5.53,4.53
202300050529,14.26,24.49
202300050550,6.54,5.86
202300050572,4.73,9.46
202300050629,8.01,10.95
202300050698,19.69,20.14
202300050744,7.55,7.73
202300050761,8.92,21.36
202300050764,7.52,25.75
202300050824,3.01,7.23
202300050845,1.46,15.7
202300050861,4.05,12.98
202300050868,2.84,2.62
202300050892,1.34,9.96
202300050897,8.28,7.0
202300050916,1.55,12.92
202300050922,4.57,7.81
202300050924,8.84,16.29
202300050932,4.4,10.35
202300050946,7.79,7.07
202300050947,6.15,8.67
202300050948,7.42,8.32
202300050961,3.26,9.74
202300050962,4.55,6.86
202300050964,2.82,3.29
202300050982,3.24,20.51
202300050984,2.34,16.79
202300051037,4.36,18.07
202300051039,5.83,9.68
202300051042,6.21,15.47
202300051063,7.61,7.85
202300051084,7.32,24.48
202300051126,5.62,8.01
202300051128,2.37,5.88
202300051131,6.9,2.13
202300051133,7.69,4.31
202300051134,3.94,26.86
202300051135,5.94,5.34
202300051136,4.86,3.89
202300051145,0.51,15.6
202300051146,1.76,12.09
202300051148,0.98,19.38
202300051151,3.52,6.87
202300051168,4.64,3.74
202300051174,1.57,4.54
202300051176,5.79,18.25
202300051178,2.86,8.19
202300051182,4.96,7.68
202300051218,6.24,24.11
202300051225,2.76,30.1
202300051264,5.82,7.18
202300051270,8.58,7.15
202300051271,2.0,9.9
202300051277,6.86,6.29
202300051279,4.75,3.6
202300051282,1.97,8.73
202300051311,7.64,13.09
202300051349,10.06,18.26
202300051391,7.66,25.0
202300051404,3.9,32.84
202300051413,3.5,26.59
202300051453,5.3,12.04
202300051495,4.84,19.14
202300051496,7.4,10.49
202300051503,2.02,5.76
202300051512,7.19,34.51
202300051518,2.39,28.26
202300051519,7.0,11.94
202300051525,2.34,29.08
202300051531,3.85,27.33
202300051536,10.54,51.17
202300051549,4.42,27.76
202300051576,23.04,28.21
202300051605,3.83,6.48
202300051607,8.79,19.14
202300051628,9.01,17.22
202300051633,2.58,25.51
202300051665,5.3,9.29
202300051693,1.22,8.11
202300051704,4.79,7.83
202300051711,9.26,19.48
202300051719,5.02,13.55
202300051734,9.25,18.3
202300051742,7.94,23.84
202300051744,8.99,22.24
202300051748,5.98,20.68
202300051752,10.13,17.23
202300051756,3.12,1.99
202300051758,6.1,6.16
202300051785,1.76,11.84
202300051794,7.24,19.04
202300051800,10.29,22.09
202300051809,1.25,15.51
202300051812,2.98,33.17
202300051814,3.69,14.07
202300051822,5.69,15.4
202300051828,4.09,11.31
202300051832,1.02,17.94
202300051833,0.61,17.28
202300051837,4.61,30.42
202300051839,6.29,10.57
202300051847,5.94,36.62
202300051856,6.78,8.94
202300051857,5.34,14.5
202300051870,8.89,15.72
202300051874,5.58,5.22
202300051884,15.35,32.96
202300051885,3.25,5.6
202300051893,13.84,16.01
202300051926,6.12,7.08
202300051976,0.4,6.09
202300051980,2.81,29.55
202300051988,3.53,49.81
202300052010,4.25,7.52
202300052027,4.77,5.72
202300052029,4.11,14.89
202300052036,4.23,16.06
202300052037,4.38,3.27
202300052041,4.5,5.56
202300052042,5.2,5.88
202300052045,4.37,3.27
202300052053,3.35,4.34
202300052056,5.01,8.14
202300052061,5.31,8.59
202300052066,4.69,8.0
202300052071,4.53,5.11
202300052093,7.84,13.28
202300052094,4.44,19.45
202300052108,4.6,17.0
202300052114,17.98,28.96
202300052180,4.55,10.22
202300052195,1.6,30.39
202300052198,5.78,25.51
202300052208,5.32,21.96
202300052222,2.77,10.65
202300052223,4.83,4.9
202300052227,1.62,3.53
202300052229,4.36,1.04
202300052235,1.28,20.31
202300052241,5.05,4.04
202300052243,3.78,7.19
202300052256,5.96,24.42
202300052260,3.04,5.78
202300052262,8.82,4.06
202300052265,6.85,9.35
202300052272,8.68,2.33
202300052273,2.71,9.22
202300052278,5.1,6.08
202300052284,6.4,10.88
202300052285,6.26,4.86
202300052293,4.35,4.25
202300052319,6.74,11.33
202300052323,5.29,13.56
202300052327,3.98,7.62
202300052328,2.08,8.72
202300052335,3.41,6.94
202300052397,8.06,5.27
202300052401,4.4,5.22
202300052403,2.87,4.17
202300052407,9.51,13.87
202300052414,8.56,9.39
202300052496,5.5,6.42
202300052499,2.28,3.22
202300052502,3.82,9.38
202300052551,2.21,10.54
202300052559,4.43,3.24
202300052569,5.85,10.87
202300052573,4.28,5.78
202300052575,7.39,26.4
202300052579,7.78,5.5
202300052581,1.48,5.65
202300052587,5.32,5.72
202300052590,5.08,7.72
202300052631,1.88,6.46
202300052669,7.52,10.36
202300052676,6.06,6.36
202300052682,2.02,3.28
202300052690,6.66,4.46
202300052695,5.31,26.95
202300052706,4.81,10.56
202300052712,3.58,15.17
202300052716,5.56,5.0
202300052717,6.2,13.49
202300052755,5.26,4.8
202300052772,6.49,44.89
202300052773,5.22,34.55
202300052775,7.84,10.75
202300052776,2.6,15.66
202300052781,3.01,2.18
202300052795,4.42,28.36
202300052798,8.0,12.19
202300052802,12.17,19.46
202300052816,3.32,8.22
202300052825,2.73,19.39
202300052853,7.17,6.36
202300052854,5.91,17.63
202300052858,2.63,7.23
202300052861,10.47,6.89
202300052863,6.91,18.14
202300052867,2.79,6.97
202300052869,7.63,5.32
202300052874,6.49,19.12
202300052876,5.78,4.82
202300052878,8.73,11.34
202300052882,6.13,6.43
202300052884,3.41,7.56
202300052886,8.0,2.47
202300052888,2.87,6.05
202300052892,3.56,5.15
202300052902,7.48,2.36
202300052904,6.02,9.64
202300052919,4.68,9.94
202300052924,5.04,3.69
202300052925,7.28,4.63
202300052928,24.74,36.16
202300052930,5.55,5.96
202300052931,2.89,12.61
202300052934,5.76,12.55
202300052935,4.49,4.89
202300052937,5.9,10.23
202300052943,6.24,22.19
202300052959,10.54,13.54
202300052962,5.34,8.92
202300052967,3.5,8.83
202300052973,6.1,3.95
202300052979,8.09,12.02
202300052980,4.14,2.49
202300052988,6.34,9.63
202300053060,5.24,22.32
202300053078,3.98,4.58
202300053119,2.74,6.4
202300053129,8.64,2.89
202300053131,2.49,28.79
202300053134,5.07,4.82
202300053139,1.45,33.33
202300053145,3.6,15.32
202300053149,4.46,17.68
202300053165,3.21,9.6
202300053168,0.79,9.57
202300053173,5.31,8.93
202300053186,3.34,11.22
202300053192,3.88,9.36
202300053198,5.79,8.69
202300053223,7.18,5.87
202300053231,4.33,31.66
202300053236,3.59,6.54
202300053242,3.17,7.79
202300053244,6.89,5.36
202300053252,4.66,9.68
202300053253,3.26,14.85
202300053254,2.19,3.2
202300053259,8.22,11.96
202300053264,3.12,6.38
202300053266,4.64,8.75
202300053270,5.59,5.82
202300053272,2.89,15.02
202300053360,5.59,17.96
202300053367,9.2,20.64
202300053368,1.35,6.28
202300053372,11.15,15.08
202300053373,1.65,2.98
202300053391,2.81,32.96
202300053412,3.96,2.16
202300053425,16.31,26.96
202300053447,4.16,5.61
202300053459,7.18,5.44
202300053461,7.18,16.35
202300053472,4.31,2.51
202300053498,11.8,23.73
202300053502,5.02,8.87
202300053507,3.8,5.96
202300053510,2.99,24.01
202300053511,5.78,3.21
202300053517,5.59,5.53
202300053521,3.21,4.61
202300053540,7.53,14.59
202300053548,3.84,13.36
202300053555,6.46,6.92
202300053560,3.06,6.25
202300053564,4.97,3.74
202300053570,2.57,2.61
202300053619,7.57,10.21
202300053628,3.17,4.56
202300053629,7.04,10.33
202300053639,6.03,9.65
202300053640,6.4,16.55
202300053651,3.4,1.9
202300053658,3.32,3.8
202300053662,5.35,7.51
202300053665,3.85,5.61
202300053666,2.38,5.3
202300053668,4.06,7.41
202300053672,5.68,3.41
202300053674,4.02,23.73
202300053675,5.87,7.43
202300053676,4.83,7.34
202300053703,7.63,35.95
202300053748,6.16,8.51
202300053752,11.11,12.66
202300053788,4.35,4.22
202300053792,2.78,3.98
202300053798,6.09,8.97
202300053799,6.52,6.28
202300053813,2.97,5.34
202300053817,4.9,8.22
202300053835,4.48,2.93
202300053897,6.67,17.69
202300053913,3.84,20.12
202300053951,1.38,3.02
202300053962,4.49,4.4
202300053981,3.68,10.33
202300053991,5.6,8.38
202300054003,5.64,5.87
202300054010,4.53,25.71
202300054016,4.65,3.68
202300054049,4.55,6.86
202300054057,4.31,6.76
202300054065,5.55,7.16
202300054087,3.21,1.91
202300054092,2.33,15.68
202300054097,5.72,9.23
202300054112,6.87,6.15
202300054122,1.5,30.75
202300054129,3.97,3.84
202300054141,2.89,3.9
202300054143,5.11,2.83
202300054152,4.37,7.97
202300054155,5.11,7.06
202300054166,2.22,4.72
202300054223,2.41,8.43
202300054225,3.19,24.99
202300054230,3.36,2.44
202300054284,6.24,5.14
202300054302,5.45,29.6
202300054309,5.81,4.81
202300054328,4.84,3.84
202300054337,4.45,22.36
202300054341,16.16,48.57
202300054348,11.27,9.28
202300054354,3.68,6.18
202300054369,3.34,16.71
202300054379,10.87,18.43
202300054383,4.6,14.89
202300054390,5.82,14.58
202300054412,8.95,17.65
202300054416,7.11,33.22
202300054429,0.68,25.95
202300054446,5.78,26.93
202300054449,11.87,17.74
202300054453,5.3,11.32
202300054463,8.89,17.56
202300054465,4.3,16.05
202300054467,7.19,5.77
202300054486,12.5,15.42
202300054492,3.51,15.43
202300054534,2.49,38.69
202300054562,7.72,13.43
202300054564,11.88,31.36
202300054570,3.35,3.03
202300054574,4.65,4.3
202300054575,11.8,16.16
202300054598,2.01,9.23
202300054612,3.25,5.74
202300054617,4.86,12.96
202300054623,6.85,9.43
202300054635,5.18,19.5
202300054636,4.26,11.72
202300054639,3.91,7.77
202300054647,3.91,48.84
202300054656,7.15,10.4
202300054665,6.99,10.07
202300054691,3.1,23.11
202300054696,4.11,5.06
202300054715,4.65,4.68
202300054718,6.36,7.55
202300054723,9.55,11.72
202300054726,7.61,14.92
202300054737,8.06,12.65
202300054741,2.41,7.09
202300054764,9.85,15.21
202300054774,2.7,11.59
202300054777,5.51,14.09
202300054778,5.46,7.54
202300054780,5.46,12.08
202300054784,5.01,11.59
202300054787,2.57,11.28
202300054790,3.58,7.53
202300054792,5.94,6.34
202300054822,1.95,4.95
202400000008,1.87,6.46
202400000009,8.17,12.76
202400000029,4.94,5.51
202400000078,3.53,5.92
202400000081,5.83,6.13
202400000089,2.32,28.15
202400000094,4.68,18.5
202400000108,4.34,6.65
202400000110,3.39,2.32
202400000111,7.98,4.36
202400000114,4.21,1.23
202400000129,2.95,24.58
202400000130,5.5,4.52
202400000131,5.74,8.49
202400000142,1.47,4.85
202400000161,6.35,31.06
202400000163,9.15,27.69
202400000164,21.26,26.69
202400000188,3.11,13.79
202400000191,1.22,5.45
202400000203,1.9,16.11
202400000209,16.63,34.71
202400000217,4.12,9.65
202400000257,2.94,5.24
202400000258,4.27,5.54
202400000259,5.63,6.1
202400000260,5.17,5.43
202400000276,6.5,5.64
202400000290,3.66,5.31
202400000291,5.06,6.29
202400000292,6.51,6.79
202400000322,5.03,7.19
202400000323,7.18,7.46
202400000327,5.7,5.73
202400000329,5.12,9.13
202400000357,3.42,19.96
202400000372,9.94,21.7
202400000374,2.08,12.49
202400000378,13.98,20.92
202400000387,5.74,11.19
202400000395,6.54,20.28
202400000398,6.01,9.75
202400000400,4.64,12.5
202400000401,6.5,23.4
202400000402,5.28,13.36
202400000446,1.74,8.22
202400000450,5.43,6.93
202400000452,6.35,9.2
202400000471,9.41,13.55
202400000473,1.66,4.43
202400000475,1.83,8.38
202400000491,4.36,13.25
202400000588,2.28,25.8
202400000600,6.24,13.4
202400000611,2.65,5.63
202400000638,0.36,33.35
202400000640,1.62,11.43
202400000645,3.93,1.67
202400000651,3.76,5.42
202400000657,4.53,6.94
202400000659,2.52,7.77
202400000670,3.61,1.02
202400000672,6.66,3.88
202400000708,3.85,4.56
202400000778,8.11,20.67
202400000798,12.37,11.0
202400000806,1.31,12.82
202400000809,3.77,3.24
202400000836,4.78,16.71
202400000838,1.39,20.34
202400000840,2.46,20.6
202400000855,4.74,6.08
202400000875,3.47,6.13
202400000888,4.23,5.51
202400000889,4.19,5.59
202400000910,12.96,10.88
202400000918,4.47,5.88
202400000950,4.28,4.76
202400001008,16.28,18.88
202400001031,2.37,19.86
202400001038,9.35,17.9
202400001052,4.95,9.88
202400001068,5.51,9.13
202400001080,2.86,10.66
202400001109,5.62,1.72
202400001114,5.01,8.61
202400001158,7.16,9.64
202400001177,6.88,3.15
202400001178,2.35,10.74
202400001202,7.47,10.53
202400001220,13.23,17.58
202400001223,0.81,41.38
202400001227,7.28,9.4
202400001303,9.25,32.22
202400001310,3.19,9.76
202400001314,3.52,7.45
202400001322,5.49,38.16
202400001333,6.1,7.11
202400001335,4.25,1.1
202400001337,5.89,7.03
202400001346,2.41,15.05
202400001356,1.4,11.35
202400001368,7.95,9.1
202400001377,1.97,9.82
202400001379,4.76,5.23
202400001402,2.46,14.8
202400001405,4.22,14.21
202400001407,6.54,27.69
202400001424,4.42,26.1
202400001431,4.83,3.95
202400001436,6.32,4.79
202400001520,5.69,29.67
202400001529,2.66,28.35
202400001534,3.83,55.45
202400001591,4.92,16.11
202400001593,0.62,16.24
202400001625,8.78,15.75
202400001626,13.68,17.34
202400001639,16.77,24.85
202400001640,3.15,10.68
202400001642,8.11,20.18
202400001655,5.01,27.87
202400001656,1.55,6.45
202400001658,2.99,16.82
202400001660,4.66,13.82
202400001662,11.57,12.93
202400001667,2.6,19.83
202400001668,4.5,4.42
202400001669,2.78,11.96
202400001682,5.94,7.33
202400001685,2.01,5.82
202400001686,4.28,12.15
202400001688,5.98,7.39
202400001727,7.32,3.83
202400001738,4.05,3.96
202400001740,2.78,7.17
202400001771,5.73,10.5
202400001784,4.72,16.31
202400001786,5.99,11.98
202400001787,3.47,6.42
202400001789,6.0,4.22
202400001790,4.7,4.35
202400001814,5.33,10.56
202400001838,10.34,4.58
202400001866,2.13,3.21
202400001874,1.36,17.27
202400001917,7.36,11.96
202400001978,7.53,17.3
202400001986,9.93,8.82
202400001991,4.31,7.08
202400002048,4.42,6.52
202400002085,5.9,9.52
202400002090,2.59,2.45
202400002093,3.53,7.31
202400002095,6.34,7.76
202400002164,2.85,6.78
202400002167,4.87,7.37
202400002169,5.93,8.1
202400002197,10.5,28.1
202400002211,2.85,4.66
202400002213,3.94,10.48
202400002214,5.58,6.92
202400002298,2.92,7.5
202400002301,5.81,6.56
202400002379,5.66,2.42
202400002410,3.99,4.32
202400002413,2.3,4.85
202400002457,2.82,7.41
202400002492,2.21,24.07
202400002494,0.84,17.44
202400002504,1.2,20.25
202400002536,5.22,24.0
202400002545,2.22,5.79
202400002546,12.79,35.42
202400002568,12.06,12.24
202400002571,10.54,21.57
202400002589,5.31,6.86
202400002608,1.35,23.99
202400002609,6.11,3.33
202400002615,5.93,7.76
202400002616,4.24,12.11
202400002618,6.66,7.78
202400002631,5.32,6.13
202400002681,8.27,19.42
202400002700,2.6,30.0
202400002713,11.06,6.66
202400002735,8.95,14.6
202400002744,11.18,9.62
202400002745,0.52,22.96
202400002746,3.23,5.67
202400002771,4.73,34.64
202400002781,2.21,6.9
202400002793,6.76,6.54
202400002814,3.11,8.7
202400002872,2.1,4.12
202400002904,1.27,8.46
202400002907,6.56,10.5
202400002909,5.82,2.97
202400002932,4.7,27.68
202400002941,2.45,12.4
202400002944,12.74,14.28
202400002946,1.56,11.86
202400002950,4.34,7.93
202400002952,3.45,3.88
202400002954,5.89,4.42
202400002956,4.56,16.95
202400002957,10.66,13.26
202400002959,9.52,10.34
202400002962,0.49,20.61
202400002963,1.86,20.17
202400002967,4.24,30.4
202400002968,13.2,12.72
202400002969,2.38,2.81
202400003013,2.27,6.28
202400003030,5.84,23.83
202400003033,7.08,23.7
202400003042,7.16,5.25
202400003043,3.51,23.78
202400003054,3.41,3.32
202400003058,2.23,5.28
202400003075,7.91,17.01
202400003081,3.29,2.19
202400003085,7.29,9.45
202400003126,5.56,5.24
202400003128,3.46,7.31
202400003129,3.24,12.04
202400003132,1.4,9.78
202400003133,5.72,5.81
202400003138,7.05,9.94
202400003165,5.99,8.04
202400003202,2.23,3.83
202400003212,5.22,5.9
202400003215,0.56,7.83
202400003221,7.24,7.98
202400003229,0.61,4.84
202400003274,5.82,4.95
202400003276,3.28,8.71
202400003278,1.8,1.02
202400003281,3.28,3.36
202400003283,6.59,6.44
202400003285,5.34,6.95
202400003287,2.64,5.32
202400003302,5.69,4.39
202400003335,6.34,12.58
202400003377,8.22,33.38
202400003379,2.84,29.25
202400003392,3.65,11.72
202400003414,7.3,6.12
202400003416,2.44,32.5
202400003418,2.42,25.21
202400003421,4.84,8.73
202400003482,6.12,5.16
202400003483,1.35,5.01
202400003484,13.99,22.56
202400003485,4.39,18.19
202400003486,8.44,4.86
202400003487,8.77,10.9
202400003488,5.84,5.54
202400003489,5.58,3.44
202400003490,11.9,35.36
202400003491,6.78,42.72
202400003492,3.74,41.84
202400003493,5.65,19.03
202400003494,7.42,10.39
202400003495,0.78,20.0
202400003496,8.23,4.95
202400003497,5.05,13.41
202400003498,2.56,19.88
202400003542,2.42,12.72
202400003545,7.68,24.3
202400003579,13.36,30.99
202400003581,7.82,12.77
202400003583,5.87,23.92
202400003585,1.88,13.46
202400003631,3.86,17.62
202400003635,6.0,19.89
202400003639,0.29,5.7
202400003640,6.67,7.8
202400003660,9.03,9.27
202400003670,4.79,8.06
202400003674,4.57,4.49
202400003677,2.92,1.81
202400003726,4.76,8.62
202400003733,6.11,9.88
202400003758,3.12,11.0
202400003762,5.64,3.55
202400003772,1.72,4.71
202400003858,3.36,30.59
202400003877,31.12,28.65
202400003880,15.66,18.22
202400003881,12.62,21.99
202400003914,7.68,9.15
202400003916,6.6,19.38
202400003920,1.9,21.33
202400003921,4.27,7.5
202400003932,7.88,19.48
202400003934,0.37,13.01
202400003936,5.93,23.0
202400003938,2.82,22.64
202400003953,4.24,10.53
202400003955,4.4,17.64
202400003956,1.76,10.93
202400003958,5.41,14.86
202400003969,5.33,7.52
202400003970,5.86,10.25
202400003993,3.1,5.27
202400003997,5.71,7.78
202400004035,5.48,6.06
202400004041,4.26,7.29
202400004100,3.12,5.52
202400004115,6.19,3.15
202400004122,3.7,9.57
202400004148,5.11,3.82
202400004192,1.84,5.22
202400004272,7.51,44.3
202400004293,1.0,37.34
202400004295,2.35,29.09
202400004301,4.55,17.07
202400004330,2.91,1.99
202400004343,4.76,11.3
202400004372,1.06,2.0
202400004373,2.83,6.93
202400004399,12.43,13.24
202400004402,3.75,10.99
202400004406,6.78,5.39
202400004407,1.59,5.79
202400004408,5.23,11.65
202400004410,3.9,23.07
202400004413,9.52,15.32
202400004417,0.73,10.45
202400004420,12.42,14.62
202400004441,4.06,30.02
202400004444,5.16,8.15
202400004447,7.42,7.43
202400004449,4.36,26.09
202400004451,2.65,46.14
202400004454,3.96,5.74
202400004456,6.32,5.51
202400004458,4.63,7.71
202400004459,4.36,12.54
202400004460,8.19,23.3
202400004463,2.91,11.87
202400004464,8.56,12.35
202400004465,5.57,4.67
202400004466,3.06,15.14
202400004496,6.8,5.65
202400004501,4.7,7.34
202400004539,6.58,4.69
202400004542,7.26,7.3
202400004582,9.26,7.16
202400004595,1.9,3.8
202400004620,5.54,6.24
202400004622,4.19,5.54
202400004637,1.67,5.02
202400004649,4.37,28.51
202400004659,7.4,4.44
202400004697,10.42,37.56
202400004713,8.59,14.32
202400004732,9.91,8.61
202400004733,11.93,19.62
202400004735,7.59,19.13
202400004736,6.92,15.38
202400004762,11.37,11.12
202400004771,0.6,13.2
202400004775,5.58,13.04
202400004777,3.06,20.11
202400004780,10.71,14.74
202400004786,0.85,12.42
202400004787,5.72,27.12
202400004834,4.04,20.38
202400004835,0.88,12.96
202400004837,2.75,15.6
202400004870,3.36,10.91
202400004877,6.45,7.58
202400004879,3.22,2.22
202400004884,4.64,8.62
202400004886,3.82,5.49
202400004889,3.53,4.48
202400004891,4.37,8.28
202400004905,3.76,19.61
202400004906,7.11,18.41
202400004908,1.14,29.8
202400004910,0.88,10.22
202400004912,2.74,8.03
202400004914,2.21,7.33
202400004916,2.8,15.2
202400004917,3.47,6.56
202400004919,4.65,19.96
202400004921,7.1,30.56
202400004923,4.83,16.62
202400004925,5.27,3.42
202400004927,0.45,36.81
202400004930,4.85,21.05
202400004931,6.42,8.99
202400004933,6.15,10.82
202400004936,7.27,30.48
202400004959,6.66,12.01
202400004962,3.8,16.87
202400004964,3.77,7.47
202400004966,0.8,24.29
202400004972,1.78,6.36
202400004982,4.19,3.67
202400005002,3.46,6.58
202400005004,2.52,7.77
202400005006,8.12,3.42
202400005008,3.27,4.69
202400005010,1.3,0.6
202400005012,4.26,5.52
202400005018,7.78,39.28
202400005068,2.44,9.88
202400005088,6.53,4.39
202400005089,8.05,8.85
202400005090,3.35,4.97
202400005093,5.26,7.65
202400005094,4.0,8.15
202400005095,5.03,6.3
202400005112,7.24,16.0
202400005121,1.58,3.74
202400005124,3.34,1.72
202400005126,5.6,8.99
202400005129,3.71,2.24
202400005145,4.79,6.63
202400005233,12.0,13.22
202400005256,6.98,6.78
202400005261,2.6,21.39
202400005265,1.22,11.44
202400005266,13.09,16.07
202400005271,4.42,1.98
202400005285,6.93,29.51
202400005296,3.28,29.65
202400005309,5.04,16.32
202400005311,2.86,19.46
202400005330,5.1,31.26
202400005332,7.04,17.72
202400005358,5.14,4.96
202400005360,5.08,9.84
202400005362,4.67,5.23
202400005380,7.34,2.8
202400005408,2.02,5.61
202400005419,4.69,9.27
202400005435,9.35,24.51
202400005470,3.56,11.44
202400005477,2.24,4.69
202400005478,7.08,7.08
202400005479,4.4,22.99
202400005480,11.81,24.62
202400005485,3.17,14.37
202400005486,15.85,25.06
202400005487,3.09,12.48
202400005488,2.25,19.34
202400005525,8.49,1.55
202400005526,7.54,8.99
202400005557,5.49,5.78
202400005559,5.4,4.62
202400005560,6.46,10.3
202400005562,5.6,5.04
202400005585,2.3,7.72
202400005587,5.18,9.04
202400005615,1.95,6.38
202400005683,2.34,6.87
202400005693,3.91,28.17
202400005696,0.72,32.21
202400005706,5.91,19.74
202400005713,0.82,17.8
202400005717,3.68,8.27
202400005718,9.16,28.02
202400005740,8.55,36.93
202400005741,5.8,15.36
202400005746,0.38,33.11
202400005748,5.2,16.86
202400005750,4.99,6.64
202400005751,2.86,24.78
202400005752,2.17,5.01
202400005799,4.25,7.79
202400005801,4.62,2.94
202400005802,4.29,7.48
202400005833,2.5,3.82
202400005856,2.62,2.49
202400005857,4.19,4.66
202400005858,5.97,6.65
202400005859,6.25,3.19
202400005861,3.58,4.01
202400005875,24.26,70.54
202400005878,4.49,16.71
202400005888,3.82,4.3
202400005897,5.83,5.27
202400005950,4.54,1.0
202400005954,4.15,6.81
202400005955,2.91,5.07
202400005958,3.63,4.69
202400005962,5.23,5.43
202400005965,2.72,6.19
202400005968,5.46,9.0
202400005987,5.35,24.49
202400005993,22.78,28.21
202400005998,8.89,16.42
202400006001,2.23,22.75
202400006024,8.09,10.82
202400006027,9.15,9.44
202400006034,5.54,7.37
202400006038,5.92,5.61
202400006046,2.8,24.24
202400006049,3.68,29.79
202400006052,4.48,17.95
202400006053,10.56,26.07
202400006056,9.49,26.84
202400006084,3.76,3.09
202400006089,5.1,2.34
202400006097,4.88,49.77
202400006126,4.42,8.08
202400006138,0.69,5.32
202400006147,2.5,2.63
202400006149,4.58,4.06
202400006162,9.76,28.54
202400006167,2.87,19.47
202400006226,4.48,3.89
202400006229,5.71,5.41
202400006232,3.46,6.03
202400006236,5.35,7.76
202400006239,9.38,4.68
202400006243,5.45,7.86
202400006250,2.76,7.34
202400006251,2.33,6.22
202400006263,8.0,20.89
202400006265,6.07,9.01
202400006270,7.22,19.16
202400006274,6.9,13.27
202400006285,4.36,8.35
202400006321,3.34,7.18
202400006325,6.22,8.38
202400006327,3.58,3.38
202400006362,0.54,24.31
202400006364,3.54,28.24
202400006366,4.73,6.51
202400006370,1.91,4.67
202400006373,0.37,11.45
202400006424,3.81,4.28
202400006428,5.25,5.19
202400006432,2.28,3.26
202400006436,9.05,19.11
202400006474,3.31,11.61
202400006488,7.46,27.32
202400006497,7.05,10.1
202400006498,10.32,12.88
202400006499,5.24,19.06
202400006505,6.0,11.11
202400006530,7.55,8.68
202400006549,3.24,4.47
202400006584,2.51,2.75
202400006591,5.42,5.86
202400006595,9.94,10.18
202400006612,2.72,7.14
202400006614,4.39,4.06
202400006658,1.03,30.64
202400006667,3.39,23.12
202400006676,6.4,7.56
202400006682,5.35,5.07
202400006690,11.25,16.09
202400006701,7.31,42.08
202400006704,1.43,6.63
202400006718,7.8,31.49
202400006721,10.2,37.48
202400006724,5.52,26.88
202400006729,23.75,32.25
202400006746,7.34,21.33
202400006776,4.04,4.77
202400006779,11.03,38.54
202400006781,4.2,26.79
202400006784,3.91,5.82
202400006799,3.35,11.11
202400006805,3.9,33.34
202400006806,21.66,33.08
202400006809,5.2,8.46
202400006811,4.83,7.86
202400006813,6.95,11.88
202400006816,8.46,11.07
202400006817,0.87,21.65
202400006819,4.5,9.1
202400006820,4.87,7.93
202400006822,2.33,29.09
202400006824,8.09,9.7
202400006826,4.57,26.13
202400006831,6.21,7.17
202400006834,6.64,31.18
202400006837,1.28,11.9
202400006839,14.17,14.91
202400006843,5.4,16.03
202400006844,5.01,3.09
202400006847,8.85,7.9
202400006849,5.11,22.24
202400006851,5.54,12.76
202400006853,6.28,11.3
202400006855,8.68,9.71
202400006856,0.78,22.12
202400006857,5.5,17.14
202400006858,6.63,6.78
202400006859,1.14,16.48
202400006882,3.1,6.23
202400006884,4.22,4.96
202400006886,6.38,7.4
202400006894,1.49,26.61
202400006944,5.64,5.43
202400006967,4.35,8.2
202400006968,4.0,3.0
202400006970,3.02,1.6
202400006972,6.41,6.46
202400006987,3.91,19.09
202400006989,7.58,8.71
202400006990,5.39,5.26
202400006997,2.27,4.33
202400007036,5.04,6.92
202400007037,7.29,4.15
202400007086,3.45,17.64
202400007117,6.57,24.41
202400007152,6.82,13.87
202400007153,1.84,8.36
202400007155,5.28,16.86
202400007176,8.92,16.96
202400007178,2.49,6.87
202400007208,7.32,14.96
202400007218,6.74,4.41
202400007220,4.74,5.21
202400007222,8.82,10.18
202400007256,7.37,10.52
202400007265,6.05,12.78
202400007266,3.89,6.9
202400007267,6.89,6.16
202400007268,10.93,23.52
202400007269,5.24,8.63
202400007271,2.63,2.52
202400007272,5.66,5.44
202400007284,4.84,3.84
202400007288,2.94,4.56
202400007342,6.68,8.3
202400007357,5.48,23.3
202400007358,1.22,34.63
202400007359,4.22,18.34
202400007360,8.6,14.7
202400007361,2.97,17.0
202400007373,5.48,20.45
202400007381,11.78,8.72
202400007396,4.17,13.54
202400007413,1.84,6.02
202400007414,5.61,8.54
202400007435,4.99,7.51
202400007437,4.99,8.38
202400007438,7.27,9.53
202400007474,2.59,11.03
202400007478,4.23,3.71
202400007534,6.39,20.69
202400007537,8.32,15.65
202400007565,5.2,17.03
202400007567,5.25,34.19
202400007569,0.76,16.3
202400007581,4.92,7.19
202400007616,2.42,5.5
202400007619,2.88,10.33
202400007620,3.72,16.05
202400007621,3.4,13.26
202400007655,5.56,6.87
202400007664,3.02,5.19
202400007668,4.26,10.8
202400007699,6.44,3.71
202400007723,2.39,5.26
202400007761,3.32,5.99
202400007762,3.34,4.91
202400007773,8.1,5.12
202400007774,6.81,8.49
202400007775,3.46,6.08
202400007808,3.93,7.94
202400007811,5.36,7.52
202400007815,2.0,5.82
202400007817,3.91,6.07
202400007832,6.05,5.83
202400007833,2.04,3.21
202400007862,4.05,2.88
202400007886,8.72,2.58
202400007889,4.92,7.8
202400007898,4.53,5.54
202400007900,6.05,5.83
202400007957,2.29,7.57
202400007963,4.31,10.7
202400007965,3.26,3.74
202400007968,5.56,3.28
202400007973,1.32,8.5
202400007997,17.93,27.91
202400008000,15.26,22.27
202400008006,3.92,14.13
202400008019,11.54,26.91
202400008039,11.12,7.61
202400008059,5.14,8.41
202400008064,1.75,10.1
202400008185,3.36,2.68
202400008189,2.23,4.39
202400008206,6.22,7.73
202400008209,5.79,9.31
202400008210,3.11,26.7
202400008214,5.0,7.16
202400008219,6.14,7.0
202400008231,7.56,8.68
202400008266,4.87,3.9
202400008270,6.11,9.97
202400008279,5.24,5.13
202400008312,9.6,8.3
202400008318,4.74,16.46
202400008322,2.02,5.78
202400008325,3.82,7.86
202400008328,10.34,14.15
202400008359,3.4,15.28
202400008362,3.51,11.92
202400008379,7.72,7.36
202400008383,4.94,11.72
202400008385,4.98,6.22
202400008386,1.78,6.17
202400008405,5.96,7.76
202400008426,3.33,7.47
202400008436,3.16,4.61
202400008437,6.72,1.16
202400008439,3.73,6.85
202400008442,9.82,13.79
202400008462,3.13,4.78
202400008468,4.17,8.1
202400008472,6.83,15.63
202400008482,6.52,5.52
202400008484,3.63,2.5
202400008485,4.99,3.99
202400008522,8.84,9.28
202400008523,5.11,5.06
202400008554,5.18,8.25
202400008566,3.82,14.06
202400008569,2.39,26.12
202400008570,4.14,6.64
202400008573,2.88,26.15
202400008575,2.85,9.59
202400008579,5.11,4.43
202400008582,0.72,7.81
202400008585,7.09,4.95
202400008589,3.48,10.66
202400008591,2.6,2.49
202400008595,3.3,20.19
202400008596,10.8,25.57
202400008599,7.8,12.63
202400008602,4.47,12.36
202400008607,27.0,21.75
202400008622,1.35,14.42
202400008649,3.93,2.93
202400008660,9.13,21.0
202400008696,5.6,11.04
202400008709,6.42,7.25
202400008735,7.88,14.45
202400008757,1.77,8.54
202400008759,5.37,17.21
202400008777,21.96,19.15
202400008778,4.36,3.96
202400008779,8.04,12.73
202400008782,6.42,10.68
202400008784,3.6,17.55
202400008785,3.64,19.84
202400008786,7.35,4.25
202400008787,3.99,7.68
202400008789,9.45,14.24
202400008798,3.64,10.04
202400008800,4.52,9.03
202400008802,3.25,4.25
202400008804,4.36,8.51
202400008810,1.73,18.55
202400008834,2.71,15.05
202400008846,5.7,10.39
202400008848,5.02,5.3
202400008850,2.9,14.98
202400008852,2.28,21.2
202400008854,5.39,10.68
202400008856,7.33,6.94
202400008857,6.82,19.26
202400008859,4.26,3.97
202400008861,3.27,10.72
202400008863,9.88,8.94
202400008865,8.3,7.34
202400008867,5.61,9.86
202400008869,11.52,17.14
202400008871,4.62,15.25
202400008874,8.94,17.14
202400008876,0.54,18.79
202400008884,7.04,17.26
202400008898,1.6,9.38
202400008899,5.08,5.15
202400008906,4.18,6.41
202400008922,1.37,6.87
202400008923,5.23,7.89
202400008944,4.09,6.48
202400008965,2.71,7.3
202400008968,5.37,4.5
202400008997,4.46,10.04
202400009023,3.09,17.86
202400009032,4.24,4.74
202400009039,4.81,4.25
202400009053,4.11,4.4
202400009055,5.64,5.65
202400009093,5.98,8.15
202400009094,6.51,7.04
202400009095,1.89,3.8
202400009105,8.4,12.26
202400009106,4.1,4.3
202400009107,4.09,7.27
202400009108,6.26,6.32
202400009155,7.26,3.25
202400009174,3.57,6.15
202400009241,7.39,39.47
202400009243,0.66,27.32
202400009254,3.94,5.7
202400009262,7.81,9.95
202400009287,5.55,9.17
202400009288,3.08,5.74
202400009289,5.08,6.97
202400009315,5.25,6.26
202400009461,4.49,15.45
202400009467,4.68,36.78
202400009487,0.36,33.55
202400009503,2.41,10.82
202400009509,5.39,6.4
202400009511,13.73,25.39
202400009513,5.93,23.28
202400009515,7.48,16.81
202400009518,3.34,6.14
202400009519,6.3,6.31
202400009526,4.92,9.68
202400009535,4.06,26.46
202400009543,12.05,10.75
202400009546,7.02,6.05
202400009548,4.71,7.86
202400009560,25.17,71.45
202400009562,4.9,6.7
202400009564,2.89,23.09
202400009566,2.54,14.15
202400009568,4.2,37.42
202400009626,5.53,8.59
202400009629,0.86,4.72
202400009649,3.98,6.38
202400009650,4.85,11.03
202400009653,4.42,9.85
202400009654,3.87,8.37
202400009693,6.19,13.24
202400009722,8.55,6.39
202400009745,0.76,4.66
202400009752,4.56,8.49
202400009755,5.74,7.91
202400009765,5.18,6.82
202400009773,8.2,7.8
202400009794,3.91,6.12
202400009803,4.03,3.11
202400009826,5.05,6.77
202400009842,1.66,8.09
202400009935,5.57,6.34
202400009991,4.01,23.14
202400010019,0.59,12.46
202400010022,2.05,6.42
202400010041,7.99,15.53
202400010045,7.06,22.32
202400010049,3.78,26.77
202400010052,0.08,35.33
202400010056,6.2,18.38
202400010084,6.54,5.98
202400010085,4.29,7.33
202400010089,0.7,3.66
202400010091,7.39,23.62
202400010124,2.78,9.67
202400010132,2.26,20.77
202400010136,6.35,17.38
202400010138,4.25,12.51
202400010141,2.42,10.09
202400010146,5.72,6.76
202400010147,2.9,8.94
202400010153,1.2,30.97
202400010154,7.03,8.16
202400010157,3.4,20.27
202400010160,2.91,12.63
202400010165,3.57,4.73
202400010168,4.98,9.99
202400010180,1.98,5.85
202400010183,5.91,5.93
202400010187,3.06,5.72
202400010190,6.04,11.95
202400010214,5.92,19.64
202400010221,2.11,2.0
202400010232,10.76,34.2
202400010241,10.91,11.03
202400010248,5.82,11.54
202400010264,1.89,12.12
202400010302,7.27,18.75
202400010319,7.13,6.36
202400010325,8.66,14.62
202400010347,2.68,11.0
202400010349,14.48,23.32
202400010350,5.7,18.48
202400010389,3.88,9.74
202400010398,2.88,3.32
202400010399,5.15,4.16
202400010401,2.53,2.94
202400010404,3.9,8.42
202400010410,2.98,31.01
202400010413,3.74,24.92
202400010417,7.31,27.34
202400010421,6.9,6.14
202400010424,5.26,3.53
202400010427,8.33,12.26
202400010431,4.45,8.38
202400010434,3.75,9.84
202400010437,4.93,9.16
202400010439,2.33,7.65
202400010442,8.12,3.02
202400010445,6.3,6.9
202400010455,3.6,8.33
202400010461,7.09,9.92
202400010474,3.88,6.49
202400010480,3.7,25.34
202400010501,3.74,4.07
202400010507,5.63,3.53
202400010532,2.9,1.42
202400010588,10.0,19.02
202400010591,14.74,32.41
202400010596,8.64,10.82
202400010606,2.98,8.62
202400010609,6.24,10.38
202400010610,4.18,4.89
202400010613,3.9,4.01
202400010615,5.3,1.59
202400010621,9.03,29.53
202400010623,5.34,10.79
202400010653,1.92,15.48
202400010660,8.59,26.25
202400010663,7.69,25.81
202400010674,7.1,6.1
202400010686,5.36,5.55
202400010687,9.71,11.49
202400010689,6.11,6.97
202400010694,24.56,38.91
202400010719,3.57,6.52
202400010722,4.23,7.11
202400010754,6.15,4.99
202400010755,2.65,7.36
202400010757,5.26,4.57
202400010775,2.14,5.74
202400010781,4.5,14.15
202400010783,5.73,7.32
202400010809,2.57,22.28
202400010827,4.33,8.01
202400010837,5.68,5.98
202400010845,1.95,16.24
202400010857,4.82,9.84
202400010863,8.3,17.56
202400010864,3.96,6.19
202400010870,6.62,25.28
202400010871,1.86,34.3
202400010906,5.59,6.86
202400010914,5.81,7.18
202400010915,1.68,8.13
202400010916,4.37,8.87
202400010917,2.98,3.41
202400010922,6.67,5.28
202400010924,2.55,6.4
202400010926,7.78,6.03
202400010950,5.49,3.21
202400010970,5.77,3.78
202400010973,4.68,4.71
202400010978,1.97,7.31
202400010980,5.54,4.57
202400010992,5.6,1.71
202400011009,5.44,4.92
202400011074,6.39,3.74
202400011088,0.22,5.57
202400011099,4.36,29.06
202400011104,1.03,22.67
202400011106,4.14,4.9
202400011108,2.35,22.81
202400011109,8.18,22.98
202400011124,0.15,21.31
202400011185,13.77,47.92
202400011186,6.25,9.83
202400011187,5.82,3.25
202400011188,7.31,5.44
202400011189,1.45,7.14
202400011190,3.05,5.97
202400011191,4.81,9.41
202400011192,7.77,23.68
202400011193,5.05,41.38
202400011194,4.8,21.21
202400011195,2.15,27.42
202400011196,8.12,14.61
202400011197,16.8,36.05
202400011198,5.37,20.16
202400011199,6.32,23.26
202400011200,2.9,15.52
202400011201,3.08,15.16
202400011202,7.78,8.91
202400011203,7.59,26.11
202400011204,2.28,25.74
202400011205,3.93,22.28
202400011206,4.2,4.42
202400011207,4.16,18.76
202400011208,2.16,23.49
202400011218,9.49,35.5
202400011224,0.78,5.8
202400011236,2.87,4.59
202400011239,2.68,19.55
202400011248,7.54,13.19
202400011249,2.8,11.47
202400011250,3.14,15.36
202400011253,5.01,2.73
202400011270,3.47,8.26
202400011274,5.61,6.32
202400011299,3.15,7.81
202400011300,2.36,4.75
202400011318,6.26,6.6
202400011320,6.62,3.68
202400011409,4.72,2.8
202400011415,2.6,14.42
202400011417,11.16,17.44
202400011427,5.83,12.02
202400011429,5.23,20.0
202400011436,6.72,17.79
202400011446,4.09,10.4
202400011472,3.72,3.86
202400011480,6.94,12.03
202400011482,3.71,27.04
202400011501,7.77,6.02
202400011503,7.63,7.38
202400011505,6.76,4.61
202400011512,5.77,7.51
202400011514,1.21,6.29
202400011545,7.93,16.08
202400011547,9.25,21.83
202400011549,2.17,8.96
202400011550,2.99,16.81
202400011551,4.37,8.18
202400011590,3.57,13.49
202400011591,3.72,3.14
202400011592,6.19,6.6
202400011593,3.47,3.28
202400011659,4.28,11.28
202400011677,3.47,4.88
202400011698,5.51,10.37
202400011700,1.77,20.72
202400011703,7.14,15.49
202400011725,6.97,5.72
202400011734,13.06,19.92
202400011744,1.23,7.18
202400011760,2.78,5.03
202400011761,2.16,6.83
202400011763,3.91,10.48
202400011777,0.68,6.04
202400011799,6.48,9.64
202400011805,5.17,7.6
202400011814,6.01,3.73
202400011818,5.63,4.48
202400011882,3.88,8.47
202400011888,5.28,7.44
202400011891,2.61,5.8
202400011894,8.55,6.76
202400011898,3.2,6.39
202400011905,1.23,20.82
202400011908,4.93,19.48
202400011940,5.44,5.74
202400011945,10.56,10.83
202400011997,2.97,7.85
202400012014,7.6,10.48
202400012017,10.32,11.29
202400012080,6.39,3.97
202400012102,7.36,35.01
202400012119,4.74,5.22
202400012122,2.12,9.97
202400012124,1.3,6.3
202400012175,5.59,7.82
202400012257,8.83,19.5
202400012262,5.31,5.61
202400012273,10.05,9.4
202400012278,1.87,22.22
202400012283,6.62,10.25
202400012293,11.3,11.04
202400012380,5.13,6.72
202400012386,5.82,15.36
202400012390,2.47,10.81
202400012413,4.4,8.72
202400012418,5.58,5.61
202400012421,6.71,6.74
202400012424,3.97,5.54
202400012439,5.57,8.88
202400012476,3.83,1.87
202400012478,5.0,3.0
202400012481,4.78,6.92
202400012482,4.18,3.18
202400012501,5.13,8.56
202400012503,5.21,5.29
202400012507,3.74,7.81
202400012511,4.64,8.78
202400012567,5.66,27.3
202400012569,5.7,3.87
202400012572,6.16,3.04
202400012575,6.37,22.15
202400012581,1.35,1.98
202400012601,3.82,7.5
202400012603,6.67,11.41
202400012616,3.35,14.29
202400012621,3.09,25.3
202400012623,6.26,4.82
202400012624,5.68,7.69
202400012625,4.97,8.41
202400012626,3.87,13.61
202400012641,7.46,10.94
202400012649,3.14,8.43
202400012671,5.26,2.57
202400012672,4.13,19.31
202400012675,10.6,12.02
202400012678,3.98,8.22
202400012679,10.62,10.44
202400012692,6.58,11.16
202400012695,7.26,9.14
202400012705,3.13,25.77
202400012750,4.49,9.55
202400012762,2.69,2.73
202400012775,3.43,3.32
202400012793,2.79,4.65
202400012794,2.82,7.67
202400012811,4.28,2.87
202400012812,2.01,1.48
202400012838,2.77,8.85
202400012865,5.47,28.92
202400012887,4.26,10.8
202400012904,23.28,24.09
202400012918,5.03,19.12
202400012919,5.31,12.8
202400012940,5.22,7.8
202400012942,7.5,11.18
202400012945,4.08,8.58
202400012947,2.03,4.19
202400012948,3.81,5.22
202400012950,5.17,6.38
202400012972,6.87,8.29
202400012973,1.93,8.81
202400012975,4.5,8.56
202400012978,4.93,6.18
202400012980,3.82,6.31
202400012981,5.57,7.43
202400012990,4.0,4.6
202400012991,6.75,4.71
202400013009,1.61,6.19
202400013054,3.69,11.2
202400013066,8.45,10.35
202400013072,3.73,19.2
202400013079,3.08,8.73
202400013112,5.01,8.01
202400013113,2.11,3.68
202400013117,1.29,5.39
202400013133,4.83,4.7
202400013134,5.55,5.44
202400013135,5.75,7.84
202400013138,1.54,3.18
202400013139,3.82,8.3
202400013141,4.44,7.31
202400013143,5.87,3.59
202400013172,0.6,5.43
202400013173,4.32,2.74
202400013197,4.94,6.42
202400013275,4.01,3.37
202400013285,4.35,37.26
202400013326,4.61,9.6
202400013330,7.57,5.65
202400013333,9.92,19.39
202400013339,11.84,44.04
202400013340,1.83,21.87
202400013341,3.99,28.5
202400013343,2.18,7.16
202400013378,3.58,5.61
202400013380,4.97,8.82
202400013396,10.34,24.54
202400013399,9.51,14.12
202400013404,0.91,10.4
202400013410,4.13,10.6
202400013412,6.96,9.79
202400013414,7.4,9.74
202400013423,11.56,18.33
202400013455,3.28,2.48
202400013461,3.15,2.53
202400013491,2.73,6.92
202400013492,7.42,11.63
202400013498,4.68,4.59
202400013536,3.14,8.71
202400013552,5.94,4.75
202400013554,4.37,8.75
202400013555,3.62,0.86
202400013556,4.79,1.62
202400013557,8.09,5.96
202400013570,6.35,6.47
202400013573,2.72,7.15
202400013574,2.8,8.15
202400013575,2.69,1.83
202400013576,8.4,9.6
202400013601,4.39,24.44
202400013602,2.32,5.36
202400013631,7.04,4.8
202400013661,7.15,3.39
202400013787,10.74,15.15
202400013789,6.5,9.18
202400013790,4.49,20.71
202400013814,12.33,22.49
202400013817,15.26,17.88
202400013823,6.15,15.05
202400013848,2.93,2.74
202400013871,3.16,2.59
202400013872,7.21,24.16
202400013875,4.95,18.9
202400013877,3.79,4.01
202400013880,7.65,6.77
202400013881,4.66,25.78
202400013883,3.88,10.36
202400013884,4.54,18.41
202400013887,2.76,38.78
202400013906,5.31,9.15
202400013910,3.02,6.87
202400013913,6.18,7.1
202400013917,5.77,7.39
202400013920,3.84,6.08
202400013924,5.82,6.48
202400013926,2.76,10.58
202400013948,5.37,4.26
202400013962,4.04,6.54
202400013966,3.65,3.65
202400013994,2.83,19.0
202400014025,3.47,12.51
202400014046,9.23,22.92
202400014064,3.43,9.9
202400014068,5.95,11.28
202400014073,9.18,11.45
202400014081,4.5,13.52
202400014085,8.23,29.01
202400014092,7.2,6.67
202400014149,7.27,19.03
202400014151,6.8,10.94
202400014155,6.42,6.22
202400014157,5.66,7.38
202400014159,1.85,6.23
202400014208,3.12,2.8
202400014217,5.93,6.92
202400014222,5.24,2.68
202400014225,6.77,11.35
202400014253,5.74,7.13
202400014256,1.96,5.12
202400014260,4.5,8.35
202400014267,6.55,9.05
202400014287,4.68,3.38
202400014328,1.49,6.07
202400014343,7.51,6.8
202400014396,12.99,35.69
202400014414,1.74,17.28
202400014419,4.01,25.65
202400014423,2.91,6.45
202400014440,2.99,31.8
202400014455,8.68,23.71
202400014458,10.03,43.71
202400014459,3.83,21.55
202400014466,7.25,6.21
202400014484,18.51,43.07
202400014485,20.62,50.73
202400014486,3.83,7.76
202400014490,1.75,19.68
202400014511,5.17,12.86
202400014527,3.84,15.89
202400014531,5.01,23.13
202400014560,8.23,15.18
202400014566,6.8,7.78
202400014585,10.09,6.52
202400014619,3.32,6.5
202400014639,5.95,2.78
202400014640,6.42,3.1
202400014656,6.87,5.67
202400014713,3.29,1.88
202400014716,4.12,6.0
202400014717,1.11,13.17
202400014718,6.31,4.64
202400014719,8.31,10.7
202400014720,3.72,6.6
202400014723,2.44,4.04
202400014735,3.05,3.43
202400014749,5.6,5.08
202400014750,5.11,3.19
202400014789,10.38,35.78
202400014790,1.41,25.93
202400014799,5.22,19.14
202400014803,11.31,28.76
202400014805,3.78,11.83
202400014807,5.46,29.15
202400014824,1.9,4.99
202400014825,3.01,12.11
202400014872,1.55,3.94
202400014873,6.37,6.01
202400014883,5.82,8.43
202400014885,7.94,9.25
202400014887,3.41,5.22
202400014919,7.71,13.42
202400014948,5.07,28.49
202400014951,8.02,9.19
202400014952,7.75,13.22
202400014957,7.25,18.4
202400014960,3.18,23.42
202400014963,4.84,21.11
202400014964,6.35,17.78
202400014984,4.26,23.57
202400014985,17.6,20.15
202400014986,5.75,16.04
202400015002,4.62,3.84
202400015003,5.73,3.16
202400015014,5.06,6.7
202400015052,7.21,9.09
202400015053,5.94,8.76
202400015167,7.78,6.34
202400015169,9.88,9.26
202400015177,1.74,31.83
202400015227,12.2,26.08
202400015229,4.0,31.31
202400015231,6.68,24.11
202400015234,7.55,36.63
202400015241,0.06,11.13
202400015245,3.33,22.79
202400015260,2.92,23.67
202400015261,5.31,43.13
202400015272,2.66,12.62
202400015278,8.31,15.24
202400015280,5.76,30.14
202400015282,4.37,10.57
202400015304,6.02,18.18
202400015306,7.0,28.92
202400015350,1.58,5.26
202400015352,5.49,6.46
202400015361,8.21,5.71
202400015363,4.29,8.88
202400015365,4.19,4.04
202400015367,8.32,9.6
202400015381,4.24,5.64
202400015403,7.0,8.45
202400015405,1.33,0.99
202400015407,8.03,6.73
202400015408,2.54,2.02
202400015409,8.61,11.74
202400015435,6.96,5.1
202400015437,4.14,2.95
202400015457,3.46,4.23
202400015486,5.51,5.54
202400015488,2.2,5.66
202400015504,4.29,3.8
202400015505,2.32,5.28
202400015527,2.1,17.56
202400015528,4.18,2.16
202400015547,10.84,15.43
202400015578,11.66,20.47
202400015584,2.61,30.54
202400015601,5.75,8.75
202400015605,3.39,20.18
202400015623,9.6,10.75
202400015649,3.51,13.56
202400015661,1.9,20.48
202400015665,2.71,15.3
202400015693,5.98,10.59
202400015698,7.61,7.47
202400015699,8.15,6.46
202400015700,4.61,15.96
202400015701,5.15,6.28
202400015705,7.35,35.18
202400015743,4.8,8.51
202400015744,5.6,5.62
202400015748,5.74,5.94
202400015769,4.41,4.28
202400015770,3.93,8.69
202400015771,3.74,4.14
202400015787,7.72,3.42
202400015789,3.48,11.66
202400015817,3.85,11.16
202400015825,5.65,6.63
202400015851,2.79,3.94
202400015937,10.81,10.6
202400015942,10.22,7.89
202400015943,1.64,20.99
202400015950,5.17,4.28
202400015954,3.02,10.21
202400015957,3.4,6.25
202400015976,7.37,12.84
202400015988,6.5,12.18
202400015990,5.79,26.45
202400016025,2.9,12.54
202400016034,3.86,8.32
202400016061,5.65,7.89
202400016069,5.14,28.59
202400016077,11.22,13.46
202400016093,3.27,29.3
202400016096,6.25,6.4
202400016100,1.32,15.9
202400016103,7.11,13.7
202400016112,1.62,28.82
202400016114,10.24,16.65
202400016117,8.98,16.43
202400016121,3.01,20.85
202400016125,2.1,15.56
202400016134,11.15,17.93
202400016137,3.51,9.46
202400016139,3.39,3.3
202400016153,5.74,7.69
202400016156,2.93,4.58
202400016158,7.44,7.35
202400016188,0.82,10.78
202400016191,3.7,2.67
202400016192,3.86,10.11
202400016202,5.28,8.84
202400016216,3.79,7.9
202400016247,4.8,4.28
202400016250,7.34,7.04
202400016265,7.34,25.0
202400016267,7.99,19.77
202400016271,4.34,9.91
202400016275,4.98,22.63
202400016312,5.52,9.67
202400016317,11.29,14.28
202400016336,7.42,26.84
202400016340,8.78,19.88
202400016373,2.82,3.83
202400016377,8.32,5.67
202400016386,4.81,4.76
202400016418,9.45,5.05
202400016431,9.52,25.06
202400016435,0.27,12.06
202400016444,6.02,6.04
202400016467,2.68,7.4
202400016470,5.24,20.77
202400016473,4.33,5.75
202400016474,10.47,22.7
202400016477,3.82,16.26
202400016494,0.58,12.8
202400016497,12.57,15.13
202400016500,1.36,18.71
202400016530,4.04,29.15
202400016532,3.72,7.4
202400016556,3.5,2.83
202400016559,7.07,7.58
202400016601,8.76,21.0
202400016604,1.23,27.97
202400016617,3.71,14.57
202400016618,7.23,12.4
202400016630,2.24,15.42
202400016632,2.97,14.36
202400016647,6.34,1.69
202400016649,6.72,5.56
202400016666,5.71,3.26
202400016722,12.92,36.18
202400016723,10.2,11.42
202400016728,2.67,22.66
202400016738,5.12,36.14
202400016739,7.36,34.13
202400016764,7.04,11.63
202400016765,4.89,14.01
202400016766,1.89,19.5
202400016767,9.77,19.01
202400016768,12.96,24.73
202400016776,2.1,5.4
202400016798,6.96,17.18
202400016808,5.08,8.26
202400016809,2.72,8.66
202400016826,15.15,25.8
202400016857,8.14,20.94
202400016863,3.46,8.4
202400016900,0.86,4.97
202400016901,4.87,5.07
202400016913,5.12,4.82
202400016915,4.1,8.11
202400016930,3.79,4.09
202400016932,6.12,4.47
202400016984,14.24,14.9
202400016985,10.12,19.37
202400016989,12.78,15.22
202400017000,4.2,23.65
202400017001,4.82,22.01
202400017083,1.76,7.11
202400017089,9.22,14.12
202400017108,2.12,7.96
202400017110,5.44,7.48
202400017119,4.66,19.79
202400017120,3.44,1.95
202400017121,2.35,3.74
202400017123,5.33,6.97
202400017180,2.6,18.1
202400017181,7.44,7.03
202400017182,4.52,3.53
202400017184,4.55,19.14
202400017187,4.11,20.89
202400017211,5.93,2.78
202400017262,6.32,10.29
202400017309,3.01,19.32
202400017314,2.06,3.42
202400017317,6.16,5.32
202400017319,1.59,5.31
202400017360,7.49,5.62
202400017363,5.43,7.02
202400017391,3.57,19.21
202400017403,7.14,42.35
202400017414,19.55,20.35
202400017423,7.05,19.57
202400017441,8.68,42.55
202400017446,5.55,13.66
202400017448,4.39,25.97
202400017449,3.94,4.74
202400017451,3.12,1.58
202400017452,8.1,9.44
202400017456,6.22,14.42
202400017466,2.09,3.14
202400017489,13.74,17.48
202400017506,2.64,36.05
202400017508,6.73,43.34
202400017509,5.31,10.09
202400017514,6.54,19.34
202400017521,2.07,6.27
202400017532,4.35,11.9
202400017533,1.82,2.98
202400017534,4.1,19.59
202400017535,5.63,8.68
202400017548,8.85,18.7
202400017554,2.92,6.7
202400017556,4.3,10.97
202400017576,1.84,4.62
202400017577,3.79,2.61
202400017578,4.69,5.12
202400017579,5.07,7.73
202400017601,10.73,36.99
202400017602,10.34,24.96
202400017624,2.49,31.74
202400017646,2.2,3.4
202400017647,5.35,6.74
202400017676,3.68,6.86
202400017682,4.66,6.86
202400017683,2.89,6.58
202400017685,6.08,5.21
202400017687,6.06,6.11
202400017688,1.89,4.3
202400017715,2.67,9.3
202400017717,2.12,4.73
202400017743,5.82,6.63
202400017746,5.8,1.7
202400017754,5.05,6.56
202400017760,3.06,10.06
202400017770,3.8,8.65
202400017815,4.09,1.46
202400017825,1.73,5.41
202400017830,4.57,6.15
202400017834,4.09,4.86
202400017842,4.48,6.2
202400017847,6.23,6.56
202400017864,5.0,15.12
202400017866,9.35,7.24
202400017888,5.68,7.56
202400017890,6.44,5.74
202400017928,6.2,33.34
202400017974,8.29,14.3
202400017979,3.58,19.8
202400018021,7.99,17.6
202400018022,6.95,12.34
202400018027,3.3,11.91
202400018051,7.09,10.24
202400018052,11.21,19.67
202400018059,2.23,7.58
202400018092,6.57,33.47
202400018100,4.27,9.4
202400018131,5.65,10.55
202400018136,3.01,2.64
202400018144,0.5,33.38
202400018148,8.64,19.77
202400018188,4.12,13.29
202400018191,8.33,23.21
202400018195,2.69,22.79
202400018201,4.21,2.8
202400018206,6.27,7.91
202400018228,8.84,20.35
202400018232,12.81,23.8
202400018248,6.23,3.08
202400018254,4.47,22.34
202400018273,4.58,6.68
202400018274,4.46,3.98
202400018275,5.59,10.69
202400018277,3.59,14.11
202400018280,3.93,6.88
202400018326,8.72,5.66
202400018336,6.33,4.46
202400018338,5.99,8.89
202400018339,2.4,27.53
202400018342,4.86,9.61
202400018362,7.69,8.01
202400018365,4.23,8.02
202400018367,5.77,11.72
202400018371,5.59,11.54
202400018373,6.16,25.22
202400018374,3.17,5.84
202400018375,2.17,1.54
202400018376,14.85,38.93
202400018379,6.07,6.89
202400018380,4.06,8.96
202400018382,5.2,16.1
202400018422,3.27,4.43
202400018423,3.06,2.49
202400018424,2.48,3.32
202400018427,6.47,3.94
202400018446,3.82,5.92
202400018459,2.12,10.93
202400018460,3.82,1.61
202400018462,1.5,7.51
202400018467,5.9,10.08
202400018469,3.42,6.6
202400018470,5.26,7.78
202400018541,1.16,13.22
202400018551,7.67,31.36
202400018553,1.09,27.81
202400018596,12.1,34.53
202400018598,2.02,24.26
202400018612,3.44,1.59
202400018616,5.39,19.37
202400018629,4.55,23.11
202400018645,4.41,11.96
202400018649,5.76,10.87
202400018663,6.5,5.31
202400018689,3.76,9.75
202400018714,6.98,4.84
202400018737,5.05,6.46
202400018759,2.87,24.55
202400018774,7.33,11.72
202400018793,4.49,17.04
202400018805,5.64,8.77
202400018813,9.04,21.07
202400018815,5.74,20.06
202400018817,4.38,14.88
202400018822,5.0,10.88
202400018827,4.91,7.97
202400018880,11.48,19.53
202400018887,1.6,22.25
202400018897,9.75,11.3
202400018898,2.05,2.56
202400018909,32.66,26.3
202400018911,16.38,34.6
202400018920,4.36,7.19
202400018969,4.24,13.98
202400019009,3.03,26.04
202400019010,8.01,15.25
202400019012,4.05,19.59
202400019014,11.12,14.96
202400019017,2.45,16.41
202400019019,6.47,8.49
202400019021,5.73,4.34
202400019024,5.71,24.74
202400019025,1.6,11.71
202400019027,27.23,46.48
202400019083,3.99,6.94
202400019085,3.94,5.74
202400019114,3.71,9.11
202400019120,3.84,1.9
202400019122,7.13,3.24
202400019146,7.1,9.44
202400019163,5.15,2.61
202400019166,4.08,3.56
202400019202,7.2,13.55
202400019212,2.89,7.91
202400019248,16.07,15.46
202400019253,1.63,14.58
202400019256,1.13,3.56
202400019260,4.16,11.61
202400019287,10.66,20.03
202400019328,4.44,28.44
202400019334,1.82,17.58
202400019340,8.01,22.04
202400019344,1.17,5.5
202400019360,2.57,18.56
202400019363,2.92,20.54
202400019365,5.75,3.03
202400019379,4.7,26.08
202400019412,11.34,22.0
202400019419,30.49,24.13
202400019432,8.08,6.78
202400019434,1.21,21.88
202400019437,7.11,11.05
202400019439,6.96,6.4
202400019483,1.11,10.28
202400019503,7.56,6.31
202400019504,4.81,9.12
202400019513,1.4,24.2
202400019528,34.5,26.86
202400019530,3.59,26.44
202400019549,4.55,6.71
202400019550,2.68,5.34
202400019551,2.66,7.04
202400019562,4.81,12.58
202400019573,4.68,3.27
202400019617,6.19,9.19
202400019620,8.39,8.38
202400019646,8.16,11.01
202400019673,2.99,27.49
202400019675,6.28,5.84
202400019718,2.04,8.2
202400019722,5.04,7.42
202400019724,2.37,26.68
202400019725,2.01,3.64
202400019730,3.69,3.57
202400019753,3.09,6.14
202400019759,2.3,22.45
202400019794,1.97,10.5
202400019805,7.23,4.67
202400019826,3.41,1.41
202400019833,2.78,2.67
202400019853,7.41,5.5
202400019857,5.81,4.91
202400019865,2.46,4.02
202400019867,4.39,22.42
202400019874,2.38,8.82
202400019884,3.89,10.56
202400019891,5.99,16.83
202400019894,4.38,8.26
202400019897,6.97,11.7
202400019902,3.79,7.04
202400019972,4.42,1.02
202400019977,7.46,16.72
202400019980,4.85,9.41
202400020001,8.2,12.82
202400020003,2.88,12.13
202400020007,4.38,38.17
202400020011,5.85,20.26
202400020034,1.44,19.88
202400020035,15.16,16.61
202400020052,1.58,12.3
202400020080,5.82,16.26
202400020089,5.68,8.46
202400020092,2.18,3.02
202400020099,2.41,6.06
202400020122,10.54,22.42
202400020143,5.68,8.71
202400020150,5.41,5.65
202400020156,7.29,7.21
202400020169,2.19,3.83
202400020173,4.97,8.1
202400020181,4.89,10.54
202400020196,0.65,4.77
202400020252,4.55,8.62
202400020255,3.27,7.31
202400020259,4.7,6.84
202400020262,4.99,4.42
202400020277,3.52,6.5
202400020330,4.08,25.95
202400020345,16.29,27.74
202400020365,3.06,2.53
202400020367,4.46,18.28
202400020381,5.16,6.17
202400020383,3.91,5.8
202400020425,3.31,3.78
202400020428,4.51,8.24
202400020429,3.65,7.72
202400020431,7.08,6.86
202400020434,2.78,4.06
202400020455,4.25,6.49
202400020458,1.01,6.98
202400020461,2.89,4.08
202400020477,6.91,14.4
202400020484,5.64,10.46
202400020485,5.55,5.96
202400020522,6.63,7.34
202400020572,3.56,4.28
202400020579,4.1,8.54
202400020581,6.27,16.09
202400020586,2.22,17.58
202400020602,10.05,22.26
202400020608,2.31,27.12
202400020609,7.54,8.37
202400020621,2.69,13.41
202400020643,1.1,5.32
202400020645,1.88,5.95
202400020646,6.72,8.36
202400020648,5.89,7.53
202400020668,4.75,7.27
202400020711,7.79,6.49
202400020714,2.76,10.45
202400020716,1.55,6.52
202400020720,5.95,7.53
202400020722,7.61,7.48
202400020797,5.62,21.6
202400020819,4.5,9.94
202400020826,8.62,7.97
202400020827,5.81,17.74
202400020853,7.22,6.82
202400020854,4.55,8.47
202400020855,2.74,4.91
202400020856,4.32,4.51
202400020876,5.05,9.35
202400020889,2.09,3.6
202400020890,0.72,4.94
202400020891,3.7,6.38
202400020892,4.62,8.51
202400020922,1.8,1.02
202400020924,4.34,5.31
202400020938,3.6,2.3
202400020941,6.05,4.9
202400020945,3.25,7.14
202400020973,2.22,4.91
202400021019,4.61,9.35
202400021024,6.3,13.85
202400021029,10.48,11.93
202400021073,2.37,13.27
202400021098,5.13,16.09
202400021099,0.12,32.36
202400021102,7.3,29.72
202400021154,1.88,10.21
202400021164,4.66,9.04
202400021199,3.76,14.38
202400021217,6.11,6.29
202400021220,9.28,12.16
202400021222,4.7,12.26
202400021225,2.81,19.43
202400021227,5.91,17.84
202400021230,4.84,4.8
202400021232,7.76,16.51
202400021289,4.19,5.68
202400021309,5.61,4.65
202400021313,4.44,10.62
202400021316,2.84,8.79
202400021319,2.09,6.32
202400021331,4.29,1.46
202400021334,3.69,5.85
202400021335,6.23,4.64
202400021338,2.84,2.28
202400021400,5.12,8.24
202400021435,2.99,3.56
202400021457,5.32,11.55
202400021467,2.91,14.5
202400021468,6.48,8.89
202400021505,2.47,5.39
202400021547,2.62,22.06
202400021577,1.37,15.77
202400021580,3.88,29.72
202400021581,5.28,13.59
202400021586,4.83,9.24
202400021588,7.98,13.71
202400021601,8.74,31.64
202400021606,7.82,39.48
202400021607,1.8,24.48
202400021612,7.55,10.82
202400021614,4.51,21.44
202400021619,8.85,7.61
202400021620,2.44,15.45
202400021621,3.42,34.38
202400021623,5.59,6.42
202400021643,2.7,14.68
202400021680,3.06,3.28
202400021683,3.58,8.39
202400021688,4.78,10.18
202400021693,5.18,6.07
202400021710,3.67,6.36
202400021713,10.07,4.54
202400021746,5.94,6.9
202400021753,2.62,8.5
202400021757,7.98,4.7
202400021758,5.99,6.96
202400021760,2.86,3.84
202400021804,4.64,7.3
202400021821,1.11,2.75
202400021824,2.6,5.78
202400021828,5.93,8.39
202400021832,5.94,5.99
202400021875,1.74,16.92
202400021883,3.84,8.44
202400021892,1.91,14.98
202400021905,5.2,25.01
202400021936,34.55,20.53
202400021952,3.9,6.85
202400021955,11.15,13.89
202400021958,5.12,14.28
202400021987,4.4,39.9
202400021991,3.6,12.21
202400021993,6.11,30.58
202400022012,2.7,20.33
202400022022,2.97,3.81
202400022039,7.08,6.79
202400022046,2.47,7.2
202400022053,0.98,2.88
202400022086,5.14,13.9
202400022088,3.16,17.14
202400022104,8.24,5.18
202400022107,2.3,9.76
202400022119,4.39,8.88
202400022125,3.38,2.31
202400022134,4.2,8.75
202400022138,7.01,18.03
202400022141,2.58,12.82
202400022143,3.7,7.13
202400022144,7.28,16.81
202400022147,5.99,4.76
202400022176,8.68,11.63
202400022184,6.82,9.76
202400022196,8.74,10.7
202400022200,6.33,5.63
202400022226,8.4,10.17
202400022243,3.02,9.5
202400022258,2.0,2.92
202400022259,4.45,3.93
202400022280,2.94,5.65
202400022283,5.58,1.95
202400022285,3.66,9.69
202400022369,4.58,7.07
202400022424,6.49,3.33
202400022483,2.24,16.57
202400022485,7.72,22.13
202400022517,12.93,20.58
202400022535,2.93,6.27
202400022536,7.14,7.94
202400022538,3.3,6.17
202400022539,6.24,5.53
202400022633,5.79,9.72
202400022696,1.32,25.91
202400022711,7.81,30.48
202400022714,5.93,24.37
202400022722,5.55,9.57
202400022731,30.58,35.06
202400022732,2.91,29.01
202400022733,6.91,23.26
202400022735,6.55,11.15
202400022736,2.47,11.49
202400022737,5.67,4.44
202400022762,7.25,4.08
202400022771,6.59,8.11
202400022792,8.57,8.59
202400022793,7.69,13.35
202400022798,2.29,13.88
202400022799,4.8,5.95
202400022800,3.4,8.49
202400022827,3.95,9.86
202400022828,5.36,4.36
202400022830,3.34,3.82
202400022831,4.72,7.22
202400022857,6.51,7.35
202400022858,7.97,10.83
202400022868,5.5,4.63
202400022953,11.95,19.6
202400022955,5.46,27.09
202400022971,4.99,7.91
202400022979,5.7,7.38
202400022984,5.08,5.83
202400022989,4.03,8.65
202400022991,6.39,8.89
202400022993,6.51,6.71
202400022994,6.14,6.08
202400022995,4.33,27.12
202400022996,6.21,7.85
202400022997,0.44,5.97
202400023023,4.59,12.92
202400023077,3.89,15.74
202400023080,3.51,9.73
202400023084,7.63,30.97
202400023089,4.14,13.85
202400023119,9.83,11.5
202400023122,5.06,8.12
202400023124,7.01,7.04
202400023156,5.85,12.42
202400023162,4.08,7.72
202400023165,3.01,6.26
202400023216,3.41,10.1
202400023257,5.64,12.95
202400023298,8.37,25.85
202400023333,3.91,26.48
202400023349,5.73,14.43
202400023350,1.66,11.36
202400023351,6.78,17.65
202400023391,6.3,10.15
202400023393,5.48,5.12
202400023395,3.95,7.97
202400023441,2.1,18.67
202400023466,3.18,25.86
202400023471,5.53,6.84
202400023482,11.62,16.88
202400023484,12.81,22.89
202400023500,3.0,12.98
202400023501,5.68,25.6
202400023502,6.04,8.93
202400023503,4.89,17.36
202400023504,2.77,21.81
202400023506,2.61,14.54
202400023508,3.3,9.89
202400023509,5.55,6.27
202400023511,2.52,17.11
202400023513,1.55,10.93
202400023515,2.76,13.7
202400023517,5.13,12.63
202400023522,4.0,7.73
202400023531,2.36,3.04
202400023533,3.54,7.39
202400023534,4.87,9.22
202400023536,6.41,6.05
202400023537,6.9,9.4
202400023539,5.48,9.38
202400023569,5.56,6.37
202400023571,2.56,13.53
202400023573,11.28,10.62
202400023576,8.45,9.25
202400023580,3.03,4.11
202400023582,4.42,5.6
202400023591,3.61,4.09
202400023607,9.66,8.24
202400023617,0.69,3.89
202400023621,1.8,6.1
202400023625,4.61,8.05
202400023629,6.84,6.62
202400023632,7.03,15.34
202400023633,6.86,8.06
202400023635,3.99,5.89
202400023658,3.92,1.67
202400023660,6.96,4.34
202400023661,10.24,27.51
202400023664,4.72,4.37
202400023686,3.1,4.28
202400023698,1.44,28.16
202400023699,3.0,8.51
202400023702,4.53,7.23
202400023704,4.25,15.76
202400023707,4.39,5.06
202400023711,4.94,4.85
202400023713,5.48,7.96
202400023715,16.25,27.24
202400023716,4.74,5.86
202400023720,8.98,5.92
202400023721,5.99,5.24
202400023730,2.34,5.3
202400023775,5.11,7.46
202400023792,5.41,8.89
202400023834,5.68,8.71
202400023862,6.8,4.88
202400023890,7.97,17.34
202400023896,6.61,15.51
202400023898,1.69,8.17
202400023919,5.22,11.35
202400023920,4.05,9.28
202400023921,3.43,12.8
202400023925,4.77,12.62
202400023927,4.05,9.42
202400023931,9.26,12.53
202400023938,5.31,15.9
202400023965,7.81,13.27
202400023967,8.65,5.58
202400023986,3.87,7.46
202400023998,1.09,23.29
202400024001,4.51,12.62
202400024005,8.7,18.53
202400024024,15.2,10.63
202400024031,3.55,3.98
202400024048,3.71,8.26
202400024080,3.4,17.97
202400024085,3.43,3.71
202400024087,4.24,1.2
202400024093,6.2,8.7
202400024111,7.02,5.63
202400024149,4.95,9.68
202400024172,17.19,38.57
202400024175,6.14,16.0
202400024180,7.28,10.66
202400024188,0.51,10.6
202400024190,0.83,13.9
202400024205,6.79,10.43
202400024211,6.27,12.46
202400024233,9.26,9.88
202400024242,4.46,18.13
202400024246,2.99,29.28
202400024254,10.13,24.96
202400024259,3.59,25.14
202400024270,5.74,3.11
202400024316,3.01,5.96
202400024320,3.27,8.12
202400024325,3.27,31.46
202400024343,6.88,33.64
202400024360,2.17,25.86
202400024365,3.88,15.19
202400024367,4.23,27.02
202400024375,7.32,6.96
202400024384,4.24,4.74
202400024410,2.88,15.48
202400024411,2.56,12.26
202400024414,3.46,17.28
202400024415,5.6,26.62
202400024416,5.97,8.59
202400024419,4.57,6.58
202400024421,6.43,5.07
202400024423,5.02,9.6
202400024448,5.14,8.36
202400024453,5.55,5.75
202400024458,4.81,6.43
202400024484,3.93,10.01
202400024485,5.95,5.7
202400024538,3.54,11.85
202400024540,3.43,14.32
202400024542,9.13,14.32
202400024548,4.36,6.28
202400024564,2.08,25.06
202400024642,4.76,8.04
202400024664,7.45,10.51
202400024678,2.87,3.88
202400024679,8.74,3.98
202400024680,5.19,8.38
202400024697,1.6,4.99
202400024745,5.84,5.27
202400024749,3.88,7.73
202400024750,7.54,12.29
202400024751,6.08,8.75
202400024767,6.16,6.84
202400024791,5.75,5.07
202400024792,2.61,5.16
202400024817,2.51,1.32
202400024827,4.16,12.65
202400024852,5.32,9.67
202400024887,3.58,6.24
202400024891,2.03,5.44
202400024895,5.23,7.39
202400024903,3.49,3.38
202400024933,5.83,9.69
202400024983,5.42,7.83
202400024986,1.53,8.28
202400024987,3.34,37.51
202400024989,3.18,0.91
202400024991,5.76,35.7
202400025020,4.9,8.65
202400025041,8.38,1.61
202400025053,3.93,12.78
202400025054,4.45,3.47
202400025097,4.75,3.78
202400025119,4.56,16.56
202400025122,4.89,27.22
202400025142,1.78,2.72
202400025146,5.43,13.64
202400025157,3.49,27.52
202400025234,3.87,20.81
202400025238,0.5,42.67
202400025249,12.92,10.85
202400025269,0.78,6.81
202400025301,6.71,6.86
202400025302,11.0,21.22
202400025325,4.68,2.06
202400025379,4.48,6.64
202400025381,5.94,7.33
202400025386,6.01,6.31
202400025387,6.31,6.85
202400025405,2.47,14.07
202400025427,3.76,9.36
202400025430,2.48,2.88
202400025454,3.32,11.07
202400025456,3.68,20.11
202400025474,6.7,10.52
202400025479,4.01,7.63
202400025481,3.86,7.69
202400025483,3.74,3.6
202400025489,1.57,6.5
202400025491,1.92,6.3
202400025507,4.11,7.28
202400025509,8.36,11.37
202400025520,3.8,6.75
202400025571,1.56,7.58
202400025613,8.16,15.93
202400025616,1.0,16.7
202400025618,6.85,25.23
202400025623,5.16,27.08
202400025656,3.68,5.46
202400025703,3.42,3.31
202400025705,7.68,12.43
202400025708,5.78,5.13
202400025720,3.89,9.92
202400025756,11.23,22.74
202400025757,6.49,3.68
202400025782,2.42,19.81
202400025785,8.0,19.73
202400025793,9.52,8.42
202400025797,4.66,5.19
202400025798,5.01,9.4
202400025800,6.72,7.41
202400025804,3.96,4.01
202400025814,4.4,2.23
202400025834,8.57,25.62
202400025868,8.3,14.89
202400025871,2.84,18.23
202400025966,9.69,14.4
202400026014,2.6,3.88
202400026023,1.53,14.47
202400026035,7.89,11.04
202400026043,8.25,9.07
202400026044,4.91,14.33
202400026068,4.94,4.67
202400026085,2.41,16.01
202400026104,6.58,5.4
202400026109,8.06,6.06
202400026110,5.1,5.29
202400026115,3.71,11.36
202400026150,1.87,12.12
202400026161,2.48,2.39
202400026164,6.7,4.97
202400026181,3.75,5.86
202400026186,4.38,8.32
202400026212,8.86,5.8
202400026234,8.3,31.32
202400026237,4.89,10.46
202400026242,11.43,38.17
202400026277,6.52,18.85
202400026297,0.98,13.73
202400026298,6.57,13.77
202400026354,1.64,6.66
202400026356,3.96,11.64
202400026357,2.47,21.98
202400026359,2.68,20.5
202400026381,8.66,11.1
202400026383,5.11,10.51
202400026385,1.63,3.22
202400026422,4.64,0.57
202400026428,2.33,2.55
202400026431,6.17,8.33
202400026433,2.03,5.91
202400026435,4.76,7.45
202400026467,5.05,3.58
202400026468,3.6,10.13
202400026471,5.01,4.92
202400026528,3.53,18.27
202400026529,2.29,8.32
202400026544,4.79,3.77
202400026553,5.72,14.45
202400026554,1.34,16.88
202400026564,4.67,17.22
202400026572,1.75,17.67
202400026573,8.05,25.26
202400026574,5.96,22.56
202400026575,2.07,19.9
202400026576,3.45,33.5
202400026584,3.88,5.54
202400026622,2.78,5.97
202400026637,8.23,1.82
202400026639,2.5,7.57
202400026640,4.89,4.76
202400026641,1.92,3.32
202400026699,2.31,6.08
202400026700,8.67,8.07
202400026701,7.15,6.34
202400026702,5.7,7.1
202400026703,6.12,6.52
202400026704,4.81,4.73
202400026705,5.41,5.82
202400026725,2.75,4.19
202400026727,5.54,5.82
202400026737,4.32,6.48
202400026739,4.35,8.55
202400026741,0.3,5.11
202400026748,4.11,4.02
202400026760,2.31,9.01
202400026772,3.85,6.35
202400026775,3.64,7.36
202400026806,10.21,14.14
202400026809,5.79,4.13
202400026811,5.88,4.6
202400026813,5.34,5.72
202400026839,3.91,29.55
202400026908,1.88,12.76
202400026935,9.18,27.8
202400026936,2.21,4.76
202400026938,8.58,14.89
202400026971,3.47,17.87
202400026996,6.24,30.93
202400026999,3.17,20.78
202400027001,10.8,21.3
202400027003,4.34,3.92
202400027005,10.13,15.15
202400027007,2.29,15.17
202400027009,2.89,11.53
202400027011,6.11,13.05
202400027013,4.23,34.17
202400027014,2.34,8.54
202400027015,2.9,6.98
202400027016,2.9,8.08
202400027017,6.43,8.87
202400027018,7.31,4.53
202400027028,3.26,6.42
202400027054,6.33,2.36
202400027072,4.06,7.44
202400027143,4.56,1.4
202400027145,6.34,7.76
202400027147,0.35,5.77
202400027165,3.48,19.26
202400027200,2.07,24.35
202400027229,5.81,6.95
202400027231,4.5,4.58
202400027239,4.49,8.48
202400027240,3.58,8.25
202400027243,1.79,4.77
202400027259,26.32,37.73
202400027261,6.55,18.99
202400027264,12.93,25.04
202400027278,7.42,2.93
202400027315,5.1,14.56
202400027322,6.69,10.54
202400027324,2.38,3.22
202400027327,4.44,5.82
202400027328,6.44,12.91
202400027330,5.27,7.86
202400027333,8.52,2.56
202400027340,3.8,7.52
202400027394,9.79,8.8
202400027397,9.4,11.1
202400027400,6.4,5.64
202400027404,7.28,8.08
202400027410,4.99,9.78
202400027414,6.72,8.4
202400027418,3.53,8.69
202400027422,6.76,9.26
202400027428,6.02,3.74
202400027432,5.26,6.92
202400027434,5.34,7.28
202400027435,3.74,7.34
202400027478,3.88,6.48
202400027503,0.85,6.28
202400027530,6.37,7.57
202400027566,7.59,12.41
202400027574,7.2,16.14
202400027577,3.51,17.26
202400027604,10.22,22.46
202400027624,4.02,14.72
202400027627,9.03,20.78
202400027633,9.69,12.23
202400027635,7.36,17.13
202400027670,12.91,26.82
202400027675,8.39,4.74
202400027680,3.74,5.07
202400027682,6.64,11.53
202400027698,11.58,15.81
202400027707,6.05,5.69
202400027729,5.42,9.58
202400027734,3.1,9.14
202400027756,4.01,5.91
202400027762,4.62,8.35
202400027771,3.66,32.45
202400027774,4.48,12.81
202400027794,2.18,3.27
202400027820,15.4,36.63
202400027824,10.35,40.46
202400027830,1.99,4.27
202400027854,3.29,6.75
202400027859,3.77,4.49
202400027861,4.73,9.88
202400027863,2.94,16.92
202400027867,7.41,2.86
202400027876,3.86,10.45
202400027882,3.31,4.3
202400027888,4.1,9.06
202400027891,2.33,3.3
202400027933,2.38,10.06
202400027938,8.58,22.91
202400027941,0.6,7.9
202400027942,3.66,5.55
202400027945,2.55,16.96
202400027957,5.01,25.43
202400028023,3.94,4.45
202400028060,1.83,15.62
202400028076,11.95,23.93
202400028134,4.22,9.61
202400028136,4.6,6.52
202400028140,3.6,5.05
202400028165,2.37,60.93
202400028169,3.03,21.59
202400028172,5.12,23.23
202400028201,8.03,6.09
202400028204,4.11,1.78
202400028222,22.67,68.96
202400028226,23.38,23.48
202400028228,4.12,18.22
202400028231,3.31,2.52
202400028236,1.23,10.15
202400028238,6.74,17.76
202400028241,9.97,12.01
202400028243,10.32,17.56
202400028246,7.1,29.74
202400028267,7.04,22.01
202400028274,4.51,9.02
202400028280,4.82,8.26
202400028291,0.6,13.57
202400028300,3.28,6.56
202400028303,4.67,8.4
202400028309,7.2,7.1
202400028310,1.68,7.93
202400028311,7.02,9.43
202400028316,3.06,5.43
202400028354,5.81,8.21
202400028357,4.78,20.59
202400028378,2.03,8.14
202400028380,5.76,6.28
202400028408,3.27,5.0
202400028410,5.63,6.68
202400028440,1.8,17.35
202400028447,15.13,24.5
202400028453,4.53,12.97
202400028454,3.87,14.65
202400028484,6.24,5.47
202400028485,3.06,5.08
202400028498,5.01,9.78
202400028499,4.49,16.09
202400028509,1.94,4.36
202400028554,5.64,17.44
202400028562,3.39,3.24
202400028584,5.94,20.78
202400028585,6.71,5.66
202400028586,6.92,16.54
202400028594,3.28,34.37
202400028606,17.04,26.93
202400028662,3.54,2.62
202400028685,3.9,5.43
202400028686,2.92,4.06
202400028712,6.34,22.61
202400028715,4.82,9.43
202400028717,4.72,8.08
202400028719,1.99,17.13
202400028746,3.48,14.4
202400028764,9.35,28.1
202400028834,0.6,10.92
202400028849,5.55,22.61
202400028866,16.44,32.29
202400028871,1.44,3.45
202400028872,4.97,10.55
202400028877,6.82,6.86
202400028879,6.66,10.17
202400028898,8.14,13.1
202400028900,5.14,4.03
202400028905,3.74,4.76
202400028908,1.07,8.34
202400028909,8.33,36.69
202400028911,6.18,4.31
202400028913,7.06,4.41
202400028915,2.69,9.15
202400028921,7.6,2.47
202400028923,5.93,9.0
202400028925,4.43,5.82
202400028927,10.34,10.37
202400028928,12.88,11.58
202400028949,4.1,8.12
202400028952,3.38,4.54
202400028986,6.79,24.35
202400028988,2.14,3.84
202400028993,7.34,16.68
202400029027,8.62,25.17
202400029028,2.07,19.95
202400029029,3.4,20.0
202400029030,7.13,9.18
202400029062,4.31,5.48
202400029086,11.26,35.41
202400029087,1.68,3.3
202400029091,5.76,8.71
202400029105,0.56,27.28
202400029117,5.16,16.16
202400029143,4.02,4.95
202400029145,6.68,10.54
202400029146,2.35,1.93
202400029147,6.68,10.54
202400029148,14.77,48.44
202400029214,3.58,0.88
202400029216,2.84,3.26
202400029225,5.29,9.88
202400029228,4.99,9.57
202400029270,4.47,6.97
202400029272,6.97,6.4
202400029274,4.46,9.04
202400029276,5.05,8.41
202400029278,2.94,6.98
202400029297,7.65,6.35
202400029299,3.24,12.49
202400029301,3.47,6.76
202400029322,4.76,11.45
202400029326,4.14,19.06
202400029327,4.0,5.41
202400029331,6.79,7.69
202400029335,5.93,9.1
202400029390,5.04,9.58
202400029392,6.73,4.34
202400029399,3.4,6.9
202400029433,7.0,14.7
202400029489,11.52,10.65
202400029499,6.29,6.22
202400029532,1.92,12.42
202400029534,6.64,10.35
202400029535,7.42,12.22
202400029550,1.93,5.33
202400029577,5.6,8.85
202400029581,5.16,5.53
202400029584,8.04,9.54
202400029598,5.01,3.9
202400029600,6.14,7.65
202400029606,5.49,2.64
202400029622,1.56,17.25
202400029630,2.02,19.44
202400029636,1.34,2.73
202400029637,3.59,7.9
202400029641,3.86,8.17
202400029666,1.35,18.33
202400029682,2.22,14.26
202400029707,6.07,12.11
202400029727,6.2,5.68
202400029732,1.65,17.62
202400029733,8.83,17.97
202400029735,5.11,8.0
202400029737,5.01,18.08
202400029776,6.28,33.79
202400029784,2.09,38.94
202400029797,3.65,8.04
202400029832,3.55,4.36
202400029836,6.38,9.56
202400029848,4.78,22.82
202400029872,5.3,30.52
202400029882,7.36,5.94
202400029893,4.53,8.52
202400029914,4.16,3.64
202400029955,5.58,7.16
202400029956,6.91,16.75
202400029957,8.82,31.35
202400029959,4.95,6.93
202400029960,7.31,35.13
202400029976,3.3,14.02
202400029980,3.06,23.58
202400029985,1.18,26.85
202400029994,4.63,9.59
202400030004,3.96,5.6
202400030005,6.19,13.16
202400030006,5.72,6.19
202400030012,3.58,17.23
202400030032,3.9,18.43
202400030045,1.18,19.92
202400030050,3.75,16.79
202400030052,4.94,24.76
202400030056,5.16,23.74
202400030061,3.74,5.01
202400030074,4.86,25.92
202400030088,4.89,7.01
202400030089,2.43,16.55
202400030097,7.98,10.0
202400030101,5.47,11.31
202400030105,7.26,15.72
202400030119,3.99,9.16
202400030122,3.46,3.9
202400030124,8.34,13.99
202400030132,3.25,3.28
202400030133,2.53,4.18
202400030178,2.47,6.24
202400030198,4.5,7.29
202400030201,3.47,6.13
202400030224,2.8,6.19
202400030225,4.56,10.46
202400030235,2.24,9.12
202400030250,3.44,2.04
202400030286,6.25,4.55
202400030357,1.08,29.72
202400030359,7.93,10.67
202400030361,6.98,5.87
202400030362,6.23,28.95
202400030363,5.2,7.44
202400030380,4.39,6.28
202400030393,3.71,24.2
202400030394,3.27,4.69
202400030395,2.95,43.76
202400030396,7.09,8.24
202400030397,4.32,4.39
202400030398,1.0,7.42
202400030399,7.49,10.66
202400030400,8.42,2.64
202400030401,7.68,20.12
202400030402,2.8,10.52
202400030403,6.12,21.55
202400030404,3.91,27.53
202400030405,8.88,7.72
202400030406,3.75,10.99
202400030407,8.28,6.43
202400030408,2.97,25.7
202400030409,1.98,22.36
202400030410,7.62,10.88
202400030411,3.44,10.02
202400030412,7.23,46.84
202400030413,12.31,16.35
202400030414,0.97,20.2
202400030415,3.75,16.41
202400030416,5.88,16.82
202400030417,12.12,15.59
202400030418,3.64,18.75
202400030419,13.9,12.98
202400030423,4.21,3.23
202400030434,6.13,8.8
202400030463,5.2,3.1
202400030464,4.49,4.96
202400030488,8.08,10.08
202400030500,3.22,18.56
202400030524,4.2,15.02
202400030527,3.98,6.04
202400030590,5.84,16.9
202400030596,6.57,10.95
202400030616,4.53,10.89
202400030633,4.96,17.18
202400030637,2.99,10.17
202400030645,5.61,13.96
202400030646,5.31,5.25
202400030648,8.56,14.26
202400030650,7.54,7.78
202400030661,4.02,15.01
202400030665,4.79,38.46
202400030667,7.06,14.97
202400030718,6.32,7.38
202400030719,1.29,5.35
202400030722,4.97,8.15
202400030733,0.54,7.82
202400030734,8.72,13.41
202400030738,4.2,6.09
202400030742,4.63,7.29
202400030743,5.8,4.32
202400030755,2.75,1.33
202400030759,7.04,5.18
202400030761,3.51,4.64
202400030772,2.6,3.9
202400030863,4.38,30.31
202400030881,1.45,13.02
202400030903,4.53,4.44
202400030905,2.24,5.31
202400030908,3.46,6.52
202400030930,8.46,8.76
202400030933,4.27,1.85
202400030950,2.36,5.04
202400030955,4.11,15.7
202400030988,2.6,14.8
202400030997,12.72,15.17
202400031010,3.74,8.71
202400031018,5.31,13.88
202400031039,20.94,22.27
202400031075,3.55,6.51
202400031088,3.73,9.56
202400031094,6.04,9.68
202400031095,5.74,7.28
202400031100,5.07,6.91
202400031106,1.47,46.97
202400031127,4.79,26.67
202400031145,4.09,13.21
202400031155,5.9,20.96
202400031165,4.31,1.12
202400031176,1.26,7.8
202400031225,2.25,4.76
202400031228,4.79,9.04
202400031231,5.39,5.91
202400031233,4.22,7.88
202400031239,5.12,23.27
202400031241,2.36,9.54
202400031250,2.77,6.45
202400031253,4.08,7.14
202400031273,3.58,2.91
202400031277,6.92,7.66
202400031287,3.72,1.92
202400031299,3.05,5.42
202400031318,3.96,5.57
202400031340,6.7,5.41
202400031359,3.31,3.54
202400031402,6.35,26.32
202400031410,3.49,5.58
202400031487,7.22,28.22
202400031493,10.47,6.12
202400031498,2.76,11.37
202400031517,3.49,26.47
202400031523,2.12,14.68
202400031529,2.3,7.32
202400031542,1.57,17.78
202400031544,5.01,35.53
202400031546,1.41,18.08
202400031551,0.66,31.85
202400031554,4.98,9.57
202400031555,10.17,9.89
202400031579,5.02,7.65
202400031581,4.24,42.99
202400031590,13.44,12.84
202400031599,1.31,14.25
202400031600,11.27,18.51
202400031604,1.74,7.69
202400031617,1.64,8.52
202400031620,2.5,2.91
202400031624,4.74,6.01
202400031646,6.18,8.75
202400031648,7.62,12.43
202400031656,2.49,2.71
202400031661,5.74,7.13
202400031670,6.57,9.86
202400031704,2.7,21.22
202400031709,13.57,35.68
202400031733,3.14,2.2
202400031735,2.83,1.89
202400031747,3.21,3.61
202400031750,5.65,3.23
202400031754,2.38,8.32
202400031804,7.29,5.76
202400031806,3.61,9.49
202400031811,5.66,7.79
202400031813,3.34,6.85
202400031817,4.78,6.25
202400031822,3.79,15.63
202400031825,4.08,5.06
202400031839,5.49,27.06
202400031840,6.42,33.44
202400031842,3.43,13.87
202400031845,13.68,31.98
202400031879,3.31,8.33
202400031880,3.01,5.92
202400031884,4.36,1.25
202400031890,7.22,9.82
202400031911,3.97,8.07
202400031941,8.57,17.62
202400031962,3.38,7.51
202400031965,7.12,6.16
202400031968,3.03,4.65
202400031971,4.46,2.58
202400031984,2.58,5.24
202400031992,4.83,4.86
202400031994,4.27,3.74
202400032011,5.37,5.61
202400032015,7.08,10.37
202400032019,4.1,3.91
202400032030,6.25,8.13
202400032040,4.31,7.49
202400032043,4.84,5.93
202400032064,3.95,4.96
202400032081,4.9,5.21
202400032083,7.52,1.58
202400032084,5.72,8.9
202400032124,5.04,5.42
202400032260,4.37,6.16
202400032262,3.82,31.04
202400032267,2.86,25.84
202400032270,3.86,21.52
202400032274,2.36,16.48
202400032285,4.98,8.25
202400032288,2.6,2.23
202400032289,6.6,11.07
202400032299,4.58,16.21
202400032312,7.64,8.98
202400032329,6.98,6.08
202400032356,3.36,7.14
202400032386,2.69,7.08
202400032387,5.16,5.63
202400032388,5.89,1.15
202400032411,3.55,1.43
202400032449,6.44,9.99
202400032490,3.83,2.83
202400032503,2.57,8.71
202400032504,6.61,35.55
202400032505,1.8,38.21
202400032519,7.18,21.56
202400032520,1.7,10.15
202400032527,22.08,30.69
202400032528,7.08,16.15
202400032529,3.33,8.73
202400032549,0.77,5.0
202400032550,7.87,9.0
202400032551,4.44,7.33
202400032585,6.78,4.86
202400032600,3.18,4.64
202400032602,4.01,7.26
202400032605,3.8,1.09
202400032623,10.7,27.18
202400032625,5.55,11.65
202400032629,5.11,21.75
202400032631,3.33,9.35
202400032639,5.68,6.88
202400032642,2.18,5.2
202400032644,4.96,3.97
202400032657,8.67,5.61
202400032661,2.35,8.9
202400032685,14.22,19.83
202400032697,7.17,8.07
202400032744,12.17,34.1
202400032796,4.09,16.91
202400032808,6.86,10.14
202400032820,4.09,17.08
202400032821,1.93,8.39
202400032832,4.5,8.81
202400032836,6.68,6.54
202400032839,4.18,5.02
202400032842,5.73,7.9
202400032844,6.07,6.86
202400032874,12.29,17.85
202400032920,6.59,3.64
202400032934,6.83,4.79
202400032936,5.41,5.78
202400032976,2.09,6.67
202400033042,2.98,14.91
202400033054,3.6,5.84
202400033061,4.6,12.4
202400033062,6.32,14.92
202400033084,4.78,16.13
202400033088,10.96,22.83
202400033089,8.6,16.05
202400033093,3.61,13.77
202400033096,6.79,8.8
202400033101,3.49,16.38
202400033116,5.23,30.98
202400033117,5.45,22.8
202400033144,0.97,19.52
202400033147,11.13,12.29
202400033175,0.91,4.5
202400033219,2.28,7.71
202400033265,6.63,7.44
202400033268,4.58,5.76
202400033269,3.32,9.2
202400033273,5.98,5.24
202400033281,3.71,9.11
202400033286,2.19,9.26
202400033292,3.16,5.66
202400033296,4.86,5.66
202400033300,4.92,4.22
202400033324,2.08,6.96
202400033333,3.98,20.26
202400033352,4.14,16.2
202400033364,3.08,9.06
202400033369,3.31,15.07
202400033376,8.35,7.95
202400033389,6.98,7.56
202400033395,7.31,9.19
202400033452,5.48,8.36
202400033456,7.67,7.41
202400033474,5.19,13.06
202400033475,2.84,28.52
202400033477,5.57,5.81
202400033479,8.22,17.06
202400033482,5.86,8.02
202400033522,4.22,14.7
202400033539,4.68,8.53
202400033545,6.0,7.39
202400033550,3.09,2.96
202400033608,2.12,14.64
202400033611,1.78,16.11
202400033612,2.88,6.46
202400033615,4.92,5.44
202400033617,4.73,3.86
202400033622,5.82,6.06
202400033651,8.89,10.86
202400033659,3.06,8.22
202400033665,8.11,33.09
202400033671,4.47,10.3
202400033681,2.85,0.9
202400033688,1.67,5.36
202400033697,6.22,4.94
202400033760,6.74,9.29
202400033764,4.37,5.65
202400033768,4.05,5.5
202400033771,6.0,5.91
202400033774,8.36,19.39
202400033826,3.83,4.2
202400033829,4.17,8.48
202400033862,5.5,10.32
202400033884,5.44,29.99
202400033887,3.08,4.28
202400033908,6.38,12.92
202400033910,12.32,21.13
202400033928,3.3,4.94
202400033951,3.04,8.95
202400033958,5.97,9.82
202400033960,3.84,6.01
202400033962,3.9,2.92
202400033964,2.39,4.82
202400033966,5.72,9.24
202400033967,4.07,8.46
202400033970,5.56,5.59
202400033990,4.68,3.68
202400033993,4.82,6.2
202400033995,4.1,8.12
202400034017,3.78,16.45
202400034040,3.87,3.87
202400034048,5.12,3.82
202400034052,4.26,5.62
202400034054,6.06,3.44
202400034058,5.98,13.54
202400034062,2.88,33.08
202400034070,14.21,15.37
202400034083,3.3,2.1
202400034089,6.03,8.28
202400034093,4.22,8.51
202400034095,7.74,15.21
202400034097,6.57,11.23
202400034112,5.59,13.57
202400034125,2.16,3.42
202400034130,2.08,7.5
202400034139,3.45,2.78
202400034152,8.36,30.29
202400034176,1.85,20.72
202400034178,5.74,8.75
202400034181,5.39,7.56
202400034191,4.31,5.47
202400034200,5.44,7.61
202400034201,28.07,35.63
202400034202,3.77,4.01
202400034206,5.42,37.46
202400034239,3.59,38.43
202400034241,15.2,32.91
202400034243,3.7,15.19
202400034254,5.11,9.27
202400034301,5.21,8.98
202400034305,4.7,7.97
202400034341,7.1,17.84
202400034368,0.65,9.94
202400034374,4.61,11.8
202400034375,3.6,22.06
202400034406,7.9,10.76
202400034407,2.78,14.68
202400034408,5.4,36.25
202400034409,5.9,3.01
202400034411,1.94,2.96
202400034447,3.74,1.94
202400034481,4.63,6.27
202400034484,3.64,5.22
202400034487,6.76,6.97
202400034501,3.35,7.42
202400034502,1.74,9.76
202400034504,3.56,6.53
202400034514,5.41,23.9
202400034515,4.47,8.34
202400034517,3.15,6.55
202400034520,6.13,2.43
202400034522,1.16,1.78
202400034551,3.47,13.91
202400034554,3.83,24.79
202400034561,4.22,15.01
202400034578,5.06,10.39
202400034581,6.39,17.49
202400034582,2.18,20.1
202400034595,3.59,9.15
202400034597,6.77,5.57
202400034648,3.18,9.39
202400034686,1.2,27.07
202400034688,3.24,18.86
202400034696,4.45,0.91
202400034698,2.4,3.6
202400034700,4.36,3.91
202400034702,4.19,5.4
202400034716,7.5,9.41
202400034745,4.97,5.92
202400034761,5.1,6.48
202400034766,2.54,4.46
202400034768,5.31,7.2
202400034770,6.59,12.09
202400034772,5.87,7.71
202400034790,3.62,3.7
202400034792,5.54,4.48
202400034812,4.53,7.18
202400034817,5.63,5.39
202400034830,5.18,3.46
202400034939,9.93,27.69
202400034960,1.06,14.29
202400034961,5.12,7.9
202400034976,7.0,12.32
202400034977,2.9,14.8
202400034978,2.76,17.07
202400035017,2.11,10.72
202400035018,3.31,33.97
202400035050,8.6,23.28
202400035063,2.23,11.36
202400035083,6.64,27.31
202400035086,3.61,30.53
202400035111,2.92,18.46
202400035114,4.94,21.28
202400035120,6.03,9.46
202400035123,7.19,4.58
202400035127,3.82,5.98
202400035132,1.95,4.62
202400035160,2.61,9.5
202400035163,17.9,22.49
202400035166,3.02,16.84
202400035169,5.62,16.87
202400035170,4.32,12.94
202400035183,2.6,3.66
202400035213,6.36,12.76
202400035218,4.38,7.74
202400035219,2.94,14.41
202400035222,2.3,4.97
202400035223,0.96,15.16
202400035240,3.58,4.26
202400035241,9.17,4.77
202400035245,4.68,3.82
202400035260,2.04,15.42
202400035264,3.33,6.57
202400035288,2.12,5.71
202400035290,4.55,6.86
202400035299,1.81,9.66
202400035303,1.31,7.93
202400035306,6.82,7.68
202400035311,6.36,5.67
202400035314,5.63,8.56
202400035318,2.4,2.88
202400035323,2.49,4.07
202400035325,4.76,4.91
202400035332,5.56,7.25
202400035344,4.56,7.61
202400035349,3.77,3.11
202400035355,6.39,8.01
202400035357,3.19,9.46
202400035360,2.88,10.68
202400035361,2.92,7.51
202400035400,4.31,6.54
202400035403,5.36,4.06
202400035428,4.87,4.74
202400035433,5.33,5.92
202400035436,3.2,3.24
202400035470,2.8,10.83
202400035475,5.91,5.39
202400035521,7.14,11.88
202400035535,5.15,5.39
202400035541,1.58,20.65
202400035556,1.79,11.16
202400035583,3.92,8.85
202400035609,14.61,51.51
202400035614,0.5,20.27
202400035619,0.35,11.92
202400035620,5.78,21.97
202400035622,6.31,10.02
202400035631,0.74,13.99
202400035633,11.68,18.29
202400035646,1.2,8.33
202400035654,1.87,5.22
202400035672,4.06,4.05
202400035677,3.58,12.4
202400035684,5.45,13.46
202400035722,6.76,11.12
202400035732,11.45,45.96
202400035737,5.19,31.58
202400035742,4.11,22.59
202400035749,4.5,3.97
202400035782,6.73,5.21
202400035787,3.85,3.96
202400035789,6.48,10.32
202400035792,5.53,6.92
202400035794,3.91,25.17
202400035796,5.82,9.34
202400035799,2.29,4.71
202400035802,2.19,6.17
202400035819,2.8,34.47
202400035822,6.1,8.0
202400035823,4.75,13.71
202400035826,5.66,10.33
202400035831,2.32,3.6
202400035863,3.11,23.23
202400035866,1.56,16.75
202400035874,3.43,9.6
202400035875,4.46,4.7
202400035879,3.43,9.65
202400035882,7.72,16.89
202400035904,7.6,22.95
202400035913,4.2,9.99
202400035925,10.6,12.09
202400035926,7.78,27.2
202400035929,7.36,7.53
202400035945,7.9,12.49
202400035988,4.28,4.87
202400035990,4.09,5.87
202400035992,1.96,8.43
202400035994,6.29,11.31
202400035996,3.37,5.68
202400035998,6.9,10.19
202400036000,6.11,32.68
202400036002,3.05,28.39
202400036004,1.84,23.74
202400036007,2.7,14.78
202400036034,6.73,15.7
202400036036,15.41,23.92
202400036039,8.72,31.66
202400036044,3.69,5.38
202400036077,0.98,13.48
202400036078,3.78,19.98
202400036081,4.24,11.42
202400036083,2.35,13.9
202400036116,2.69,31.35
202400036118,3.41,3.76
202400036119,4.28,13.96
202400036120,2.26,8.68
202400036129,5.41,4.64
202400036242,5.92,11.03
202400036258,0.7,7.1
202400036267,1.4,10.67
202400036293,6.24,7.0
202400036294,3.49,14.22
202400036307,5.08,8.11
202400036313,5.15,6.1
202400036314,6.32,6.01
202400036319,1.39,10.93
202400036332,1.49,18.16
202400036334,5.54,10.33
202400036336,3.99,9.65
202400036338,7.14,8.24
202400036352,3.48,11.28
202400036361,3.72,9.71
202400036371,6.46,15.94
202400036390,6.42,6.46
202400036430,10.69,15.95
202400036450,8.35,7.47
202400036453,5.04,17.0
202400036458,1.52,26.45
202400036461,8.01,6.61
202400036463,2.95,20.15
202400036541,4.65,13.17
202400036544,13.1,24.96
202400036550,4.76,4.61
202400036556,3.74,10.63
202400036562,9.32,32.0
202400036586,15.71,17.19
202400036587,3.56,9.12
202400036589,2.26,3.59
202400036590,5.98,7.46
202400036595,4.9,12.18
202400036598,6.02,4.79
202400036629,8.27,11.96
202400036638,2.32,2.6
202400036666,1.01,6.98
202400036670,4.78,2.22
202400036673,5.25,6.64
202400036693,4.7,5.46
202400036701,5.39,4.5
202400036721,2.3,4.57
202400036809,8.54,12.46
202400036811,2.39,2.6
202400036819,2.24,1.94
202400036864,6.77,16.9
202400036875,1.8,26.94
202400036877,1.53,17.38
202400036890,4.72,9.62
202400036915,4.18,6.13
202400036916,8.81,20.23
202400036928,2.47,4.6
202400036942,8.57,8.58
202400036945,3.55,8.84
202400036946,8.33,12.3
202400036977,8.1,5.01
202400036981,2.14,2.58
202400036985,3.98,8.8
202400036986,2.87,22.79
202400036988,4.28,1.88
202400036998,0.74,14.08
202400037018,6.59,6.62
202400037022,6.06,8.98
202400037024,4.72,6.12
202400037027,2.6,6.38
202400037035,7.39,10.29
202400037036,5.65,11.33
202400037038,1.95,4.72
202400037059,7.93,9.99
202400037067,6.68,6.38
202400037083,2.43,6.4
202400037085,3.86,6.52
202400037091,5.89,7.95
202400037095,7.26,6.9
202400037124,2.19,5.84
202400037140,6.97,4.31
202400037155,2.84,7.86
202400037156,6.01,7.64
202400037160,3.61,6.54
202400037162,6.26,6.67
202400037194,2.68,5.81
202400037211,5.91,10.47
202400037286,4.18,4.24
202400037292,2.51,3.54
202400037323,3.17,8.29
202400037334,4.26,20.29
202400037335,1.58,38.43
202400037337,4.5,15.9
202400037359,3.06,29.78
202400037369,2.44,7.4
202400037370,5.77,42.67
202400037373,5.11,8.16
202400037378,6.53,2.96
202400037388,3.67,2.0
202400037397,4.56,14.18
202400037405,1.65,20.02
202400037410,2.28,3.92
202400037413,4.38,9.11
202400037418,1.55,3.19
202400037423,1.71,2.7
202400037428,6.24,7.55
202400037432,3.54,6.52
202400037436,4.28,8.26
202400037437,3.8,6.78
202400037441,5.67,7.54
202400037442,6.98,6.9
202400037446,6.86,7.63
202400037451,6.0,3.72
202400037455,6.78,6.42
202400037460,6.25,7.28
202400037501,1.56,6.97
202400037573,6.83,27.75
202400037582,4.42,8.73
202400037634,6.44,14.32
202400037642,2.97,22.41
202400037660,4.11,5.44
202400037677,10.5,34.98
202400037689,6.73,17.66
202400037692,15.24,22.68
202400037699,14.07,17.76
202400037703,13.85,24.5
202400037706,7.51,25.14
202400037709,20.4,54.07
202400037739,5.47,11.3
202400037742,7.62,28.32
202400037743,5.98,12.3
202400037744,6.9,23.62
202400037760,7.29,7.53
202400037788,1.58,11.43
202400037823,1.29,6.65
202400037825,3.96,7.64
202400037827,6.94,6.96
202400037829,4.22,10.78
202400037848,7.32,1.94
202400037850,6.2,7.59
202400037854,5.53,5.17
202400037856,1.39,5.49
202400037858,5.26,13.4
202400037863,8.15,21.75
202400037872,5.49,16.24
202400037876,10.11,10.11
202400037897,3.81,5.81
202400037898,2.81,16.31
202400037909,5.85,9.71
202400037966,7.2,8.2
202400037967,6.82,12.54
202400037993,8.88,9.83
202400037999,2.38,1.87
202400038007,3.4,4.81
202400038094,2.23,1.25
202400038129,3.98,8.28
202400038132,6.27,10.15
202400038153,7.75,16.21
202400038170,4.14,11.45
202400038192,4.0,10.92
202400038193,8.39,12.64
202400038195,5.31,17.63
202400038198,5.08,3.79
202400038265,5.93,24.25
202400038269,6.9,23.51
202400038288,3.35,3.55
202400038299,4.3,0.94
202400038302,6.12,7.51
202400038307,5.3,8.41
202400038321,6.44,6.47
202400038342,3.29,6.15
202400038349,11.17,16.47
202400038352,6.52,9.68
202400038357,7.23,14.28
202400038371,4.73,9.3
202400038374,5.16,9.6
202400038375,5.44,10.38
202400038404,13.12,12.51
202400038410,5.08,17.2
202400038411,4.97,9.03
202400038413,2.74,7.11
202400038414,2.62,11.17
202400038416,2.19,3.35
202400038418,3.27,3.55
202400038432,2.56,5.52
202400038446,7.39,6.86
202400038498,9.23,11.9
202400038510,3.32,6.51
202400038512,6.93,10.65
202400038549,4.77,8.09
202400038551,5.87,6.11
202400038554,1.34,20.72
202400038557,6.61,5.48
202400038681,3.64,4.92
202400038697,3.88,14.29
202400038711,4.41,6.51
202400038739,5.39,17.31
202400038741,0.72,26.8
202400038751,4.63,6.79
202400038753,3.53,5.7
202400038759,5.61,9.46
202400038797,5.48,9.34
202400038799,2.28,1.72
202400038803,7.43,8.23
202400038807,5.09,2.82
202400038841,1.95,4.19
202400038851,2.26,3.52
202400038923,12.83,16.52
202400038926,4.97,24.52
202400038927,12.28,13.74
202400038928,10.23,13.04
202400038933,3.01,20.44
202400038934,5.71,4.48
202400038953,3.13,6.32
202400038970,7.61,9.06
202400038971,6.53,7.72
202400038972,6.77,5.43
202400038994,3.43,4.66
202400038995,6.52,6.0
202400039039,4.18,3.28
202400039044,4.61,8.12
202400039048,3.84,8.47
202400039050,4.42,2.18
202400039051,6.18,5.48
202400039056,4.54,7.39
202400039060,4.01,5.41
202400039127,2.06,32.54
202400039131,2.44,3.6
202400039153,5.14,5.47
202400039158,6.21,4.9
202400039162,8.66,3.8
202400039167,7.65,13.86
202400039174,2.38,11.84
202400039180,1.4,10.58
202400039213,11.23,13.12
202400039215,9.93,6.87
202400039218,5.61,13.96
202400039236,0.74,8.73
202400039240,3.43,23.63
202400039260,3.09,2.53
202400039267,6.04,17.96
202400039296,2.96,4.61
202400039303,4.65,4.95
202400039330,7.01,16.3
202400039333,4.85,8.7
202400039338,3.84,6.5
202400039343,3.11,8.62
202400039348,8.28,13.73
202400039362,6.22,5.23
202400039367,1.65,13.24
202400039369,5.36,21.57
202400039371,7.9,7.18
202400039395,4.89,20.38
202400039398,6.4,18.93
202400039415,13.41,47.96
202400039424,4.41,2.84
202400039427,15.18,32.54
202400039428,4.4,5.12
202400039472,5.78,21.89
202400039474,4.39,10.95
202400039484,1.79,16.3
202400039539,5.28,2.83
202400039544,3.92,10.49
202400039551,8.96,5.51
202400039565,3.36,23.54
202400039577,5.05,9.79
202400039587,4.31,24.28
202400039597,2.63,24.52
202400039613,5.88,28.38
202400039621,3.92,22.19
202400039644,1.64,26.93
202400039646,10.22,37.46
202400039651,4.15,8.35
202400039653,6.37,21.14
202400039654,13.46,18.06
202400039656,3.5,3.53
202400039681,31.52,25.17
202400039686,6.86,33.76
202400039689,5.95,23.56
202400039697,2.01,16.17
202400039712,3.27,4.75
202400039735,10.31,23.26
202400039745,3.25,4.58
202400039749,0.1,7.91
202400039750,8.7,14.39
202400039758,2.33,3.97
202400039761,1.74,21.78
202400039762,5.15,8.12
202400039764,2.64,8.74
202400039765,6.29,6.01
202400039768,3.21,27.81
202400039769,8.2,7.94
202400039770,3.6,19.53
202400039771,5.16,18.57
202400039772,3.18,20.91
202400039773,5.75,30.11
202400039774,1.38,2.47
202400039775,6.86,4.61
202400039776,1.37,9.76
202400039779,2.74,14.94
202400039781,6.41,8.92
202400039784,3.95,28.33
202400039788,3.01,12.14
202400039790,0.5,17.54
202400039795,20.45,31.87
202400039797,11.32,30.57
202400039800,4.84,4.27
202400039802,6.23,14.18
202400039846,4.12,4.59
202400039848,2.7,8.03
202400039850,5.19,6.43
202400039865,5.95,8.34
202400039881,6.27,3.49
202400039888,5.3,13.18
202400039889,3.2,1.79
202400039891,3.55,7.04
202400039894,3.2,5.45
202400039920,3.82,3.29
202400039942,1.82,10.82
202400039959,7.14,24.3
202400039962,3.79,13.48
202400039988,2.38,3.39
202400039994,1.0,10.97
202400040003,0.7,21.48
202400040007,28.01,36.62
202400040014,12.95,21.59
202400040025,10.04,25.31
202400040030,5.84,28.11
202400040034,12.45,37.75
202400040038,1.96,14.47
202400040042,13.59,24.69
202400040043,1.13,23.8
202400040046,4.3,8.68
202400040052,1.08,30.1
202400040056,7.03,54.0
202400040065,4.09,8.47
202400040070,3.82,31.05
202400040075,3.89,10.73
202400040085,9.41,5.01
202400040111,4.07,25.21
202400040130,10.74,17.92
202400040133,12.75,14.91
202400040135,3.96,17.78
202400040138,1.36,12.94
202400040166,1.62,6.47
202400040168,1.83,6.36
202400040189,4.5,5.68
202400040190,4.08,5.09
202400040193,1.05,7.01
202400040194,6.18,2.61
202400040195,5.05,4.9
202400040196,4.29,4.49
202400040200,4.31,5.48
202400040209,1.57,2.55
202400040229,4.77,13.34
202400040232,5.24,8.1
202400040234,3.08,6.49
202400040251,4.4,5.94
202400040259,1.8,5.93
202400040359,3.79,42.78
202400040364,5.93,23.96
202400040384,5.32,10.35
202400040387,13.07,24.52
202400040394,13.63,22.51
202400040404,9.26,15.57
202400040405,13.6,29.55
202400040408,10.12,17.57
202400040428,3.23,2.72
202400040457,5.7,11.58
202400040461,6.15,7.62
202400040489,8.62,8.62
202400040518,2.96,22.72
202400040521,8.39,4.81
202400040541,1.04,6.46
202400040573,4.86,15.46
202400040580,4.94,6.08
202400040593,8.22,13.81
202400040613,2.76,10.06
202400040622,0.59,27.41
202400040643,4.91,10.48
202400040745,0.73,17.9
202400040747,4.21,20.86
202400040749,1.48,21.64
202400040752,21.72,34.49
202400040755,4.51,16.77
202400040758,7.02,19.28
202400040767,0.42,43.4
202400040769,5.03,10.76
202400040782,6.34,16.76
202400040785,3.82,15.87
202400040804,5.7,11.27
202400040805,1.09,28.98
202400040819,2.51,5.18
202400040820,2.54,1.36
202400040830,5.93,7.85
202400040860,6.64,3.48
202400040899,6.1,26.31
202400040920,5.92,22.23
202400040947,5.34,0.44
202400040950,3.32,5.44
202400040957,6.92,4.52
202400040959,6.11,19.2
202400040960,3.93,3.29
202400040989,4.98,9.71
202400040993,7.16,11.15
202400041014,10.78,17.89
202400041018,5.94,22.04
202400041019,9.33,11.23
202400041024,2.54,16.36
202400041025,10.93,14.19
202400041028,5.92,17.91
202400041066,3.15,4.45
202400041067,8.79,7.0
202400041071,3.35,7.2
202400041075,6.64,9.89
202400041078,7.68,7.71
202400041088,7.45,8.35
202400041121,6.04,5.07
202400041123,6.43,11.06
202400041125,3.32,7.78
202400041146,1.1,3.9
202400041155,5.02,9.81
202400041157,2.08,10.43
202400041160,4.11,7.07
202400041214,5.63,9.22
202400041216,5.79,4.49
202400041240,2.41,25.5
202400041251,2.05,26.08
202400041270,4.24,6.92
202400041278,1.01,27.06
202400041296,4.07,4.85
202400041320,0.32,43.23
202400041338,4.89,17.41
202400041361,4.67,13.85
202400041419,12.19,23.03
202400041422,6.65,42.29
202400041424,6.23,15.6
202400041426,4.9,30.36
202400041427,6.4,20.15
202400041445,2.71,12.64
202400041449,10.17,24.92
202400041451,7.74,34.97
202400041476,2.66,4.63
202400041478,4.31,11.6
202400041490,3.43,37.6
202400041516,9.67,7.98
202400041527,8.55,4.98
202400041545,6.96,19.03
202400041549,2.69,8.57
202400041555,4.8,6.24
202400041557,3.24,8.56
202400041561,3.89,2.41
202400041566,2.6,10.13
202400041572,1.95,4.06
202400041597,6.01,8.84
202400041602,11.09,17.49
202400041604,3.1,3.69
202400041606,1.23,26.05
202400041607,14.8,15.11
202400041611,9.2,28.2
202400041616,2.21,26.4
202400041620,5.44,8.99
202400041624,8.55,14.86
202400041625,4.81,16.02
202400041652,2.02,6.61
202400041678,3.46,3.71
202400041684,4.53,4.0
202400041699,2.6,25.54
202400041701,12.14,16.45
202400041707,10.06,16.01
202400041710,6.74,14.54
202400041713,22.98,29.32
202400041716,11.6,13.01
202400041722,6.86,35.09
202400041743,4.81,8.33
202400041773,2.83,18.45
202400041779,11.49,10.62
202400041794,2.09,25.82
202400041796,5.82,13.03
202400041798,5.58,6.72
202400041799,7.03,31.03
202400041802,2.53,17.89
202400041804,4.1,38.46
202400041806,9.69,17.14
202400041827,3.95,15.95
202400041828,4.27,1.23
202400041829,5.04,18.27
202400041840,3.56,5.42
202400041841,1.16,3.96
202400041889,3.96,25.62
202400041891,2.06,13.54
202400041894,5.24,18.42
202400041914,3.43,6.06
202400041919,5.6,5.63
202400041922,3.23,5.86
202400041951,3.53,6.91
202400041955,5.54,9.64
202400041957,6.46,7.06
202400041958,2.9,11.25
202400041960,5.95,5.57
202400041961,1.39,25.35
202400041969,8.02,26.05
202400041971,7.1,7.68
202400041973,11.61,23.47
202400041975,4.12,4.84
202400042017,6.97,9.39
202400042021,3.85,9.25
202400042025,5.08,9.07
202400042037,5.64,10.97
202400042057,3.45,2.93
202400042141,7.44,3.5
202400042143,2.81,3.05
202400042146,7.19,14.74
202400042148,2.11,24.74
202400042161,3.29,12.32
202400042194,13.82,15.27
202400042246,5.2,11.96
202400042250,6.91,13.76
202400042263,5.69,4.99
202400042265,8.2,19.4
202400042266,2.98,18.74
202400042267,6.82,34.06
202400042270,9.2,24.1
202400042272,3.2,14.09
202400042273,3.27,20.07
202400042275,9.16,9.64
202400042288,2.5,2.39
202400042291,8.01,4.68
202400042294,4.22,8.06
202400042298,4.0,7.66
202400042323,2.55,13.98
202400042329,3.83,18.88
202400042331,9.11,46.0
202400042335,8.34,26.05
202400042339,5.34,20.54
202400042343,9.64,12.64
202400042349,3.55,30.99
202400042352,6.29,10.16
202400042353,6.31,6.5
202400042357,6.86,9.41
202400042359,9.0,12.9
202400042361,2.97,2.04
202400042363,4.29,14.88
202400042364,20.98,22.31
202400042366,3.73,11.28
202400042370,3.12,7.62
202400042374,5.14,4.46
202400042387,7.13,3.74
202400042389,8.75,5.23
202400042392,0.48,7.75
202400042432,4.43,7.62
202400042435,4.45,5.46
202400042438,4.56,7.2
202400042444,4.56,4.04
202400042507,5.66,7.11
202400042508,10.74,9.37
202400042510,3.61,5.17
202400042516,4.17,14.43
202400042517,2.09,24.0
202400042519,8.08,10.4
202400042520,5.11,9.69
202400042522,5.35,7.45
202400042525,5.04,7.87
202400042528,3.33,8.49
202400042555,4.28,4.27
202400042563,1.88,6.3
202400042570,4.16,25.15
202400042573,4.15,3.2
202400042578,1.63,20.0
202400042581,1.78,12.97
202400042582,4.5,14.03
202400042583,4.89,12.13
202400042585,3.91,14.61
202400042597,8.29,5.23
202400042599,2.98,2.28
202400042622,4.33,22.54
202400042625,3.11,10.92
202400042645,3.14,7.15
202400042651,1.79,5.02
202400042661,6.46,9.84
202400042670,0.65,26.81
202400042672,3.05,24.71
202400042674,5.16,51.45
202400042676,4.28,4.45
202400042683,4.78,6.02
202400042686,4.25,4.12
202400042694,3.08,6.96
202400042696,1.92,8.36
202400042697,3.93,3.25
202400042724,3.99,3.47
202400042747,4.73,9.51
202400042752,3.17,22.35
202400042806,11.68,15.37
202400042807,4.18,10.29
202400042809,1.05,27.79
202400042824,6.14,18.07
202400042833,5.93,8.09
202400042835,6.64,7.26
202400042844,5.52,5.39
202400042889,6.36,6.67
202400042891,7.24,5.13
202400042931,5.78,18.6
202400042956,4.83,7.99
202400043001,9.38,15.0
202400043003,16.21,25.7
202400043064,1.25,30.87
202400043069,10.48,24.68
202400043070,2.9,5.22
202400043074,1.1,31.87
202400043081,4.3,17.7
202400043096,4.72,14.94
202400043119,11.94,38.66
202400043139,0.85,19.8
202400043145,2.06,9.46
202400043168,3.4,5.56
202400043169,6.69,17.86
202400043172,4.74,9.38
202400043178,3.3,6.99
202400043182,4.8,10.6
202400043184,4.03,9.36
202400043201,6.02,5.38
202400043204,3.88,12.21
202400043206,3.64,2.08
202400043211,4.92,7.45
202400043245,6.94,7.3
202400043248,6.19,6.22
202400043254,5.21,21.57
202400043264,8.49,21.2
202400043276,7.64,12.46
202400043285,1.93,7.69
202400043295,4.24,8.92
202400043300,5.19,7.13
202400043308,7.2,18.91
202400043320,9.7,18.57
202400043324,4.02,30.16
202400043341,8.85,19.48
202400043364,6.72,14.4
202400043366,3.25,9.09
202400043367,4.4,9.42
202400043387,11.75,24.01
202400043399,3.25,4.58
202400043404,6.02,5.19
202400043407,3.91,7.03
202400043411,3.26,4.85
202400043412,8.68,2.7
202400043414,2.8,22.89
202400043415,2.58,7.83
202400043420,7.61,18.88
202400043447,9.43,15.79
202400043479,6.08,19.02
202400043481,2.74,2.78
202400043483,7.67,9.89
202400043484,2.79,2.68
202400043508,4.3,3.98
202400043554,7.36,20.43
202400043556,8.7,14.66
202400043567,3.92,7.04
202400043628,7.44,10.72
202400043633,5.56,16.55
202400043635,9.86,11.43
202400043638,10.62,35.29
202400043641,5.1,31.82
202400043644,5.36,6.17
202400043645,4.76,19.31
202400043647,2.15,14.08
202400043651,1.49,13.35
202400043654,3.98,2.34
202400043662,1.68,5.15
202400043665,5.33,7.49
202400043674,3.69,7.88
202400043675,6.72,8.44
202400043678,4.79,6.78
202400043685,5.18,2.12
202400043719,7.2,4.97
202400043744,4.93,8.01
202400043748,1.78,7.59
202400043751,3.93,3.96
202400043755,5.24,6.65
202400043771,3.45,8.98
202400043777,4.82,2.54
202400043782,2.99,3.97
202400043847,1.15,8.18
202400043888,5.18,3.82
202400043890,3.34,1.92
202400043891,5.5,1.4
202400043895,4.0,25.64
202400043910,1.19,9.14
202400043933,3.94,8.53
202400043935,13.23,18.05
202400043949,2.97,16.72
202400043954,2.47,27.9
202400044000,13.12,17.05
202400044041,3.29,13.94
202400044049,6.38,18.58
202400044065,9.44,12.1
202400044079,8.24,3.84
202400044084,3.75,5.16
202400044097,12.92,33.97
202400044111,1.97,10.36
202400044143,8.58,26.6
202400044149,0.83,25.06
202400044154,4.68,14.1
202400044156,3.9,15.77
202400044160,3.85,16.62
202400044161,5.42,5.72
202400044198,0.34,12.4
202400044206,4.82,4.76
202400044221,7.64,21.55
202400044222,7.13,10.61
202400044223,2.2,18.95
202400044224,6.18,14.62
202400044228,8.54,25.5
202400044279,4.58,6.74
202400044282,9.08,4.69
202400044285,7.16,8.06
202400044287,2.05,27.38
202400044289,3.16,19.36
202400044309,1.55,6.96
202400044358,6.86,6.69
202400044361,4.26,4.61
202400044368,3.7,4.17
202400044375,5.75,5.44
202400044391,0.72,28.31
202400044424,2.62,10.94
202400044441,3.85,5.56
202400044442,3.53,6.14
202400044444,2.28,5.77
202400044445,5.18,5.65
202400044447,7.08,18.77
202400044450,1.11,36.36
202400044488,3.67,2.47
202400044494,4.08,3.56
202400044518,4.02,4.14
202400044587,7.52,10.07
202400044590,2.84,8.78
202400044620,0.18,16.68
202400044626,3.17,22.35
202400044638,8.11,5.76
202400044650,8.88,19.19
202400044652,1.46,9.53
202400044653,6.65,13.33
202400044672,5.7,9.7
202400044684,6.66,3.5
202400044686,5.78,7.66
202400044707,3.34,10.23
202400044733,2.75,10.11
202400044742,8.24,8.36
202400044749,4.56,17.85
202400044750,7.44,9.68
202400044762,6.87,24.91
202400044774,8.64,8.38
202400044785,7.71,17.55
202400044803,8.43,22.83
202400044813,6.95,32.8
202400044819,2.57,18.62
202400044837,6.12,8.16
202400044842,2.63,20.9
202400044867,0.42,5.99
202400044870,9.56,21.87
202400044883,1.95,23.87
202400044903,1.66,14.27
202400044905,4.51,18.91
202400044907,2.73,24.19
202400044911,2.82,19.6
202400044914,6.5,14.41
202400044919,6.53,6.05
202400044929,2.77,4.26
202400044930,3.24,6.58
202400044931,12.07,16.35
202400044932,3.52,4.1
202400044933,7.61,3.07
202400044936,9.58,9.82
202400044965,10.7,15.4
202400044970,2.66,5.85
202400044975,3.92,8.43
202400044979,6.56,7.55
202400044983,27.65,28.02
202400045002,3.78,6.83
202400045006,5.14,8.85
202400045012,2.77,5.11
202400045015,6.73,10.72
202400045045,0.5,11.86
202400045058,3.36,9.75
202400045080,2.48,3.56
202400045096,6.99,54.04
202400045100,3.93,7.94
202400045116,8.47,32.51
202400045140,2.34,7.23
202400045178,6.85,18.72
202400045181,5.71,24.06
202400045201,3.89,8.44
202400045219,10.72,16.38
202400045226,11.2,19.51
202400045231,1.08,9.23
202400045305,3.18,20.79
202400045309,4.45,8.11
202400045311,7.04,21.94
202400045312,2.5,3.09
202400045317,7.12,9.66
202400045322,15.56,24.62
202400045323,5.19,9.2
202400045324,12.28,23.7
202400045332,1.02,27.48
202400045335,3.14,19.35
202400045339,1.73,42.54
202400045340,2.85,10.8
202400045359,5.08,8.18
202400045361,8.55,32.35
202400045364,8.82,1.88
202400045369,4.74,16.74
202400045370,8.64,13.01
202400045377,3.25,8.27
202400045389,2.65,1.47
202400045391,5.21,4.36
202400045412,6.61,7.68
202400045415,3.58,13.88
202400045416,7.69,5.7
202400045417,2.75,4.91
202400045419,8.99,19.71
202400045420,3.77,18.15
202400045424,6.71,6.74
202400045426,6.38,18.45
202400045455,1.47,6.3
202400045459,3.95,4.39
202400045463,0.49,2.68
202400045474,3.56,14.78
202400045509,1.55,3.48
202400045520,5.36,8.59
202400045538,8.99,5.42
202400045544,8.96,8.57
202400045548,6.65,10.32
202400045549,4.44,8.52
202400045568,5.61,8.54
202400045598,6.08,5.56
202400045609,10.27,8.2
202400045644,5.32,7.19
202400045666,1.1,5.48
202400045686,5.6,1.5
202400045712,1.96,32.95
202400045715,4.24,14.2
202400045718,4.01,28.97
202400045756,2.67,12.7
202400045759,4.28,2.43
202400045839,5.93,23.01
202400045849,8.41,21.9
202400045852,4.6,4.29
202400045866,3.38,23.79
202400045915,1.41,16.1
202400045920,1.05,16.24
202400045925,9.56,41.14
202400045987,7.19,5.49
202400045989,5.23,10.65
202400045992,2.19,28.26
202400045997,9.98,18.97
202400046001,4.23,22.82
202400046002,7.62,6.68
202400046010,4.62,9.91
202400046015,10.42,24.52
202400046020,3.46,26.46
202400046030,6.12,10.37
202400046035,2.95,21.68
202400046041,13.0,16.32
202400046044,3.31,4.27
202400046046,2.74,47.6
202400046052,3.14,24.37
202400046068,8.12,12.26
202400046076,6.28,18.08
202400046094,6.39,8.83
202400046095,3.19,8.06
202400046098,8.28,9.08
202400046106,4.66,10.1
202400046115,5.08,8.26
202400046120,2.46,9.52
202400046124,2.8,8.91
202400046127,7.24,12.34
202400046132,10.82,11.06
202400046152,4.88,4.1
202400046172,4.38,4.86
202400046175,6.19,6.22
202400046179,4.51,2.23
202400046185,2.06,3.98
202400046232,3.11,6.09
202400046234,5.86,17.38
202400046238,4.04,8.49
202400046257,0.33,2.96
202400046281,6.39,1.89
202400046287,1.51,23.61
202400046290,12.84,41.04
202400046299,1.44,6.62
202400046308,1.67,8.02
202400046315,7.28,19.35
202400046340,8.26,6.48
202400046345,5.59,10.92
202400046347,2.28,3.43
202400046350,4.66,11.21
202400046352,2.3,15.28
202400046354,6.42,16.35
202400046355,5.63,5.64
202400046370,0.94,17.59
202400046385,9.97,39.73
202400046388,16.14,43.28
202400046398,4.01,27.7
202400046411,6.24,24.72
202400046417,2.5,16.48
202400046419,7.22,16.47
202400046449,10.66,22.88
202400046462,0.68,19.99
202400046465,6.92,19.97
202400046487,2.14,5.48
202400046489,2.52,7.78
202400046490,7.54,11.92
202400046513,3.17,9.07
202400046517,6.03,7.5
202400046524,6.7,18.63
202400046558,7.98,9.11
202400046569,3.91,4.08
202400046572,6.52,0.08
202400046579,6.02,9.64
202400046581,7.41,10.22
202400046608,3.8,8.63
202400046610,7.93,13.53
202400046612,2.01,9.38
202400046619,3.48,1.34
202400046648,2.12,19.44
202400046676,14.26,34.43
202400046679,5.58,3.06
202400046682,4.8,5.95
202400046690,3.96,4.46
202400046698,10.67,12.57
202400046701,12.77,23.42
202400046706,2.24,10.8
202400046723,8.64,20.22
202400046727,5.72,13.01
202400046742,8.08,33.73
202400046766,3.11,6.96
202400046768,5.76,7.92
202400046771,6.65,7.26
202400046776,11.06,8.4
202400046802,2.13,1.42
202400046818,6.92,5.08
202400046820,4.72,2.48
202400046826,6.25,2.26
202400046868,4.22,3.24
202400046911,4.26,4.8
202400046915,1.73,8.25
202400046920,1.49,3.2
202400046931,10.47,18.9
202400046944,5.21,19.13
202400046963,4.26,7.34
202400046964,5.87,28.01
202400046978,3.7,22.49
202400047000,7.26,8.09
202400047013,3.27,13.41
202400047032,3.16,3.5
202400047036,1.64,3.8
202400047051,2.83,2.31
202400047052,4.59,5.4
202400047056,3.16,2.59
202400047063,1.76,14.74
202400047129,2.62,4.43
202400047136,21.64,21.35
202400047155,3.94,3.97
202400047173,2.3,6.37
202400047177,2.0,15.32
202400047182,7.9,17.36
202400047192,4.66,12.34
202400047204,6.57,19.4
202400047240,4.19,25.99
202400047250,7.55,24.88
202400047251,1.67,5.35
202400047253,3.71,8.96
202400047259,0.6,12.68
202400047261,2.18,10.29
202400047265,6.22,13.03
202400047273,5.03,18.73
202400047276,3.43,2.53
202400047279,5.44,13.99
202400047280,3.0,28.11
202400047287,23.0,34.41
202400047288,4.05,8.65
202400047295,8.53,13.03
202400047296,2.87,5.85
202400047301,10.96,15.12
202400047308,6.03,7.21
202400047315,6.33,18.65
202400047323,6.29,5.68
202400047332,9.24,13.65
202400047342,4.34,6.92
202400047377,4.46,5.47
202400047387,2.07,20.54
202400047390,1.66,12.67
202400047396,2.68,16.25
202400047402,4.07,0.95
202400047447,6.55,4.91
202400047461,11.98,13.44
202400047465,3.2,17.62
202400047470,6.81,2.23
202400047475,3.05,6.58
202400047497,1.22,3.48
202400047505,8.52,54.79
202400047507,4.03,3.51
202400047509,6.08,9.15
202400047511,1.87,4.53
202400047514,4.24,13.93
202400047515,4.99,1.95
202400047516,2.69,4.23
202400047524,3.71,31.77
202400047561,5.1,10.3
202400047567,10.88,17.66
202400047569,7.57,7.17
202400047586,6.14,3.02
202400047588,4.54,3.64
202400047596,4.98,5.38
202400047598,3.19,4.19
202400047647,7.33,11.6
202400047774,8.27,15.11
202400047794,2.28,12.64
202400047796,3.6,3.45
202400047800,2.69,4.73
202400047803,6.04,4.18
202400047805,5.16,4.12
202400047812,3.54,5.74
202400047841,5.88,10.3
202400047893,7.34,9.26
202400047898,2.32,24.51
202400047972,6.32,6.33
202400048020,5.81,10.7
202400048023,2.64,8.97
202400048025,4.89,18.43
202400048045,3.71,21.62
202400048052,3.86,5.41
202400048071,3.57,22.18
202400048077,5.5,16.22
202400048079,5.03,7.86
202400048081,10.81,14.26
202400048083,10.64,18.27
202400048099,5.38,5.34
202400048105,7.33,14.73
202400048109,4.79,7.88
202400048112,3.87,5.51
202400048115,12.11,18.33
202400048123,3.47,14.18
202400048137,1.2,24.82
202400048147,2.18,5.98
202400048169,7.79,6.52
202400048193,2.99,5.54
202400048199,5.28,21.26
202400048202,4.22,16.97
202400048209,4.06,12.88
202400048217,8.22,21.75
202400048219,1.97,8.36
202400048221,2.62,5.89
202400048224,1.98,15.52
202400048234,6.3,14.9
202400048238,7.16,15.22
202400048240,4.06,5.56
202400048244,5.21,3.13
202400048250,5.38,6.62
202400048254,5.66,6.08
202400048255,21.12,21.92
202400048262,8.71,15.91
202400048275,20.28,40.51
202400048280,0.99,10.34
202400048282,4.92,8.52
202400048284,4.02,6.07
202400048287,6.08,3.91
202400048302,12.39,20.37
202400048307,13.31,20.82
202400048318,11.45,17.01
202400048326,6.77,23.42
202400048329,6.29,17.99
202400048333,8.35,12.21
202400048335,1.25,10.93
202400048344,3.09,6.92
202400048345,5.66,3.66
202400048348,5.43,18.46
202400048363,9.6,6.03
202400048364,8.75,4.45
202400048369,5.02,5.05
202400048371,4.6,5.93
202400048389,2.28,3.3
202400048392,6.6,9.8
202400048413,6.52,5.56
202400048414,5.62,4.66
202400048415,7.24,12.46
202400048417,3.68,7.82
202400048418,2.97,7.65
202400048420,4.88,7.31
202400048424,5.54,5.99
202400048438,1.68,5.36
202400048454,4.12,4.71
202400048480,5.05,8.98
202400048482,6.91,7.76
202400048484,6.5,6.98
202400048499,4.45,2.9
202400048524,4.34,8.6
202400048569,4.59,23.99
202400048573,14.31,21.25
202400048626,5.06,7.22
202400048629,4.05,3.94
202400048655,3.71,5.35
202400048686,9.91,16.54
202400048702,3.61,27.22
202400048714,6.42,6.07
202400048719,5.14,5.44
202400048735,1.98,10.31
202400048741,3.26,12.88
202400048759,2.21,16.1
202400048790,2.95,18.19
202400048802,12.06,35.39
202400048804,6.26,6.74
202400048805,0.99,19.51
202400048806,3.9,5.3
202400048843,6.57,6.29
202400048848,5.84,9.46
202400048850,8.32,4.13
202400048882,1.45,18.38
202400048907,4.61,5.28
202400048909,2.32,6.72
202400048911,4.1,7.72
202400048915,3.16,7.64
202400048937,17.3,13.09
202400048938,5.63,2.54
202400048940,3.34,10.94
202400048948,5.7,4.58
202400048951,12.3,20.07
202400048960,5.6,2.37
202400048963,5.68,3.12
202400048969,6.42,5.26
202400048974,3.82,11.21
202400048979,4.8,4.28
202400048986,3.83,7.68
202400048988,6.65,6.89
202400048989,6.8,3.29
202400048996,4.62,6.99
202400048997,2.5,3.97
202400049010,2.86,2.76
202400049011,4.51,0.82
202400049016,2.03,3.94
202400049052,3.06,5.73
202400049066,4.54,0.95
202400049073,5.8,3.36
202400049078,3.52,8.11
202400049081,3.61,7.46
202400049082,7.92,20.16
202400049086,5.15,9.0
202400049104,7.3,7.33
202400049105,14.4,20.21
202400049106,7.04,4.8
202400049114,3.91,3.8
202400049116,3.17,7.24
202400049119,6.22,3.18
202400049122,5.03,9.78
202400049126,4.61,8.12
202400049128,7.69,22.02
202400049133,5.85,7.94
202400049134,7.58,3.18
202400049142,3.22,2.33
202400049143,3.21,2.35
202400049147,1.09,10.38
202400049149,2.09,7.32
202400049160,4.49,20.58
202400049164,4.82,33.5
202400049165,4.72,4.95
202400049168,1.31,21.78
202400049173,2.13,3.22
202400049176,5.28,17.46
202400049236,4.74,23.93
202400049276,5.91,8.3
202400049285,4.39,23.46
202400049289,6.06,4.2
202400049291,16.55,16.07
202400049294,3.48,9.87
202400049298,4.13,11.68
202400049300,2.26,8.68
202400049307,10.79,19.94
202400049309,4.16,5.94
202400049312,4.43,22.15
202400049333,4.58,9.48
202400049341,3.41,9.13
202400049346,4.17,11.38
202400049348,8.09,21.76
202400049382,1.93,20.1
202400049393,2.09,19.46
202400049413,2.64,18.26
202400049432,6.68,41.23
202400049451,4.49,30.56
202400049509,6.67,41.16
202400049515,2.79,27.86
202400049546,2.35,5.44
202400049558,4.68,7.53
202400049563,14.95,15.72
202400049571,5.78,6.61
202400049586,5.63,35.98
202400049610,1.76,30.87
202400049645,6.58,5.93
202400049668,4.99,14.24
202400049694,9.34,14.6
202400049706,0.95,15.51
202400049740,9.04,9.28
202400049745,5.2,4.24
202400049751,9.58,19.03
202400049766,3.5,10.05
202400049768,3.85,10.74
202400049769,6.03,25.85
202400049777,6.98,8.94
202400049778,0.9,18.84
202400049785,3.7,2.83
202400049788,5.26,15.69
202400049805,4.51,18.83
202400049819,3.57,8.99
202400049827,6.15,14.79
202400049834,9.16,10.8
202400049843,0.64,23.26
202400049849,2.11,14.56
202400049856,7.13,8.75
202400049866,12.17,10.09
202400049879,5.29,12.81
202400049890,5.02,12.7
202400049892,4.92,17.01
202400049896,5.78,15.7
202400049900,4.98,7.81
202400049903,3.89,18.42
202400049905,8.9,2.38
202400049913,7.88,4.25
202400049924,5.67,7.08
202400049929,7.61,8.74
202400049931,5.9,6.49
202400049938,4.08,2.78
202400049947,5.52,5.8
202400049957,9.23,8.28
202400049961,5.35,6.21
202400049967,3.04,16.57
202400049969,3.23,14.83
202400049974,3.47,12.85
202400049978,3.86,11.38
202400049982,3.64,25.22
202400049985,6.68,2.88
202400050030,6.47,2.6
202400050038,3.71,2.84
202400050043,2.12,34.63
202400050048,4.94,4.85
202400050079,4.5,4.18
202400050097,2.52,8.45
202400050103,8.1,8.04
202400050109,3.21,3.01
202400050128,1.37,3.43
202400050134,2.17,19.16
202400050143,3.08,5.11
202400050148,3.33,8.85
202400050155,3.78,6.66
202400050204,6.86,4.01
202400050212,3.74,8.39
202400050214,4.3,10.31
202400050220,5.41,25.07
202400050225,2.21,4.86
202400050234,6.61,9.86
202400050258,13.82,17.56
202400050273,1.59,3.93
202400050302,9.79,12.34
202400050305,8.57,15.93
202400050324,3.54,2.06
202400050341,6.44,6.74
202400050346,4.01,5.42
202400050402,6.83,16.02
202400050411,1.32,5.65
202400050420,3.54,27.26
202400050421,2.48,6.66
202400050426,3.81,4.41
202400050430,8.62,12.17
202400050437,4.41,12.49
202400050454,4.02,12.35
202400050455,5.04,15.26
202400050456,1.89,27.47
202400050460,6.19,12.99
202400050461,1.46,4.48
202400050465,5.25,8.54
202400050470,1.25,5.62
202400050473,7.47,17.37
202400050476,2.77,13.95
202400050492,3.46,8.69
202400050494,5.22,8.11
202400050512,6.86,7.57
202400050548,7.64,7.43
202400050549,3.94,3.76
202400050550,4.11,8.22
202400050551,4.44,1.4
202400050623,5.91,5.39
202400050665,4.46,7.47
202400050666,0.5,3.47
202400050670,9.65,9.89
202400050704,4.17,26.04
202400050718,1.48,17.85
202400050726,2.58,8.14
202400050727,7.43,14.86
202400050731,10.45,28.08
202400050738,5.24,16.26
202400050746,4.04,7.99
202400050752,5.8,10.74
202400050753,4.15,23.81
202400050770,5.47,37.25
202400050829,7.0,21.42
202400050831,2.66,4.68
202400050833,7.76,2.09
202400050835,6.6,10.08
202400050843,5.87,12.95
202400050847,3.38,9.65
202400050857,2.31,48.83
202400050858,3.8,12.68
202400050883,2.4,3.97
202400050887,7.55,8.72
202400050892,6.17,7.31
202400050896,5.52,4.96
202400050903,4.9,4.84
202400050906,6.59,6.54
202400050940,1.52,19.64
202400050942,3.45,6.48
202400050945,3.98,20.74
202400050947,5.78,17.77
202400050964,0.78,11.25
202400050972,6.32,5.48
202400050977,6.1,29.11
202400050984,0.44,4.13
202400050988,4.15,8.8
202400051002,3.97,7.65
202400051026,7.24,17.13
202400051028,4.33,10.56
202400051029,4.77,16.36
202400051037,6.31,6.72
202400051075,1.59,12.16
202400051085,2.77,3.21
202400051109,5.04,7.57
202400051116,3.3,15.68
202400051118,5.81,11.47
202400051122,0.9,8.74
202400051143,1.1,7.06
202400051158,5.0,5.15
202400051159,2.88,11.15
202400051165,9.23,20.41
202400051179,8.14,8.38
202400051184,3.3,14.8
202400051204,9.2,15.74
202400051219,1.87,4.46
202400051227,1.02,4.7
202400051258,3.83,4.81
202400051265,3.89,9.37
202400051268,5.44,9.98
202400051270,5.51,3.19
202400051273,4.92,7.33
202400051277,4.81,20.02
202400051282,4.78,5.02
202400051283,4.5,25.01
202400051287,4.5,4.97
202400051290,4.23,10.09
202400051293,15.47,21.08
202400051306,7.54,3.96
202400051314,4.33,5.04
202400051323,3.53,18.63
202400051329,7.0,5.61
202400051339,2.06,13.56
202400051357,5.22,19.83
202400051380,2.53,12.79
202400051381,6.47,6.66
202400051396,6.4,6.59
202400051405,6.06,4.78
202400051416,6.51,8.22
202400051425,5.99,6.52
202400051434,4.31,6.18
202400051445,1.71,4.1
202400051458,1.47,5.86
202400051466,5.08,8.13
202400051469,2.64,7.53
202400051484,3.52,4.94
202400051498,6.1,9.86
202400051509,5.01,10.51
202400051514,7.3,9.85
202400051518,9.91,11.5
202400051527,4.53,5.2
202400051537,6.83,5.84
202400051546,10.38,28.49
202400051570,3.56,7.16
202400051576,9.66,13.81
202400051577,4.19,18.73
202400051583,6.02,20.07
202400051587,5.45,14.2
202400051594,13.85,43.57
202400051601,2.05,10.58
202400051604,10.25,26.89
202400051609,4.37,20.03
202400051626,6.51,8.06
202400051636,3.17,3.24
202400051638,8.42,24.18
202400051664,8.62,4.22
202400051685,4.49,3.57
202400051694,3.12,10.33
202400051700,8.77,26.88
202400051704,4.99,7.17
202400051716,8.17,17.01
202400051717,6.03,21.42
202400051721,2.98,15.03
202400051729,5.27,21.14
202400051731,2.24,16.94
202400051774,6.38,12.8
202400051775,3.43,4.42
202400051791,3.68,3.16
202400051855,9.92,34.74
202400051858,6.13,5.19
202400051880,4.74,8.59
202400051898,4.61,21.14
202400051945,4.26,9.6
202400051988,5.5,5.83
202400051994,3.19,5.21
202400052005,5.08,8.34
202400052015,1.69,15.11
202400052016,3.67,6.86
202400052017,2.68,18.08
202400052024,2.6,4.76
202400052043,7.1,4.54
202400052044,7.23,30.37
202400052056,3.67,28.04
202400052067,7.88,7.85
202400052070,1.28,2.27
202400052074,5.71,17.95
202400052077,4.84,17.83
202400052087,6.92,5.0
202400052104,2.7,9.78
202400052105,3.26,3.16
202400052125,4.04,15.79
202400052131,4.07,13.56
202400052139,6.36,29.85
202400052149,2.08,25.06
202400052163,3.94,5.83
202400052165,2.37,5.32
202400052184,0.76,12.12
202400052193,3.69,7.36
202400052198,2.72,2.6
202400052209,4.2,8.82
202400052246,5.54,12.78
202400052257,5.0,6.79
202400052276,3.23,2.72
202400052287,3.83,6.81
202400052297,6.8,18.85
202400052302,6.68,11.49
202400052347,2.32,2.66
202400052353,7.19,6.04
202400052372,11.81,26.78
202400052407,8.64,2.03
202400052422,1.01,21.45
202400052453,1.52,4.29
202400052457,0.7,1.83
202400052461,3.47,3.9
202400052466,2.54,4.05
202400052467,2.67,7.69
202400052471,3.32,5.18
202400052473,2.21,3.54
202400052487,10.66,14.59
202400052488,5.01,6.09
202400052491,7.06,10.53
202400052494,4.4,20.18
202400052512,8.9,17.69
202400052519,1.65,24.39
202400052525,0.83,19.21
202400052530,1.79,32.21
202400052536,7.98,34.16
202400052586,3.31,3.79
202400052587,4.75,5.01
202400052589,4.47,3.49
202400052591,3.49,3.02
202400052595,6.63,6.81
202400052627,7.56,12.31
202400052652,5.7,6.08
202400052661,2.47,18.2
202400052667,9.82,11.48
202400052679,4.58,9.4
202400052697,5.42,4.89
202400052700,3.64,8.23
202400052756,8.4,21.3
202400052758,3.97,3.86
202400052763,12.6,15.52
202400052786,5.75,6.22
202400052796,6.04,10.9
202400052799,4.93,8.1
202400052803,4.12,22.83
202400052807,3.27,5.77
202400052816,3.58,8.39
202400052826,2.63,2.32
202400052832,2.82,4.02
202400052833,1.29,17.77
202400052846,3.13,13.85
202400052851,10.28,10.12
202400052852,5.62,8.54
202400052865,3.78,4.08
202400052869,2.15,4.76
202400052884,11.05,13.22
202400052962,2.99,4.99
202400052965,4.5,26.14
202400052968,7.96,15.98
202400053007,3.73,3.41
202400053035,4.26,16.19
202400053047,6.62,8.68
202400053055,8.22,7.54
202400053059,4.28,17.23
202400053069,3.93,13.56
202400053080,4.15,8.8
202400053081,4.41,22.96
202400053088,1.33,8.0
202400053089,2.85,33.37
202400053090,2.41,8.48
202400053093,7.24,14.18
202400053110,3.16,4.74
202400053143,1.36,13.78
202400053153,6.03,12.44
202400053160,5.54,6.55
202400053167,7.04,7.04
202400053178,4.31,14.36
202400053189,3.39,14.18
202400053197,5.85,21.3
202400053200,4.47,7.53
202400053250,9.58,11.04
202400053251,2.56,20.09
202400053256,2.84,5.97
202400053273,5.38,5.96
202400053280,7.81,10.83
202400053282,5.91,7.52
202400053287,16.72,33.17
202400053290,4.77,10.76
202400053302,6.12,33.36
202400053321,6.18,13.89
202400053342,15.74,35.96
202400053357,4.58,16.17
202400053399,3.58,27.41
202400053405,2.03,3.03
202400053407,1.76,0.55
202400053417,6.75,14.72
202400053420,4.75,4.84
202400053423,5.23,15.22
202400053426,4.67,4.84
202400053438,4.55,5.16
202400053444,26.53,26.9
202400053455,2.78,4.48
202400053460,13.54,36.22
202400053466,4.56,5.44
202400053467,1.38,5.05
202400053471,5.88,6.8
202400053478,6.52,28.96
202400053495,5.9,7.54
202400053504,4.09,4.81
202400053551,7.73,6.14
202400053559,14.92,14.57
202400053572,1.54,5.56
202400053593,6.01,5.71
202400053600,9.9,16.78
202400053611,2.4,20.35
202400053620,2.78,9.35
202400053628,5.55,30.31
202400053636,9.16,14.92
202400053645,2.28,3.93
202400053687,2.03,12.24
202400053690,9.72,26.49
202400053706,4.66,5.09
202400053710,17.08,34.68
202400053724,5.93,20.37
202400053746,1.59,12.87
202400053757,2.55,17.97
202400053804,4.75,8.6
202400053809,7.63,7.66
202400053832,5.9,7.04
202400053833,3.56,16.7
202400053841,6.4,3.78
202400053911,4.67,33.95
202400053932,7.66,27.48
202400053955,0.91,28.24
202400053968,6.54,3.86
202400053977,7.99,9.44
202400053988,3.34,8.46
202400053996,4.2,5.93
202400054003,8.7,5.84
202400054012,3.8,31.14
202400054013,4.72,9.54
202400054018,6.45,23.38
202400054019,3.2,41.49
202400054027,2.83,3.0
202400054040,4.46,9.81
202400054046,6.18,6.21
202400054047,8.29,20.19
202400054049,3.9,13.25
202400054071,8.12,16.14
202400054097,3.86,14.66
202400054109,2.39,12.65
202400054120,7.7,17.92
202400054123,1.2,20.25
202400054137,3.91,2.78
202400054177,4.14,6.84
202400054192,5.47,5.14
202400054224,3.74,4.72
202400054253,6.27,8.66
202400054256,6.77,51.76
202400054259,6.78,10.05
202400054264,3.88,15.31
202400054266,3.95,3.92
202400054289,3.12,8.02
202400054298,2.25,18.94
202400054303,18.9,29.35
202400054310,4.49,10.53
202400054316,4.84,17.04
202400054335,9.68,15.99
202400054366,4.67,9.49
